abscissa	curvature	dir_mid_line	x_mid_line	y_mid_line	elevation	slope	banking	torsion	upsilon	width_no_kerbs_L	width_no_kerbs_R	width_kerbs_L	width_kerbs_R	width_kerbsMod_and_Constraint_MLT_L	width_kerbsMod_and_Constraint_MLT_R
0	-0.012067268069193	2.97084281554102	-46.6712601625036	7.1332934906517	0	0	0	0	0	1.5	1.5	1.5	1.5	1.5	1.5
0.0901970448862322	-0.00910229834812242	2.96988809937483	-46.760137856414	7.14866430106059	0	0	0	0	0	1.5	1.5	1.5	1.5	1.5	1.5
0.180394089772464	-0.00613732862705179	2.96920081471567	-46.8490029025564	7.16410807518694	0	0	0	0	0	1.5	1.5	1.5	1.5	1.5	1.5
0.270591134658696	-0.00317235890598117	2.96878096156352	-46.9378593869865	7.17960104006196	0	0	0	0	0	1.5	1.5	1.5	1.5	1.5	1.5
0.360788179544929	-0.000207389184910541	2.96862853991839	-47.026711435229	7.19511942956466	0	0	0	0	0	1.5	1.5	1.5	1.5	1.5	1.5
0.450985224431161	0.00275758053616009	2.96874354978028	-47.1155631932077	7.21063948112789	0	0	0	0	0	1.5	1.5	1.5	1.5	1.5	1.5
0.541182269317393	0.00572255025723071	2.96912599114919	-47.2044188081798	7.2261374324172	0	0	0	0	0	1.5	1.5	1.5	1.5	1.5	1.5
0.631379314203625	0.00868751997830134	2.96977586402511	-47.293282409671	7.24158951800781	0	0	0	0	0	1.5	1.5	1.5	1.5	1.5	1.5
0.721576359089857	0.011652489699372	2.97069316840805	-47.3821580904058	7.25697196608535	0	0	0	0	0	1.5	1.5	1.5	1.5	1.5	1.5
0.81177340397609	0.0146174594204426	2.97187790429801	-47.4710498872302	7.27226099519585	0	0	0	0	0	1.5	1.5	1.5	1.5	1.5	1.5
0.901970448862322	0.0175824291415132	2.97333007169499	-47.5599617620209	7.28743281107035	0	0	0	0	0	1.5	1.5	1.5	1.5	1.5	1.5
0.992167493748554	0.0158450903834235	2.97485790628151	-47.6488967159129	7.30246874455693	0	0	0	0	0	1.5	1.5	1.5	1.5	1.5	1.5
1.08236453863479	0.0136098996219308	2.97618628280933	-47.7378530691393	7.31737756510371	0	0	0	0	0	1.5	1.5	1.5	1.5	1.5	1.5
1.17256158352102	0.0113747088604382	2.9773130517357	-47.8268276588319	7.33217717435673	0	0	0	0	0	1.5	1.5	1.5	1.5	1.5	1.5
1.26275862840725	0.00913951809894552	2.97823821306064	-47.9158173871112	7.34688549126413	0	0	0	0	0	1.5	1.5	1.5	1.5	1.5	1.5
1.35295567329348	0.00690432733745286	2.97896176678412	-48.0048192112963	7.36152044403283	0	0	0	0	0	1.5	1.5	1.5	1.5	1.5	1.5
1.44315271817971	0.0046691365759602	2.97948371290617	-48.0938301330695	7.37609996824068	0	0	0	0	0	1.5	1.5	1.5	1.5	1.5	1.5
1.53334976306595	0.00243394581446754	2.97980405142677	-48.1828471876336	7.39064200499339	0	0	0	0	0	1.5	1.5	1.5	1.5	1.5	1.5
1.62354680795218	0.000198755052974883	2.97992278234592	-48.2718674328628	7.40516449911525	0	0	0	0	0	1.5	1.5	1.5	1.5	1.5	1.5
1.71374385283841	-0.00203643570851778	2.97983990566364	-48.360887938451	7.41968539736268	0	0	0	0	0	1.5	1.5	1.5	1.5	1.5	1.5
1.80394089772464	-0.00427162647001043	2.9795554213799	-48.4499057750573	7.43422264664966	0	0	0	0	0	1.5	1.5	1.5	1.5	1.5	1.5
1.89413794261088	-0.00650681723150309	2.97906932949473	-48.5389180034513	7.4487941922742	0	0	0	0	0	1.5	1.5	1.5	1.5	1.5	1.5
1.98433498749711	-0.00366797538514098	2.97856878353318	-48.6279224104799	7.46341343508399	0	0	0	0	0	1.5	1.5	1.5	1.5	1.5	1.5
2.07453203238334	0.000300819859734677	2.97841692979414	-48.7169219851194	7.478062073352	0	0	0	0	0	1.5	1.5	1.5	1.5	1.5	1.5
2.16472907726957	0.00426961510461031	2.97862304965796	-48.8059219571166	7.49270829677174	0	0	0	0	0	1.5	1.5	1.5	1.5	1.5	1.5
2.2549261221558	0.00823841034948597	2.97918714312462	-48.8949275618497	7.507320244456	0	0	0	0	0	1.5	1.5	1.5	1.5	1.5	1.5
2.34512316704204	0.0122072055943616	2.98010921019413	-48.9839439978856	7.52186604948118	0	0	0	0	0	1.5	1.5	1.5	1.5	1.5	1.5
2.43532021192827	0.0161760008392373	2.98138925086648	-49.0729763927506	7.5363138333431	0	0	0	0	0	1.5	1.5	1.5	1.5	1.5	1.5
2.5255172568145	0.0201447960841129	2.98302726514168	-49.1620297686814	7.55063170053986	0	0	0	0	0	1.5	1.5	1.5	1.5	1.5	1.5
2.61571430170073	0.0241135913289886	2.98502325301973	-49.2511090083451	7.56478773334332	0	0	0	0	0	1.5	1.5	1.5	1.5	1.5	1.5
2.70591134658697	0.0280823865738642	2.98737721450062	-49.3402188205205	7.57874998682031	0	0	0	0	0	1.5	1.5	1.5	1.5	1.5	1.5
2.7961083914732	0.0320511818187399	2.99008914958436	-49.4293637057319	7.59248648416543	0	0	0	0	0	1.5	1.5	1.5	1.5	1.5	1.5
2.88630543635943	0.0360199770636155	2.99315905827094	-49.5185479218267	7.60596521240674	0	0	0	0	0	1.5	1.5	1.5	1.5	1.5	1.5
2.97650248124566	0.0315182231989774	2.99630771335736	-49.6077745583441	7.6191601898783	0	0	0	0	0	1.5	1.5	1.5	1.5	1.5	1.5
3.06669952613189	0.0238985053259386	2.99880692593247	-49.6970383158012	7.63210176130349	0	0	0	0	0	1.5	1.5	1.5	1.5	1.5	1.5
3.15689657101813	0.0162787874528999	3.00061886247256	-49.7863297734002	7.6448508897009	0	0	0	0	0	1.5	1.5	1.5	1.5	1.5	1.5
3.24709361590436	0.00865906957986107	3.00174352297763	-49.8756398617776	7.6574688989485	0	0	0	0	0	1.5	1.5	1.5	1.5	1.5	1.5
3.33729066079059	0.00103935170682228	3.00218090744769	-49.9649597818589	7.67001715172872	0	0	0	0	0	1.5	1.5	1.5	1.5	1.5	1.5
3.42748770567682	-0.00658036616621652	3.00193101588274	-50.0542808783815	7.6825570310955	0	0	0	0	0	1.5	1.5	1.5	1.5	1.5	1.5
3.51768475056306	-0.0142000840392553	3.00099384828277	-50.1435945133463	7.6951499225354	0	0	0	0	0	1.5	1.5	1.5	1.5	1.5	1.5
3.60788179544929	-0.021819801912294	2.99936940464778	-50.232891939461	7.70785719608802	0	0	0	0	0	1.5	1.5	1.5	1.5	1.5	1.5
3.69807884033552	-0.0294395197853328	2.99705768497778	-50.3221641736376	7.72074018809093	0	0	0	0	0	1.5	1.5	1.5	1.5	1.5	1.5
3.78827588522175	-0.0370592376583716	2.99405868927277	-50.4114018706056	7.7338601821145	0	0	0	0	0	1.5	1.5	1.5	1.5	1.5	1.5
3.87847293010798	-0.0446789555314104	2.99037241753274	-50.5005951967106	7.7472783886525	0	0	0	0	0	1.5	1.5	1.5	1.5	1.5	1.5
3.96866997499422	-0.041606836805218	2.98630956786482	-50.5897346317467	7.76104997594012	0	0	0	0	0	1.5	1.5	1.5	1.5	1.5	1.5
4.05886701988045	-0.0326334240630553	2.98296144179387	-50.6788219361039	7.77515499282392	0	0	0	0	0	1.5	1.5	1.5	1.5	1.5	1.5
4.14906406476668	-0.0236600113208926	2.98042269103481	-50.7678673550323	7.78952217407314	0	0	0	0	0	1.5	1.5	1.5	1.5	1.5	1.5
4.23926110965291	-0.01468659857873	2.97869331558763	-50.8568819235589	7.80407935310047	0	0	0	0	0	1.5	1.5	1.5	1.5	1.5	1.5
4.32945815453914	-0.00571318583656737	2.97777331545235	-50.9458771382241	7.818754437144	0	0	0	0	0	1.5	1.5	1.5	1.5	1.5	1.5
4.41965519942538	0.0032602269055953	2.97766269062894	-51.0348647819124	7.83347538009333	0	0	0	0	0	1.5	1.5	1.5	1.5	1.5	1.5
4.50985224431161	0.012233639647758	2.97836144111743	-51.1238567488702	7.84817015415658	0	0	0	0	0	1.5	1.5	1.5	1.5	1.5	1.5
4.60004928919784	0.0212070523899206	2.97986956691781	-51.2128648697973	7.8627667210767	0	0	0	0	0	1.5	1.5	1.5	1.5	1.5	1.5
4.69024633408407	0.0301804651320833	2.98218706803007	-51.3019007368961	7.87719300360496	0	0	0	0	0	1.5	1.5	1.5	1.5	1.5	1.5
4.78044337897031	0.039153877874246	2.98531394445422	-51.3909755287643	7.89137685793979	0	0	0	0	0	1.5	1.5	1.5	1.5	1.5	1.5
4.87064042385654	0.0481272906164087	2.98925019619026	-51.4800998350224	7.90524604784004	0	0	0	0	0	1.5	1.5	1.5	1.5	1.5	1.5
4.96083746874277	0.0519407912804233	2.99386595375231	-51.5692831585053	7.91873037630848	0	0	0	0	0	1.5	1.5	1.5	1.5	1.5	1.5
5.051034513629	0.051668504070833	2.99853857988403	-51.6585285180381	7.93179781316092	0	0	0	0	0	1.5	1.5	1.5	1.5	1.5	1.5
5.14123155851523	0.0513962168612426	3.00318664651408	-51.7478338078338	7.9444491954468	0	0	0	0	0	1.5	1.5	1.5	1.5	1.5	1.5
5.23142860340147	0.0511239296516522	3.00781015364246	-51.8371967877724	7.95668644309879	0	0	0	0	0	1.5	1.5	1.5	1.5	1.5	1.5
5.3216256482877	0.0508516424420619	3.01240910126918	-51.9266152470069	7.96851148920047	0	0	0	0	0	1.5	1.5	1.5	1.5	1.5	1.5
5.41182269317393	0.0505793552324715	3.01698348939423	-52.0160870038803	7.97992627968824	0	0	0	0	0	1.5	1.5	1.5	1.5	1.5	1.5
5.50201973806016	0.0503070680228812	3.02153331801762	-52.1056099058415	7.99093277305652	0	0	0	0	0	1.5	1.5	1.5	1.5	1.5	1.5
5.5922167829464	0.0500347808132908	3.02605858713934	-52.1951818293572	8.00153294006625	0	0	0	0	0	1.5	1.5	1.5	1.5	1.5	1.5
5.68241382783263	0.0497624936037004	3.0305592967594	-52.2848006798218	8.01172876345658	0	0	0	0	0	1.5	1.5	1.5	1.5	1.5	1.5
5.77261087271886	0.0494902063941101	3.03503544687779	-52.3744643914655	8.02152223765985	0	0	0	0	0	1.5	1.5	1.5	1.5	1.5	1.5
5.86280791760509	0.0492179191845197	3.03948703749451	-52.4641709272585	8.03091536851981	0	0	0	0	0	1.5	1.5	1.5	1.5	1.5	1.5
5.95300496249132	0.0445862304205319	3.04382163371604	-52.5539181506759	8.03991147334813	0	0	0	0	0	1.5	1.5	1.5	1.5	1.5	1.5
6.04320200737756	0.035041800284576	3.0474127402459	-52.643700670321	8.0485484474146	0	0	0	0	0	1.5	1.5	1.5	1.5	1.5	1.5
6.13339905226379	0.0254973701486201	3.05014296738237	-52.733510060427	8.0569016080753	0	0	0	0	0	1.5	1.5	1.5	1.5	1.5	1.5
6.22359609715002	0.0159529400126642	3.05201231512545	-52.8233384383286	8.06504820566521	0	0	0	0	0	1.5	1.5	1.5	1.5	1.5	1.5
6.31379314203625	0.00640850987670837	3.05302078347515	-52.9131784547121	8.07306554091825	0	0	0	0	0	1.5	1.5	1.5	1.5	1.5	1.5
6.40399018692248	-0.00313592025924754	3.05316837243146	-53.003023094062	8.08103094506158	0	0	0	0	0	1.5	1.5	1.5	1.5	1.5	1.5
6.49418723180872	-0.0126803503952034	3.05245508199438	-53.0928654749743	8.08902176134649	0	0	0	0	0	1.5	1.5	1.5	1.5	1.5	1.5
6.58438427669495	-0.0222247805311593	3.05088091216392	-53.1826986504182	8.09711532715658	0	0	0	0	0	1.5	1.5	1.5	1.5	1.5	1.5
6.67458132158118	-0.0317692106671152	3.04844586294007	-53.2725154080217	8.10538895583337	0	0	0	0	0	1.5	1.5	1.5	1.5	1.5	1.5
6.76477836646741	-0.0413136408030711	3.04514993432283	-53.3623080704642	8.11391991736004	0	0	0	0	0	1.5	1.5	1.5	1.5	1.5	1.5
6.85497541135365	-0.0508580709390271	3.04099312631221	-53.4520682960583	8.12278541704415	0	0	0	0	0	1.5	1.5	1.5	1.5	1.5	1.5
6.94517245623988	-0.0524700098745064	3.03611280862155	-53.5417870459325	8.1320609941668	0	0	0	0	0	1.5	1.5	1.5	1.5	1.5	1.5
7.03536950112611	-0.0413563331594268	3.03188137918448	-53.6314616211282	8.14175456520567	0	0	0	0	0	1.5	1.5	1.5	1.5	1.5	1.5
7.12556654601234	-0.0302426564443473	3.02865237054493	-53.7210994413068	8.1517825769596	0	0	0	0	0	1.5	1.5	1.5	1.5	1.5	1.5
7.21576359089857	-0.0191289797292679	3.0264257827029	-53.8107095940538	8.16205506732995	0	0	0	0	0	1.5	1.5	1.5	1.5	1.5	1.5
7.30596063578481	-0.00801530301418823	3.02520161565839	-53.9003019024179	8.17248215517203	0	0	0	0	0	1.5	1.5	1.5	1.5	1.5	1.5
7.39615768067104	0.00309837370089121	3.0249798694114	-53.989886654447	8.1829740122717	0	0	0	0	0	1.5	1.5	1.5	1.5	1.5	1.5
7.48635472555727	0.0142120504159706	3.02576054396194	-54.0794743329843	8.19344083299097	0	0	0	0	0	1.5	1.5	1.5	1.5	1.5	1.5
7.5765517704435	0.0253257271310503	3.02754363930999	-54.1690753455766	8.20379280293706	0	0	0	0	0	1.5	1.5	1.5	1.5	1.5	1.5
7.66674881532973	0.0364394038461297	3.03032915545557	-54.2586997543393	8.21394006800888	0	0	0	0	0	1.5	1.5	1.5	1.5	1.5	1.5
7.75694586021597	0.0475530805612094	3.03411709239867	-54.3483570056248	8.22379270517524	0	0	0	0	0	1.5	1.5	1.5	1.5	1.5	1.5
7.8471429051022	0.0586667572762888	3.03890745013928	-54.4380556593532	8.23326069634013	0	0	0	0	0	1.5	1.5	1.5	1.5	1.5	1.5
7.93733994998843	0.0641345632080575	3.04462381361933	-54.5278030508477	8.24225459288843	0	0	0	0	0	1.5	1.5	1.5	1.5	1.5	1.5
8.02753699487466	0.056435795312157	3.05006135863903	-54.617600159035	8.25073788333701	0	0	0	0	0	1.5	1.5	1.5	1.5	1.5	1.5
8.1177340397609	0.0487370274162568	3.05480449754525	-54.7074393129585	8.25876397022896	0	0	0	0	0	1.5	1.5	1.5	1.5	1.5	1.5
8.20793108464713	0.0410382595203565	3.058853230338	-54.7973129037576	8.26639505562823	0	0	0	0	0	1.5	1.5	1.5	1.5	1.5	1.5
8.29812812953336	0.0333394916244561	3.06220755701727	-54.8872141447455	8.27369342130415	0	0	0	0	0	1.5	1.5	1.5	1.5	1.5	1.5
8.38832517441959	0.0256407237285558	3.06486747758307	-54.9771369419571	8.2807214114666	0	0	0	0	0	1.5	1.5	1.5	1.5	1.5	1.5
8.47852221930582	0.0179419558326554	3.06683299203539	-55.0670757644635	8.2875414179047	0	0	0	0	0	1.5	1.5	1.5	1.5	1.5	1.5
8.56871926419206	0.0102431879367551	3.06810410037424	-55.1570255145108	8.29421586707964	0	0	0	0	0	1.5	1.5	1.5	1.5	1.5	1.5
8.65891630907829	0.00254442004085483	3.06868080259961	-55.2469813975349	8.30080720872106	0	0	0	0	0	1.5	1.5	1.5	1.5	1.5	1.5
8.74911335396452	-0.00515434785504559	3.06856309871151	-55.3369387920921	8.307377905476	0	0	0	0	0	1.5	1.5	1.5	1.5	1.5	1.5
8.83931039885075	-0.0128531157509459	3.06775098870993	-55.4268931197453	8.31399042315886	0	0	0	0	0	1.5	1.5	1.5	1.5	1.5	1.5
8.92950744373698	-0.0186384823867287	3.06626300668706	-55.5168397239355	8.3207071018028	0	0	0	0	0	1.5	1.5	1.5	1.5	1.5	1.5
9.01970448862322	-0.0174287806105948	3.06463642641731	-55.6067753530028	8.32756915227117	0	0	0	0	0	1.5	1.5	1.5	1.5	1.5	1.5
9.10990153350945	-0.0162190788344609	3.06311895767297	-55.6967000849212	8.33457257531539	0	0	0	0	0	1.5	1.5	1.5	1.5	1.5	1.5
9.20009857839568	-0.0150093770583269	3.06171060045402	-55.7866144764162	8.34170754297124	0	0	0	0	0	1.5	1.5	1.5	1.5	1.5	1.5
9.29029562328191	-0.013799675282193	3.06041135476048	-55.8765191272946	8.34896423037495	0	0	0	0	0	1.5	1.5	1.5	1.5	1.5	1.5
9.38049266816815	-0.0125899735060591	3.05922122059234	-55.9664146772245	8.35633281562563	0	0	0	0	0	1.5	1.5	1.5	1.5	1.5	1.5
9.47068971305438	-0.0113802717299252	3.0581401979496	-56.0563018025162	8.36380347962571	0	0	0	0	0	1.5	1.5	1.5	1.5	1.5	1.5
9.56088675794061	-0.0101705699537912	3.05716828683225	-56.1461812129049	8.37136640590155	0	0	0	0	0	1.5	1.5	1.5	1.5	1.5	1.5
9.65108380282684	-0.00896086817765732	3.05630548724031	-56.2360536483347	8.37901178040573	0	0	0	0	0	1.5	1.5	1.5	1.5	1.5	1.5
9.74128084771308	-0.00775116640152339	3.05555179917377	-56.3259198757438	8.38672979130288	0	0	0	0	0	1.5	1.5	1.5	1.5	1.5	1.5
9.83147789259931	-0.00654146462538947	3.05490722263264	-56.4157806858512	8.39451062874075	0	0	0	0	0	1.5	1.5	1.5	1.5	1.5	1.5
9.92167493748554	-0.00511974727509557	3.05437299428258	-56.5056368903627	8.40234447981772	0	0	0	0	0	1.5	1.5	1.5	1.5	1.5	1.5
10.0118719823718	-0.00227079421630689	3.05403969178127	-56.5954895964588	8.41021836306302	0	0	0	0	0	1.5	1.5	1.5	1.5	1.5	1.5
10.102069027258	0.000578158842481729	3.05396335642687	-56.6853406883439	8.41811064971258	0	0	0	0	0	1.5	1.5	1.5	1.5	1.5	1.5
10.1922660721442	0.00342711190127035	3.0541439882194	-56.7751921915752	8.42599825076816	0	0	0	0	0	1.5	1.5	1.5	1.5	1.5	1.5
10.2824631170305	0.00627606496005903	3.05458158715885	-56.8650461280977	8.43385807691502	0	0	0	0	0	1.5	1.5	1.5	1.5	1.5	1.5
10.3726601619167	0.00912501801884765	3.05527615324522	-56.9549044984439	8.44166703696843	0	0	0	0	0	1.5	1.5	1.5	1.5	1.5	1.5
10.4628572068029	0.0119739710776363	3.05622768647852	-57.044769263932	8.4494020363478	0	0	0	0	0	1.5	1.5	1.5	1.5	1.5	1.5
10.5530542516892	0.014822924136425	3.05743618685873	-57.1346423288585	8.45703997560116	0	0	0	0	0	1.5	1.5	1.5	1.5	1.5	1.5
10.6432512965754	0.0176718771952136	3.05890165438587	-57.2245255226856	8.46455774900291	0	0	0	0	0	1.5	1.5	1.5	1.5	1.5	1.5
10.7334483414616	0.0205208302540023	3.06062408905994	-57.3144205822203	8.4719322432478	0	0	0	0	0	1.5	1.5	1.5	1.5	1.5	1.5
10.8236453863479	0.0233697833127909	3.06260349088092	-57.4043291337839	8.47914033626384	0	0	0	0	0	1.5	1.5	1.5	1.5	1.5	1.5
10.9138424312341	0.0259075231278992	3.06483925862262	-57.494252675312	8.4861588969394	0	0	0	0	0	1.5	1.5	1.5	1.5	1.5	1.5
11.0040394761203	0.0214913936900114	3.06697687973651	-57.5841917212988	8.49297592074233	0	0	0	0	0	1.5	1.5	1.5	1.5	1.5	1.5
11.0942365210066	0.0170752642521237	3.06871617902527	-57.6741438186158	8.49961858901283	0	0	0	0	0	1.5	1.5	1.5	1.5	1.5	1.5
11.1844335658928	0.012659134814236	3.0700571564889	-57.7641060444718	8.50612271111528	0	0	0	0	0	1.5	1.5	1.5	1.5	1.5	1.5
11.274630610779	0.00824300537634827	3.07099981212739	-57.8540756416065	8.51252410888441	0	0	0	0	0	1.5	1.5	1.5	1.5	1.5	1.5
11.3648276556653	0.00382687593846059	3.07154414594075	-57.9440499754999	8.51885861312579	0	0	0	0	0	1.5	1.5	1.5	1.5	1.5	1.5
11.4550247005515	-0.000589253499427182	3.07169015792898	-58.0340264915634	8.52516206036085	0	0	0	0	0	1.5	1.5	1.5	1.5	1.5	1.5
11.5452217454377	-0.00500538293731486	3.07143784809208	-58.1240026723196	8.53147028973091	0	0	0	0	0	1.5	1.5	1.5	1.5	1.5	1.5
11.6354187903239	-0.00942151237520254	3.07078721643004	-58.2139759945767	8.5378191399753	0	0	0	0	0	1.5	1.5	1.5	1.5	1.5	1.5
11.7256158352102	-0.0138376418130903	3.06973826294287	-58.303943886604	8.54424444639797	0	0	0	0	0	1.5	1.5	1.5	1.5	1.5	1.5
11.8158128800964	-0.018253771250978	3.06829098763057	-58.3939036853134	8.55078203773751	0	0	0	0	0	1.5	1.5	1.5	1.5	1.5	1.5
11.9060099249826	-0.0226699006888657	3.06644539049314	-58.4838525934554	8.55746773285518	0	0	0	0	0	1.5	1.5	1.5	1.5	1.5	1.5
11.9962069698689	-0.019376506294894	3.064534196048	-58.5737883706078	8.5643277922595	0	0	0	0	0	1.5	1.5	1.5	1.5	1.5	1.5
12.0864040147551	-0.0157363915688119	3.06295065623565	-58.6637120254297	8.57134502165642	0	0	0	0	0	1.5	1.5	1.5	1.5	1.5	1.5
12.1766010596413	-0.0120962768427298	3.06169544401464	-58.7536256330783	8.57848987969835	0	0	0	0	0	1.5	1.5	1.5	1.5	1.5	1.5
12.2667981045276	-0.00845616211664771	3.06076855938497	-58.8435313945102	8.58573283378447	0	0	0	0	0	1.5	1.5	1.5	1.5	1.5	1.5
12.3569951494138	-0.00481604739056565	3.06017000234664	-58.9334316073158	8.59304435890707	0	0	0	0	0	1.5	1.5	1.5	1.5	1.5	1.5
12.4471921943	-0.00117593266448351	3.05989977289965	-59.0233286366308	8.60039493547092	0	0	0	0	0	1.5	1.5	1.5	1.5	1.5	1.5
12.5373892391863	0.00246418206159855	3.05995787104399	-59.1132248860573	8.60775504700173	0	0	0	0	0	1.5	1.5	1.5	1.5	1.5	1.5
12.6275862840725	0.00610429678768062	3.06034429677968	-59.2031227685893	8.61509517779148	0	0	0	0	0	1.5	1.5	1.5	1.5	1.5	1.5
12.7177833289587	0.00974441151376275	3.06105905010671	-59.2930246775398	8.62238581052832	0	0	0	0	0	1.5	1.5	1.5	1.5	1.5	1.5
12.807980373845	0.0133845262398448	3.06210213102507	-59.3829329574649	8.62959742395882	0	0	0	0	0	1.5	1.5	1.5	1.5	1.5	1.5
12.8981774187312	0.017024640965927	3.06347353953478	-59.4728498750821	8.63670049063015	0	0	0	0	0	1.5	1.5	1.5	1.5	1.5	1.5
12.9883744636174	0.014171725398946	3.06491822748677	-59.562777077147	8.64367213393809	0	0	0	0	0	1.5	1.5	1.5	1.5	1.5	1.5
13.0785715085037	0.0103570573098213	3.06602443934426	-59.6527131188613	8.65052884422997	0	0	0	0	0	1.5	1.5	1.5	1.5	1.5	1.5
13.1687685533899	0.00654238922069675	3.06678657941289	-59.7426555291147	8.65730153563525	0	0	0	0	0	1.5	1.5	1.5	1.5	1.5	1.5
13.2589655982761	0.0027277211315721	3.06720464769266	-59.8326019218233	8.66402115058639	0	0	0	0	0	1.5	1.5	1.5	1.5	1.5	1.5
13.3491626431624	-0.00108694695755247	3.06727864418358	-59.922549965687	8.67071863565608	0	0	0	0	0	1.5	1.5	1.5	1.5	1.5	1.5
13.4393596880486	-0.00490161504667705	3.06700856888563	-60.0124973522481	8.67742493912728	0	0	0	0	0	1.5	1.5	1.5	1.5	1.5	1.5
13.5295567329348	-0.00871628313580169	3.06639442179881	-60.1024417639466	8.68417100860257	0	0	0	0	0	1.5	1.5	1.5	1.5	1.5	1.5
13.6197537778211	-0.0125309512249263	3.06543620292314	-60.1923808421767	8.6909877885978	0	0	0	0	0	1.5	1.5	1.5	1.5	1.5	1.5
13.7099508227073	-0.0163456193140509	3.06413391225861	-60.2823121553484	8.6979062180652	0	0	0	0	0	1.5	1.5	1.5	1.5	1.5	1.5
13.8001478675935	-0.0201602874031755	3.06248754980522	-60.3722331669592	8.70495722779087	0	0	0	0	0	1.5	1.5	1.5	1.5	1.5	1.5
13.8903449124798	-0.0239749554923001	3.06049711556296	-60.4621412036798	8.71217173761183	0	0	0	0	0	1.5	1.5	1.5	1.5	1.5	1.5
13.980541957366	-0.0233402451901382	3.05831999198033	-60.5520337307783	8.7195769548787	0	0	0	0	0	1.5	1.5	1.5	1.5	1.5	1.5
14.0707390022522	-0.0214820188913764	3.0562985740977	-60.6419104781332	8.72717132256482	0	0	0	0	0	1.5	1.5	1.5	1.5	1.5	1.5
14.1609360471385	-0.0196237925926146	3.05444476273595	-60.7317723442572	8.73493982259612	0	0	0	0	0	1.5	1.5	1.5	1.5	1.5	1.5
14.2511330920247	-0.0177655662938528	3.05275855789507	-60.8216203215361	8.74286736680229	0	0	0	0	0	1.5	1.5	1.5	1.5	1.5	1.5
14.3413301369109	-0.015907339995091	3.05123995957508	-60.9114554823708	8.75093887349055	0	0	0	0	0	1.5	1.5	1.5	1.5	1.5	1.5
14.4315271817971	-0.0140491136963292	3.04988896777596	-61.0012789715827	8.7591392670357	0	0	0	0	0	1.5	1.5	1.5	1.5	1.5	1.5
14.5217242266834	-0.0121908873975673	3.04870558249772	-61.0910919988246	8.7674534774096	0	0	0	0	0	1.5	1.5	1.5	1.5	1.5	1.5
14.6119212715696	-0.0103326610988055	3.04768980374036	-61.1808958309956	8.77586643965625	0	0	0	0	0	1.5	1.5	1.5	1.5	1.5	1.5
14.7021183164558	-0.0084744348000437	3.04684163150387	-61.2706917846612	8.78436309331884	0	0	0	0	0	1.5	1.5	1.5	1.5	1.5	1.5
14.7923153613421	-0.0066162085012819	3.04616106578827	-61.3604812184754	8.7929283818252	0	0	0	0	0	1.5	1.5	1.5	1.5	1.5	1.5
14.8825124062283	-0.00475798220252011	3.04564810659354	-61.4502655256076	8.80154725183804	0	0	0	0	0	1.5	1.5	1.5	1.5	1.5	1.5
14.9727094511145	-0.00876290870157136	3.04511832119283	-61.5400457543032	8.81020850236409	0	0	0	0	0	1.5	1.5	1.5	1.5	1.5	1.5
15.0629064960008	-0.0153106314011321	3.04403264010422	-61.6298190752263	8.81894102511534	0	0	0	0	0	1.5	1.5	1.5	1.5	1.5	1.5
15.153103540887	-0.0218583541006926	3.04235637377738	-61.7195802450654	8.82779751349414	0	0	0	0	0	1.5	1.5	1.5	1.5	1.5	1.5
15.2433005857732	-0.0284060768002531	3.0400895222123	-61.8093237706663	8.83683095310621	0	0	0	0	0	1.5	1.5	1.5	1.5	1.5	1.5
15.3334976306595	-0.0349537994998136	3.03723208540899	-61.8990438454401	8.84609429750024	0	0	0	0	0	1.5	1.5	1.5	1.5	1.5	1.5
15.4236946755457	-0.0415015221993741	3.03378406336744	-61.9887342556321	8.85564045702629	0	0	0	0	0	1.5	1.5	1.5	1.5	1.5	1.5
15.5138917204319	-0.0480492448989348	3.02974545608766	-62.0783882867235	8.86552228649256	0	0	0	0	0	1.5	1.5	1.5	1.5	1.5	1.5
15.6040887653182	-0.0545969675984953	3.02511626356964	-62.1679986300052	8.87579257134428	0	0	0	0	0	1.5	1.5	1.5	1.5	1.5	1.5
15.6942858102044	-0.0611446902980558	3.01989648581339	-62.2575572893728	8.88650401208981	0	0	0	0	0	1.5	1.5	1.5	1.5	1.5	1.5
15.7844828550906	-0.0676924129976163	3.01408612281891	-62.3470554883935	8.89770920669957	0	0	0	0	0	1.5	1.5	1.5	1.5	1.5	1.5
15.8746798999769	-0.0742401356971768	3.00768517458619	-62.4364835777095	8.90946063070493	0	0	0	0	0	1.5	1.5	1.5	1.5	1.5	1.5
15.9648769448631	-0.0785014956997358	3.00075665790164	-62.5258311041729	8.92180946810565	0	0	0	0	0	1.5	1.5	1.5	1.5	1.5	1.5
16.0550739897493	-0.0813081442792274	2.99354947926643	-62.6150889832138	8.93479032782891	0	0	0	0	0	1.5	1.5	1.5	1.5	1.5	1.5
16.1452710346356	-0.0841147928587189	2.9860891492233	-62.7042492505675	8.94842542585307	0	0	0	0	0	1.5	1.5	1.5	1.5	1.5	1.5
16.2354680795218	-0.0869214414382104	2.97837566777228	-62.7933034903858	8.96273657321783	0	0	0	0	0	1.5	1.5	1.5	1.5	1.5	1.5
16.325665124408	-0.089728090017702	2.97040903491335	-62.8822427795182	8.97774546145184	0	0	0	0	0	1.5	1.5	1.5	1.5	1.5	1.5
16.4158621692943	-0.0925347385971935	2.96218925064651	-62.9710576720032	8.99347365182034	0	0	0	0	0	1.5	1.5	1.5	1.5	1.5	1.5
16.5060592141805	-0.0953413871766851	2.95371631497177	-63.0597381837781	9.00994256392268	0	0	0	0	0	1.5	1.5	1.5	1.5	1.5	1.5
16.5962562590667	-0.0981480357561766	2.94499022788913	-63.1482737776274	9.02717346362228	0	0	0	0	0	1.5	1.5	1.5	1.5	1.5	1.5
16.686453303953	-0.100954684335668	2.93601098939858	-63.2366533483907	9.04518745029187	0	0	0	0	0	1.5	1.5	1.5	1.5	1.5	1.5
16.7766503488392	-0.10376133291516	2.92677859950013	-63.3248652084517	9.06400544335776	0	0	0	0	0	1.5	1.5	1.5	1.5	1.5	1.5
16.8668473937254	-0.106567981494651	2.91729305819378	-63.4128970735325	9.08364816812718	0	0	0	0	0	1.5	1.5	1.5	1.5	1.5	1.5
16.9570444386116	-0.113954150125376	2.90744616365898	-63.5007356556487	9.10413779926036	0	0	0	0	0	1.5	1.5	1.5	1.5	1.5	1.5
17.0472414834979	-0.125501930636435	2.8966470482266	-63.5883586256418	9.12553039049374	0	0	0	0	0	1.5	1.5	1.5	1.5	1.5	1.5
17.1374385283841	-0.137049711147494	2.88480635711713	-63.6757337389408	9.14791345148219	0	0	0	0	0	1.5	1.5	1.5	1.5	1.5	1.5
17.2276355732703	-0.148597491658553	2.87192409033057	-63.7628254024617	9.1713748352979	0	0	0	0	0	1.5	1.5	1.5	1.5	1.5	1.5
17.3178326181566	-0.160145272169612	2.85800024786692	-63.8495946977078	9.19600134254337	0	0	0	0	0	1.5	1.5	1.5	1.5	1.5	1.5
17.4080296630428	-0.171693052680671	2.84303482972617	-63.9359991242667	9.22187855506515	0	0	0	0	0	1.5	1.5	1.5	1.5	1.5	1.5
17.498226707929	-0.18324083319173	2.82702783590833	-64.021992350752	9.24909065136153	0	0	0	0	0	1.5	1.5	1.5	1.5	1.5	1.5
17.5884237528153	-0.194788613702789	2.8099792664134	-64.1075239744136	9.27772020250001	0	0	0	0	0	1.5	1.5	1.5	1.5	1.5	1.5
17.6786207977015	-0.206336394213848	2.79188912124138	-64.192539290782	9.30784794743423	0	0	0	0	0	1.5	1.5	1.5	1.5	1.5	1.5
17.7688178425877	-0.217884174724906	2.77275740039226	-64.2769790748553	9.33955254669455	0	0	0	0	0	1.5	1.5	1.5	1.5	1.5	1.5
17.859014887474	-0.229431955235965	2.75258410386605	-64.3607793754892	9.37291031352519	0	0	0	0	0	1.5	1.5	1.5	1.5	1.5	1.5
17.9492119323602	-0.227281064914526	2.73164619768999	-64.4438728050716	9.40799149445638	0	0	0	0	0	1.5	1.5	1.5	1.5	1.5	1.5
18.0394089772464	-0.20827311485507	2.71200334773845	-64.5262326869941	9.4447623408073	0	0	0	0	0	1.5	1.5	1.5	1.5	1.5	1.5
18.1296060221327	-0.189265164795615	2.69407495871163	-64.6078875336262	9.48307389236065	0	0	0	0	0	1.5	1.5	1.5	1.5	1.5	1.5
18.2198030670189	-0.170257214736159	2.67786103060951	-64.6888766891699	9.52277383353531	0	0	0	0	0	1.5	1.5	1.5	1.5	1.5	1.5
18.3100001119051	-0.151249264676703	2.66336156343211	-64.7692468354495	9.56371286052192	0	0	0	0	0	1.5	1.5	1.5	1.5	1.5	1.5
18.4001971567914	-0.132241314617246	2.65057655717941	-64.8490511759535	9.60574455443976	0	0	0	0	0	1.5	1.5	1.5	1.5	1.5	1.5
18.4903942016776	-0.11323336455779	2.63950601185141	-64.9283486419751	9.64872519737708	0	0	0	0	0	1.5	1.5	1.5	1.5	1.5	1.5
18.5805912465638	-0.0942254144983343	2.63014992744813	-65.0072031200618	9.69251353843736	0	0	0	0	0	1.5	1.5	1.5	1.5	1.5	1.5
18.6707882914501	-0.0752174644388784	2.62250830396955	-65.0856826993776	9.73697051668022	0	0	0	0	0	1.5	1.5	1.5	1.5	1.5	1.5
18.7609853363363	-0.0562095143794217	2.61658114141568	-65.1638589370513	9.78195894762259	0	0	0	0	0	1.5	1.5	1.5	1.5	1.5	1.5
18.8511823812225	-0.0372015643199658	2.61236843978652	-65.2418061391482	9.82734317975918	0	0	0	0	0	1.5	1.5	1.5	1.5	1.5	1.5
18.9413794261088	-0.034018114950279	2.60961716353035	-65.3195992870996	9.87299105245446	0	0	0	0	0	1.5	1.5	1.5	1.5	1.5	1.5
19.031576470995	-0.0596415947310243	2.60539324901127	-65.3972436914452	9.91889139258282	0	0	0	0	0	1.5	1.5	1.5	1.5	1.5	1.5
19.1217735158812	-0.0852650745117706	2.59885817233627	-65.4746399726476	9.96520870628079	0	0	0	0	0	1.5	1.5	1.5	1.5	1.5	1.5
19.2119705607675	-0.110888554292516	2.59001193350534	-65.5516776438135	10.0121198031876	0	0	0	0	0	1.5	1.5	1.5	1.5	1.5	1.5
19.3021676056537	-0.136512034073261	2.57885453251849	-65.6282421257248	10.0597989659151	0	0	0	0	0	1.5	1.5	1.5	1.5	1.5	1.5
19.3923646505399	-0.162135513854007	2.56538596937571	-65.7042135657619	10.1084171123426	0	0	0	0	0	1.5	1.5	1.5	1.5	1.5	1.5
19.4825616954262	-0.187758993634753	2.549606244077	-65.7794656967202	10.158140897616	0	0	0	0	0	1.5	1.5	1.5	1.5	1.5	1.5
19.5727587403124	-0.213382473415498	2.53151535662237	-65.8538647466666	10.2091317431946	0	0	0	0	0	1.5	1.5	1.5	1.5	1.5	1.5
19.6629557851986	-0.239005953196243	2.51111330701182	-65.927268412149	10.2615447811473	0	0	0	0	0	1.5	1.5	1.5	1.5	1.5	1.5
19.7531528300848	-0.264629432976989	2.48840009524534	-65.9995249084059	10.3155277029683	0	0	0	0	0	1.5	1.5	1.5	1.5	1.5	1.5
19.8433498749711	-0.290252912757734	2.46337572132293	-66.0704721117149	10.3712195034996	0	0	0	0	0	1.5	1.5	1.5	1.5	1.5	1.5
19.9335469198573	-0.301918687127002	2.43620914537961	-66.1399376927896	10.4287480724235	0	0	0	0	0	1.5	1.5	1.5	1.5	1.5	1.5
20.0237439647435	-0.275541834313311	2.41016652909342	-66.2078294441332	10.4881261588553	0	0	0	0	0	1.5	1.5	1.5	1.5	1.5	1.5
20.1139410096298	-0.249164981499621	2.38650302698443	-66.2742249810514	10.5491733528605	0	0	0	0	0	1.5	1.5	1.5	1.5	1.5	1.5
20.204138054516	-0.222788128685931	2.36521863905263	-66.3392321850883	10.6116974533158	0	0	0	0	0	1.5	1.5	1.5	1.5	1.5	1.5
20.2943350994022	-0.19641127587224	2.34631336529802	-66.402970191826	10.6755154055971	0	0	0	0	0	1.5	1.5	1.5	1.5	1.5	1.5
20.3845321442885	-0.17003442305855	2.32978720572061	-66.4655678951042	10.7404526770843	0	0	0	0	0	1.5	1.5	1.5	1.5	1.5	1.5
20.4747291891747	-0.143657570244859	2.31564016032039	-66.5271625459053	10.8063425105179	0	0	0	0	0	1.5	1.5	1.5	1.5	1.5	1.5
20.5649262340609	-0.117280717431168	2.30387222909736	-66.5878984392004	10.8730250736189	0	0	0	0	0	1.5	1.5	1.5	1.5	1.5	1.5
20.6551232789472	-0.0909038646174778	2.29448341205153	-66.6479256802526	10.9403465219998	0	0	0	0	0	1.5	1.5	1.5	1.5	1.5	1.5
20.7453203238334	-0.0645270118037875	2.28747370918289	-66.7073990203808	11.0081579911194	0	0	0	0	0	1.5	1.5	1.5	1.5	1.5	1.5
20.8355173687196	-0.0381501589900972	2.28284312049145	-66.7664767509774	11.0763145319118	0	0	0	0	0	1.5	1.5	1.5	1.5	1.5	1.5
20.9257144136059	-0.0200116223872823	2.28052193043318	-66.8253193453013	11.1446742600821	0	0	0	0	0	1.5	1.5	1.5	1.5	1.5	1.5
21.0159114584921	-0.0375393273973072	2.2779264676327	-66.8840142226526	11.2131608550015	0	0	0	0	0	1.5	1.5	1.5	1.5	1.5	1.5
21.1061085033783	-0.0550670324073322	2.27375005763668	-66.9424768466597	11.2818457634382	0	0	0	0	0	1.5	1.5	1.5	1.5	1.5	1.5
21.1963055482646	-0.0725947374173571	2.26799270044511	-67.0005975629617	11.3508201553683	0	0	0	0	0	1.5	1.5	1.5	1.5	1.5	1.5
21.2865025931508	-0.090122442427382	2.260654396058	-67.058265354168	11.4201735707625	0	0	0	0	0	1.5	1.5	1.5	1.5	1.5	1.5
21.376699638037	-0.107650147437408	2.25173514447535	-67.1153674266703	11.4899933835691	0	0	0	0	0	1.5	1.5	1.5	1.5	1.5	1.5
21.4668966829233	-0.125177852447433	2.24123494569716	-67.1717888147249	11.5603642518346	0	0	0	0	0	1.5	1.5	1.5	1.5	1.5	1.5
21.5570937278095	-0.142705557457458	2.22915379972342	-67.2274120062673	11.6313675509848	0	0	0	0	0	1.5	1.5	1.5	1.5	1.5	1.5
21.6472907726957	-0.160233262467482	2.21549170655415	-67.2821165951076	11.703080787529	0	0	0	0	0	1.5	1.5	1.5	1.5	1.5	1.5
21.737487817582	-0.177760967477507	2.20024866618933	-67.3357789643629	11.7755769907479	0	0	0	0	0	1.5	1.5	1.5	1.5	1.5	1.5
21.8276848624682	-0.195288672487532	2.18342467862897	-67.3882720062169	11.8489240802795	0	0	0	0	0	1.5	1.5	1.5	1.5	1.5	1.5
21.9178819073544	-0.208763508657691	2.16503893805643	-67.4394649335475	11.9231841739737	0	0	0	0	0	1.5	1.5	1.5	1.5	1.5	1.5
22.0080789522407	-0.187697393179771	2.1471591371771	-67.4892818780473	11.9983743473582	0	0	0	0	0	1.5	1.5	1.5	1.5	1.5	1.5
22.0982759971269	-0.16663127770185	2.1311794376611	-67.5378189236205	12.0743972975546	0	0	0	0	0	1.5	1.5	1.5	1.5	1.5	1.5
22.1884730420131	-0.14556516222393	2.11709983950845	-67.5852080448331	12.1511413114043	0	0	0	0	0	1.5	1.5	1.5	1.5	1.5	1.5
22.2786700868993	-0.124499046746009	2.10492034271913	-67.6315855927208	12.2285010512521	0	0	0	0	0	1.5	1.5	1.5	1.5	1.5	1.5
22.3688671317856	-0.103432931268088	2.09464094729316	-67.6770916086746	12.3063768352962	0	0	0	0	0	1.5	1.5	1.5	1.5	1.5	1.5
22.4590641766718	-0.0823668157901674	2.08626165323053	-67.7218691909531	12.384673881151	0	0	0	0	0	1.5	1.5	1.5	1.5	1.5	1.5
22.549261221558	-0.0613007003122469	2.07978246053124	-67.766063907054	12.4633015192533	0	0	0	0	0	1.5	1.5	1.5	1.5	1.5	1.5
22.6394582664443	-0.0402345848343264	2.07520336919529	-67.8098232447621	12.5421723821449	0	0	0	0	0	1.5	1.5	1.5	1.5	1.5	1.5
22.7296553113305	-0.0191684693564059	2.07252437922268	-67.8532960943608	12.6212015751529	0	0	0	0	0	1.5	1.5	1.5	1.5	1.5	1.5
22.8198523562167	0.00189764612151466	2.07174549061341	-67.8966322542406	12.700305833578	0	0	0	0	0	1.5	1.5	1.5	1.5	1.5	1.5
22.910049401103	0.0227325018701821	2.0728665503744	-67.9399819519002	12.7794026712263	0	0	0	0	0	1.5	1.5	1.5	1.5	1.5	1.5
23.0002464459892	0.028033741655736	2.0751560329474	-67.9834758184529	12.858420308006	0	0	0	0	0	1.5	1.5	1.5	1.5	1.5	1.5
23.0904434908754	0.03333498144129	2.0779236716833	-68.0271693422361	12.9373277074689	0	0	0	0	0	1.5	1.5	1.5	1.5	1.5	1.5
23.1806405357617	0.038636221226844	2.08116946658209	-68.0710999151013	13.0161033669643	0	0	0	0	0	1.5	1.5	1.5	1.5	1.5	1.5
23.2708375806479	0.043937461012398	2.08489341764377	-68.1153047376861	13.0947254450472	0	0	0	0	0	1.5	1.5	1.5	1.5	1.5	1.5
23.3610346255341	0.0492387007979521	2.08909552486833	-68.159820786881	13.1731717087983	0	0	0	0	0	1.5	1.5	1.5	1.5	1.5	1.5
23.4512316704204	0.0545399405835061	2.09377578825579	-68.2046847823656	13.251419481688	0	0	0	0	0	1.5	1.5	1.5	1.5	1.5	1.5
23.5414287153066	0.0598411803690601	2.09893420780614	-68.2499331520904	13.329445592067	0	0	0	0	0	1.5	1.5	1.5	1.5	1.5	1.5
23.6316257601928	0.0651424201546141	2.10457078351938	-68.2956019965857	13.4072263223714	0	0	0	0	0	1.5	1.5	1.5	1.5	1.5	1.5
23.7218228050791	0.070443659940168	2.11068551539551	-68.3417270519778	13.4847373591332	0	0	0	0	0	1.5	1.5	1.5	1.5	1.5	1.5
23.8120198499653	0.075744899725722	2.11727840343452	-68.3883436515991	13.5619537438915	0	0	0	0	0	1.5	1.5	1.5	1.5	1.5	1.5
23.9022168948515	0.0810461395112762	2.12434944763643	-68.4354866860785	13.6388498251052	0	0	0	0	0	1.5	1.5	1.5	1.5	1.5	1.5
23.9924139397378	0.0914590237695025	2.13211229770133	-68.483195607658	13.7153960520162	0	0	0	0	0	1.5	1.5	1.5	1.5	1.5	1.5
24.082610984624	0.102275718049457	2.14084944830327	-68.5315343241814	13.7915460594132	0	0	0	0	0	1.5	1.5	1.5	1.5	1.5	1.5
24.1728080295102	0.113092412329412	2.15056223276469	-68.5805734185066	13.8672468531079	0	0	0	0	0	1.5	1.5	1.5	1.5	1.5	1.5
24.2630050743965	0.123909106609366	2.1612506510856	-68.6303821004593	13.942443426476	0	0	0	0	0	1.5	1.5	1.5	1.5	1.5	1.5
24.3532021192827	0.134725800889321	2.17291470326601	-68.6810280227631	14.0170785737826	0	0	0	0	0	1.5	1.5	1.5	1.5	1.5	1.5
24.4433991641689	0.145542495169276	2.1855543893059	-68.7325770890118	14.0910927099533	0	0	0	0	0	1.5	1.5	1.5	1.5	1.5	1.5
24.5335962090552	0.156359189449231	2.19916970920528	-68.7850932503969	14.1644236993892	0	0	0	0	0	1.5	1.5	1.5	1.5	1.5	1.5
24.6237932539414	0.167175883729185	2.21376066296415	-68.8386382904724	14.2370066949536	0	0	0	0	0	1.5	1.5	1.5	1.5	1.5	1.5
24.7139902988276	0.17799257800914	2.22932725058251	-68.8932715973047	14.3087739883348	0	0	0	0	0	1.5	1.5	1.5	1.5	1.5	1.5
24.8041873437138	0.188809272289095	2.24586947206037	-68.9490499224455	14.3796548730746	0	0	0	0	0	1.5	1.5	1.5	1.5	1.5	1.5
24.8943843886001	0.19962596656905	2.26338732739771	-69.0060271262541	14.4495755216337	0	0	0	0	0	1.5	1.5	1.5	1.5	1.5	1.5
24.9845814334863	0.196173017539888	2.28133902205745	-69.0642434819408	14.5184677855326	0	0	0	0	0	1.5	1.5	1.5	1.5	1.5	1.5
25.0747784783725	0.190040327529456	2.29875667326789	-69.1236696358743	14.5863193401058	0	0	0	0	0	1.5	1.5	1.5	1.5	1.5	1.5
25.1649755232588	0.183907637519024	2.31562117396219	-69.1842500993931	14.6531424014335	0	0	0	0	0	1.5	1.5	1.5	1.5	1.5	1.5
25.255172568145	0.177774947508592	2.33193252414034	-69.245930680753	14.718951461673	0	0	0	0	0	1.5	1.5	1.5	1.5	1.5	1.5
25.3453696130312	0.17164225749816	2.34769072380235	-69.308658567426	14.7837631179267	0	0	0	0	0	1.5	1.5	1.5	1.5	1.5	1.5
25.4355666579175	0.165509567487728	2.36289577294821	-69.3723823320299	14.8475959620507	0	0	0	0	0	1.5	1.5	1.5	1.5	1.5	1.5
25.5257637028037	0.159376877477296	2.37754767157793	-69.4370519321013	14.9104704734797	0	0	0	0	0	1.5	1.5	1.5	1.5	1.5	1.5
25.6159607476899	0.153244187466864	2.39164641969151	-69.5026187040548	14.9724089151631	0	0	0	0	0	1.5	1.5	1.5	1.5	1.5	1.5
25.7061577925762	0.147111497456432	2.40519201728894	-69.5690353516647	15.0334352326802	0	0	0	0	0	1.5	1.5	1.5	1.5	1.5	1.5
25.7963548374624	0.140978807446	2.41818446437023	-69.6362559293953	15.0935749565822	0	0	0	0	0	1.5	1.5	1.5	1.5	1.5	1.5
25.8865518823486	0.134846117435568	2.43062376093537	-69.7042358208954	15.1528551079839	0	0	0	0	0	1.5	1.5	1.5	1.5	1.5	1.5
25.9767489272349	0.134416395077814	2.44270431266629	-69.7729345632793	15.2113007318581	0	0	0	0	0	1.5	1.5	1.5	1.5	1.5	1.5
26.0669459721211	0.135828634391636	2.45489196419295	-69.8423369185838	15.2689090583523	0	0	0	0	0	1.5	1.5	1.5	1.5	1.5	1.5
26.1571430170073	0.137240873705458	2.4672069955324	-69.9124398179725	15.3256628034675	0	0	0	0	0	1.5	1.5	1.5	1.5	1.5	1.5
26.2473400618936	0.13865311301928	2.47964940668463	-69.9832398579455	15.3815444309415	0	0	0	0	0	1.5	1.5	1.5	1.5	1.5	1.5
26.3375371067798	0.140065352333102	2.49221919764963	-70.0547331949091	15.4365362717828	0	0	0	0	0	1.5	1.5	1.5	1.5	1.5	1.5
26.427734151666	0.141477591646924	2.50491636842742	-70.1269155368163	15.4906205312686	0	0	0	0	0	1.5	1.5	1.5	1.5	1.5	1.5
26.5179311965523	0.142889830960746	2.51774091901798	-70.1997821348321	15.5437792962746	0	0	0	0	0	1.5	1.5	1.5	1.5	1.5	1.5
26.6081282414385	0.144302070274568	2.53069284942132	-70.2733277750341	15.5959945429429	0	0	0	0	0	1.5	1.5	1.5	1.5	1.5	1.5
26.6983252863247	0.14571430958839	2.54377215963744	-70.3475467701565	15.6472481446934	0	0	0	0	0	1.5	1.5	1.5	1.5	1.5	1.5
26.788522331211	0.147126548902212	2.55697884966634	-70.422432951387	15.6975218805809	0	0	0	0	0	1.5	1.5	1.5	1.5	1.5	1.5
26.8787193760972	0.148538788216034	2.57031291950802	-70.4979796602274	15.7467974440052	0	0	0	0	0	1.5	1.5	1.5	1.5	1.5	1.5
26.9689164209834	0.150913279353333	2.58380340849459	-70.5741800508017	15.7950559567965	0	0	0	0	0	1.5	1.5	1.5	1.5	1.5	1.5
27.0591134658697	0.153763499758348	2.59754388105525	-70.6510302682885	15.8422727226692	0	0	0	0	0	1.5	1.5	1.5	1.5	1.5	1.5
27.1493105107559	0.156613720163363	2.61154143507373	-70.7285279007758	15.8884191313232	0	0	0	0	0	1.5	1.5	1.5	1.5	1.5	1.5
27.2395075556421	0.159463940568378	2.62579607055	-70.8066696244123	15.9334662197519	0	0	0	0	0	1.5	1.5	1.5	1.5	1.5	1.5
27.3297046005283	0.162314160973393	2.64030778748409	-70.885451138969	15.9773847477247	0	0	0	0	0	1.5	1.5	1.5	1.5	1.5	1.5
27.4199016454146	0.165164381378407	2.65507658587598	-70.9648671414624	16.0201452152136	0	0	0	0	0	1.5	1.5	1.5	1.5	1.5	1.5
27.5100986903008	0.168014601783422	2.67010246572568	-71.0449112997703	16.0617178812312	0	0	0	0	0	1.5	1.5	1.5	1.5	1.5	1.5
27.600295735187	0.170864822188437	2.68538542703318	-71.1255762262875	16.1020727841124	0	0	0	0	0	1.5	1.5	1.5	1.5	1.5	1.5
27.6904927800733	0.173715042593452	2.7009254697985	-71.2068534516671	16.1411797632734	0	0	0	0	0	1.5	1.5	1.5	1.5	1.5	1.5
27.7806898249595	0.176565262998467	2.71672259402161	-71.2887333986991	16.1790084824804	0	0	0	0	0	1.5	1.5	1.5	1.5	1.5	1.5
27.8708868698457	0.179415483403482	2.73277679970254	-71.3712053563796	16.2155284546582	0	0	0	0	0	1.5	1.5	1.5	1.5	1.5	1.5
27.961083914732	0.178992299377319	2.74900145817249	-71.4542568661792	16.2507104789964	0	0	0	0	0	1.5	1.5	1.5	1.5	1.5	1.5
28.0512809596182	0.176264243701018	2.76502300335357	-71.537865351175	16.2845476496598	0	0	0	0	0	1.5	1.5	1.5	1.5	1.5	1.5
28.1414780045044	0.173536188024718	2.78079848597437	-71.6220012353326	16.3170513599577	0	0	0	0	0	1.5	1.5	1.5	1.5	1.5	1.5
28.2316750493907	0.170808132348417	2.79632790603487	-71.7066355822207	16.3482342195945	0	0	0	0	0	1.5	1.5	1.5	1.5	1.5	1.5
28.3218720942769	0.168080076672117	2.81161126353509	-71.7917403081777	16.3781095299397	0	0	0	0	0	1.5	1.5	1.5	1.5	1.5	1.5
28.4120691391631	0.165352020995816	2.82664855847503	-71.8772881829741	16.4066912500465	0	0	0	0	0	1.5	1.5	1.5	1.5	1.5	1.5
28.5022661840494	0.162623965319515	2.84143979085467	-71.9632528293113	16.4339939635106	0	0	0	0	0	1.5	1.5	1.5	1.5	1.5	1.5
28.5924632289356	0.159895909643215	2.85598496067403	-72.0496087212088	16.4600328461827	0	0	0	0	0	1.5	1.5	1.5	1.5	1.5	1.5
28.6826602738218	0.157167853966914	2.8702840679331	-72.1363311813334	16.4848236347522	0	0	0	0	0	1.5	1.5	1.5	1.5	1.5	1.5
28.7728573187081	0.154439798290614	2.88433711263188	-72.2233963773222	16.5083825962116	0	0	0	0	0	1.5	1.5	1.5	1.5	1.5	1.5
28.8630543635943	0.151711742614313	2.89814409477038	-72.310781317149	16.5307264982127	0	0	0	0	0	1.5	1.5	1.5	1.5	1.5	1.5
28.9532514084805	0.149472322382729	2.9117158912603	-72.3984638806253	16.5518724232181	0	0	0	0	0	1.5	1.5	1.5	1.5	1.5	1.5
29.0434484533668	0.147734247213546	2.92511946840948	-72.4864236103401	16.5718341630182	0	0	0	0	0	1.5	1.5	1.5	1.5	1.5	1.5
29.133645498253	0.145996172044363	2.93836627631461	-72.574641532584	16.5906220882569	0	0	0	0	0	1.5	1.5	1.5	1.5	1.5	1.5
29.2238425431392	0.144258096875181	2.95145631497569	-72.663099221539	16.6082467302017	0	0	0	0	0	1.5	1.5	1.5	1.5	1.5	1.5
29.3140395880255	0.142520021705998	2.96438958439271	-72.7517787568643	16.6247189346454	0	0	0	0	0	1.5	1.5	1.5	1.5	1.5	1.5
29.4042366329117	0.140781946536816	2.97716608456569	-72.8406627226154	16.6400498468682	0	0	0	0	0	1.5	1.5	1.5	1.5	1.5	1.5
29.4944336777979	0.139043871367633	2.98978581549462	-72.9297342057818	16.6542508969323	0	0	0	0	0	1.5	1.5	1.5	1.5	1.5	1.5
29.5846307226842	0.137305796198451	3.00224877717949	-73.0189767944593	16.6673337853126	0	0	0	0	0	1.5	1.5	1.5	1.5	1.5	1.5
29.6748277675704	0.135567721029268	3.01455496962032	-73.1083745756721	16.6793104688675	0	0	0	0	0	1.5	1.5	1.5	1.5	1.5	1.5
29.7650248124566	0.133829645860086	3.0267043928171	-73.1979121328606	16.6901931471521	0	0	0	0	0	1.5	1.5	1.5	1.5	1.5	1.5
29.8552218573429	0.132091570690903	3.03869704676982	-73.2875745430496	16.6999942490752	0	0	0	0	0	1.5	1.5	1.5	1.5	1.5	1.5
29.9454189022291	0.127466487624301	3.05047894048845	-73.3773473116714	16.7087270901743	0	0	0	0	0	1.5	1.5	1.5	1.5	1.5	1.5
30.0356159471153	0.11876636521451	3.06158367832843	-73.4672144452756	16.7164291415067	0	0	0	0	0	1.5	1.5	1.5	1.5	1.5	1.5
30.1258129920015	0.11006624280472	3.0719036908369	-73.5571589912721	16.7231680836025	0	0	0	0	0	1.5	1.5	1.5	1.5	1.5	1.5
30.2160100368878	0.101366120394931	3.08143897801386	-73.6471660641089	16.7290137741183	0	0	0	0	0	1.5	1.5	1.5	1.5	1.5	1.5
30.306207081774	0.0926659979851403	3.09018953985931	-73.7372228747948	16.7340363069033	0	0	0	0	0	1.5	1.5	1.5	1.5	1.5	1.5
30.3964041266602	0.0839658755753508	3.09815537637325	-73.827318567922	16.7383059625912	0	0	0	0	0	1.5	1.5	1.5	1.5	1.5	1.5
30.4866011715465	0.0752657531655605	3.10533648755568	-73.9174440576813	16.7418931667562	0	0	0	0	0	1.5	1.5	1.5	1.5	1.5	1.5
30.5767982164327	0.0665656307557703	3.11173287340659	-74.0075918630974	16.7448684549962	0	0	0	0	0	1.5	1.5	1.5	1.5	1.5	1.5
30.6669952613189	0.0578655083459807	3.11734453392599	-74.097755942674	16.7473024443039	0	0	0	0	0	1.5	1.5	1.5	1.5	1.5	1.5
30.7571923062052	0.0491653859361905	3.12217146911389	-74.1879315286057	16.7492658100799	0	0	0	0	0	1.5	1.5	1.5	1.5	1.5	1.5
30.8473893510914	0.0404652635264009	3.12621367897027	-74.2781149606798	16.75082926814	0	0	0	0	0	1.5	1.5	1.5	1.5	1.5	1.5
30.9375863959776	0.0354056718812567	3.12952488070056	-74.3683035264893	16.7520630326966	0	0	0	0	0	1.5	1.5	1.5	1.5	1.5	1.5
31.0277834408639	0.0378325552434154	3.13282781653024	-74.4584956201033	16.7530041804447	0	0	0	0	0	1.5	1.5	1.5	1.5	1.5	1.5
31.1179804857501	0.0402594386055739	3.13634965006746	-74.5486903945403	16.7536375531524	0	0	0	0	0	1.5	1.5	1.5	1.5	1.5	1.5
31.2081775306363	0.0426863219677325	3.14009038131224	-74.6388868682898	16.7539433996876	0	0	0	0	0	1.5	1.5	1.5	1.5	1.5	1.5
31.2983745755226	0.045113205329891	3.14405001026457	-74.7290838447355	16.7539019721486	0	0	0	0	0	1.5	1.5	1.5	1.5	1.5	1.5
31.3885716204088	0.0475400886920497	3.14822853692444	-74.8192798992025	16.7534935274807	0	0	0	0	0	1.5	1.5	1.5	1.5	1.5	1.5
31.478768665295	0.0499669720542084	3.15262596129187	-74.9094733660151	16.7526983293423	0	0	0	0	0	1.5	1.5	1.5	1.5	1.5	1.5
31.5689657101813	0.0523938554163668	3.15724228336685	-74.9996623255689	16.7514966502345	0	0	0	0	0	1.5	1.5	1.5	1.5	1.5	1.5
31.6591627550675	0.0548207387785255	3.16207750314938	-75.0898445914204	16.7498687739088	0	0	0	0	0	1.5	1.5	1.5	1.5	1.5	1.5
31.7493597999537	0.057247622140684	3.16713162063946	-75.1800176973976	16.7477949980664	0	0	0	0	0	1.5	1.5	1.5	1.5	1.5	1.5
31.83955684484	0.0596745055028427	3.17240463583708	-75.2701788847371	16.7452556373631	0	0	0	0	0	1.5	1.5	1.5	1.5	1.5	1.5
31.9297538897262	0.0598540468959033	3.1778721892416	-75.3603250955796	16.742231202646	0	0	0	0	0	1.5	1.5	1.5	1.5	1.5	1.5
32.0199509346124	0.0529304857644128	3.18295860501902	-75.4504538967775	16.7387256988968	0	0	0	0	0	1.5	1.5	1.5	1.5	1.5	1.5
32.1101479794987	0.0460069246329227	3.18742053604229	-75.5405649574056	16.7347899452295	0	0	0	0	0	1.5	1.5	1.5	1.5	1.5	1.5
32.2003450243849	0.0390833635014327	3.19125798231141	-75.6306589295328	16.7304802927466	0	0	0	0	0	1.5	1.5	1.5	1.5	1.5	1.5
32.2905420692711	0.0321598023699427	3.19447094382638	-75.7207371660118	16.7258530672298	0	0	0	0	0	1.5	1.5	1.5	1.5	1.5	1.5
32.3807391141574	0.0252362412384527	3.1970594205872	-75.8108016148571	16.7209645691445	0	0	0	0	0	1.5	1.5	1.5	1.5	1.5	1.5
32.4709361590436	0.0183126801069626	3.19902341259387	-75.9008547136892	16.7158710755021	0	0	0	0	0	1.5	1.5	1.5	1.5	1.5	1.5
32.5611332039298	0.0113891189754721	3.20036291984639	-75.990899284244	16.7106288432525	0	0	0	0	0	1.5	1.5	1.5	1.5	1.5	1.5
32.651330248816	0.00446555784398258	3.20107794234476	-76.0809384269412	16.7052941138755	0	0	0	0	0	1.5	1.5	1.5	1.5	1.5	1.5
32.7415272937023	-0.002458003287508	3.20116848008898	-76.1709754154993	16.6999231188429	0	0	0	0	0	1.5	1.5	1.5	1.5	1.5	1.5
32.8317243385885	-0.00938156441899748	3.20063453307905	-76.2610135915802	16.6945720856213	0	0	0	0	0	1.5	1.5	1.5	1.5	1.5	1.5
32.9219213834747	-0.014456823506025	3.19948889900841	-76.3510562560267	16.6892971849124	0	0	0	0	0	1.5	1.5	1.5	1.5	1.5	1.5
33.012118428361	-0.00934177039535995	3.19841561758724	-76.4411051562487	16.6841298169516	0	0	0	0	0	1.5	1.5	1.5	1.5	1.5	1.5
33.1023154732472	-0.00422671728469492	3.19780369884108	-76.531158381446	16.6790383258621	0	0	0	0	0	1.5	1.5	1.5	1.5	1.5	1.5
33.1925125181334	0.000888335825970112	3.19765314276994	-76.6212135424858	16.6739811667259	0	0	0	0	0	1.5	1.5	1.5	1.5	1.5	1.5
33.2827095630197	0.00600338893663515	3.19796394937382	-76.7112682977529	16.6689167919277	0	0	0	0	0	1.5	1.5	1.5	1.5	1.5	1.5
33.3729066079059	0.0111184420473002	3.19873611865271	-76.801320295645	16.6638036544169	0	0	0	0	0	1.5	1.5	1.5	1.5	1.5	1.5
33.4631036527921	0.0162334951579656	3.19996965060663	-76.89136711707	16.6586002109914	0	0	0	0	0	1.5	1.5	1.5	1.5	1.5	1.5
33.5533006976784	0.0213485482686302	3.20166454523556	-76.9814062179514	16.6532649257385	0	0	0	0	0	1.5	1.5	1.5	1.5	1.5	1.5
33.6434977425646	0.0264636013792957	3.20382080253951	-77.0714348717516	16.6477562737632	0	0	0	0	0	1.5	1.5	1.5	1.5	1.5	1.5
33.7336947874508	0.0315786544899603	3.20643842251848	-77.1614501120214	16.6420327453375	0	0	0	0	0	1.5	1.5	1.5	1.5	1.5	1.5
33.8238918323371	0.0366937076006257	3.20951740517247	-77.2514486749857	16.636052850603	0	0	0	0	0	1.5	1.5	1.5	1.5	1.5	1.5
33.9140888772233	0.0410047680985229	3.21305531356129	-77.3414269425296	16.6297751298714	0	0	0	0	0	1.5	1.5	1.5	1.5	1.5	1.5
34.0042859221095	0.0341573319371267	3.21644501321662	-77.4313823442731	16.6231777963731	0	0	0	0	0	1.5	1.5	1.5	1.5	1.5	1.5
34.0944829669958	0.0273098957757305	3.21921709436514	-77.5213170077251	16.6163033508002	0	0	0	0	0	1.5	1.5	1.5	1.5	1.5	1.5
34.184680011882	0.0204624596143342	3.22137155700686	-77.611234476117	16.6092073918791	0	0	0	0	0	1.5	1.5	1.5	1.5	1.5	1.5
34.2748770567682	0.013615023452938	3.22290840114178	-77.7011387032268	16.6019454879683	0	0	0	0	0	1.5	1.5	1.5	1.5	1.5	1.5
34.3650741016545	0.00676758729154179	3.22382762676989	-77.7910339503586	16.5945731835682	0	0	0	0	0	1.5	1.5	1.5	1.5	1.5	1.5
34.4552711465407	-7.98488698544389e-05	3.22412923389119	-77.8809246833915	16.5871460067809	0	0	0	0	0	1.5	1.5	1.5	1.5	1.5	1.5
34.5454681914269	-0.00692728503125121	3.22381322250569	-77.9708154698803	16.5797194774015	0	0	0	0	0	1.5	1.5	1.5	1.5	1.5	1.5
34.6356652363132	-0.0137747211926469	3.22287959261338	-78.06071087618	16.5723491153237	0	0	0	0	0	1.5	1.5	1.5	1.5	1.5	1.5
34.7258622811994	-0.0206221573540437	3.22132834421427	-78.1506153645709	16.5650904489416	0	0	0	0	0	1.5	1.5	1.5	1.5	1.5	1.5
34.8160593260856	-0.0274695935154394	3.21915947730836	-78.2405331903574	16.5579990232303	0	0	0	0	0	1.5	1.5	1.5	1.5	1.5	1.5
34.9062563709719	-0.0343170296768361	3.21637299189563	-78.3304682989165	16.5511304071867	0	0	0	0	0	1.5	1.5	1.5	1.5	1.5	1.5
34.9964534158581	-0.0302988806453783	3.21344945825927	-78.420423197649	16.544526067452	0	0	0	0	0	1.5	1.5	1.5	1.5	1.5	1.5
35.0866504607443	-0.0260670341082538	3.21090743878773	-78.5103958170538	16.5381675864125	0	0	0	0	0	1.5	1.5	1.5	1.5	1.5	1.5
35.1768475056305	-0.0218351875711294	3.20874711936824	-78.6003831443569	16.5320206631667	0	0	0	0	0	1.5	1.5	1.5	1.5	1.5	1.5
35.2670445505168	-0.0176033410340049	3.20696850000082	-78.6903824089456	16.5260509786406	0	0	0	0	0	1.5	1.5	1.5	1.5	1.5	1.5
35.357241595403	-0.0133714944968805	3.20557158068546	-78.7803910431136	16.520224199358	0	0	0	0	0	1.5	1.5	1.5	1.5	1.5	1.5
35.4474386402892	-0.00913964795975567	3.20455636142216	-78.8704066427694	16.5145059807169	0	0	0	0	0	1.5	1.5	1.5	1.5	1.5	1.5
35.5376356851755	-0.00490780142263155	3.20392284221092	-78.960426928122	16.5088619699537	0	0	0	0	0	1.5	1.5	1.5	1.5	1.5	1.5
35.6278327300617	-0.000675954885506765	3.20367102305174	-79.0504497043518	16.5032578088695	0	0	0	0	0	1.5	1.5	1.5	1.5	1.5	1.5
35.7180297749479	0.00355589165161736	3.20380090394462	-79.1404728222696	16.4976591363956	0	0	0	0	0	1.5	1.5	1.5	1.5	1.5	1.5
35.8082268198342	0.00778773818874214	3.20431248488956	-79.2304941389715	16.4920315910702	0	0	0	0	0	1.5	1.5	1.5	1.5	1.5	1.5
35.8984238647204	0.0120195847258666	3.20520576588656	-79.3205114784917	16.4863408135046	0	0	0	0	0	1.5	1.5	1.5	1.5	1.5	1.5
35.9886209096066	0.0125341654813409	3.20633090400927	-79.4105228521311	16.4805564673077	0	0	0	0	0	1.5	1.5	1.5	1.5	1.5	1.5
36.0788179544929	0.0126071616490507	3.20746474071511	-79.5005276291679	16.4746703696887	0	0	0	0	0	1.5	1.5	1.5	1.5	1.5	1.5
36.1690149993791	0.0126801578167605	3.20860516145957	-79.5905256547085	16.4686819288837	0	0	0	0	0	1.5	1.5	1.5	1.5	1.5	1.5
36.2592120442653	0.0127531539844702	3.20975216624264	-79.6805167722757	16.4625905601311	0	0	0	0	0	1.5	1.5	1.5	1.5	1.5	1.5
36.3494090891516	0.01282615015218	3.21090575506432	-79.7705008233683	16.4563956789405	0	0	0	0	0	1.5	1.5	1.5	1.5	1.5	1.5
36.4396061340378	0.0128991463198898	3.21206592792463	-79.8604776474499	16.4500967010979	0	0	0	0	0	1.5	1.5	1.5	1.5	1.5	1.5
36.529803178924	0.0129721424875996	3.21323268482354	-79.9504470819377	16.4436930426715	0	0	0	0	0	1.5	1.5	1.5	1.5	1.5	1.5
36.6200002238103	0.0130451386553094	3.21440602576107	-80.0404089621911	16.4371841200172	0	0	0	0	0	1.5	1.5	1.5	1.5	1.5	1.5
36.7101972686965	0.0131181348230191	3.21558595073722	-80.1303631215007	16.430569349784	0	0	0	0	0	1.5	1.5	1.5	1.5	1.5	1.5
36.8003943135827	0.0131911309907289	3.21677245975199	-80.2203093910772	16.4238481489204	0	0	0	0	0	1.5	1.5	1.5	1.5	1.5	1.5
36.890591358469	0.0132641271584387	3.21796555280536	-80.3102476000399	16.4170199346792	0	0	0	0	0	1.5	1.5	1.5	1.5	1.5	1.5
36.9807884033552	0.00348569653416457	3.21880671583321	-80.4001782464245	16.4100927967545	0	0	0	0	0	1.5	1.5	1.5	1.5	1.5	1.5
37.0709854482414	-0.0086495845837356	3.21857383211211	-80.4901067221852	16.4031375035725	0	0	0	0	0	1.5	1.5	1.5	1.5	1.5	1.5
37.1611824931277	-0.0207848657016358	3.21724638189532	-80.5800405904676	16.3962523722162	0	0	0	0	0	1.5	1.5	1.5	1.5	1.5	1.5
37.2513795380139	-0.0329201468195359	3.21482436518282	-80.6699871931056	16.3895358560409	0	0	0	0	0	1.5	1.5	1.5	1.5	1.5	1.5
37.3415765829001	-0.0450554279374361	3.21130778197463	-80.7599533181812	16.3830864492715	0	0	0	0	0	1.5	1.5	1.5	1.5	1.5	1.5
37.4317736277864	-0.0571907090553372	3.20669663227074	-80.8499448764595	16.3770027073236	0	0	0	0	0	1.5	1.5	1.5	1.5	1.5	1.5
37.5219706726726	-0.0693259901732374	3.20099091607115	-80.9399665775069	16.3713832623212	0	0	0	0	0	1.5	1.5	1.5	1.5	1.5	1.5
37.6121677175588	-0.0814612712911376	3.19419063337587	-81.0300216054293	16.3663268320394	0	0	0	0	0	1.5	1.5	1.5	1.5	1.5	1.5
37.7023647624451	-0.0935965524090377	3.18629578418488	-81.1201112942169	16.3619322204927	0	0	0	0	0	1.5	1.5	1.5	1.5	1.5	1.5
37.7925618073313	-0.105731833526938	3.1773063684982	-81.2102348027487	16.3582983083919	0	0	0	0	0	1.5	1.5	1.5	1.5	1.5	1.5
37.8827588522175	-0.117867114644838	3.16722238631582	-81.3003887895839	16.3555240316898	0	0	0	0	0	1.5	1.5	1.5	1.5	1.5	1.5
37.9729558971037	-0.121439196839597	3.15632150953455	-81.3905669880409	16.3537023447075	0	0	0	0	0	1.5	1.5	1.5	1.5	1.5	1.5
38.06315294199	-0.121664733256656	3.14535788148709	-81.4807597235447	16.3528681520183	0	0	0	0	0	1.5	1.5	1.5	1.5	1.5	1.5
38.1533499868762	-0.121890269673714	3.1343739107213	-81.5709561808073	16.3530237466767	0	0	0	0	0	1.5	1.5	1.5	1.5	1.5	1.5
38.2435470317624	-0.122115806090772	3.12336959723718	-81.6611454747732	16.3541709446041	0	0	0	0	0	1.5	1.5	1.5	1.5	1.5	1.5
38.3337440766487	-0.122341342507831	3.11234494103473	-81.7513166607402	16.3563114414293	0	0	0	0	0	1.5	1.5	1.5	1.5	1.5	1.5
38.4239411215349	-0.122566878924889	3.10129994211394	-81.8414587355863	16.3594468111705	0	0	0	0	0	1.5	1.5	1.5	1.5	1.5	1.5
38.5141381664211	-0.122792415341947	3.09023460047482	-81.931560639022	16.3635785049268	0	0	0	0	0	1.5	1.5	1.5	1.5	1.5	1.5
38.6043352113074	-0.123017951759005	3.07914891611737	-82.0216112548666	16.3687078495789	0	0	0	0	0	1.5	1.5	1.5	1.5	1.5	1.5
38.6945322561936	-0.123243488176064	3.06804288904158	-82.1115994123486	16.3748360464993	0	0	0	0	0	1.5	1.5	1.5	1.5	1.5	1.5
38.7847293010798	-0.123469024593122	3.05691651924746	-82.201513887431	16.3819641702729	0	0	0	0	0	1.5	1.5	1.5	1.5	1.5	1.5
38.8749263459661	-0.12369456101018	3.04576980673501	-82.2913434041611	16.3900931674276	0	0	0	0	0	1.5	1.5	1.5	1.5	1.5	1.5
38.9651233908523	-0.12376919846147	3.03460708930985	-82.3810766447741	16.3992237725055	0	0	0	0	0	1.5	1.5	1.5	1.5	1.5	1.5
39.0553204357385	-0.123757998634739	3.02344397845632	-82.4707023671657	16.4093555200585	0	0	0	0	0	1.5	1.5	1.5	1.5	1.5	1.5
39.1455174806248	-0.123746798808008	3.01228187779407	-82.5602094114931	16.4204870722297	0	0	0	0	0	1.5	1.5	1.5	1.5	1.5	1.5
39.235714525511	-0.123735598981277	3.0011207873231	-82.6495866372105	16.432616951714	0	0	0	0	0	1.5	1.5	1.5	1.5	1.5	1.5
39.3259115703972	-0.123724399154547	2.98996070704339	-82.7388229229705	16.4457435572281	0	0	0	0	0	1.5	1.5	1.5	1.5	1.5	1.5
39.4161086152835	-0.123713199327816	2.97880163695497	-82.8279071680007	16.4598651637663	0	0	0	0	0	1.5	1.5	1.5	1.5	1.5	1.5
39.5063056601697	-0.123701999501085	2.96764357705781	-82.9168282934789	16.4749799228713	0	0	0	0	0	1.5	1.5	1.5	1.5	1.5	1.5
39.5965027050559	-0.123690799674355	2.95648652735193	-83.0055752439028	16.4910858629204	0	0	0	0	0	1.5	1.5	1.5	1.5	1.5	1.5
39.6866997499422	-0.123679599847624	2.94533048783733	-83.0941369884566	16.5081808894269	0	0	0	0	0	1.5	1.5	1.5	1.5	1.5	1.5
39.7768967948284	-0.123668400020893	2.934175458514	-83.1825025223743	16.5262627853566	0	0	0	0	0	1.5	1.5	1.5	1.5	1.5	1.5
39.8670938397146	-0.123657200194163	2.92302143938194	-83.2706608682975	16.5453292114592	0	0	0	0	0	1.5	1.5	1.5	1.5	1.5	1.5
39.9572908846009	-0.12193541960831	2.911910783291	-83.3586012357675	16.5653770256504	0	0	0	0	0	1.5	1.5	1.5	1.5	1.5	1.5
40.0474879294871	-0.118808439386702	2.90105359096307	-83.4463159102427	16.5863904230543	0	0	0	0	0	1.5	1.5	1.5	1.5	1.5	1.5
40.1376849743733	-0.115681459165095	2.89047844301055	-83.5338003915546	16.6083425668335	0	0	0	0	0	1.5	1.5	1.5	1.5	1.5	1.5
40.2278820192596	-0.112554478943487	2.88018533943344	-83.6210510847737	16.6312063287719	0	0	0	0	0	1.5	1.5	1.5	1.5	1.5	1.5
40.3180790641458	-0.10942749872188	2.87017428023173	-83.7080651917733	16.6549546790864	0	0	0	0	0	1.5	1.5	1.5	1.5	1.5	1.5
40.408276109032	-0.106300518500272	2.86044526540542	-83.7948406872929	16.6795606968769	0	0	0	0	0	1.5	1.5	1.5	1.5	1.5	1.5
40.4984731539182	-0.103173538278664	2.85099829495453	-83.881376295023	16.7049975794622	0	0	0	0	0	1.5	1.5	1.5	1.5	1.5	1.5
40.5886701988045	-0.100046558057057	2.84183336887904	-83.9676714637374	16.7312386506346	0	0	0	0	0	1.5	1.5	1.5	1.5	1.5	1.5
40.6788672436907	-0.0969195778354493	2.83295048717896	-84.053726343493	16.7582573678682	0	0	0	0	0	1.5	1.5	1.5	1.5	1.5	1.5
40.7690642885769	-0.0937925976138417	2.82434964985428	-84.1395417619183	16.786027328515	0	0	0	0	0	1.5	1.5	1.5	1.5	1.5	1.5
40.8592613334632	-0.0906656173922341	2.81603085690501	-84.2251192006075	16.8145222750228	0	0	0	0	0	1.5	1.5	1.5	1.5	1.5	1.5
40.9494583783494	-0.0900776182925586	2.80794132198008	-84.3104605326883	16.8437167907212	0	0	0	0	0	1.5	1.5	1.5	1.5	1.5	1.5
41.0396554232356	-0.0924582028647581	2.79970922615295	-84.3955614563251	16.8736048110379	0	0	0	0	0	1.5	1.5	1.5	1.5	1.5	1.5
41.1298524681219	-0.0948387874369579	2.7912624086323	-84.480410161119	16.9042014747301	0	0	0	0	0	1.5	1.5	1.5	1.5	1.5	1.5
41.2200495130081	-0.0972193720091574	2.78260086941813	-84.5649940225002	16.9355228162985	0	0	0	0	0	1.5	1.5	1.5	1.5	1.5	1.5
41.3102465578943	-0.0995999565813572	2.77372460851045	-84.6492999685008	16.9675846465603	0	0	0	0	0	1.5	1.5	1.5	1.5	1.5	1.5
41.4004436027806	-0.101980541153557	2.76463362590926	-84.7333144715626	17.000402540316	0	0	0	0	0	1.5	1.5	1.5	1.5	1.5	1.5
41.4906406476668	-0.104361125725756	2.75532792161456	-84.817023540657	17.033991823556	0	0	0	0	0	1.5	1.5	1.5	1.5	1.5	1.5
41.580837692553	-0.106741710297956	2.74580749562634	-84.9004127137371	17.0683675601984	0	0	0	0	0	1.5	1.5	1.5	1.5	1.5	1.5
41.6710347374393	-0.109122294870156	2.7360723479446	-84.9834670505376	17.1035445383553	0	0	0	0	0	1.5	1.5	1.5	1.5	1.5	1.5
41.7612317823255	-0.111502879442355	2.72612247856935	-85.0661711257443	17.1395372561222	0	0	0	0	0	1.5	1.5	1.5	1.5	1.5	1.5
41.8514288272117	-0.113883464014555	2.71595788750059	-85.1485090225514	17.176359906887	0	0	0	0	0	1.5	1.5	1.5	1.5	1.5	1.5
41.941625872098	-0.109003881563438	2.7057029215678	-85.2304649249296	17.2140250765579	0	0	0	0	0	1.5	1.5	1.5	1.5	1.5	1.5
42.0318229169842	-0.0922674185642684	2.69662588332184	-85.3120492728283	17.2524886333324	0	0	0	0	0	1.5	1.5	1.5	1.5	1.5	1.5
42.1220199618704	-0.0755309555651012	2.68905842458025	-85.3933107809791	17.2916298564777	0	0	0	0	0	1.5	1.5	1.5	1.5	1.5	1.5
42.2122170067567	-0.0587944925659314	2.68300054534303	-85.4743038186441	17.3313238087956	0	0	0	0	0	1.5	1.5	1.5	1.5	1.5	1.5
42.3024140516429	-0.0420580295667629	2.67845224561018	-85.5550852717357	17.3714467410404	0	0	0	0	0	1.5	1.5	1.5	1.5	1.5	1.5
42.3926110965291	-0.0253215665675944	2.67541352538171	-85.635713975676	17.4118758483917	0	0	0	0	0	1.5	1.5	1.5	1.5	1.5	1.5
42.4828081414154	-0.00858510356842593	2.67388438465761	-85.7162501552727	17.4524890121589	0	0	0	0	0	1.5	1.5	1.5	1.5	1.5	1.5
42.5730051863016	0.00815135943074255	2.67386482343788	-85.7967548697265	17.4931645309744	0	0	0	0	0	1.5	1.5	1.5	1.5	1.5	1.5
42.6632022311878	0.024887822429911	2.67535484172252	-85.8772894607719	17.5337808456821	0	0	0	0	0	1.5	1.5	1.5	1.5	1.5	1.5
42.7533992760741	0.0416242854290809	2.67835443951154	-85.9579150018883	17.5742162620908	0	0	0	0	0	1.5	1.5	1.5	1.5	1.5	1.5
42.8435963209603	0.058360748428248	2.68286361680493	-86.0386917464953	17.6143486757543	0	0	0	0	0	1.5	1.5	1.5	1.5	1.5	1.5
42.9337933658465	0.066383561259856	2.68876743178167	-86.1196781304625	17.654056211693	0	0	0	0	0	1.5	1.5	1.5	1.5	1.5	1.5
43.0239904107327	0.0533290655136806	2.69416629436694	-86.2008946139614	17.693291016875	0	0	0	0	0	1.5	1.5	1.5	1.5	1.5	1.5
43.114187455619	0.0402745697675031	2.69838768001342	-86.282298919873	17.73213472664	0	0	0	0	0	1.5	1.5	1.5	1.5	1.5	1.5
43.2043845005052	0.0272200740213277	2.70143158872112	-86.3638438229226	17.7706824813817	0	0	0	0	0	1.5	1.5	1.5	1.5	1.5	1.5
43.2945815453914	0.0141655782751503	2.70329802049004	-86.4454831410741	17.8090299227643	0	0	0	0	0	1.5	1.5	1.5	1.5	1.5	1.5
43.3847785902777	0.00111108252897384	2.70398697532017	-86.5271713990842	17.8472730276594	0	0	0	0	0	1.5	1.5	1.5	1.5	1.5	1.5
43.4749756351639	-0.0119434132172026	2.70349845321152	-86.6088634900722	17.8855079462385	0	0	0	0	0	1.5	1.5	1.5	1.5	1.5	1.5
43.5651726800501	-0.024997908963379	2.70183245416408	-86.6905143360656	17.9238308422329	0	0	0	0	0	1.5	1.5	1.5	1.5	1.5	1.5
43.6553697249364	-0.0380524047095555	2.69898897817785	-86.7720785484659	17.9623377333633	0	0	0	0	0	1.5	1.5	1.5	1.5	1.5	1.5
43.7455667698226	-0.0511069004557319	2.69496802525284	-86.8535100893766	18.0011243299421	0	0	0	0	0	1.5	1.5	1.5	1.5	1.5	1.5
43.8357638147088	-0.0641613962019094	2.68976959538905	-86.934761934751	18.0402858696576	0	0	0	0	0	1.5	1.5	1.5	1.5	1.5	1.5
43.9259608595951	-0.0728139391232694	2.68343457937517	-87.0157858522752	18.0799167194142	0	0	0	0	0	1.5	1.5	1.5	1.5	1.5	1.5
44.0161579044813	-0.064497299562028	2.67724204539563	-87.0965542099947	18.1200658575516	0	0	0	0	0	1.5	1.5	1.5	1.5	1.5	1.5
44.1063549493675	-0.0561806600007874	2.6717996477279	-87.1770876653654	18.1606841955899	0	0	0	0	0	1.5	1.5	1.5	1.5	1.5	1.5
44.1965519942538	-0.0478640204395467	2.66710738637197	-87.257414286599	18.2017101129376	0	0	0	0	0	1.5	1.5	1.5	1.5	1.5	1.5
44.28674903914	-0.039547380878306	2.66316526132786	-87.3375630646328	18.2430824435926	0	0	0	0	0	1.5	1.5	1.5	1.5	1.5	1.5
44.3769460840262	-0.0312307413170654	2.65997327259555	-87.4175637734596	18.2847404149723	0	0	0	0	0	1.5	1.5	1.5	1.5	1.5	1.5
44.4671431289125	-0.0229141017558247	2.65753142017505	-87.4974468319074	18.3266235837929	0	0	0	0	0	1.5	1.5	1.5	1.5	1.5	1.5
44.5573401737987	-0.014597462194584	2.65583970406635	-87.5772431666381	18.3686717695224	0	0	0	0	0	1.5	1.5	1.5	1.5	1.5	1.5
44.6475372186849	-0.00628082263334338	2.65489812426947	-87.6569840761244	18.4108249859251	0	0	0	0	0	1.5	1.5	1.5	1.5	1.5	1.5
44.7377342635712	0.00203581692789795	2.65470668078439	-87.7367010953514	18.4530233712089	0	0	0	0	0	1.5	1.5	1.5	1.5	1.5	1.5
44.8279313084574	0.0103524564891386	2.65526537361112	-87.816425860984	18.4952071172857	0	0	0	0	0	1.5	1.5	1.5	1.5	1.5	1.5
44.9181283533436	0.017812489695041	2.65656957488986	-87.8961899689627	18.5373164133952	0	0	0	0	0	1.5	1.5	1.5	1.5	1.5	1.5
45.0083253982299	0.0189784927006759	2.65822879383514	-87.9760185470813	18.5793033536889	0	0	0	0	0	1.5	1.5	1.5	1.5	1.5	1.5
45.0985224431161	0.0201444957063109	2.65999318280585	-88.0559188804169	18.6211535810289	0	0	0	0	0	1.5	1.5	1.5	1.5	1.5	1.5
45.1887194880023	0.0213104987119458	2.661862741802	-88.1358951213202	18.6628585618756	0	0	0	0	0	1.5	1.5	1.5	1.5	1.5	1.5
45.2789165328886	0.0224765017175807	2.66383747082359	-88.215951376063	18.7044097392224	0	0	0	0	0	1.5	1.5	1.5	1.5	1.5	1.5
45.3691135777748	0.0236425047232157	2.66591736987062	-88.2960917020935	18.7457985313886	0	0	0	0	0	1.5	1.5	1.5	1.5	1.5	1.5
45.459310622661	0.0248085077288506	2.66810243894308	-88.3763201052787	18.7870163308386	0	0	0	0	0	1.5	1.5	1.5	1.5	1.5	1.5
45.5495076675473	0.0259745107344856	2.67039267804098	-88.4566405371335	18.8280545030288	0	0	0	0	0	1.5	1.5	1.5	1.5	1.5	1.5
45.6397047124335	0.0271405137401205	2.67278808716431	-88.5370568920361	18.8689043852825	0	0	0	0	0	1.5	1.5	1.5	1.5	1.5	1.5
45.7299017573197	0.0283065167457555	2.67528866631308	-88.6175730044293	18.9095572856954	0	0	0	0	0	1.5	1.5	1.5	1.5	1.5	1.5
45.8200988022059	0.0294725197513904	2.67789441548729	-88.6981926460061	18.950004482073	0	0	0	0	0	1.5	1.5	1.5	1.5	1.5	1.5
45.9102958470922	0.0305132877581606	2.68060514854692	-88.7789195227995	18.9902372210668	0	0	0	0	0	1.5	1.5	1.5	1.5	1.5	1.5
46.0004928919784	0.0278793747551084	2.68323857134779	-88.8597547569541	19.0302518074467	0	0	0	0	0	1.5	1.5	1.5	1.5	1.5	1.5
46.0906899368646	0.0252454617520563	2.68563442297929	-88.9406903616234	19.0700629982206	0	0	0	0	0	1.5	1.5	1.5	1.5	1.5	1.5
46.1808869817509	0.0226115487490042	2.68779270344143	-89.0217164127511	19.1096897920118	0	0	0	0	0	1.5	1.5	1.5	1.5	1.5	1.5
46.2710840266371	0.0199776357459519	2.68971341273421	-89.1028231172251	19.1491512528801	0	0	0	0	0	1.5	1.5	1.5	1.5	1.5	1.5
46.3612810715233	0.0173437227429	2.69139655085763	-89.1840007994246	19.188466503072	0	0	0	0	0	1.5	1.5	1.5	1.5	1.5	1.5
46.4514781164096	0.0147098097398476	2.69284211781168	-89.2652398876976	19.2276547159101	0	0	0	0	0	1.5	1.5	1.5	1.5	1.5	1.5
46.5416751612958	0.0120758967367957	2.69405011359638	-89.3465309007767	19.2667351088052	0	0	0	0	0	1.5	1.5	1.5	1.5	1.5	1.5
46.631872206182	0.00944198373374342	2.6950205382117	-89.4278644341428	19.3057269363759	0	0	0	0	0	1.5	1.5	1.5	1.5	1.5	1.5
46.7220692510683	0.0068080707306913	2.69575339165767	-89.5092311463439	19.3446494836595	0	0	0	0	0	1.5	1.5	1.5	1.5	1.5	1.5
46.8122662959545	0.00417415772763918	2.69624867393427	-89.5906217452774	19.3835220593975	0	0	0	0	0	1.5	1.5	1.5	1.5	1.5	1.5
46.9024633408407	0.00154024472458707	2.69650638504151	-89.672026974445	19.4223639893794	0	0	0	0	0	1.5	1.5	1.5	1.5	1.5	1.5
46.992660385727	0.00607814562960617	2.69683252572303	-89.7534413456404	19.4611867532572	0	0	0	0	0	1.5	1.5	1.5	1.5	1.5	1.5
47.0828574306132	0.0110247326894936	2.69760384026475	-89.8348769874664	19.4999648751947	0	0	0	0	0	1.5	1.5	1.5	1.5	1.5	1.5
47.1730544754994	0.0159713197493815	2.69882132234154	-89.9163511469098	19.5386619970779	0	0	0	0	0	1.5	1.5	1.5	1.5	1.5	1.5
47.2632515203857	0.0209179068092685	2.7004849719534	-89.9978809631803	19.5772417078914	0	0	0	0	0	1.5	1.5	1.5	1.5	1.5	1.5
47.3534485652719	0.0258644938691563	2.70259478910034	-90.079483418198	19.6156675224076	0	0	0	0	0	1.5	1.5	1.5	1.5	1.5	1.5
47.4436456101581	0.0308110809290434	2.70515077378235	-90.1611752876086	19.6539028587734	0	0	0	0	0	1.5	1.5	1.5	1.5	1.5	1.5
47.5338426550444	0.0357576679889312	2.70815292599944	-90.2429730915855	19.6919110165575	0	0	0	0	0	1.5	1.5	1.5	1.5	1.5	1.5
47.6240396999306	0.0407042550488183	2.7116012457516	-90.3248930453684	19.729655155369	0	0	0	0	0	1.5	1.5	1.5	1.5	1.5	1.5
47.7142367448168	0.0456508421087061	2.71549573303884	-90.4069510094953	19.7670982741584	0	0	0	0	0	1.5	1.5	1.5	1.5	1.5	1.5
47.8044337897031	0.0505974291685936	2.71983638786115	-90.4891624396822	19.8042031913121	0	0	0	0	0	1.5	1.5	1.5	1.5	1.5	1.5
47.8946308345893	0.055544016228481	2.72462321021853	-90.5715423363086	19.8409325256551	0	0	0	0	0	1.5	1.5	1.5	1.5	1.5	1.5
47.9848278794755	0.0592595236690562	2.72980850929657	-90.6541046992393	19.877249806627	0	0	0	0	0	1.5	1.5	1.5	1.5	1.5	1.5
48.0750249243617	0.0627729336376751	2.73531199281121	-90.7368599851085	19.9131252722205	0	0	0	0	0	1.5	1.5	1.5	1.5	1.5	1.5
48.165221969248	0.066286343606294	2.74113237552249	-90.8198170555154	19.9485316050931	0	0	0	0	0	1.5	1.5	1.5	1.5	1.5	1.5
48.2554190141342	0.0697997535749132	2.74726965743041	-90.9029843173513	19.9834413161729	0	0	0	0	0	1.5	1.5	1.5	1.5	1.5	1.5
48.3456160590204	0.0733131635435318	2.75372383853498	-90.9863696978264	20.0178267344017	0	0	0	0	0	1.5	1.5	1.5	1.5	1.5	1.5
48.4358131039067	0.076826573512151	2.76049491883619	-91.0699806170311	20.0516600022329	0	0	0	0	0	1.5	1.5	1.5	1.5	1.5	1.5
48.5260101487929	0.0803399834807696	2.76758289833404	-91.1538239602347	20.0849130719451	0	0	0	0	0	1.5	1.5	1.5	1.5	1.5	1.5
48.6162071936791	0.0838533934493888	2.77498777702854	-91.2379060499227	20.1175577028183	0	0	0	0	0	1.5	1.5	1.5	1.5	1.5	1.5
48.7064042385654	0.0873668034180077	2.78270955491967	-91.3222326175723	20.1495654592175	0	0	0	0	0	1.5	1.5	1.5	1.5	1.5	1.5
48.7966012834516	0.0908802133866266	2.79074823200746	-91.4068087751712	20.1809077096321	0	0	0	0	0	1.5	1.5	1.5	1.5	1.5	1.5
48.8867983283378	0.0943936233552455	2.79910380829188	-91.4916389864846	20.2115556267156	0	0	0	0	0	1.5	1.5	1.5	1.5	1.5	1.5
48.9769953732241	0.097174566754817	2.8077507713891	-91.5767268430219	20.241480747753	0	0	0	0	0	1.5	1.5	1.5	1.5	1.5	1.5
49.0671924181103	0.0997395868939989	2.81663130876679	-91.6620736979531	20.2706589552475	0	0	0	0	0	1.5	1.5	1.5	1.5	1.5	1.5
49.1573894629965	0.102304607033181	2.82574320338112	-91.7476795743342	20.2990681887137	0	0	0	0	0	1.5	1.5	1.5	1.5	1.5	1.5
49.2475865078828	0.104869627172363	2.83508645523207	-91.8335439354383	20.3266862844957	0	0	0	0	0	1.5	1.5	1.5	1.5	1.5	1.5
49.337783552769	0.107434647311545	2.84466106431966	-91.9196656734166	20.353490966974	0	0	0	0	0	1.5	1.5	1.5	1.5	1.5	1.5
49.4279805976552	0.109999667450727	2.85446703064387	-92.0060430928212	20.3794598547504	0	0	0	0	0	1.5	1.5	1.5	1.5	1.5	1.5
49.5181776425415	0.112564687589909	2.8645043542047	-92.0926738940911	20.4045704675319	0	0	0	0	0	1.5	1.5	1.5	1.5	1.5	1.5
49.6083746874277	0.11512970772909	2.87477303500217	-92.1795551570175	20.4288002337346	0	0	0	0	0	1.5	1.5	1.5	1.5	1.5	1.5
49.6985717323139	0.117694727868273	2.88527307303626	-92.2666833242039	20.4521264988257	0	0	0	0	0	1.5	1.5	1.5	1.5	1.5	1.5
49.7887687772002	0.120259748007455	2.89600446830699	-92.3540541845377	20.474526534423	0	0	0	0	0	1.5	1.5	1.5	1.5	1.5	1.5
49.8789658220864	0.122824768146636	2.90696722081433	-92.4416628566923	20.495977548171	0	0	0	0	0	1.5	1.5	1.5	1.5	1.5	1.5
49.9691628669726	0.127758146568926	2.91823458980435	-92.5295041102375	20.5164552218809	0	0	0	0	0	1.5	1.5	1.5	1.5	1.5	1.5
50.0593599118589	0.133776151567272	2.93002940021849	-92.6175754851009	20.535919176181	0	0	0	0	0	1.5	1.5	1.5	1.5	1.5	1.5
50.1495569567451	0.139794156565618	2.94236701689959	-92.7058752510677	20.5543190413137	0	0	0	0	0	1.5	1.5	1.5	1.5	1.5	1.5
50.2397540016313	0.145812161563964	2.95524743984766	-92.7943999454788	20.5716040899381	0	0	0	0	0	1.5	1.5	1.5	1.5	1.5	1.5
50.3299510465176	0.15183016656231	2.96867066906268	-92.8831442545234	20.5877234062721	0	0	0	0	0	1.5	1.5	1.5	1.5	1.5	1.5
50.4201480914038	0.157848171560656	2.98263670454467	-92.9721009281186	20.6026259191688	0	0	0	0	0	1.5	1.5	1.5	1.5	1.5	1.5
50.51034513629	0.163866176559002	2.99714554629361	-93.061260694924	20.6162604405147	0	0	0	0	0	1.5	1.5	1.5	1.5	1.5	1.5
50.6005421811763	0.169884181557348	3.01219719430952	-93.1506121776691	20.6285757091788	0	0	0	0	0	1.5	1.5	1.5	1.5	1.5	1.5
50.6907392260625	0.175902186555694	3.02779164859239	-93.2401418089906	20.639520440736	0	0	0	0	0	1.5	1.5	1.5	1.5	1.5	1.5
50.7809362709487	0.18192019155404	3.04392890914222	-93.3298337480012	20.6490433831838	0	0	0	0	0	1.5	1.5	1.5	1.5	1.5	1.5
50.8711333158349	0.187938196552386	3.06060897595901	-93.4196697978323	20.657093378867	0	0	0	0	0	1.5	1.5	1.5	1.5	1.5	1.5
50.9613303607212	0.183477154659411	3.07754977963306	-93.5096289883339	20.6636244833647	0	0	0	0	0	1.5	1.5	1.5	1.5	1.5	1.5
51.0515274056074	0.171938176555237	3.09357848592447	-93.59968397082	20.6686675820229	0	0	0	0	0	1.5	1.5	1.5	1.5	1.5	1.5
51.1417244504936	0.160399198451063	3.10856641048988	-93.6898064521087	20.6723135340564	0	0	0	0	0	1.5	1.5	1.5	1.5	1.5	1.5
51.2319214953799	0.14886022034689	3.12251355332928	-93.7799723610485	20.6746553029215	0	0	0	0	0	1.5	1.5	1.5	1.5	1.5	1.5
51.3221185402661	0.137321242242716	3.13541991444268	-93.8701616890936	20.6757862631048	0	0	0	0	0	1.5	1.5	1.5	1.5	1.5	1.5
51.4123155851523	0.125782264138544	3.14728549383008	-93.9603582037284	20.6758000827839	0	0	0	0	0	1.5	1.5	1.5	1.5	1.5	1.5
51.5025126300386	0.114243286034369	3.15811029149148	-94.0505491592103	20.6747906260725	0	0	0	0	0	1.5	1.5	1.5	1.5	1.5	1.5
51.5927096749248	0.102704307930196	3.16789430742687	-94.1407250053844	20.672851873375	0	0	0	0	0	1.5	1.5	1.5	1.5	1.5	1.5
51.682906719811	0.0911653298260226	3.17663754163625	-94.2308790951906	20.6700778583555	0	0	0	0	0	1.5	1.5	1.5	1.5	1.5	1.5
51.7731037646973	0.0796263517218493	3.18433999411964	-94.3210073913668	20.66656262001	0	0	0	0	0	1.5	1.5	1.5	1.5	1.5	1.5
51.8633008095835	0.0680873736176759	3.19100166487702	-94.4111081727374	20.6624001683227	0	0	0	0	0	1.5	1.5	1.5	1.5	1.5	1.5
51.9534978544697	0.0743300970823956	3.19703777269504	-94.501181388404	20.6576780077493	0	0	0	0	0	1.5	1.5	1.5	1.5	1.5	1.5
52.043694899356	0.0971336226012484	3.20477053310538	-94.5912205202705	20.6523468678826	0	0	0	0	0	1.5	1.5	1.5	1.5	1.5	1.5
52.1338919442422	0.119937148120101	3.2145601041305	-94.6812093550104	20.646227104154	0	0	0	0	0	1.5	1.5	1.5	1.5	1.5	1.5
52.2240889891284	0.142740673638956	3.22640648577041	-94.7711265552746	20.6391342335821	0	0	0	0	0	1.5	1.5	1.5	1.5	1.5	1.5
52.3142860340147	0.165544199157809	3.24030967802511	-94.8609447884174	20.6308843362647	0	0	0	0	0	1.5	1.5	1.5	1.5	1.5	1.5
52.4044830789009	0.188347724676662	3.25626968089459	-94.9506296000435	20.6212943032809	0	0	0	0	0	1.5	1.5	1.5	1.5	1.5	1.5
52.4946801237871	0.211151250195515	3.27428649437887	-95.0401382980012	20.6101821576077	0	0	0	0	0	1.5	1.5	1.5	1.5	1.5	1.5
52.5848771686734	0.233954775714369	3.29436011847793	-95.1294188512404	20.597367459344	0	0	0	0	0	1.5	1.5	1.5	1.5	1.5	1.5
52.6750742135596	0.25675830123322	3.31649055319178	-95.2184088091578	20.5826718062743	0	0	0	0	0	1.5	1.5	1.5	1.5	1.5	1.5
52.7652712584458	0.279561826752073	3.34067779852042	-95.3070342484161	20.5659194404421	0	0	0	0	0	1.5	1.5	1.5	1.5	1.5	1.5
52.8554683033321	0.302365352270926	3.36692185446385	-95.3952087557244	20.5469379709111	0	0	0	0	0	1.5	1.5	1.5	1.5	1.5	1.5
52.9456653482183	0.305357629328125	3.39484816805392	-95.4828336267879	20.5255637958225	0	0	0	0	0	1.5	1.5	1.5	1.5	1.5	1.5
53.0358623931045	0.280903435392796	3.42128767583877	-95.5698402708936	20.5017966584641	0	0	0	0	0	1.5	1.5	1.5	1.5	1.5	1.5
53.1260594379907	0.25644924145747	3.44552148759556	-95.6562172765252	20.4758328065338	0	0	0	0	0	1.5	1.5	1.5	1.5	1.5	1.5
53.216256482877	0.231995047522139	3.46754960332432	-95.7419710247889	20.4478779761115	0	0	0	0	0	1.5	1.5	1.5	1.5	1.5	1.5
53.3064535277632	0.207540853586811	3.48737202302504	-95.8271214072728	20.418134862147	0	0	0	0	0	1.5	1.5	1.5	1.5	1.5	1.5
53.3966505726494	0.183086659651482	3.50498874669772	-95.9117004160858	20.386802965974	0	0	0	0	0	1.5	1.5	1.5	1.5	1.5	1.5
53.4868476175357	0.158632465716156	3.52039977434235	-95.995750760083	20.3540785788695	0	0	0	0	0	1.5	1.5	1.5	1.5	1.5	1.5
53.5770446624219	0.134178271780825	3.53360510595894	-96.0793245100351	20.3201548858531	0	0	0	0	0	1.5	1.5	1.5	1.5	1.5	1.5
53.6672417073081	0.109724077845497	3.5446047415475	-96.1624817736097	20.2852221742671	0	0	0	0	0	1.5	1.5	1.5	1.5	1.5	1.5
53.7574387521944	0.0852698839101684	3.55339868110801	-96.2452893993988	20.2494681320662	0	0	0	0	0	1.5	1.5	1.5	1.5	1.5	1.5
53.8476357970806	0.0608156899748379	3.55998692464047	-96.3278197078197	20.2130782211505	0	0	0	0	0	1.5	1.5	1.5	1.5	1.5	1.5
53.9378328419668	0.0424363935974462	3.56446370452907	-96.4101488459684	20.1762352226767	0	0	0	0	0	1.5	1.5	1.5	1.5	1.5	1.5
54.0280298868531	0.0356442066207427	3.56798502423039	-96.4923335988937	20.1390711959561	0	0	0	0	0	1.5	1.5	1.5	1.5	1.5	1.5
54.1182269317393	0.0288520196440382	3.57089370873808	-96.5743984583304	20.101643131462	0	0	0	0	0	1.5	1.5	1.5	1.5	1.5	1.5
54.2084239766255	0.0220598326673342	3.57318975805217	-96.6563656493262	20.0640016260706	0	0	0	0	0	1.5	1.5	1.5	1.5	1.5	1.5
54.2986210215118	0.0152676456906302	3.57487317217264	-96.7382577899378	20.026197098739	0	0	0	0	0	1.5	1.5	1.5	1.5	1.5	1.5
54.388818066398	0.0084754587139267	3.5759439510995	-96.8200977981866	19.9882798312415	0	0	0	0	0	1.5	1.5	1.5	1.5	1.5	1.5
54.4790151112842	0.00168327173722163	3.57640209483274	-96.9019087994327	19.9503000098257	0	0	0	0	0	1.5	1.5	1.5	1.5	1.5	1.5
54.5692121561705	-0.00510891523948184	3.57624760337238	-96.9837140340404	19.9123077675049	0	0	0	0	0	1.5	1.5	1.5	1.5	1.5	1.5
54.6594092010567	-0.0119011022161858	3.57548047671839	-97.0655367652065	19.8743532267025	0	0	0	0	0	1.5	1.5	1.5	1.5	1.5	1.5
54.7496062459429	-0.0186932891928904	3.5741007148708	-97.1474001868206	19.8364865419658	0	0	0	0	0	1.5	1.5	1.5	1.5	1.5	1.5
54.8398032908292	-0.0254854761695944	3.57210831782959	-97.2293273312276	19.7987579424686	0	0	0	0	0	1.5	1.5	1.5	1.5	1.5	1.5
54.9300003357154	-0.0308947962427363	3.56951933633263	-97.3113409252018	19.7612176610267	0	0	0	0	0	1.5	1.5	1.5	1.5	1.5	1.5
55.0201973806016	-0.0323138442056219	3.56666872004277	-97.3934575720022	19.7239033512357	0	0	0	0	0	1.5	1.5	1.5	1.5	1.5	1.5
55.1103944254879	-0.0337328921685076	3.56369010982011	-97.4756826240854	19.6868285390176	0	0	0	0	0	1.5	1.5	1.5	1.5	1.5	1.5
55.2005914703741	-0.0351519401313932	3.56058350566464	-97.5580200968154	19.6500040777522	0	0	0	0	0	1.5	1.5	1.5	1.5	1.5	1.5
55.2907885152603	-0.0365709880942787	3.55734890757637	-97.6404739083824	19.613440861662	0	0	0	0	0	1.5	1.5	1.5	1.5	1.5	1.5
55.3809855601466	-0.0379900360571645	3.55398631555529	-97.723047875491	19.5771498270076	0	0	0	0	0	1.5	1.5	1.5	1.5	1.5	1.5
55.4711826050328	-0.03940908402005	3.55049572960141	-97.8057457090222	19.5411419532174	0	0	0	0	0	1.5	1.5	1.5	1.5	1.5	1.5
55.561379649919	-0.0408281319829356	3.54687714971473	-97.8885710096713	19.5054282639494	0	0	0	0	0	1.5	1.5	1.5	1.5	1.5	1.5
55.6515766948053	-0.0422471799458213	3.54313057589524	-97.9715272635585	19.4700198280809	0	0	0	0	0	1.5	1.5	1.5	1.5	1.5	1.5
55.7417737396915	-0.0436662279087069	3.53925600814295	-98.0546178378129	19.4349277606241	0	0	0	0	0	1.5	1.5	1.5	1.5	1.5	1.5
55.8319707845777	-0.0450852758715924	3.53525344645785	-98.1378459761306	19.4001632235647	0	0	0	0	0	1.5	1.5	1.5	1.5	1.5	1.5
55.9221678294639	-0.0486274113895772	3.53110658914314	-98.2212148260072	19.3657375038095	0	0	0	0	0	1.5	1.5	1.5	1.5	1.5	1.5
56.0123648743502	-0.0625164265503643	3.52609416627339	-98.3047374852741	19.3316867293075	0	0	0	0	0	1.5	1.5	1.5	1.5	1.5	1.5
56.1025619192364	-0.0764054417111504	3.51982899527976	-98.3884507718052	19.2981074807277	0	0	0	0	0	1.5	1.5	1.5	1.5	1.5	1.5
56.1927589641226	-0.0902944568719354	3.51231107616225	-98.4723934211095	19.2651059626006	0	0	0	0	0	1.5	1.5	1.5	1.5	1.5	1.5
56.2829560090089	-0.104183472032724	3.50354040892085	-98.5566019859616	19.232789212417	0	0	0	0	0	1.5	1.5	1.5	1.5	1.5	1.5
56.3731530538951	-0.118072487193509	3.49351699355557	-98.6411104273101	19.2012652197162	0	0	0	0	0	1.5	1.5	1.5	1.5	1.5	1.5
56.4633500987813	-0.131961502354295	3.48224083006641	-98.7259496995268	19.1706430288271	0	0	0	0	0	1.5	1.5	1.5	1.5	1.5	1.5
56.5535471436676	-0.145850517515082	3.46971191845336	-98.8111473295124	19.1410328226104	0	0	0	0	0	1.5	1.5	1.5	1.5	1.5	1.5
56.6437441885538	-0.159739532675868	3.45593025871643	-98.8967269893407	19.1125459845021	0	0	0	0	0	1.5	1.5	1.5	1.5	1.5	1.5
56.73394123344	-0.173628547836653	3.44089585085562	-98.9827080623167	19.0852951361088	0	0	0	0	0	1.5	1.5	1.5	1.5	1.5	1.5
56.8241382783263	-0.187517562997439	3.42460869487092	-99.0691052025399	19.0593941475526	0	0	0	0	0	1.5	1.5	1.5	1.5	1.5	1.5
56.9143353232125	-0.199489596160239	3.40707624056387	-99.1559278832358	19.0349580990985	0	0	0	0	0	1.5	1.5	1.5	1.5	1.5	1.5
57.0045323680987	-0.191132521833537	3.38945976020875	-99.2431703233569	19.0120658920039	0	0	0	0	0	1.5	1.5	1.5	1.5	1.5	1.5
57.094729412985	-0.182775447506836	3.37259706326179	-99.3307945269976	18.9906810127674	0	0	0	0	0	1.5	1.5	1.5	1.5	1.5	1.5
57.1849264578712	-0.174418373180133	3.356488149723	-99.4187594456552	18.9707435089491	0	0	0	0	0	1.5	1.5	1.5	1.5	1.5	1.5
57.2751235027574	-0.166061298853432	3.34113301959237	-99.5070272105665	18.9521922629144	0	0	0	0	0	1.5	1.5	1.5	1.5	1.5	1.5
57.3653205476437	-0.15770422452673	3.3265316728699	-99.5955630122277	18.9349651277883	0	0	0	0	0	1.5	1.5	1.5	1.5	1.5	1.5
57.4555175925299	-0.149347150200028	3.3126841095556	-99.6843349747528	18.9189990522515	0	0	0	0	0	1.5	1.5	1.5	1.5	1.5	1.5
57.5457146374161	-0.140990075873325	3.29959032964945	-99.7733140257109	18.9042301945784	0	0	0	0	0	1.5	1.5	1.5	1.5	1.5	1.5
57.6359116823024	-0.132633001546624	3.28725033315148	-99.8624737620253	18.8905940263439	0	0	0	0	0	1.5	1.5	1.5	1.5	1.5	1.5
57.7261087271886	-0.124275927219922	3.27566412006166	-99.9517903124656	18.8780254262545	0	0	0	0	0	1.5	1.5	1.5	1.5	1.5	1.5
57.8163057720748	-0.11591885289322	3.26483169038001	-100.041242197214	18.8664587645792	0	0	0	0	0	1.5	1.5	1.5	1.5	1.5	1.5
57.9065028169611	-0.107561778566518	3.25475304410652	-100.130810184937	18.8558279786764	0	0	0	0	0	1.5	1.5	1.5	1.5	1.5	1.5
57.9966998618473	-0.120405521700818	3.24447236519894	-100.220480182138	18.8460952073303	0	0	0	0	0	1.5	1.5	1.5	1.5	1.5	1.5
58.0868969067335	-0.133256129805892	3.2330325995155	-100.310250495166	18.8373368360809	0	0	0	0	0	1.5	1.5	1.5	1.5	1.5	1.5
58.1770939516198	-0.146106737910963	3.220433746956	-100.400119486695	18.8296580575319	0	0	0	0	0	1.5	1.5	1.5	1.5	1.5	1.5
58.267290996506	-0.158957346016035	3.20667580752043	-100.490081751099	18.8231642489001	0	0	0	0	0	1.5	1.5	1.5	1.5	1.5	1.5
58.3574880413922	-0.171807954121107	3.19175878120879	-100.580127746164	18.8179609031381	0	0	0	0	0	1.5	1.5	1.5	1.5	1.5	1.5
58.4476850862785	-0.18465856222618	3.17568266802108	-100.670243425352	18.8141535360269	0	0	0	0	0	1.5	1.5	1.5	1.5	1.5	1.5
58.5378821311647	-0.197509170331251	3.15844746795731	-100.760409871502	18.8118475671244	0	0	0	0	0	1.5	1.5	1.5	1.5	1.5	1.5
58.6280791760509	-0.210359778436323	3.14005318101747	-100.850602933061	18.8111481724752	0	0	0	0	0	1.5	1.5	1.5	1.5	1.5	1.5
58.7182762209371	-0.223210386541396	3.12049980720155	-100.940792864183	18.8121601070273	0	0	0	0	0	1.5	1.5	1.5	1.5	1.5	1.5
58.8084732658234	-0.236060994646468	3.09978734650957	-101.030943970252	18.8149874947515	0	0	0	0	0	1.5	1.5	1.5	1.5	1.5	1.5
58.8986703107096	-0.24891160275154	3.07791579894152	-101.121014260673	18.8197335845266	0	0	0	0	0	1.5	1.5	1.5	1.5	1.5	1.5
58.9888673555959	-0.247535123853348	3.05546879590164	-101.210956405837	18.826484561313	0	0	0	0	0	1.5	1.5	1.5	1.5	1.5	1.5
59.0790644004821	-0.24474505178113	3.03326768735249	-101.300725461486	18.8352418097611	0	0	0	0	0	1.5	1.5	1.5	1.5	1.5	1.5
59.1692614453683	-0.241954979708911	3.01131823505927	-101.390279383428	18.845978445613	0	0	0	0	0	1.5	1.5	1.5	1.5	1.5	1.5
59.2594584902545	-0.239164907636693	2.98962043902198	-101.479577727432	18.8586667666035	0	0	0	0	0	1.5	1.5	1.5	1.5	1.5	1.5
59.3496555351408	-0.236374835564474	2.96817429924063	-101.568581644197	18.8732783336756	0	0	0	0	0	1.5	1.5	1.5	1.5	1.5	1.5
59.439852580027	-0.233584763492256	2.94697981571521	-101.657253873195	18.8897840348545	0	0	0	0	0	1.5	1.5	1.5	1.5	1.5	1.5
59.5300496249132	-0.230794691420038	2.92603698844573	-101.745558734453	18.9081541473688	0	0	0	0	0	1.5	1.5	1.5	1.5	1.5	1.5
59.6202466697995	-0.228004619347819	2.90534581743218	-101.833462118437	18.9283583979838	0	0	0	0	0	1.5	1.5	1.5	1.5	1.5	1.5
59.7104437146857	-0.225214547275601	2.88490630267456	-101.920931474112	18.9503660215231	0	0	0	0	0	1.5	1.5	1.5	1.5	1.5	1.5
59.8006407595719	-0.222424475203382	2.86471844417288	-102.007935795315	18.9741458175547	0	0	0	0	0	1.5	1.5	1.5	1.5	1.5	1.5
59.8908378044582	-0.219634403131164	2.84478224192713	-102.094445605545	18.9996662052258	0	0	0	0	0	1.5	1.5	1.5	1.5	1.5	1.5
59.9810348493444	-0.222314800830814	2.82489492884693	-102.180431400724	19.0269000439757	0	0	0	0	0	1.5	1.5	1.5	1.5	1.5	1.5
60.0712318942306	-0.226180740651879	2.80466844260374	-102.265853783739	19.0558525227732	0	0	0	0	0	1.5	1.5	1.5	1.5	1.5	1.5
60.1614289391169	-0.230046680472944	2.78409326001297	-102.350667727191	19.0865415256729	0	0	0	0	0	1.5	1.5	1.5	1.5	1.5	1.5
60.2516259840031	-0.233912620294009	2.76316938107464	-102.434826625814	19.1189836260299	0	0	0	0	0	1.5	1.5	1.5	1.5	1.5	1.5
60.3418230288893	-0.237778560115074	2.74189680578874	-102.5182823229	19.1531939569494	0	0	0	0	0	1.5	1.5	1.5	1.5	1.5	1.5
60.4320200737756	-0.241644499936138	2.72027553415528	-102.600985125498	19.1891861286036	0	0	0	0	0	1.5	1.5	1.5	1.5	1.5	1.5
60.5222171186618	-0.245510439757204	2.69830556617424	-102.68288382348	19.2269721437693	0	0	0	0	0	1.5	1.5	1.5	1.5	1.5	1.5
60.612414163548	-0.249376379578269	2.67598690184564	-102.76392571269	19.266562311702	0	0	0	0	0	1.5	1.5	1.5	1.5	1.5	1.5
60.7026112084343	-0.253242319399333	2.65331954116947	-102.844056622347	19.3079651604787	0	0	0	0	0	1.5	1.5	1.5	1.5	1.5	1.5
60.7928082533205	-0.257108259220398	2.63030348414573	-102.923220946888	19.3511873479511	0	0	0	0	0	1.5	1.5	1.5	1.5	1.5	1.5
60.8830052982067	-0.260974199041463	2.60693873077442	-103.001361682441	19.3962335714682	0	0	0	0	0	1.5	1.5	1.5	1.5	1.5	1.5
60.973202343093	-0.25745174553766	2.58347347030067	-103.078423391462	19.4431017493982	0	0	0	0	0	1.5	1.5	1.5	1.5	1.5	1.5
61.0633993879792	-0.251398423170166	2.56052507954701	-103.154376276843	19.4917464724308	0	0	0	0	0	1.5	1.5	1.5	1.5	1.5	1.5
61.1535964328654	-0.245345100802671	2.53812268058265	-103.229206770004	19.5421008561153	0	0	0	0	0	1.5	1.5	1.5	1.5	1.5	1.5
61.2437934777517	-0.239291778435176	2.51626627340758	-103.302904793974	19.5940987821147	0	0	0	0	0	1.5	1.5	1.5	1.5	1.5	1.5
61.3339905226379	-0.233238456067682	2.4949558580218	-103.3754635185	19.6476751810107	0	0	0	0	0	1.5	1.5	1.5	1.5	1.5	1.5
61.4241875675241	-0.227185133700187	2.47419143442532	-103.446879229668	19.7027661130752	0	0	0	0	0	1.5	1.5	1.5	1.5	1.5	1.5
61.5143846124103	-0.221131811332692	2.45397300261812	-103.517151200351	19.7593088394283	0	0	0	0	0	1.5	1.5	1.5	1.5	1.5	1.5
61.6045816572966	-0.215078488965198	2.43430056260022	-103.586281561872	19.817241883961	0	0	0	0	0	1.5	1.5	1.5	1.5	1.5	1.5
61.6947787021828	-0.209025166597704	2.41517411437161	-103.654275177242	19.8765050863982	0	0	0	0	0	1.5	1.5	1.5	1.5	1.5	1.5
61.784975747069	-0.202971844230208	2.39659365793229	-103.721139516302	19.9370396468873	0	0	0	0	0	1.5	1.5	1.5	1.5	1.5	1.5
61.8751727919553	-0.196918521862714	2.37855919328226	-103.786884533038	19.9987881624887	0	0	0	0	0	1.5	1.5	1.5	1.5	1.5	1.5
61.9653698368415	-0.19808680972051	2.3608571130927	-103.851519589743	20.0616976570939	0	0	0	0	0	1.5	1.5	1.5	1.5	1.5	1.5
62.0555668817277	-0.203044170190583	2.34276669859255	-103.915019924586	20.1257522627845	0	0	0	0	0	1.5	1.5	1.5	1.5	1.5	1.5
62.145763926614	-0.208001530660656	2.32422914482756	-103.977336538676	20.1909589613718	0	0	0	0	0	1.5	1.5	1.5	1.5	1.5	1.5
62.2359609715002	-0.212958891130729	2.30524445179774	-104.038418864139	20.2573231992856	0	0	0	0	0	1.5	1.5	1.5	1.5	1.5	1.5
62.3261580163864	-0.217916251600802	2.28581261950309	-104.098215215438	20.3248483596624	0	0	0	0	0	1.5	1.5	1.5	1.5	1.5	1.5
62.4163550612727	-0.222873612070875	2.26593364794359	-104.156672824879	20.3935356721336	0	0	0	0	0	1.5	1.5	1.5	1.5	1.5	1.5
62.5065521061589	-0.227830972540948	2.24560753711926	-104.213737883726	20.4633841214167	0	0	0	0	0	1.5	1.5	1.5	1.5	1.5	1.5
62.5967491510451	-0.232788333011021	2.22483428703009	-104.269355589135	20.5343903549107	0	0	0	0	0	1.5	1.5	1.5	1.5	1.5	1.5
62.6869461959314	-0.237745693481094	2.20361389767608	-104.32347019713	20.6065485895199	0	0	0	0	0	1.5	1.5	1.5	1.5	1.5	1.5
62.7771432408176	-0.242703053951167	2.18194636905724	-104.37602508185	20.6798505179501	0	0	0	0	0	1.5	1.5	1.5	1.5	1.5	1.5
62.8673402857038	-0.24766041442124	2.15983170117357	-104.426962801288	20.7542852147405	0	0	0	0	0	1.5	1.5	1.5	1.5	1.5	1.5
62.9575373305901	-0.246163818310105	2.13743530202756	-104.476227549423	20.8298375178299	0	0	0	0	0	1.5	1.5	1.5	1.5	1.5	1.5
63.0477343754763	-0.239764329163467	2.11552066056298	-104.52380388355	20.9064643652655	0	0	0	0	0	1.5	1.5	1.5	1.5	1.5	1.5
63.1379314203625	-0.233364840016829	2.09418323410821	-104.569712134853	20.9841021827544	0	0	0	0	0	1.5	1.5	1.5	1.5	1.5	1.5
63.2281284652488	-0.22696535087019	2.07342302266325	-104.613976197764	21.0626891247367	0	0	0	0	0	1.5	1.5	1.5	1.5	1.5	1.5
63.318325510135	-0.220565861723551	2.0532400262281	-104.656622339377	21.1421657712624	0	0	0	0	0	1.5	1.5	1.5	1.5	1.5	1.5
63.4085225550212	-0.214166372576913	2.03363424480275	-104.69767904615	21.2224751302211	0	0	0	0	0	1.5	1.5	1.5	1.5	1.5	1.5
63.4987195999074	-0.207766883430275	2.01460567838722	-104.737176876268	21.3035626313645	0	0	0	0	0	1.5	1.5	1.5	1.5	1.5	1.5
63.5889166447937	-0.201367394283636	1.99615432698148	-104.775148317777	21.3853761126626	0	0	0	0	0	1.5	1.5	1.5	1.5	1.5	1.5
63.6791136896799	-0.194967905136998	1.97828019058557	-104.811627652609	21.4678657995174	0	0	0	0	0	1.5	1.5	1.5	1.5	1.5	1.5
63.7693107345661	-0.188568415990359	1.96098326919945	-104.846650826577	21.5509842773402	0	0	0	0	0	1.5	1.5	1.5	1.5	1.5	1.5
63.8595077794524	-0.182168926843721	1.94426356282315	-104.88025532536	21.6346864579767	0	0	0	0	0	1.5	1.5	1.5	1.5	1.5	1.5
63.9497048243386	-0.183133873376379	1.92795789733252	-104.912477800059	21.7189303877964	0	0	0	0	0	1.5	1.5	1.5	1.5	1.5	1.5
64.0399018692248	-0.191723981682159	1.91105236194318	-104.943301847979	21.8036958950054	0	0	0	0	0	1.5	1.5	1.5	1.5	1.5	1.5
64.1300989141111	-0.200314089987939	1.89337202416941	-104.97265548286	21.8889816446638	0	0	0	0	0	1.5	1.5	1.5	1.5	1.5	1.5
64.2202959589973	-0.20890419829372	1.87491688401121	-105.000463457459	21.9747836990867	0	0	0	0	0	1.5	1.5	1.5	1.5	1.5	1.5
64.3104930038835	-0.2174943065995	1.85568694146857	-105.026649830766	22.0610943592201	0	0	0	0	0	1.5	1.5	1.5	1.5	1.5	1.5
64.4006900487698	-0.226084414905281	1.8356821965415	-105.051138057146	22.1479019761644	0	0	0	0	0	1.5	1.5	1.5	1.5	1.5	1.5
64.490887093656	-0.234674523211062	1.81490264922999	-105.073851091288	22.2351907626615	0	0	0	0	0	1.5	1.5	1.5	1.5	1.5	1.5
64.5810841385422	-0.243264631516842	1.79334829953405	-105.094711509659	22.322940605264	0	0	0	0	0	1.5	1.5	1.5	1.5	1.5	1.5
64.6712811834285	-0.251854739822622	1.77101914745368	-105.113641649194	22.4111268779939	0	0	0	0	0	1.5	1.5	1.5	1.5	1.5	1.5
64.7614782283147	-0.260444848128403	1.74791519298887	-105.130563763881	22.4997202583949	0	0	0	0	0	1.5	1.5	1.5	1.5	1.5	1.5
64.8516752732009	-0.269034956434184	1.72403643613962	-105.145400199901	22.5886865469776	0	0	0	0	0	1.5	1.5	1.5	1.5	1.5	1.5
64.9418723180872	-0.264267305980154	1.6996287632111	-105.158076581473	22.6779860963737	0	0	0	0	0	1.5	1.5	1.5	1.5	1.5	1.5
65.0320693629734	-0.24013124563716	1.67688113381071	-105.168630179408	22.7675616377694	0	0	0	0	0	1.5	1.5	1.5	1.5	1.5	1.5
65.1222664078596	-0.215995185294158	1.65631050572845	-105.177241359366	22.8573450858967	0	0	0	0	0	1.5	1.5	1.5	1.5	1.5	1.5
65.2124634527459	-0.191859124951164	1.63791687896433	-105.184101867518	22.947279567117	0	0	0	0	0	1.5	1.5	1.5	1.5	1.5	1.5
65.3026604976321	-0.16772306460817	1.62170025351835	-105.189405115254	23.0373195811594	0	0	0	0	0	1.5	1.5	1.5	1.5	1.5	1.5
65.3928575425183	-0.143587004265172	1.60766062939049	-105.193345682371	23.1274297645525	0	0	0	0	0	1.5	1.5	1.5	1.5	1.5	1.5
65.4830545874046	-0.119450943922174	1.59579800658077	-105.196118930058	23.2175836360543	0	0	0	0	0	1.5	1.5	1.5	1.5	1.5	1.5
65.5732516322908	-0.0953148835791796	1.58611238508919	-105.197920710288	23.307762329994	0	0	0	0	0	1.5	1.5	1.5	1.5	1.5	1.5
65.663448677177	-0.0711788232361854	1.57860376491574	-105.198947157967	23.3979533219777	0	0	0	0	0	1.5	1.5	1.5	1.5	1.5	1.5
65.7536457220633	-0.0470427628931873	1.57327214606042	-105.19939455205	23.4881491501486	0	0	0	0	0	1.5	1.5	1.5	1.5	1.5	1.5
65.8438427669495	-0.0229067025501893	1.57011752852324	-105.199459231749	23.5783461341471	0	0	0	0	0	1.5	1.5	1.5	1.5	1.5	1.5
65.9340398118357	-0.00896203408855522	1.5689941814634	-105.199336164648	23.6685430907125	0	0	0	0	0	1.5	1.5	1.5	1.5	1.5	1.5
66.024236856722	-0.0169683400243193	1.56782475990452	-105.199126305428	23.7587398862891	0	0	0	0	0	1.5	1.5	1.5	1.5	1.5	1.5
66.1144339016082	-0.0249746459600822	1.56593319320977	-105.198778400874	23.8489362467311	0	0	0	0	0	1.5	1.5	1.5	1.5	1.5	1.5
66.2046309464944	-0.0329809518958463	1.56331948137916	-105.198227317587	23.939131582398	0	0	0	0	0	1.5	1.5	1.5	1.5	1.5	1.5
66.2948279913806	-0.0409872578316092	1.55998362441269	-105.197407925604	24.0293248634826	0	0	0	0	0	1.5	1.5	1.5	1.5	1.5	1.5
66.3850250362669	-0.0489935637673733	1.55592562231036	-105.196255102031	24.1195144789266	0	0	0	0	0	1.5	1.5	1.5	1.5	1.5	1.5
66.4752220811531	-0.0569998697031362	1.55114547507216	-105.194703736781	24.2096980953708	0	0	0	0	0	1.5	1.5	1.5	1.5	1.5	1.5
66.5654191260393	-0.0650061756389003	1.54564318269811	-105.192688740905	24.2998725161707	0	0	0	0	0	1.5	1.5	1.5	1.5	1.5	1.5
66.6556161709256	-0.0730124815746644	1.53941874518819	-105.190145058056	24.3900335405179	0	0	0	0	0	1.5	1.5	1.5	1.5	1.5	1.5
66.7458132158118	-0.0810187875104273	1.53247216254242	-105.187007679566	24.4801758227259	0	0	0	0	0	1.5	1.5	1.5	1.5	1.5	1.5
66.836010260698	-0.0890250934461914	1.52480343476078	-105.183211663662	24.5702927317569	0	0	0	0	0	1.5	1.5	1.5	1.5	1.5	1.5
66.9262073055843	-0.0934197975387584	1.51644992593786	-105.178692416638	24.6603762249619	0	0	0	0	0	1.5	1.5	1.5	1.5	1.5	1.5
67.0164043504705	-0.0856823753044072	1.50837268257628	-105.173424029128	24.75041903013	0	0	0	0	0	1.5	1.5	1.5	1.5	1.5	1.5
67.1066013953567	-0.0779449530700559	1.50099333183528	-105.167459925651	24.8404184715303	0	0	0	0	0	1.5	1.5	1.5	1.5	1.5	1.5
67.196798440243	-0.0702075308357035	1.49431187371485	-105.160863239611	24.9303737958234	0	0	0	0	0	1.5	1.5	1.5	1.5	1.5	1.5
67.2869954851292	-0.0624701086013511	1.488328308215	-105.153697043851	25.0202855762866	0	0	0	0	0	1.5	1.5	1.5	1.5	1.5	1.5
67.3771925300154	-0.0547326863669999	1.48304263533573	-105.146024343374	25.1101555803317	0	0	0	0	0	1.5	1.5	1.5	1.5	1.5	1.5
67.4673895749017	-0.0469952641326487	1.47845485507703	-105.137908072229	25.1999866371768	0	0	0	0	0	1.5	1.5	1.5	1.5	1.5	1.5
67.5575866197879	-0.0392578418982962	1.4745649674389	-105.129411094112	25.2897825057079	0	0	0	0	0	1.5	1.5	1.5	1.5	1.5	1.5
67.6477836646741	-0.0315204196639438	1.47137297242135	-105.120596206211	25.3795477425449	0	0	0	0	0	1.5	1.5	1.5	1.5	1.5	1.5
67.7379807095604	-0.0237829974295926	1.46887887002438	-105.11152614584	25.4692875703154	0	0	0	0	0	1.5	1.5	1.5	1.5	1.5	1.5
67.8281777544466	-0.0160455751952401	1.46708266024798	-105.102263599391	25.5590077461214	0	0	0	0	0	1.5	1.5	1.5	1.5	1.5	1.5
67.9183747993328	-0.00957725835504263	1.46597594159986	-105.092871176291	25.6487144262967	0	0	0	0	0	1.5	1.5	1.5	1.5	1.5	1.5
68.0085718442191	-0.0104855579811408	1.46507113822705	-105.083394023373	25.7384121961892	0	0	0	0	0	1.5	1.5	1.5	1.5	1.5	1.5
68.0987688891053	-0.0113938576072388	1.46408440891209	-105.073832041637	25.8281009622155	0	0	0	0	0	1.5	1.5	1.5	1.5	1.5	1.5
68.1889659339915	-0.012302157233337	1.46301575365499	-105.064177892581	25.917779853477	0	0	0	0	0	1.5	1.5	1.5	1.5	1.5	1.5
68.2791629788778	-0.0132104568594352	1.46186517245575	-105.05442424023	26.007447976433	0	0	0	0	0	1.5	1.5	1.5	1.5	1.5	1.5
68.369360023764	-0.0141187564855332	1.46063266531436	-105.04456375138	26.0971044131004	0	0	0	0	0	1.5	1.5	1.5	1.5	1.5	1.5
68.4595570686502	-0.0150270561116314	1.45931823223082	-105.03458909585	26.1867482192549	0	0	0	0	0	1.5	1.5	1.5	1.5	1.5	1.5
68.5497541135365	-0.0159353557377294	1.45792187320514	-105.024492946752	26.2763784226331	0	0	0	0	0	1.5	1.5	1.5	1.5	1.5	1.5
68.6399511584227	-0.0168436553638276	1.45644358823731	-105.014267980765	26.3659940211365	0	0	0	0	0	1.5	1.5	1.5	1.5	1.5	1.5
68.7301482033089	-0.0177519549899256	1.45488337732734	-105.003906878424	26.4555939810366	0	0	0	0	0	1.5	1.5	1.5	1.5	1.5	1.5
68.8203452481952	-0.0186602546160238	1.45324124047522	-104.993402324425	26.5451772351817	0	0	0	0	0	1.5	1.5	1.5	1.5	1.5	1.5
68.9105422930814	-0.0195580519185259	1.45151720646734	-104.982747007992	26.6347426812125	0	0	0	0	0	1.5	1.5	1.5	1.5	1.5	1.5
69.0007393379676	-0.0202935505983614	1.44971995807683	-104.971933900587	26.7242892133873	0	0	0	0	0	1.5	1.5	1.5	1.5	1.5	1.5
69.0909363828539	-0.021029049278197	1.44785636987889	-104.960956903888	26.8138158021478	0	0	0	0	0	1.5	1.5	1.5	1.5	1.5	1.5
69.1811334277401	-0.0217645479580324	1.44592644187351	-104.949810116871	26.9033214082305	0	0	0	0	0	1.5	1.5	1.5	1.5	1.5	1.5
69.2713304726263	-0.0225000466378678	1.4439301740607	-104.9384876433	26.9928049586555	0	0	0	0	0	1.5	1.5	1.5	1.5	1.5	1.5
69.3615275175125	-0.0232355453177034	1.44186756644044	-104.926983592007	27.0822653455635	0	0	0	0	0	1.5	1.5	1.5	1.5	1.5	1.5
69.4517245623988	-0.0239710439975389	1.43973861901274	-104.915292077183	27.1717014250533	0	0	0	0	0	1.5	1.5	1.5	1.5	1.5	1.5
69.541921607285	-0.0247065426773743	1.43754333177761	-104.903407218682	27.2611120160215	0	0	0	0	0	1.5	1.5	1.5	1.5	1.5	1.5
69.6321186521712	-0.0254420413572098	1.43528170473503	-104.891323142335	27.3504958990053	0	0	0	0	0	1.5	1.5	1.5	1.5	1.5	1.5
69.7223156970575	-0.0261775400370454	1.43295373788502	-104.87903398028	27.4398518150266	0	0	0	0	0	1.5	1.5	1.5	1.5	1.5	1.5
69.8125127419437	-0.0269130387168809	1.43055943122757	-104.866533871303	27.5291784644386	0	0	0	0	0	1.5	1.5	1.5	1.5	1.5	1.5
69.9027097868299	-0.0276485373967163	1.42809878476268	-104.853816961191	27.6184745057757	0	0	0	0	0	1.5	1.5	1.5	1.5	1.5	1.5
69.9929068317162	-0.0250156796667523	1.42571973092011	-104.840881689216	27.7077391785581	0	0	0	0	0	1.5	1.5	1.5	1.5	1.5	1.5
70.0831038766024	-0.0222923022916428	1.42358621083402	-104.82774503833	27.7969744418963	0	0	0	0	0	1.5	1.5	1.5	1.5	1.5	1.5
70.1733009214886	-0.0195689249165336	1.42169833133927	-104.814428988247	27.8861831146775	0	0	0	0	0	1.5	1.5	1.5	1.5	1.5	1.5
70.2634979663749	-0.0168455475414241	1.42005609243587	-104.800955499913	27.9753681481149	0	0	0	0	0	1.5	1.5	1.5	1.5	1.5	1.5
70.3536950112611	-0.0141221701663149	1.41865949412382	-104.787346517361	28.0645326095167	0	0	0	0	0	1.5	1.5	1.5	1.5	1.5	1.5
70.4438920561473	-0.0113987927912054	1.41750853640311	-104.773623969791	28.1536796660897	0	0	0	0	0	1.5	1.5	1.5	1.5	1.5	1.5
70.5340891010336	-0.00867541541609624	1.41660321927374	-104.759809773775	28.2428125687592	0	0	0	0	0	1.5	1.5	1.5	1.5	1.5	1.5
70.6242861459198	-0.00595203804098668	1.41594354273572	-104.745925835558	28.3319346360046	0	0	0	0	0	1.5	1.5	1.5	1.5	1.5	1.5
70.714483190806	-0.00322866066587755	1.41552950678905	-104.731994053454	28.4210492377077	0	0	0	0	0	1.5	1.5	1.5	1.5	1.5	1.5
70.8046802356923	-0.000505283290767988	1.41536111143372	-104.71803632029	28.5101597790103	0	0	0	0	0	1.5	1.5	1.5	1.5	1.5	1.5
70.8948772805785	0.00221809408434157	1.41543835666973	-104.70407452591	28.5992696841789	0	0	0	0	0	1.5	1.5	1.5	1.5	1.5	1.5
70.9850743254647	0.00157799927964308	1.41562668517728	-104.690127014114	28.6883818258675	0	0	0	0	0	1.5	1.5	1.5	1.5	1.5	1.5
71.0752713703509	0.000509705496315663	1.41572083757797	-104.676192178536	28.7774959507721	0	0	0	0	0	1.5	1.5	1.5	1.5	1.5	1.5
71.1654684152372	-0.000558588287011926	1.41571863303634	-104.662261439894	28.8666107162546	0	0	0	0	0	1.5	1.5	1.5	1.5	1.5	1.5
71.2556654601234	-0.00162688207033952	1.41562007155238	-104.648326211406	28.9557247797154	0	0	0	0	0	1.5	1.5	1.5	1.5	1.5	1.5
71.3458625050096	-0.00269517585366694	1.4154251531261	-104.63437790649	29.0448367972569	0	0	0	0	0	1.5	1.5	1.5	1.5	1.5	1.5
71.4360595498959	-0.00376346963699436	1.41513387775748	-104.620407939159	29.1339454212018	0	0	0	0	0	1.5	1.5	1.5	1.5	1.5	1.5
71.5262565947821	-0.00483176342032212	1.41474624544654	-104.606407724407	29.2230492976109	0	0	0	0	0	1.5	1.5	1.5	1.5	1.5	1.5
71.6164536396684	-0.00590005720364954	1.41426225619328	-104.592368678605	29.3121470638021	0	0	0	0	0	1.5	1.5	1.5	1.5	1.5	1.5
71.7066506845546	-0.00696835098697696	1.41368190999769	-104.578282219897	29.4012373458695	0	0	0	0	0	1.5	1.5	1.5	1.5	1.5	1.5
71.7968477294408	-0.00803664477030455	1.41300520685977	-104.564139768608	29.4903187562039	0	0	0	0	0	1.5	1.5	1.5	1.5	1.5	1.5
71.8870447743271	-0.00910493855363214	1.41223214677952	-104.549932747646	29.5793898910139	0	0	0	0	0	1.5	1.5	1.5	1.5	1.5	1.5
71.9772418192133	-0.00892651045439116	1.41140773793962	-104.535653652456	29.6684494996138	0	0	0	0	0	1.5	1.5	1.5	1.5	1.5	1.5
72.0674388640995	-0.00843736898572147	1.41062465263299	-104.521302872529	29.7574975855334	0	0	0	0	0	1.5	1.5	1.5	1.5	1.5	1.5
72.1576359089857	-0.0079482275170517	1.40988568644137	-104.506884328838	29.8465347246035	0	0	0	0	0	1.5	1.5	1.5	1.5	1.5	1.5
72.247832953872	-0.00745908604838193	1.40919083936475	-104.492401957504	29.9355615042791	0	0	0	0	0	1.5	1.5	1.5	1.5	1.5	1.5
72.3380299987582	-0.00696994457971224	1.40854011140313	-104.477859693309	30.0245785204682	0	0	0	0	0	1.5	1.5	1.5	1.5	1.5	1.5
72.4282270436444	-0.00648080311104248	1.40793350255652	-104.463261469773	30.1135863770108	0	0	0	0	0	1.5	1.5	1.5	1.5	1.5	1.5
72.5184240885307	-0.00599166164237279	1.40737101282492	-104.448611219223	30.202585685157	0	0	0	0	0	1.5	1.5	1.5	1.5	1.5	1.5
72.6086211334169	-0.00550252017370302	1.40685264220832	-104.433912872875	30.2915770630462	0	0	0	0	0	1.5	1.5	1.5	1.5	1.5	1.5
72.6988181783031	-0.00501337870503333	1.40637839070673	-104.419170360906	30.3805611351859	0	0	0	0	0	1.5	1.5	1.5	1.5	1.5	1.5
72.7890152231894	-0.00452423723636357	1.40594825832015	-104.404387612541	30.4695385319309	0	0	0	0	0	1.5	1.5	1.5	1.5	1.5	1.5
72.8792122680756	-0.00403509576769388	1.40556224504856	-104.389568556127	30.5585098889633	0	0	0	0	0	1.5	1.5	1.5	1.5	1.5	1.5
72.9694093129618	4.45862660836899e-05	1.40533592606918	-104.374719565489	30.6474762553238	0	0	0	0	0	1.5	1.5	1.5	1.5	1.5	1.5
73.0596063578481	0.00556430033157175	1.40558887856728	-104.359871090454	30.7364427077044	0	0	0	0	0	1.5	1.5	1.5	1.5	1.5	1.5
73.1498034027343	0.0110840143970589	1.40633969296271	-104.345067268386	30.825416599231	0	0	0	0	0	1.5	1.5	1.5	1.5	1.5	1.5
73.2400004476205	0.0166037284625461	1.40758836925547	-104.330352405545	30.9144052426521	0	0	0	0	0	1.5	1.5	1.5	1.5	1.5	1.5
73.3301974925068	0.0221234425280351	1.40933490744554	-104.315770830099	31.0034158178264	0	0	0	0	0	1.5	1.5	1.5	1.5	1.5	1.5
73.420394537393	0.0276431565935223	1.41157930753295	-104.301366902613	31.0924553054783	0	0	0	0	0	1.5	1.5	1.5	1.5	1.5	1.5
73.5105915822792	0.0331628706590094	1.41432156951767	-104.287185026056	31.1815304208723	0	0	0	0	0	1.5	1.5	1.5	1.5	1.5	1.5
73.6007886271655	0.0386825847244975	1.41756169339972	-104.273269655127	31.2706475473848	0	0	0	0	0	1.5	1.5	1.5	1.5	1.5	1.5
73.6909856720517	0.0442022987899856	1.42129967917909	-104.259665304777	31.3598126699505	0	0	0	0	0	1.5	1.5	1.5	1.5	1.5	1.5
73.7811827169379	0.0497220128554728	1.42553552685579	-104.246416557719	31.4490313083653	0	0	0	0	0	1.5	1.5	1.5	1.5	1.5	1.5
73.8713797618241	0.0552417269209599	1.43026923642981	-104.23356807079	31.5383084504306	0	0	0	0	0	1.5	1.5	1.5	1.5	1.5	1.5
73.9615768067104	0.0576673435674214	1.43541322760954	-104.221162942606	31.6276482605745	0	0	0	0	0	1.5	1.5	1.5	1.5	1.5	1.5
74.0517738515966	0.0582573190082279	1.44064125860642	-104.209222332672	31.717051337761	0	0	0	0	0	1.5	1.5	1.5	1.5	1.5	1.5
74.1419708964828	0.0588472944490343	1.44592250364462	-104.197751666499	31.8065159218958	0	0	0	0	0	1.5	1.5	1.5	1.5	1.5	1.5
74.2321679413691	0.0594372698898407	1.45125696272413	-104.186756024715	31.8960401279836	0	0	0	0	0	1.5	1.5	1.5	1.5	1.5	1.5
74.3223649862553	0.0600272453306471	1.45664463584496	-104.176240484082	31.9856219935159	0	0	0	0	0	1.5	1.5	1.5	1.5	1.5	1.5
74.4125620311415	0.0606172207714535	1.4620855230071	-104.166210116762	32.0752594776833	0	0	0	0	0	1.5	1.5	1.5	1.5	1.5	1.5
74.5027590760278	0.0612071962122599	1.46757962421056	-104.156669989577	32.1649504605924	0	0	0	0	0	1.5	1.5	1.5	1.5	1.5	1.5
74.592956120914	0.0617971716530664	1.47312693945533	-104.147625163228	32.2546927424882	0	0	0	0	0	1.5	1.5	1.5	1.5	1.5	1.5
74.6831531658002	0.0623871470938727	1.47872746874143	-104.139080691507	32.3444840429822	0	0	0	0	0	1.5	1.5	1.5	1.5	1.5	1.5
74.7733502106865	0.0629771225346792	1.48438121206883	-104.131041620487	32.4343220002859	0	0	0	0	0	1.5	1.5	1.5	1.5	1.5	1.5
74.8635472555727	0.0635670979754857	1.49008816943756	-104.123512987679	32.5242041704508	0	0	0	0	0	1.5	1.5	1.5	1.5	1.5	1.5
74.9537443004589	0.063189453504639	1.49582477311522	-104.116499439596	32.6141279976604	0	0	0	0	0	1.5	1.5	1.5	1.5	1.5	1.5
75.0439413453452	0.0619877750884934	1.5014700811683	-104.10999828765	32.704090324905	0	0	0	0	0	1.5	1.5	1.5	1.5	1.5	1.5
75.1341383902314	0.0607860966723479	1.50700700137933	-104.104000224035	32.794087599055	0	0	0	0	0	1.5	1.5	1.5	1.5	1.5	1.5
75.2243354351176	0.0595844182562023	1.51243553374833	-104.098495678247	32.8841164105712	0	0	0	0	0	1.5	1.5	1.5	1.5	1.5	1.5
75.3145324800039	0.0583827398400569	1.51775567827528	-104.093475054684	32.9741735094376	0	0	0	0	0	1.5	1.5	1.5	1.5	1.5	1.5
75.4047295248901	0.0571810614239112	1.5229674349602	-104.088928734559	33.0642558021728	0	0	0	0	0	1.5	1.5	1.5	1.5	1.5	1.5
75.4949265697763	0.0559793830077656	1.52807080380307	-104.08484707773	33.1543603488206	0	0	0	0	0	1.5	1.5	1.5	1.5	1.5	1.5
75.5851236146626	0.0547777045916201	1.53306578480391	-104.081220424449	33.2444843599225	0	0	0	0	0	1.5	1.5	1.5	1.5	1.5	1.5
75.6753206595488	0.0535760261754747	1.5379523779627	-104.07803909703	33.3346251934726	0	0	0	0	0	1.5	1.5	1.5	1.5	1.5	1.5
75.765517704435	0.052374347759329	1.54273058327946	-104.075293401435	33.424780351856	0	0	0	0	0	1.5	1.5	1.5	1.5	1.5	1.5
75.8557147493213	0.0511726693431834	1.54740040075417	-104.072973628791	33.5149474787737	0	0	0	0	0	1.5	1.5	1.5	1.5	1.5	1.5
75.9459117942075	0.0516539872016887	1.55199625144814	-104.071070526051	33.6051243652268	0	0	0	0	0	1.5	1.5	1.5	1.5	1.5	1.5
76.0361088390937	0.054163423389009	1.55676846031453	-104.069588401198	33.6953091464913	0	0	0	0	0	1.5	1.5	1.5	1.5	1.5	1.5
76.12630588398	0.0566728595763296	1.56176701290936	-104.068546879368	33.785500083945	0	0	0	0	0	1.5	1.5	1.5	1.5	1.5	1.5
76.2165029288662	0.0591822957636502	1.56699190923261	-104.067966400415	33.8756951583219	0	0	0	0	0	1.5	1.5	1.5	1.5	1.5	1.5
76.3066999737524	0.0616917319509704	1.57244314928429	-104.067867394912	33.9658920371888	0	0	0	0	0	1.5	1.5	1.5	1.5	1.5	1.5
76.3968970186387	0.064201168138291	1.57812073306439	-104.068270280897	34.0560880611286	0	0	0	0	0	1.5	1.5	1.5	1.5	1.5	1.5
76.4870940635249	0.0667106043256117	1.58402466057292	-104.069195460242	34.1462802299553	0	0	0	0	0	1.5	1.5	1.5	1.5	1.5	1.5
76.5772911084111	0.0692200405129319	1.59015493180988	-104.070663314639	34.2364651889633	0	0	0	0	0	1.5	1.5	1.5	1.5	1.5	1.5
76.6674881532974	0.0717294767002525	1.59651154677527	-104.072694201191	34.3266392152209	0	0	0	0	0	1.5	1.5	1.5	1.5	1.5	1.5
76.7576851981836	0.0742389128875727	1.60309450546908	-104.075308447576	34.4167982039127	0	0	0	0	0	1.5	1.5	1.5	1.5	1.5	1.5
76.8478822430698	0.0767483490748934	1.60990380789132	-104.078526346794	34.5069376547411	0	0	0	0	0	1.5	1.5	1.5	1.5	1.5	1.5
76.938079287956	0.0794633635488412	1.61694285055965	-104.082368188828	34.5970526566932	0	0	0	0	0	1.5	1.5	1.5	1.5	1.5	1.5
77.0282763328423	0.0825339548433617	1.62424869025888	-104.086856005987	34.687137784302	0	0	0	0	0	1.5	1.5	1.5	1.5	1.5	1.5
77.1184733777285	0.0856045461378817	1.63183148821894	-104.092014314126	34.7771869918539	0	0	0	0	0	1.5	1.5	1.5	1.5	1.5	1.5
77.2086704226147	0.0886751374324021	1.63969124443981	-104.097867755432	34.8671936707665	0	0	0	0	0	1.5	1.5	1.5	1.5	1.5	1.5
77.298867467501	0.0917457287269226	1.64782795892151	-104.104440895224	34.9571506374432	0	0	0	0	0	1.5	1.5	1.5	1.5	1.5	1.5
77.3890645123872	0.0948163200214426	1.65624163166402	-104.11175821138	35.0470501135101	0	0	0	0	0	1.5	1.5	1.5	1.5	1.5	1.5
77.4792615572734	0.0978869113159626	1.66493226266735	-104.119844082949	35.1368837062368	0	0	0	0	0	1.5	1.5	1.5	1.5	1.5	1.5
77.5694586021597	0.100957502610483	1.6738998519315	-104.128722777931	35.2266423891652	0	0	0	0	0	1.5	1.5	1.5	1.5	1.5	1.5
77.6596556470459	0.104028093905004	1.68314439945647	-104.138418440174	35.3163164829698	0	0	0	0	0	1.5	1.5	1.5	1.5	1.5	1.5
77.7498526919321	0.107098685199524	1.69266590524226	-104.148955075396	35.4058956365749	0	0	0	0	0	1.5	1.5	1.5	1.5	1.5	1.5
77.8400497368184	0.110169276494044	1.70246436928886	-104.160356536279	35.4953688085568	0	0	0	0	0	1.5	1.5	1.5	1.5	1.5	1.5
77.9302467817046	0.110970451029489	1.71251097624251	-104.17264626514	35.5847242831427	0	0	0	0	0	1.5	1.5	1.5	1.5	1.5	1.5
78.0204438265908	0.105980451556879	1.72229514139185	-104.185825734222	35.6739528861684	0	0	0	0	0	1.5	1.5	1.5	1.5	1.5	1.5
78.1106408714771	0.10099045208427	1.73162922333479	-104.19985754044	35.7630514622015	0	0	0	0	0	1.5	1.5	1.5	1.5	1.5	1.5
78.2008379163633	0.0960004526116607	1.74051322207131	-104.214700360891	35.8520185576747	0	0	0	0	0	1.5	1.5	1.5	1.5	1.5	1.5
78.2910349612495	0.0910104531390509	1.74894713760141	-104.230312982615	35.940853825013	0	0	0	0	0	1.5	1.5	1.5	1.5	1.5	1.5
78.3812320061358	0.0860204536664418	1.7569309699251	-104.24665431266	36.029557965966	0	0	0	0	0	1.5	1.5	1.5	1.5	1.5	1.5
78.471429051022	0.0810304541938328	1.76446471904238	-104.263683385759	36.1181326750777	0	0	0	0	0	1.5	1.5	1.5	1.5	1.5	1.5
78.5616260959082	0.076040454721223	1.77154838495325	-104.281359369761	36.2065805833328	0	0	0	0	0	1.5	1.5	1.5	1.5	1.5	1.5
78.6518231407945	0.0710504552486132	1.7781819676577	-104.299641568939	36.2949052020073	0	0	0	0	0	1.5	1.5	1.5	1.5	1.5	1.5
78.7420201856807	0.0660604557760042	1.78436546715574	-104.318489425303	36.3831108667472	0	0	0	0	0	1.5	1.5	1.5	1.5	1.5	1.5
78.8322172305669	0.0610704563033944	1.79009888344737	-104.337862518047	36.4712026818923	0	0	0	0	0	1.5	1.5	1.5	1.5	1.5	1.5
78.9224142754531	0.0574116743861047	1.79539381022215	-104.357720626882	36.5591864500799	0	0	0	0	0	1.5	1.5	1.5	1.5	1.5	1.5
79.0126113203394	0.0593151580647869	1.80065801789515	-104.378038863709	36.6470651014726	0	0	0	0	0	1.5	1.5	1.5	1.5	1.5	1.5
79.1028083652256	0.0612186417434691	1.80609391417095	-104.39882696127	36.7348337853678	0	0	0	0	0	1.5	1.5	1.5	1.5	1.5	1.5
79.1930054101119	0.063122125422151	1.81170149904957	-104.420099373682	36.8224863384263	0	0	0	0	0	1.5	1.5	1.5	1.5	1.5	1.5
79.2832024549981	0.0650256091008328	1.81748077253098	-104.441870480454	36.9100163514047	0	0	0	0	0	1.5	1.5	1.5	1.5	1.5	1.5
79.3733994998843	0.066929092779515	1.82343173461521	-104.46415458179	36.9974171621808	0	0	0	0	0	1.5	1.5	1.5	1.5	1.5	1.5
79.4635965447706	0.0688325764581972	1.82955438530224	-104.486965893676	37.0846818488612	0	0	0	0	0	1.5	1.5	1.5	1.5	1.5	1.5
79.5537935896568	0.0707360601368791	1.83584872459208	-104.510318542742	37.171803222976	0	0	0	0	0	1.5	1.5	1.5	1.5	1.5	1.5
79.643990634543	0.072639543815561	1.84231475248472	-104.534226560913	37.2587738227665	0	0	0	0	0	1.5	1.5	1.5	1.5	1.5	1.5
79.7341876794293	0.0745430274942435	1.84895246898018	-104.558703879818	37.3455859065726	0	0	0	0	0	1.5	1.5	1.5	1.5	1.5	1.5
79.8243847243155	0.0764465111729253	1.85576187407843	-104.583764324976	37.4322314463238	0	0	0	0	0	1.5	1.5	1.5	1.5	1.5	1.5
79.9145817692017	0.0779673748204258	1.86274112949566	-104.609421604096	37.5187021228382	0	0	0	0	0	1.5	1.5	1.5	1.5	1.5	1.5
80.0047788140879	0.0762792817503465	1.8696974257988	-104.635683019954	37.6049912422952	0	0	0	0	0	1.5	1.5	1.5	1.5	1.5	1.5
80.0949758589742	0.0745911886802671	1.87650146109552	-104.662537495359	37.6910976454872	0	0	0	0	0	1.5	1.5	1.5	1.5	1.5	1.5
80.1851729038604	0.072903095610188	1.88315323538582	-104.689970676642	37.7770214342403	0	0	0	0	0	1.5	1.5	1.5	1.5	1.5	1.5
80.2753699487466	0.071215002540109	1.88965274866971	-104.717968267325	37.8627629829926	0	0	0	0	0	1.5	1.5	1.5	1.5	1.5	1.5
80.3655669936329	0.0695269094700296	1.89600000094719	-104.746516029749	37.9483229318776	0	0	0	0	0	1.5	1.5	1.5	1.5	1.5	1.5
80.4557640385191	0.0678388163999503	1.90219499221825	-104.775599786482	38.0337021798341	0	0	0	0	0	1.5	1.5	1.5	1.5	1.5	1.5
80.5459610834053	0.0661507233298712	1.9082377224829	-104.805205421532	38.1189018777436	0	0	0	0	0	1.5	1.5	1.5	1.5	1.5	1.5
80.6361581282916	0.0644626302597918	1.91412819174113	-104.835318881359	38.2039234215996	0	0	0	0	0	1.5	1.5	1.5	1.5	1.5	1.5
80.7263551731778	0.0627745371897128	1.91986639999295	-104.865926175702	38.2887684457071	0	0	0	0	0	1.5	1.5	1.5	1.5	1.5	1.5
80.816552218064	0.0610864441196334	1.92545234723836	-104.897013378215	38.3734388159183	0	0	0	0	0	1.5	1.5	1.5	1.5	1.5	1.5
80.9067492629503	0.0593999835473456	1.93088603493596	-104.928566626924	38.4579366229027	0	0	0	0	0	1.5	1.5	1.5	1.5	1.5	1.5
80.9969463078365	0.0577942906290376	1.93617132354011	-104.960572235245	38.5422641332636	0	0	0	0	0	1.5	1.5	1.5	1.5	1.5	1.5
81.0871433527227	0.0561885977107298	1.94131178338803	-104.993016997462	38.6264236627067	0	0	0	0	0	1.5	1.5	1.5	1.5	1.5	1.5
81.177340397609	0.0545829047924218	1.94630741447973	-105.025887867513	38.7104176856411	0	0	0	0	0	1.5	1.5	1.5	1.5	1.5	1.5
81.2675374424952	0.0529772118741138	1.9511582168152	-105.059171860287	38.7942488658694	0	0	0	0	0	1.5	1.5	1.5	1.5	1.5	1.5
81.3577344873814	0.051371518955806	1.95586419039444	-105.092856051394	38.8779200506415	0	0	0	0	0	1.5	1.5	1.5	1.5	1.5	1.5
81.4479315322677	0.049765826037498	1.96042533521746	-105.126927576812	38.9614342647458	0	0	0	0	0	1.5	1.5	1.5	1.5	1.5	1.5
81.5381285771539	0.0481601331191902	1.96484165128425	-105.161373632383	39.0447947046361	0	0	0	0	0	1.5	1.5	1.5	1.5	1.5	1.5
81.6283256220401	0.0465544402008822	1.96911313859481	-105.196181473208	39.1280047325977	0	0	0	0	0	1.5	1.5	1.5	1.5	1.5	1.5
81.7185226669263	0.0449487472825744	1.97323979714915	-105.231338412894	39.2110678709486	0	0	0	0	0	1.5	1.5	1.5	1.5	1.5	1.5
81.8087197118126	0.0433430543642664	1.97722162694727	-105.266831822704	39.2939877962802	0	0	0	0	0	1.5	1.5	1.5	1.5	1.5	1.5
81.8989167566988	0.0417373614459583	1.98105862798915	-105.302649130581	39.3767683337338	0	0	0	0	0	1.5	1.5	1.5	1.5	1.5	1.5
81.989113801585	0.0327317103767448	1.98443958247668	-105.338769827909	39.4594169536031	0	0	0	0	0	1.5	1.5	1.5	1.5	1.5	1.5
82.0793108464713	0.0231908441768345	1.98696160705829	-105.375134375956	39.5419585929798	0	0	0	0	0	1.5	1.5	1.5	1.5	1.5	1.5
82.1695078913575	0.0136499779769228	1.98862307370301	-105.411671505914	39.6244239988223	0	0	0	0	0	1.5	1.5	1.5	1.5	1.5	1.5
82.2597049362438	0.00410911177701102	1.98942398241085	-105.448310141781	39.7068443653877	0	0	0	0	0	1.5	1.5	1.5	1.5	1.5	1.5
82.34990198113	-0.00543175442289923	1.9893643331818	-105.484979323544	39.7892511491147	0	0	0	0	0	1.5	1.5	1.5	1.5	1.5	1.5
82.4400990260162	-0.0149726206228095	1.98844412601586	-105.521608126214	39.8716758853212	0	0	0	0	0	1.5	1.5	1.5	1.5	1.5	1.5
82.5302960709024	-0.0245134868227212	1.98666336091304	-105.558125578516	39.9541500050516	0	0	0	0	0	1.5	1.5	1.5	1.5	1.5	1.5
82.6204931157887	-0.034054353022633	1.98402203787333	-105.594460582031	40.0367046517263	0	0	0	0	0	1.5	1.5	1.5	1.5	1.5	1.5
82.7106901606749	-0.0435952192225432	1.98052015689673	-105.630541831573	40.1193704972455	0	0	0	0	0	1.5	1.5	1.5	1.5	1.5	1.5
82.8008872055611	-0.053136085422455	1.97615771798325	-105.666297737603	40.2021775572084	0	0	0	0	0	1.5	1.5	1.5	1.5	1.5	1.5
82.8910842504474	-0.0626769516223667	1.97093472113287	-105.701656351464	40.2851550049225	0	0	0	0	0	1.5	1.5	1.5	1.5	1.5	1.5
82.9812812953336	-0.0598093561166486	1.96532448745521	-105.736556401445	40.3683263460878	0	0	0	0	0	1.5	1.5	1.5	1.5	1.5	1.5
83.0714783402198	-0.0546798096988288	1.96016119524118	-105.771007341872	40.4516847381874	0	0	0	0	0	1.5	1.5	1.5	1.5	1.5	1.5
83.1616753851061	-0.0495502632810098	1.95546057295566	-105.805046751417	40.5352120422354	0	0	0	0	0	1.5	1.5	1.5	1.5	1.5	1.5
83.2518724299923	-0.04442071686319	1.95122262059862	-105.838712520526	40.6188906578898	0	0	0	0	0	1.5	1.5	1.5	1.5	1.5	1.5
83.3420694748785	-0.039291170445371	1.94744733817008	-105.872042757265	40.7027035003418	0	0	0	0	0	1.5	1.5	1.5	1.5	1.5	1.5
83.4322665197648	-0.0341616240275512	1.94413472567003	-105.905075761524	40.7866339482968	0	0	0	0	0	1.5	1.5	1.5	1.5	1.5	1.5
83.522463564651	-0.0290320776097322	1.94128478309848	-105.93785000027	40.8706657914989	0	0	0	0	0	1.5	1.5	1.5	1.5	1.5	1.5
83.6126606095372	-0.0239025311919124	1.93889751045542	-105.970404083762	40.9547831778589	0	0	0	0	0	1.5	1.5	1.5	1.5	1.5	1.5
83.7028576544235	-0.0187729847740926	1.93697290774086	-106.002776742586	41.0389705602462	0	0	0	0	0	1.5	1.5	1.5	1.5	1.5	1.5
83.7930546993097	-0.0136434383562736	1.93551097495479	-106.035006805394	41.1232126429971	0	0	0	0	0	1.5	1.5	1.5	1.5	1.5	1.5
83.8832517441959	-0.00851389193845462	1.93451171209721	-106.067133177225	41.2074943281951	0	0	0	0	0	1.5	1.5	1.5	1.5	1.5	1.5
83.9734487890822	-0.0136361032875621	1.93362407912525	-106.099187327362	41.2918035083031	0	0	0	0	0	1.5	1.5	1.5	1.5	1.5	1.5
84.0636458339684	-0.0220086881501819	1.93201655169861	-106.13113751708	41.3761521332166	0	0	0	0	0	1.5	1.5	1.5	1.5	1.5	1.5
84.1538428788546	-0.0303812730128005	1.92965384185931	-106.162920197958	41.4605640062638	0	0	0	0	0	1.5	1.5	1.5	1.5	1.5	1.5
84.2440399237408	-0.038753857875419	1.92653594960734	-106.194471440409	41.5450626418089	0	0	0	0	0	1.5	1.5	1.5	1.5	1.5	1.5
84.3342369686271	-0.0471264427380402	1.9226628749427	-106.22572712025	41.6296710291446	0	0	0	0	0	1.5	1.5	1.5	1.5	1.5	1.5
84.4244340135133	-0.0554990276006587	1.91803461786539	-106.25662286856	41.7144114865055	0	0	0	0	0	1.5	1.5	1.5	1.5	1.5	1.5
84.5146310583995	-0.0638716124632773	1.91265117837542	-106.287094024071	41.799305514172	0	0	0	0	0	1.5	1.5	1.5	1.5	1.5	1.5
84.6048281032858	-0.0722441973258972	1.90651255647278	-106.317075588658	41.8843736464976	0	0	0	0	0	1.5	1.5	1.5	1.5	1.5	1.5
84.695025148172	-0.080616782188517	1.89961875215747	-106.346502186502	41.9696353027066	0	0	0	0	0	1.5	1.5	1.5	1.5	1.5	1.5
84.7852221930582	-0.0889893670511356	1.8919697654295	-106.375308027467	42.0551086363305	0	0	0	0	0	1.5	1.5	1.5	1.5	1.5	1.5
84.8754192379445	-0.0973619519137541	1.88356559628886	-106.403426875305	42.1408103831728	0	0	0	0	0	1.5	1.5	1.5	1.5	1.5	1.5
84.9656162828307	-0.100929460952179	1.87455201630943	-106.430794833146	42.226754821723	0	0	0	0	0	1.5	1.5	1.5	1.5	1.5	1.5
85.0558133277169	-0.102158892673814	1.86539303163549	-106.457379591135	42.3129447322517	0	0	0	0	0	1.5	1.5	1.5	1.5	1.5	1.5
85.1460103726032	-0.103388324395449	1.85612315585338	-106.483169038659	42.3993759363694	0	0	0	0	0	1.5	1.5	1.5	1.5	1.5	1.5
85.2362074174894	-0.104617756117085	1.84674238896308	-106.508151375622	42.4860438663467	0	0	0	0	0	1.5	1.5	1.5	1.5	1.5	1.5
85.3264044623756	-0.10584718783872	1.8372507309646	-106.532314793383	42.5729436653681	0	0	0	0	0	1.5	1.5	1.5	1.5	1.5	1.5
85.4166015072619	-0.107076619560355	1.82764818185794	-106.555647479104	42.6600701835439	0	0	0	0	0	1.5	1.5	1.5	1.5	1.5	1.5
85.5067985521481	-0.10830605128199	1.81793474164309	-106.578137620261	42.7474179739623	0	0	0	0	0	1.5	1.5	1.5	1.5	1.5	1.5
85.5969955970343	-0.109535483003625	1.80811041032007	-106.599773409328	42.8349812887856	0	0	0	0	0	1.5	1.5	1.5	1.5	1.5	1.5
85.6871926419206	-0.11076491472526	1.79817518788887	-106.620543048633	42.922754075394	0	0	0	0	0	1.5	1.5	1.5	1.5	1.5	1.5
85.7773896868068	-0.111994346446895	1.78812907434948	-106.640434755385	43.010729972583	0	0	0	0	0	1.5	1.5	1.5	1.5	1.5	1.5
85.867586731693	-0.11322377816853	1.77797206970192	-106.659436766871	43.0989023068173	0	0	0	0	0	1.5	1.5	1.5	1.5	1.5	1.5
85.9577837765793	-0.11544424165566	1.76767794697685	-106.677536892198	43.1872641797546	0	0	0	0	0	1.5	1.5	1.5	1.5	1.5	1.5
86.0479808214655	-0.118362516677871	1.7571336076388	-106.694715802255	43.2758097419098	0	0	0	0	0	1.5	1.5	1.5	1.5	1.5	1.5
86.1381778663517	-0.121280791700083	1.74632604851757	-106.710948439561	43.3645336349938	0	0	0	0	0	1.5	1.5	1.5	1.5	1.5	1.5
86.228374911238	-0.124199066722295	1.73525526961317	-106.726209555667	43.4534297662305	0	0	0	0	0	1.5	1.5	1.5	1.5	1.5	1.5
86.3185719561242	-0.127117341744506	1.72392127092561	-106.740473882497	43.5424912550774	0	0	0	0	0	1.5	1.5	1.5	1.5	1.5	1.5
86.4087690010104	-0.130035616766718	1.71232405245488	-106.753716146614	43.6317104131348	0	0	0	0	0	1.5	1.5	1.5	1.5	1.5	1.5
86.4989660458967	-0.13295389178893	1.70046361420098	-106.765911084566	43.7210787242174	0	0	0	0	0	1.5	1.5	1.5	1.5	1.5	1.5
86.5891630907829	-0.135872166811142	1.68833995616391	-106.777033459328	43.8105868246166	0	0	0	0	0	1.5	1.5	1.5	1.5	1.5	1.5
86.6793601356691	-0.138790441833353	1.67595307834367	-106.787058077869	43.9002244835921	0	0	0	0	0	1.5	1.5	1.5	1.5	1.5	1.5
86.7695571805554	-0.141708716855565	1.66330298074026	-106.79595980986	43.9899805841269	0	0	0	0	0	1.5	1.5	1.5	1.5	1.5	1.5
86.8597542254416	-0.144626991877777	1.65038966335368	-106.803713607555	44.0798431039845	0	0	0	0	0	1.5	1.5	1.5	1.5	1.5	1.5
86.9499512703278	-0.14434773969962	1.63728607085366	-106.810295633664	44.1697990215998	0	0	0	0	0	1.5	1.5	1.5	1.5	1.5	1.5
87.0401483152141	-0.14094484798189	1.62441979668525	-106.815706966238	44.259832971616	0	0	0	0	0	1.5	1.5	1.5	1.5	1.5	1.5
87.1303453601003	-0.137541956264162	1.61186045329385	-106.819973309368	44.3499284669681	0	0	0	0	0	1.5	1.5	1.5	1.5	1.5	1.5
87.2205424049865	-0.134139064546432	1.59960804067945	-106.823121640141	44.4400699842768	0	0	0	0	0	1.5	1.5	1.5	1.5	1.5	1.5
87.3107394498727	-0.130736172828704	1.58766255884206	-106.825179150267	44.5302430224681	0	0	0	0	0	1.5	1.5	1.5	1.5	1.5	1.5
87.400936494759	-0.127333281110974	1.57602400778168	-106.826173220337	44.6204340802107	0	0	0	0	0	1.5	1.5	1.5	1.5	1.5	1.5
87.4911335396452	-0.123930389393246	1.56469238749831	-106.826131395582	44.7106306328193	0	0	0	0	0	1.5	1.5	1.5	1.5	1.5	1.5
87.5813305845314	-0.120527497675516	1.55366769799194	-106.8250813631	44.8008211086778	0	0	0	0	0	1.5	1.5	1.5	1.5	1.5	1.5
87.6715276294177	-0.117124605957787	1.54294993926258	-106.823050930538	44.8909948652352	0	0	0	0	0	1.5	1.5	1.5	1.5	1.5	1.5
87.7617246743039	-0.113721714240058	1.53253911131023	-106.820068006174	44.9811421646226	0	0	0	0	0	1.5	1.5	1.5	1.5	1.5	1.5
87.8519217191901	-0.11031882252233	1.52243521413488	-106.816160580387	45.0712541489373	0	0	0	0	0	1.5	1.5	1.5	1.5	1.5	1.5
87.9421187640764	-0.111027378468858	1.51256114926778	-106.811355746193	45.1613227601582	0	0	0	0	0	1.5	1.5	1.5	1.5	1.5	1.5
88.0323158089626	-0.117512432921589	1.50225434145465	-106.805646524657	45.2513385347329	0	0	0	0	0	1.5	1.5	1.5	1.5	1.5	1.5
88.1225128538488	-0.123997487374321	1.49136260089395	-106.79898354325	45.3412886940166	0	0	0	0	0	1.5	1.5	1.5	1.5	1.5	1.5
88.2127098987351	-0.130482541827053	1.47988592758568	-106.791314982523	45.4311586599808	0	0	0	0	0	1.5	1.5	1.5	1.5	1.5	1.5
88.3029069436213	-0.136967596279785	1.46782432152986	-106.782589290128	45.5209321001733	0	0	0	0	0	1.5	1.5	1.5	1.5	1.5	1.5
88.3931039885075	-0.143452650732517	1.45517778272647	-106.772755230147	45.6105908406167	0	0	0	0	0	1.5	1.5	1.5	1.5	1.5	1.5
88.4833010333938	-0.149937705185248	1.44194631117552	-106.761761937751	45.700114780062	0	0	0	0	0	1.5	1.5	1.5	1.5	1.5	1.5
88.57349807828	-0.15642275963798	1.42812990687701	-106.74955897941	45.7894818058225	0	0	0	0	0	1.5	1.5	1.5	1.5	1.5	1.5
88.6636951231662	-0.162907814090713	1.41372856983093	-106.736096418893	45.8786677114354	0	0	0	0	0	1.5	1.5	1.5	1.5	1.5	1.5
88.7538921680525	-0.169392868543444	1.39874230003729	-106.72132488926	45.967646116423	0	0	0	0	0	1.5	1.5	1.5	1.5	1.5	1.5
88.8440892129387	-0.175877922996175	1.38317109749609	-106.705195671055	46.0563883884486	0	0	0	0	0	1.5	1.5	1.5	1.5	1.5	1.5
88.9342862578249	-0.178233396780984	1.36707644778687	-106.687661374748	46.1448636908754	0	0	0	0	0	1.5	1.5	1.5	1.5	1.5	1.5
89.0244833027112	-0.172210074569388	1.35127196502913	-106.668712041204	46.2330467976522	0	0	0	0	0	1.5	1.5	1.5	1.5	1.5	1.5
89.1146803475974	-0.166186752357792	1.33601076813528	-106.648395300278	46.320925003385	0	0	0	0	0	1.5	1.5	1.5	1.5	1.5	1.5
89.2048773924836	-0.160163430146195	1.32129285710531	-106.626763621302	46.4084888687135	0	0	0	0	0	1.5	1.5	1.5	1.5	1.5	1.5
89.2950744373698	-0.154140107934599	1.30711823193922	-106.603869257446	46.4957311680408	0	0	0	0	0	1.5	1.5	1.5	1.5	1.5	1.5
89.3852714822561	-0.148116785723002	1.29348689263702	-106.579764201979	46.5826468008736	0	0	0	0	0	1.5	1.5	1.5	1.5	1.5	1.5
89.4754685271423	-0.142093463511405	1.28039883919869	-106.55450015043	46.669232703135	0	0	0	0	0	1.5	1.5	1.5	1.5	1.5	1.5
89.5656655720285	-0.136070141299809	1.26785407162426	-106.528128468405	46.7554877586355	0	0	0	0	0	1.5	1.5	1.5	1.5	1.5	1.5
89.6558626169148	-0.130046819088213	1.25585258991371	-106.500700164822	46.8414127108655	0	0	0	0	0	1.5	1.5	1.5	1.5	1.5	1.5
89.746059661801	-0.124023496876617	1.24439439406704	-106.472265870312	46.92701007525	0	0	0	0	0	1.5	1.5	1.5	1.5	1.5	1.5
89.8362567066873	-0.11800017466502	1.23347948408425	-106.442875820543	47.0122840519895	0	0	0	0	0	1.5	1.5	1.5	1.5	1.5	1.5
89.9264537515735	-0.112216647666202	1.22310522104566	-106.412579826022	47.0972404330029	0	0	0	0	0	1.5	1.5	1.5	1.5	1.5	1.5
90.0166507964597	-0.107176016859692	1.21321093604068	-106.381424949843	47.1818856586469	0	0	0	0	0	1.5	1.5	1.5	1.5	1.5	1.5
90.106847841346	-0.102135386053182	1.20377130103882	-106.349453268391	47.2662257919079	0	0	0	0	0	1.5	1.5	1.5	1.5	1.5	1.5
90.1970448862322	-0.0970947552466725	1.19478631604006	-106.316705975701	47.3502678468204	0	0	0	0	0	1.5	1.5	1.5	1.5	1.5	1.5
90.2872419311184	-0.0920541244401632	1.18625598104442	-106.283223925363	47.4340199206835	0	0	0	0	0	1.5	1.5	1.5	1.5	1.5	1.5
90.3774389760046	-0.0870134936336531	1.17818029605188	-106.249047632077	47.5174911352846	0	0	0	0	0	1.5	1.5	1.5	1.5	1.5	1.5
90.4676360208909	-0.081972862827143	1.17055926106245	-106.214217275588	47.6006915787619	0	0	0	0	0	1.5	1.5	1.5	1.5	1.5	1.5
90.5578330657771	-0.0769322320206337	1.16339287607613	-106.178772706856	47.6836322481184	0	0	0	0	0	1.5	1.5	1.5	1.5	1.5	1.5
90.6480301106633	-0.0718916012141243	1.15668114109292	-106.142753456327	47.766324992389	0	0	0	0	0	1.5	1.5	1.5	1.5	1.5	1.5
90.7382271555496	-0.0668509704076142	1.15042405611283	-106.106198744178	47.8487824564583	0	0	0	0	0	1.5	1.5	1.5	1.5	1.5	1.5
90.8284242004358	-0.0618103396011041	1.14462162113584	-106.069147492386	47.93101802552	0	0	0	0	0	1.5	1.5	1.5	1.5	1.5	1.5
90.918621245322	-0.0574465629115349	1.1392690370974	-106.031638317909	48.0130457606777	0	0	0	0	0	1.5	1.5	1.5	1.5	1.5	1.5
91.0088182902083	-0.0567111572817901	1.13412069259121	-105.993701447637	48.0948765788977	0	0	0	0	0	1.5	1.5	1.5	1.5	1.5	1.5
91.0990153350945	-0.0559757516520452	1.12903867949961	-105.955346495148	48.176512275846	0	0	0	0	0	1.5	1.5	1.5	1.5	1.5	1.5
91.1892123799807	-0.0552403460223005	1.12402299782261	-105.916579866004	48.2579532871086	0	0	0	0	0	1.5	1.5	1.5	1.5	1.5	1.5
91.279409424867	-0.0545049403925558	1.1190736475602	-105.877407937518	48.3392001351557	0	0	0	0	0	1.5	1.5	1.5	1.5	1.5	1.5
91.3696064697532	-0.053769534762811	1.11419062871239	-105.837837058437	48.4202534279311	0	0	0	0	0	1.5	1.5	1.5	1.5	1.5	1.5
91.4598035146394	-0.0530341291330661	1.10937394127918	-105.797873548633	48.5011138574459	0	0	0	0	0	1.5	1.5	1.5	1.5	1.5	1.5
91.5500005595257	-0.0522987235033214	1.10462358526056	-105.757523698838	48.5817821983797	0	0	0	0	0	1.5	1.5	1.5	1.5	1.5	1.5
91.6401976044119	-0.0515633178735766	1.09993956065653	-105.716793770406	48.6622593066877	0	0	0	0	0	1.5	1.5	1.5	1.5	1.5	1.5
91.7303946492981	-0.0508279122438319	1.09532186746711	-105.675689995095	48.7425461182146	0	0	0	0	0	1.5	1.5	1.5	1.5	1.5	1.5
91.8205916941844	-0.050092506614087	1.09077050569227	-105.634218574885	48.8226436473156	0	0	0	0	0	1.5	1.5	1.5	1.5	1.5	1.5
91.9107887390706	-0.0490417708661651	1.08628647755725	-105.5923856837	48.9025529864731	0	0	0	0	0	1.5	1.5	1.5	1.5	1.5	1.5
92.0009857839568	-0.0438320364353619	1.08209800607429	-105.550204032322	48.9822787871721	0	0	0	0	0	1.5	1.5	1.5	1.5	1.5	1.5
92.091182828843	-0.0386223020045586	1.07837943724162	-105.507707507282	49.0618372115443	0	0	0	0	0	1.5	1.5	1.5	1.5	1.5	1.5
92.1813798737293	-0.0334125675737545	1.07513077105926	-105.464934083707	49.1412471226662	0	0	0	0	0	1.5	1.5	1.5	1.5	1.5	1.5
92.2715769186155	-0.0282028331429504	1.07235200752719	-105.421921530834	49.2205277758182	0	0	0	0	0	1.5	1.5	1.5	1.5	1.5	1.5
92.3617739635017	-0.0229930987121471	1.07004314664543	-105.378707437948	49.2996987646059	0	0	0	0	0	1.5	1.5	1.5	1.5	1.5	1.5
92.451971008388	-0.0177833642813438	1.06820418841397	-105.33532924112	49.3787799674989	0	0	0	0	0	1.5	1.5	1.5	1.5	1.5	1.5
92.5421680532742	-0.0125736298505389	1.0668351328328	-105.291824250622	49.4577914947257	0	0	0	0	0	1.5	1.5	1.5	1.5	1.5	1.5
92.6323650981604	-0.00736389541973562	1.06593597990194	-105.248229678875	49.5367536354629	0	0	0	0	0	1.5	1.5	1.5	1.5	1.5	1.5
92.7225621430467	-0.00215416098893234	1.06550672962138	-105.204582668832	49.615686805253	0	0	0	0	0	1.5	1.5	1.5	1.5	1.5	1.5
92.8127591879329	0.00305557344187094	1.06554738199112	-105.160920322649	49.6946114935853	0	0	0	0	0	1.5	1.5	1.5	1.5	1.5	1.5
92.9029562328192	0.00826530787267586	1.06605793701116	-105.11727973053	49.7735482115721	0	0	0	0	0	1.5	1.5	1.5	1.5	1.5	1.5
92.9931532777054	0.0184022683440193	1.06725694421041	-105.073703658737	49.852520560462	0	0	0	0	0	1.5	1.5	1.5	1.5	1.5	1.5
93.0833503225916	0.0286217684334573	1.06937765878838	-105.030258733168	49.9315651193503	0	0	0	0	0	1.5	1.5	1.5	1.5	1.5	1.5
93.1735473674778	0.0388412685228969	1.07242014207464	-104.987018022068	50.0107215563881	0	0	0	0	0	1.5	1.5	1.5	1.5	1.5	1.5
93.2637444123641	0.0490607686123364	1.07638439406918	-104.944054901421	50.0900289741153	0	0	0	0	0	1.5	1.5	1.5	1.5	1.5	1.5
93.3539414572503	0.0592802687017744	1.081270414772	-104.901443160897	50.1695257053754	0	0	0	0	0	1.5	1.5	1.5	1.5	1.5	1.5
93.4441385021365	0.069499768791214	1.0870782041831	-104.859257106267	50.2492491073575	0	0	0	0	0	1.5	1.5	1.5	1.5	1.5	1.5
93.5343355470228	0.0797192688806519	1.09380776230249	-104.817571657309	50.3292353532946	0	0	0	0	0	1.5	1.5	1.5	1.5	1.5	1.5
93.624532591909	0.0899387689700915	1.10145908913016	-104.776462440215	50.4095192213939	0	0	0	0	0	1.5	1.5	1.5	1.5	1.5	1.5
93.7147296367952	0.100158269059529	1.1100321846661	-104.736005873528	50.490133880607	0	0	0	0	0	1.5	1.5	1.5	1.5	1.5	1.5
93.8049266816815	0.110377769148969	1.11952704891033	-104.696279246587	50.5711106728935	0	0	0	0	0	1.5	1.5	1.5	1.5	1.5	1.5
93.8951237265677	0.120597269238407	1.12994368186285	-104.657360789449	50.6524788916778	0	0	0	0	0	1.5	1.5	1.5	1.5	1.5	1.5
93.9853207714539	0.118709995253049	1.14079331775293	-104.619317788516	50.7342600453802	0	0	0	0	0	1.5	1.5	1.5	1.5	1.5	1.5
94.0755178163402	0.11540508292447	1.15135156186039	-104.582152577079	50.8164438539303	0	0	0	0	0	1.5	1.5	1.5	1.5	1.5	1.5
94.1657148612264	0.112100170595892	1.16161171264221	-104.545844821727	50.899010084543	0	0	0	0	0	1.5	1.5	1.5	1.5	1.5	1.5
94.2559119061126	0.108795258267314	1.17157377009838	-104.510373734931	50.9819392207049	0	0	0	0	0	1.5	1.5	1.5	1.5	1.5	1.5
94.3461089509989	0.105490345938734	1.1812377342289	-104.475718118969	51.0652124569311	0	0	0	0	0	1.5	1.5	1.5	1.5	1.5	1.5
94.4363059958851	0.102185433610156	1.19060360503378	-104.441856389755	51.1488116837803	0	0	0	0	0	1.5	1.5	1.5	1.5	1.5	1.5
94.5265030407713	0.0988805212815774	1.19967138251301	-104.408766599692	51.2327194721795	0	0	0	0	0	1.5	1.5	1.5	1.5	1.5	1.5
94.6167000856575	0.095575608952999	1.20844106666659	-104.376426459555	51.3169190571028	0	0	0	0	0	1.5	1.5	1.5	1.5	1.5	1.5
94.7068971305438	0.0922706966244196	1.21691265749454	-104.344813359434	51.4013943206444	0	0	0	0	0	1.5	1.5	1.5	1.5	1.5	1.5
94.79709417543	0.0889657842958412	1.22508615499683	-104.313904388749	51.4861297745271	0	0	0	0	0	1.5	1.5	1.5	1.5	1.5	1.5
94.8872912203162	0.0856608719672628	1.23296155917348	-104.283676355362	51.5711105420835	0	0	0	0	0	1.5	1.5	1.5	1.5	1.5	1.5
94.9774882652025	0.0876072858472176	1.24073080557923	-104.25411022567	51.6563238628191	0	0	0	0	0	1.5	1.5	1.5	1.5	1.5	1.5
95.0676853100887	0.0907819239657404	1.24877589536159	-104.225218422789	51.7417681531595	0	0	0	0	0	1.5	1.5	1.5	1.5	1.5	1.5
95.1578823549749	0.0939565620842627	1.25710732812083	-104.197027226328	51.8274461333442	0	0	0	0	0	1.5	1.5	1.5	1.5	1.5	1.5
95.2480793998612	0.097131200202785	1.26572510385693	-104.16956312603	51.9133599258973	0	0	0	0	0	1.5	1.5	1.5	1.5	1.5	1.5
95.3382764447474	0.100305838321308	1.27462922256991	-104.142852761875	51.9995110117946	0	0	0	0	0	1.5	1.5	1.5	1.5	1.5	1.5
95.4284734896336	0.103480476439831	1.28381968425977	-104.11692291972	52.0859002063027	0	0	0	0	0	1.5	1.5	1.5	1.5	1.5	1.5
95.5186705345199	0.106655114558353	1.2932964889265	-104.091800525958	52.1725276346943	0	0	0	0	0	1.5	1.5	1.5	1.5	1.5	1.5
95.6088675794061	0.109829752676876	1.3030596365701	-104.067512641166	52.2593927078564	0	0	0	0	0	1.5	1.5	1.5	1.5	1.5	1.5
95.6990646242923	0.113004390795398	1.31310912719058	-104.044086452712	52.3464940978075	0	0	0	0	0	1.5	1.5	1.5	1.5	1.5	1.5
95.7892616691786	0.116179028913921	1.32344496078793	-104.021549266271	52.4338297131479	0	0	0	0	0	1.5	1.5	1.5	1.5	1.5	1.5
95.8794587140648	0.119353667032444	1.33406713736216	-103.999928496232	52.5213966744629	0	0	0	0	0	1.5	1.5	1.5	1.5	1.5	1.5
95.969655758951	0.121830030838016	1.34495289663158	-103.979251173144	52.6091911780047	0	0	0	0	0	1.5	1.5	1.5	1.5	1.5	1.5
96.0598528038373	0.124038536186227	1.35604120571958	-103.959539803651	52.6972075711559	0	0	0	0	0	1.5	1.5	1.5	1.5	1.5	1.5
96.1500498487235	0.126247041534438	1.3673287154636	-103.940814370142	52.7854389639181	0	0	0	0	0	1.5	1.5	1.5	1.5	1.5	1.5
96.2402468936097	0.12845554688265	1.37881542586365	-103.923094832868	52.8738778436711	0	0	0	0	0	1.5	1.5	1.5	1.5	1.5	1.5
96.330443938496	0.130664052230861	1.39050133691972	-103.906401145564	52.9625160697814	0	0	0	0	0	1.5	1.5	1.5	1.5	1.5	1.5
96.4206409833822	0.132872557579072	1.40238644863182	-103.890753243311	53.0513448618231	0	0	0	0	0	1.5	1.5	1.5	1.5	1.5	1.5
96.5108380282684	0.135081062927283	1.41447076099994	-103.876171029733	53.1403547879587	0	0	0	0	0	1.5	1.5	1.5	1.5	1.5	1.5
96.6010350731547	0.137289568275494	1.42675427402408	-103.862674363558	53.2295357534996	0	0	0	0	0	1.5	1.5	1.5	1.5	1.5	1.5
96.6912321180409	0.139498073623705	1.43923698770425	-103.850283044498	53.3188769896673	0	0	0	0	0	1.5	1.5	1.5	1.5	1.5	1.5
96.7814291629271	0.141706578971917	1.45191890204044	-103.839016798468	53.408367042578	0	0	0	0	0	1.5	1.5	1.5	1.5	1.5	1.5
96.8716262078134	0.143915084320128	1.46480001703266	-103.828895262121	53.4979937624739	0	0	0	0	0	1.5	1.5	1.5	1.5	1.5	1.5
96.9618232526996	0.139687546292022	1.47769542412926	-103.819934441051	53.58774395704	0	0	0	0	0	1.5	1.5	1.5	1.5	1.5	1.5
97.0520202975858	0.131793217077101	1.48993880542894	-103.81210444223	53.6775999328743	0	0	0	0	0	1.5	1.5	1.5	1.5	1.5	1.5
97.1422173424721	0.123898887862179	1.50147014156207	-103.805343116918	53.7675426992958	0	0	0	0	0	1.5	1.5	1.5	1.5	1.5	1.5
97.2324143873583	0.116004558647257	1.51228943252866	-103.799587327681	53.8575554674522	0	0	0	0	0	1.5	1.5	1.5	1.5	1.5	1.5
97.3226114322445	0.108110229432337	1.5223966783287	-103.79477366109	53.9476235875437	0	0	0	0	0	1.5	1.5	1.5	1.5	1.5	1.5
97.4128084771308	0.100215900217415	1.53179187896219	-103.790838481501	54.037734416077	0	0	0	0	0	1.5	1.5	1.5	1.5	1.5	1.5
97.503005522017	0.0923215710024946	1.54047503442915	-103.787717977732	54.1278771819578	0	0	0	0	0	1.5	1.5	1.5	1.5	1.5	1.5
97.5932025669032	0.0844272417875727	1.54844614472955	-103.785348203096	54.2180428516563	0	0	0	0	0	1.5	1.5	1.5	1.5	1.5	1.5
97.6833996117894	0.0765329125726522	1.55570520986342	-103.783665109256	54.30822399365	0	0	0	0	0	1.5	1.5	1.5	1.5	1.5	1.5
97.7735966566757	0.0686385833577304	1.56225222983073	-103.782604574399	54.3984146423153	0	0	0	0	0	1.5	1.5	1.5	1.5	1.5	1.5
97.8637937015619	0.0607442541428086	1.56808720463151	-103.782102426184	54.4886101614128	0	0	0	0	0	1.5	1.5	1.5	1.5	1.5	1.5
97.9539907464481	0.0645192531331403	1.5734990228728	-103.782099227824	54.5788070985318	0	0	0	0	0	1.5	1.5	1.5	1.5	1.5	1.5
98.0441877913344	0.0778829829151747	1.57992115331118	-103.782623567696	54.669002464244	0	0	0	0	0	1.5	1.5	1.5	1.5	1.5	1.5
98.1343848362206	0.0912467126972071	1.58754865268455	-103.783781494349	54.7591918574836	0	0	0	0	0	1.5	1.5	1.5	1.5	1.5	1.5
98.2245818811068	0.104610442479242	1.59638152099292	-103.78568164712	54.8493685918186	0	0	0	0	0	1.5	1.5	1.5	1.5	1.5	1.5
98.3147789259931	0.117974172261276	1.60641975823629	-103.788432567406	54.9395232978092	0	0	0	0	0	1.5	1.5	1.5	1.5	1.5	1.5
98.4049759708793	0.131337902043308	1.61766336441465	-103.792142639046	55.0296435316743	0	0	0	0	0	1.5	1.5	1.5	1.5	1.5	1.5
98.4951730157655	0.144701631825341	1.63011233952802	-103.796920010188	55.119713385384	0	0	0	0	0	1.5	1.5	1.5	1.5	1.5	1.5
98.5853700606518	0.158065361607375	1.64376668357638	-103.802872494319	55.2097130988493	0	0	0	0	0	1.5	1.5	1.5	1.5	1.5	1.5
98.675567105538	0.17142909138941	1.65862639655974	-103.810107448147	55.2996186750566	0	0	0	0	0	1.5	1.5	1.5	1.5	1.5	1.5
98.7657641504242	0.184792821171442	1.67469147847809	-103.818731624064	55.3894014991867	0	0	0	0	0	1.5	1.5	1.5	1.5	1.5	1.5
98.8559611953105	0.198156550953475	1.69196192933144	-103.828850994948	55.4790279629736	0	0	0	0	0	1.5	1.5	1.5	1.5	1.5	1.5
98.9461582401967	0.199852963763019	1.7101917439137	-103.840567123707	55.5684595692564	0	0	0	0	0	1.5	1.5	1.5	1.5	1.5	1.5
99.0363552850829	0.188261553644509	1.7276951351875	-103.853888332633	55.6576663211497	0	0	0	0	0	1.5	1.5	1.5	1.5	1.5	1.5
99.1265523299692	0.176670143526001	1.74415301552255	-103.868722357585	55.7466341522239	0	0	0	0	0	1.5	1.5	1.5	1.5	1.5	1.5
99.2167493748554	0.165078733407493	1.75956538491884	-103.884972175242	55.8353544389575	0	0	0	0	0	1.5	1.5	1.5	1.5	1.5	1.5
99.3069464197416	0.153487323288981	1.77393224337639	-103.90254117643	55.9238230614001	0	0	0	0	0	1.5	1.5	1.5	1.5	1.5	1.5
99.3971434646279	0.141895913170473	1.78725359089517	-103.921333246275	56.0120400931801	0	0	0	0	0	1.5	1.5	1.5	1.5	1.5	1.5
99.4873405095141	0.130304503051965	1.7995294274752	-103.94125282222	56.1000094925343	0	0	0	0	0	1.5	1.5	1.5	1.5	1.5	1.5
99.5775375544003	0.118713092933455	1.81075975311648	-103.962204931521	56.1877387949694	0	0	0	0	0	1.5	1.5	1.5	1.5	1.5	1.5
99.6677345992866	0.107121682814945	1.82094456781901	-103.984095209863	56.2752388080164	0	0	0	0	0	1.5	1.5	1.5	1.5	1.5	1.5
99.7579316441728	0.0955302726964369	1.83008387158278	-104.006829902715	56.3625233083995	0	0	0	0	0	1.5	1.5	1.5	1.5	1.5	1.5
99.848128689059	0.0839388625779269	1.8381776644078	-104.030315851042	56.4496087418108	0	0	0	0	0	1.5	1.5	1.5	1.5	1.5	1.5
99.9383257339452	0.076084023839652	1.84528940827345	-104.05446115474	56.5365137310607	0	0	0	0	0	1.5	1.5	1.5	1.5	1.5	1.5
100.028522778831	0.0744145233220777	1.85207667038028	-104.079205414016	56.6232500977555	0	0	0	0	0	1.5	1.5	1.5	1.5	1.5	1.5
100.118719823718	0.0727450228045037	1.85871334847398	-104.104531285584	56.7098184365073	0	0	0	0	0	1.5	1.5	1.5	1.5	1.5	1.5
100.208916868604	0.0710755222869294	1.86519944255457	-104.130424618343	56.7962187472899	0	0	0	0	0	1.5	1.5	1.5	1.5	1.5	1.5
100.29911391349	0.0694060217693553	1.87153495262204	-104.156871312641	56.8824512936648	0	0	0	0	0	1.5	1.5	1.5	1.5	1.5	1.5
100.389310958376	0.067736521251781	1.87771987867638	-104.183857321851	56.9685165960735	0	0	0	0	0	1.5	1.5	1.5	1.5	1.5	1.5
100.479508003263	0.0660670207342067	1.88375422071761	-104.211368653742	57.0544154251511	0	0	0	0	0	1.5	1.5	1.5	1.5	1.5	1.5
100.569705048149	0.0643975202166326	1.88963797874571	-104.239391371652	57.1401487950656	0	0	0	0	0	1.5	1.5	1.5	1.5	1.5	1.5
100.659902093035	0.0627280196990586	1.89537115276069	-104.267911595489	57.2257179568835	0	0	0	0	0	1.5	1.5	1.5	1.5	1.5	1.5
100.750099137921	0.061058519181484	1.90095374276255	-104.296915502536	57.3111243919643	0	0	0	0	0	1.5	1.5	1.5	1.5	1.5	1.5
100.840296182808	0.05938901866391	1.90638574875129	-104.326389328082	57.3963698053852	0	0	0	0	0	1.5	1.5	1.5	1.5	1.5	1.5
100.930493227694	0.0591833369493733	1.91168646596144	-104.356319525714	57.4814560627728	0	0	0	0	0	1.5	1.5	1.5	1.5	1.5	1.5
101.02069027258	0.0625220967490169	1.91717520119454	-104.386705762725	57.566380517915	0	0	0	0	0	1.5	1.5	1.5	1.5	1.5	1.5
101.110887317466	0.0658608565486616	1.92296508269515	-104.417570424852	57.651132254239	0	0	0	0	0	1.5	1.5	1.5	1.5	1.5	1.5
101.201084362353	0.0691996163483052	1.92905611046327	-104.448937998597	57.7356991335114	0	0	0	0	0	1.5	1.5	1.5	1.5	1.5	1.5
101.291281407239	0.0725383761479488	1.93544828449891	-104.480832785628	57.820068569708	0	0	0	0	0	1.5	1.5	1.5	1.5	1.5	1.5
101.381478452125	0.0758771359475929	1.94214160480205	-104.513278888617	57.90422750823	0	0	0	0	0	1.5	1.5	1.5	1.5	1.5	1.5
101.471675497011	0.0792158957472371	1.94913607137271	-104.546300196379	57.9881624054508	0	0	0	0	0	1.5	1.5	1.5	1.5	1.5	1.5
101.561872541897	0.0825546555468807	1.95643168421089	-104.57992036829	58.0718592086207	0	0	0	0	0	1.5	1.5	1.5	1.5	1.5	1.5
101.652069586784	0.0858934153465243	1.96402844331657	-104.614162817963	58.155303336156	0	0	0	0	0	1.5	1.5	1.5	1.5	1.5	1.5
101.74226663167	0.0892321751461685	1.97192634868977	-104.649050696135	58.2384796583455	0	0	0	0	0	1.5	1.5	1.5	1.5	1.5	1.5
101.832463676556	0.0925709349458126	1.98012540033048	-104.684606872761	58.3213724785026	0	0	0	0	0	1.5	1.5	1.5	1.5	1.5	1.5
101.922660721442	0.0930420086446906	1.98859899821041	-104.720853767911	58.4039655812775	0	0	0	0	0	1.5	1.5	1.5	1.5	1.5	1.5
102.012857766329	0.0824381790577504	1.99651289539383	-104.757783879923	58.486255503275	0	0	0	0	0	1.5	1.5	1.5	1.5	1.5	1.5
102.103054811215	0.0718343494708119	2.00347035848403	-104.795324869165	58.5682686010407	0	0	0	0	0	1.5	1.5	1.5	1.5	1.5	1.5
102.193251856101	0.0612305198838717	2.00947138748101	-104.833396469394	58.6500367839545	0	0	0	0	0	1.5	1.5	1.5	1.5	1.5	1.5
102.283448900987	0.0506266902969315	2.01451598238478	-104.871919093963	58.731593494528	0	0	0	0	0	1.5	1.5	1.5	1.5	1.5	1.5
102.373645945874	0.040022860709993	2.01860414319532	-104.910813748517	58.812973476171	0	0	0	0	0	1.5	1.5	1.5	1.5	1.5	1.5
102.46384299076	0.0294190311230545	2.02173586991265	-104.950001937434	58.8942125437191	0	0	0	0	0	1.5	1.5	1.5	1.5	1.5	1.5
102.554040035646	0.0188152015361143	2.02391116253675	-104.989405565118	58.975347356304	0	0	0	0	0	1.5	1.5	1.5	1.5	1.5	1.5
102.644237080532	0.00821137194917408	2.02513002106764	-105.02894683325	59.0564151921157	0	0	0	0	0	1.5	1.5	1.5	1.5	1.5	1.5
102.734434125418	-0.00239245763776444	2.02539244550531	-105.068548135071	59.1374537245754	0	0	0	0	0	1.5	1.5	1.5	1.5	1.5	1.5
102.824631170305	-0.012996287224703	2.02469843584975	-105.108131947774	59.2185007994225	0	0	0	0	0	1.5	1.5	1.5	1.5	1.5	1.5
102.914828215191	-0.0222662812960595	2.02305513557075	-105.147620747007	59.2995942010537	0	0	0	0	0	1.5	1.5	1.5	1.5	1.5	1.5
103.005025260077	-0.0216380963629459	2.02107511300955	-105.186955980301	59.3807621976405	0	0	0	0	0	1.5	1.5	1.5	1.5	1.5	1.5
103.095222304963	-0.0210099114298323	2.01915175087295	-105.226132724183	59.4620068106126	0	0	0	0	0	1.5	1.5	1.5	1.5	1.5	1.5
103.18541934985	-0.0203817264967186	2.01728504916096	-105.265155437027	59.5433255195677	0	0	0	0	0	1.5	1.5	1.5	1.5	1.5	1.5
103.275616394736	-0.019753541563605	2.01547500787359	-105.304028590354	59.6247158300193	0	0	0	0	0	1.5	1.5	1.5	1.5	1.5	1.5
103.365813439622	-0.0191253566304914	2.01372162701082	-105.342756668365	59.7061752726608	0	0	0	0	0	1.5	1.5	1.5	1.5	1.5	1.5
103.456010484508	-0.0184971716973778	2.01202490657265	-105.381344167472	59.7877014026259	0	0	0	0	0	1.5	1.5	1.5	1.5	1.5	1.5
103.546207529395	-0.0178689867642641	2.0103848465591	-105.419795595842	59.8692917987452	0	0	0	0	0	1.5	1.5	1.5	1.5	1.5	1.5
103.636404574281	-0.0172408018311504	2.00880144697016	-105.458115472946	59.9509440627995	0	0	0	0	0	1.5	1.5	1.5	1.5	1.5	1.5
103.726601619167	-0.0166126168980368	2.00727470780582	-105.496308329112	60.0326558187698	0	0	0	0	0	1.5	1.5	1.5	1.5	1.5	1.5
103.816798664053	-0.0159844319649232	2.0058046290661	-105.534378705091	60.1144247120839	0	0	0	0	0	1.5	1.5	1.5	1.5	1.5	1.5
103.906995708939	-0.0155037955293302	2.00439099797639	-105.572331151435	60.1962484089466	0	0	0	0	0	1.5	1.5	1.5	1.5	1.5	1.5
103.997192753826	-0.0194899775796912	2.00281283051446	-105.610163985924	60.2781274773995	0	0	0	0	0	1.5	1.5	1.5	1.5	1.5	1.5
104.087389798712	-0.0234761596300516	2.00087512121122	-105.647852821687	60.3600729227766	0	0	0	0	0	1.5	1.5	1.5	1.5	1.5	1.5
104.177586843598	-0.0274623416804126	1.99857787006665	-105.685368052847	60.4420979845442	0	0	0	0	0	1.5	1.5	1.5	1.5	1.5	1.5
104.267783888484	-0.031448523730773	1.99592107708076	-105.722679988467	60.5242157145397	0	0	0	0	0	1.5	1.5	1.5	1.5	1.5	1.5
104.357980933371	-0.035434705781134	1.99290474225355	-105.759758838952	60.6064389447318	0	0	0	0	0	1.5	1.5	1.5	1.5	1.5	1.5
104.448177978257	-0.039420887831495	1.98952886558502	-105.796574702838	60.6887802548055	0	0	0	0	0	1.5	1.5	1.5	1.5	1.5	1.5
104.538375023143	-0.0434070698818554	1.98579344707516	-105.833097554045	60.7712519395502	0	0	0	0	0	1.5	1.5	1.5	1.5	1.5	1.5
104.628572068029	-0.0473932519322164	1.98169848672399	-105.869297229639	60.8538659760281	0	0	0	0	0	1.5	1.5	1.5	1.5	1.5	1.5
104.718769112916	-0.0513794339825774	1.97724398453149	-105.905143418169	60.9366339905035	0	0	0	0	0	1.5	1.5	1.5	1.5	1.5	1.5
104.808966157802	-0.0553656160329377	1.97242994049768	-105.940605648639	61.0195672251151	0	0	0	0	0	1.5	1.5	1.5	1.5	1.5	1.5
104.899163202688	-0.0593517980832981	1.96725635462254	-105.975653280178	61.1026765042721	0	0	0	0	0	1.5	1.5	1.5	1.5	1.5	1.5
104.989360247574	-0.0639529964488255	1.96169699012586	-106.010254802958	61.1859724860047	0	0	0	0	0	1.5	1.5	1.5	1.5	1.5	1.5
105.07955729246	-0.0685893456896197	1.95571952633426	-106.0443752636	61.2694666585339	0	0	0	0	0	1.5	1.5	1.5	1.5	1.5	1.5
105.169754337347	-0.0732256949304153	1.94932387754209	-106.077978525941	61.35317030202	0	0	0	0	0	1.5	1.5	1.5	1.5	1.5	1.5
105.259951382233	-0.0778620441712094	1.94251004374933	-106.111028210856	61.4370940397512	0	0	0	0	0	1.5	1.5	1.5	1.5	1.5	1.5
105.350148427119	-0.0824983934120035	1.935278024956	-106.143487687422	61.5212477908661	0	0	0	0	0	1.5	1.5	1.5	1.5	1.5	1.5
105.440345472005	-0.0871347426527984	1.92762782116209	-106.175320065445	61.6056407226538	0	0	0	0	0	1.5	1.5	1.5	1.5	1.5	1.5
105.530542516892	-0.0917710918935925	1.91955943236759	-106.20648818959	61.6902812023738	0	0	0	0	0	1.5	1.5	1.5	1.5	1.5	1.5
105.620739561778	-0.0964074411343866	1.91107285857252	-106.236954635197	61.7751767485968	0	0	0	0	0	1.5	1.5	1.5	1.5	1.5	1.5
105.710936606664	-0.101043790375181	1.90216809977686	-106.266681705913	61.860333982068	0	0	0	0	0	1.5	1.5	1.5	1.5	1.5	1.5
105.80113365155	-0.105680139615977	1.89284515598062	-106.295631433226	61.9457585761062	0	0	0	0	0	1.5	1.5	1.5	1.5	1.5	1.5
105.891330696437	-0.110316488856771	1.88310402718381	-106.323765578021	62.0314552065526	0	0	0	0	0	1.5	1.5	1.5	1.5	1.5	1.5
105.981527741323	-0.110659896804749	1.87311075307769	-106.351049718745	62.1174262180683	0	0	0	0	0	1.5	1.5	1.5	1.5	1.5	1.5
106.071724786209	-0.110290598177976	1.86314621222089	-106.377474440594	62.2036652676089	0	0	0	0	0	1.5	1.5	1.5	1.5	1.5	1.5
106.161921831095	-0.109921299551204	1.85321498100891	-106.403039973572	62.290162918232	0	0	0	0	0	1.5	1.5	1.5	1.5	1.5	1.5
106.252118875981	-0.109552000924431	1.84331705944175	-106.427746677194	62.3769097872456	0	0	0	0	0	1.5	1.5	1.5	1.5	1.5	1.5
106.342315920868	-0.109182702297659	1.8334524475194	-106.451595020303	62.4638965532781	0	0	0	0	0	1.5	1.5	1.5	1.5	1.5	1.5
106.432512965754	-0.108813403670886	1.82362114524186	-106.474585579524	62.5511139573061	0	0	0	0	0	1.5	1.5	1.5	1.5	1.5	1.5
106.52271001064	-0.108444105044114	1.81382315260914	-106.496719037717	62.6385528036521	0	0	0	0	0	1.5	1.5	1.5	1.5	1.5	1.5
106.612907055526	-0.108074806417341	1.80405846962124	-106.517996182435	62.7262039609536	0	0	0	0	0	1.5	1.5	1.5	1.5	1.5	1.5
106.703104100413	-0.107705507790569	1.79432709627815	-106.538417904376	62.8140583631024	0	0	0	0	0	1.5	1.5	1.5	1.5	1.5	1.5
106.793301145299	-0.107336209163796	1.78462903257988	-106.557985195831	62.9021070101552	0	0	0	0	0	1.5	1.5	1.5	1.5	1.5	1.5
106.883498190185	-0.106966910537024	1.77496427852642	-106.576699149141	62.9903409692155	0	0	0	0	0	1.5	1.5	1.5	1.5	1.5	1.5
106.973695235071	-0.109830717000547	1.76522036107496	-106.594558396807	63.0787518841958	0	0	0	0	0	1.5	1.5	1.5	1.5	1.5	1.5
107.063892279958	-0.113652764351365	1.75514158627554	-106.611540876577	63.167335366955	0	0	0	0	0	1.5	1.5	1.5	1.5	1.5	1.5
107.154089324844	-0.117474811702181	1.74471807409967	-106.627614393223	63.256088255966	0	0	0	0	0	1.5	1.5	1.5	1.5	1.5	1.5
107.24428636973	-0.121296859052998	1.73394982454733	-106.642746605522	63.3450064455745	0	0	0	0	0	1.5	1.5	1.5	1.5	1.5	1.5
107.334483414616	-0.125118906403814	1.72283683761854	-106.656905107179	63.4340848380675	0	0	0	0	0	1.5	1.5	1.5	1.5	1.5	1.5
107.424680459503	-0.12894095375463	1.71137911331329	-106.670057442975	63.5233173095467	0	0	0	0	0	1.5	1.5	1.5	1.5	1.5	1.5
107.514877504389	-0.132763001105447	1.69957665163158	-106.682171126702	63.6126966759211	0	0	0	0	0	1.5	1.5	1.5	1.5	1.5	1.5
107.605074549275	-0.136585048456265	1.68742945257341	-106.693213660938	63.7022146590706	0	0	0	0	0	1.5	1.5	1.5	1.5	1.5	1.5
107.695271594161	-0.140407095807081	1.67493751613879	-106.703152558734	63.7918618532351	0	0	0	0	0	1.5	1.5	1.5	1.5	1.5	1.5
107.785468639047	-0.144229143157897	1.6621008423277	-106.711955367242	63.8816276916908	0	0	0	0	0	1.5	1.5	1.5	1.5	1.5	1.5
107.875665683934	-0.148051190508714	1.64891943114016	-106.719589693366	63.9715004137765	0	0	0	0	0	1.5	1.5	1.5	1.5	1.5	1.5
107.96586272882	-0.148021370890034	1.63551247544719	-106.72602568483	64.0614668677827	0	0	0	0	0	1.5	1.5	1.5	1.5	1.5	1.5
108.056059773706	-0.146229648545315	1.62224218924328	-106.731260223919	64.1515112297286	0	0	0	0	0	1.5	1.5	1.5	1.5	1.5	1.5
108.146256818592	-0.144437926200596	1.60913351110011	-106.735306704353	64.2416168144831	0	0	0	0	0	1.5	1.5	1.5	1.5	1.5	1.5
108.236453863479	-0.142646203855877	1.5961864410177	-106.738178990892	64.3317674841014	0	0	0	0	0	1.5	1.5	1.5	1.5	1.5	1.5
108.326650908365	-0.140854481511158	1.58340097899603	-106.739891169492	64.4219476622247	0	0	0	0	0	1.5	1.5	1.5	1.5	1.5	1.5
108.416847953251	-0.139062759166439	1.57077712503512	-106.740457532511	64.5121423300202	0	0	0	0	0	1.5	1.5	1.5	1.5	1.5	1.5
108.507044998137	-0.13727103682172	1.55831487913496	-106.739892564326	64.6023370218	0	0	0	0	0	1.5	1.5	1.5	1.5	1.5	1.5
108.597242043024	-0.135479314477001	1.54601424129554	-106.738210927364	64.6925178203356	0	0	0	0	0	1.5	1.5	1.5	1.5	1.5	1.5
108.68743908791	-0.133687592132282	1.53387521151688	-106.735427448552	64.7826713518847	0	0	0	0	0	1.5	1.5	1.5	1.5	1.5	1.5
108.777636132796	-0.131895869787563	1.52189778979897	-106.731557106177	64.8727847809462	0	0	0	0	0	1.5	1.5	1.5	1.5	1.5	1.5
108.867833177682	-0.130104147442843	1.5100819761418	-106.726615017165	64.9628458047599	0	0	0	0	0	1.5	1.5	1.5	1.5	1.5	1.5
108.958030222568	-0.133749711988531	1.49828145132672	-106.720613806322	65.0528424621761	0	0	0	0	0	1.5	1.5	1.5	1.5	1.5	1.5
109.048227267455	-0.141070235671001	1.48588747774938	-106.713526550687	65.1427600553807	0	0	0	0	0	1.5	1.5	1.5	1.5	1.5	1.5
109.138424312341	-0.148390759353471	1.47283321456887	-106.705295783305	65.2325801301786	0	0	0	0	0	1.5	1.5	1.5	1.5	1.5	1.5
109.228621357227	-0.155711283035941	1.45911866178517	-106.695863607466	65.3222819330838	0	0	0	0	0	1.5	1.5	1.5	1.5	1.5	1.5
109.318818402113	-0.163031806718412	1.4447438193983	-106.685172576864	65.4118423522216	0	0	0	0	0	1.5	1.5	1.5	1.5	1.5	1.5
109.409015447	-0.170352330400882	1.42970868740824	-106.673165774501	65.5012358102781	0	0	0	0	0	1.5	1.5	1.5	1.5	1.5	1.5
109.499212491886	-0.177672854083354	1.41401326581501	-106.659786899597	65.590434160018	0	0	0	0	0	1.5	1.5	1.5	1.5	1.5	1.5
109.589409536772	-0.184993377765823	1.3976575546186	-106.644980362795	65.679406582771	0	0	0	0	0	1.5	1.5	1.5	1.5	1.5	1.5
109.679606581658	-0.192313901448294	1.38064155381901	-106.628691389959	65.7681194903323	0	0	0	0	0	1.5	1.5	1.5	1.5	1.5	1.5
109.769803626545	-0.199634425130764	1.36296526341624	-106.610866134817	65.8565364307541	0	0	0	0	0	1.5	1.5	1.5	1.5	1.5	1.5
109.860000671431	-0.206954948813234	1.3446286834103	-106.591451800716	65.9446179985477	0	0	0	0	0	1.5	1.5	1.5	1.5	1.5	1.5
109.950197716317	-0.205801622355845	1.32583313567273	-106.570399866987	66.0323225157617	0	0	0	0	0	1.5	1.5	1.5	1.5	1.5	1.5
110.040394761203	-0.19703670723523	1.30766572222472	-106.547725834296	66.1196218363747	0	0	0	0	0	1.5	1.5	1.5	1.5	1.5	1.5
110.130591806089	-0.188271792114611	1.29028887821926	-106.523503940842	66.20650452778	0	0	0	0	0	1.5	1.5	1.5	1.5	1.5	1.5
110.220788850976	-0.179506876993996	1.27370260365637	-106.497810178371	66.2929634831368	0	0	0	0	0	1.5	1.5	1.5	1.5	1.5	1.5
110.310985895862	-0.170741961873381	1.25790689853604	-106.470719959812	66.3789952087111	0	0	0	0	0	1.5	1.5	1.5	1.5	1.5	1.5
110.401182940748	-0.161977046752764	1.24290176285826	-106.442308052529	66.4645996348793	0	0	0	0	0	1.5	1.5	1.5	1.5	1.5	1.5
110.491379985634	-0.153212131632148	1.22868719662304	-106.412648525459	66.5497799281978	0	0	0	0	0	1.5	1.5	1.5	1.5	1.5	1.5
110.581577030521	-0.144447216511533	1.21526319983038	-106.381814709365	66.6345423049594	0	0	0	0	0	1.5	1.5	1.5	1.5	1.5	1.5
110.671774075407	-0.135682301390915	1.20262977248027	-106.349879169445	66.7188958465872	0	0	0	0	0	1.5	1.5	1.5	1.5	1.5	1.5
110.761971120293	-0.126917386270298	1.19078691457273	-106.316913689541	66.8028523171437	0	0	0	0	0	1.5	1.5	1.5	1.5	1.5	1.5
110.852168165179	-0.118152471149682	1.17973462610774	-106.282989267192	66.8864259831696	0	0	0	0	0	1.5	1.5	1.5	1.5	1.5	1.5
110.942365210066	-0.114573904288182	1.16937058721868	-106.248174879414	66.9696329116107	0	0	0	0	0	1.5	1.5	1.5	1.5	1.5	1.5
111.032562254952	-0.117664648180811	1.158896971648	-106.212499862655	67.0524744815803	0	0	0	0	0	1.5	1.5	1.5	1.5	1.5	1.5
111.122759299838	-0.120755392073439	1.14814458011171	-106.17594768266	67.1349327538262	0	0	0	0	0	1.5	1.5	1.5	1.5	1.5	1.5
111.212956344724	-0.123846135966068	1.1371134126098	-106.138499580665	67.2169880038961	0	0	0	0	0	1.5	1.5	1.5	1.5	1.5	1.5
111.303153389611	-0.126936879858697	1.12580346914227	-106.100137241351	67.2986198059531	0	0	0	0	0	1.5	1.5	1.5	1.5	1.5	1.5
111.393350434497	-0.130027623751326	1.11421474970913	-106.060842817728	67.3798070224902	0	0	0	0	0	1.5	1.5	1.5	1.5	1.5	1.5
111.483547479383	-0.133118367643955	1.10234725431037	-106.020598956915	67.4605277948519	0	0	0	0	0	1.5	1.5	1.5	1.5	1.5	1.5
111.573744524269	-0.136209111536584	1.090200982946	-105.979388826833	67.5407595346054	0	0	0	0	0	1.5	1.5	1.5	1.5	1.5	1.5
111.663941569155	-0.139299855429212	1.07777593561602	-105.937196143803	67.6204789158126	0	0	0	0	0	1.5	1.5	1.5	1.5	1.5	1.5
111.754138614042	-0.142390599321841	1.06507211232041	-105.894005201056	67.69966186825	0	0	0	0	0	1.5	1.5	1.5	1.5	1.5	1.5
111.844335658928	-0.14548134321447	1.0520895130592	-105.84980089815	67.778283571628	0	0	0	0	0	1.5	1.5	1.5	1.5	1.5	1.5
111.934532703814	-0.142773562302591	1.03891913154908	-105.804569592264	67.8563189327422	0	0	0	0	0	1.5	1.5	1.5	1.5	1.5	1.5
112.0247297487	-0.129200049477203	1.0266535235143	-105.758342476642	67.9337686498202	0	0	0	0	0	1.5	1.5	1.5	1.5	1.5	1.5
112.114926793587	-0.115626536651815	1.01561220622509	-105.711215906895	68.0106745056638	0	0	0	0	0	1.5	1.5	1.5	1.5	1.5	1.5
112.205123838473	-0.102053023826424	1.00579517968145	-105.663289799204	68.0870847782285	0	0	0	0	0	1.5	1.5	1.5	1.5	1.5	1.5
112.295320883359	-0.088479511001036	0.997202443883391	-105.614662338672	68.1630507371477	0	0	0	0	0	1.5	1.5	1.5	1.5	1.5	1.5
112.385517928245	-0.0749059981756478	0.989833998830907	-105.565430139818	68.2386262667602	0	0	0	0	0	1.5	1.5	1.5	1.5	1.5	1.5
112.475714973132	-0.0613324853502574	0.983689844523998	-105.515688423298	68.3138674983661	0	0	0	0	0	1.5	1.5	1.5	1.5	1.5	1.5
112.565912018018	-0.0477589725248649	0.978769980962663	-105.465531206553	68.3888324507612	0	0	0	0	0	1.5	1.5	1.5	1.5	1.5	1.5
112.656109062904	-0.0341854596994767	0.975074408146905	-105.415051506102	68.4635806779817	0	0	0	0	0	1.5	1.5	1.5	1.5	1.5	1.5
112.74630610779	-0.0206119468740885	0.972603126076723	-105.364341549298	68.5381729230863	0	0	0	0	0	1.5	1.5	1.5	1.5	1.5	1.5
112.836503152676	-0.00703843404869814	0.971356134752116	-105.313492993386	68.6126707767246	0	0	0	0	0	1.5	1.5	1.5	1.5	1.5	1.5
112.926700197563	0.00376749932253933	0.97130045205362	-105.262596933423	68.6871361913243	0	0	0	0	0	1.5	1.5	1.5	1.5	1.5	1.5
113.016897242449	0.00686770238351247	0.971780083936448	-105.211721511008	68.761615706249	0	0	0	0	0	1.5	1.5	1.5	1.5	1.5	1.5
113.107094287335	0.00996790544448658	0.972539344973922	-105.160892235156	68.836126720407	0	0	0	0	0	1.5	1.5	1.5	1.5	1.5	1.5
113.197291332221	0.0130681085054597	0.973578235166044	-105.110129971938	68.9106834022443	0	0	0	0	0	1.5	1.5	1.5	1.5	1.5	1.5
113.287488377108	0.0161683115664333	0.974896754512812	-105.059455625671	68.9852998639475	0	0	0	0	0	1.5	1.5	1.5	1.5	1.5	1.5
113.377685421994	0.0192685146274065	0.976494903014228	-105.008890150687	69.0599901438598	0	0	0	0	0	1.5	1.5	1.5	1.5	1.5	1.5
113.46788246688	0.0223687176883796	0.978372680670291	-104.958454562995	69.1347681888264	0	0	0	0	0	1.5	1.5	1.5	1.5	1.5	1.5
113.558079511766	0.0254689207493532	0.980530087481	-104.908169951822	69.2096478364549	0	0	0	0	0	1.5	1.5	1.5	1.5	1.5	1.5
113.648276556653	0.0285691238103264	0.982967123446357	-104.858057490989	69.2846427972731	0	0	0	0	0	1.5	1.5	1.5	1.5	1.5	1.5
113.738473601539	0.0316693268713005	0.985683788566362	-104.808138450123	69.3597666367703	0	0	0	0	0	1.5	1.5	1.5	1.5	1.5	1.5
113.828670646425	0.0347695299322736	0.988680082841012	-104.758434205652	69.435032757305	0	0	0	0	0	1.5	1.5	1.5	1.5	1.5	1.5
113.918867691311	0.0387156472306658	0.991962771220946	-104.70896628177	69.510454399601	0	0	0	0	0	1.5	1.5	1.5	1.5	1.5	1.5
114.009064736197	0.0465862014591097	0.995809758558521	-104.65976506077	69.5860502772618	0	0	0	0	0	1.5	1.5	1.5	1.5	1.5	1.5
114.099261781084	0.0544567556875535	1.00036664662912	-104.610881934509	69.6618522085667	0	0	0	0	0	1.5	1.5	1.5	1.5	1.5	1.5
114.18945882597	0.0623273099159974	1.00563343543274	-104.562371737366	69.7378933084256	0	0	0	0	0	1.5	1.5	1.5	1.5	1.5	1.5
114.279655870856	0.0701978641444424	1.01161012496938	-104.514289803747	69.8142058915472	0	0	0	0	0	1.5	1.5	1.5	1.5	1.5	1.5
114.369852915742	0.0780684183728888	1.01829671523905	-104.466692032314	69.8908213517582	0	0	0	0	0	1.5	1.5	1.5	1.5	1.5	1.5
114.460049960629	0.0859389726013326	1.02569320624173	-104.419634946924	69.9677700393708	0	0	0	0	0	1.5	1.5	1.5	1.5	1.5	1.5
114.550247005515	0.0938095268297765	1.03379959797744	-104.373175753806	70.0450811364031	0	0	0	0	0	1.5	1.5	1.5	1.5	1.5	1.5
114.640444050401	0.101680081058222	1.04261589044618	-104.327372394546	70.122782529476	0	0	0	0	0	1.5	1.5	1.5	1.5	1.5	1.5
114.730641095287	0.109550635286665	1.05214208364793	-104.282283594389	70.2009006802313	0	0	0	0	0	1.5	1.5	1.5	1.5	1.5	1.5
114.820838140174	0.117421189515109	1.06237817758271	-104.237968905387	70.2794604931414	0	0	0	0	0	1.5	1.5	1.5	1.5	1.5	1.5
114.91103518506	0.124335569518537	1.07332021036888	-104.194488734285	70.3584851753785	0	0	0	0	0	1.5	1.5	1.5	1.5	1.5	1.5
115.001232229946	0.121798900221952	1.0844205112765	-104.151888207589	70.4379874929255	0	0	0	0	0	1.5	1.5	1.5	1.5	1.5	1.5
115.091429274832	0.119262230925366	1.09529201210971	-104.110163629867	70.5179530254519	0	0	0	0	0	1.5	1.5	1.5	1.5	1.5	1.5
115.181626319718	0.116725561628781	1.10593471286851	-104.069301638529	70.5983627747327	0	0	0	0	0	1.5	1.5	1.5	1.5	1.5	1.5
115.271823364605	0.114188892332196	1.11634861355291	-104.029288466196	70.6791982831528	0	0	0	0	0	1.5	1.5	1.5	1.5	1.5	1.5
115.362020409491	0.111652223035611	1.1265337141629	-103.990109959095	70.7604416284695	0	0	0	0	0	1.5	1.5	1.5	1.5	1.5	1.5
115.452217454377	0.109115553739025	1.13649001469849	-103.951751594909	70.8420754180307	0	0	0	0	0	1.5	1.5	1.5	1.5	1.5	1.5
115.542414499263	0.10657888444244	1.14621751515967	-103.914198500077	70.9240827824746	0	0	0	0	0	1.5	1.5	1.5	1.5	1.5	1.5
115.63261154415	0.104042215145854	1.15571621554645	-103.877435466554	71.0064473689361	0	0	0	0	0	1.5	1.5	1.5	1.5	1.5	1.5
115.722808589036	0.101505545849269	1.16498611585882	-103.841446968023	71.0891533337847	0	0	0	0	0	1.5	1.5	1.5	1.5	1.5	1.5
115.813005633922	0.0989688765526838	1.17402721609679	-103.806217175572	71.1721853349182	0	0	0	0	0	1.5	1.5	1.5	1.5	1.5	1.5
115.903202678808	0.0965158326071722	1.18283954629977	-103.771729972846	71.2555285236373	0	0	0	0	0	1.5	1.5	1.5	1.5	1.5	1.5
115.993399723695	0.104478131454957	1.19190407709895	-103.737982501812	71.3391739622122	0	0	0	0	0	1.5	1.5	1.5	1.5	1.5	1.5
116.083596768581	0.112440430302743	1.20168678372471	-103.705024778873	71.4231336580052	0	0	0	0	0	1.5	1.5	1.5	1.5	1.5	1.5
116.173793813467	0.12040272915053	1.21218766617705	-103.672920257741	71.5074232295193	0	0	0	0	0	1.5	1.5	1.5	1.5	1.5	1.5
116.263990858353	0.128365027998315	1.22340672445595	-103.641733014302	71.5920564228573	0	0	0	0	0	1.5	1.5	1.5	1.5	1.5	1.5
116.35418790324	0.1363273268461	1.23534395856142	-103.61152775574	71.6770449670767	0	0	0	0	0	1.5	1.5	1.5	1.5	1.5	1.5
116.444384948126	0.144289625693886	1.24799936849346	-103.582369822289	71.7623984276762	0	0	0	0	0	1.5	1.5	1.5	1.5	1.5	1.5
116.534581993012	0.152251924541671	1.26137295425207	-103.554325181059	71.8481240582926	0	0	0	0	0	1.5	1.5	1.5	1.5	1.5	1.5
116.624779037898	0.160214223389456	1.27546471583726	-103.527460411393	71.9342266507304	0	0	0	0	0	1.5	1.5	1.5	1.5	1.5	1.5
116.714976082784	0.168176522237242	1.29027465324902	-103.501842681177	72.0207083834861	0	0	0	0	0	1.5	1.5	1.5	1.5	1.5	1.5
116.805173127671	0.176138821085029	1.30580276648735	-103.477539713563	72.1075686689785	0	0	0	0	0	1.5	1.5	1.5	1.5	1.5	1.5
116.895370172557	0.184101119932814	1.32204905555225	-103.454619743525	72.1948039997433	0	0	0	0	0	1.5	1.5	1.5	1.5	1.5	1.5
116.985567217443	0.17789432029563	1.33842815499615	-103.433135788186	72.2824040259694	0	0	0	0	0	1.5	1.5	1.5	1.5	1.5	1.5
117.075764262329	0.170389135423572	1.35413522424047	-103.413060097753	72.3703375593649	0	0	0	0	0	1.5	1.5	1.5	1.5	1.5	1.5
117.165961307216	0.162883950551512	1.36916534798801	-103.394338123711	72.4585693078237	0	0	0	0	0	1.5	1.5	1.5	1.5	1.5	1.5
117.256158352102	0.155378765679454	1.38351852623875	-103.376914379132	72.5470666544393	0	0	0	0	0	1.5	1.5	1.5	1.5	1.5	1.5
117.346355396988	0.147873580807395	1.39719475899272	-103.360732556497	72.6357995610357	0	0	0	0	0	1.5	1.5	1.5	1.5	1.5	1.5
117.436552441874	0.140368395935335	1.4101940462499	-103.345735625018	72.7247404649292	0	0	0	0	0	1.5	1.5	1.5	1.5	1.5	1.5
117.526749486761	0.132863211063275	1.4225163880103	-103.331865919794	72.8138641724216	0	0	0	0	0	1.5	1.5	1.5	1.5	1.5	1.5
117.616946531647	0.125358026191217	1.43416178427391	-103.31906522311	72.903147749435	0	0	0	0	0	1.5	1.5	1.5	1.5	1.5	1.5
117.707143576533	0.117852841319158	1.44513023504073	-103.307274838225	72.9925704096642	0	0	0	0	0	1.5	1.5	1.5	1.5	1.5	1.5
117.797340621419	0.110347656447099	1.45542174031077	-103.296435655979	73.0821134005873	0	0	0	0	0	1.5	1.5	1.5	1.5	1.5	1.5
117.887537666305	0.10284247157504	1.46503630008403	-103.286488214609	73.1717598876408	0	0	0	0	0	1.5	1.5	1.5	1.5	1.5	1.5
117.977734711192	0.0996350766490546	1.47413442498173	-103.277376730136	73.261495230156	0	0	0	0	0	1.5	1.5	1.5	1.5	1.5	1.5
118.067931756078	0.0973196713098668	1.48301679310283	-103.269072069634	73.351308848451	0	0	0	0	0	1.5	1.5	1.5	1.5	1.5	1.5
118.158128800964	0.095004265970679	1.49169031850462	-103.261556096964	73.4411919172559	0	0	0	0	0	1.5	1.5	1.5	1.5	1.5	1.5
118.24832584585	0.0926888606314909	1.50015500118711	-103.254810607176	73.5311361038219	0	0	0	0	0	1.5	1.5	1.5	1.5	1.5	1.5
118.338522890737	0.0903734552923031	1.50841084115029	-103.248817300393	73.621133553623	0	0	0	0	0	1.5	1.5	1.5	1.5	1.5	1.5
118.428719935623	0.0880580499531154	1.51645783839416	-103.24355779074	73.7111768796575	0	0	0	0	0	1.5	1.5	1.5	1.5	1.5	1.5
118.518916980509	0.0857426446139272	1.52429599291872	-103.239013614785	73.8012591516047	0	0	0	0	0	1.5	1.5	1.5	1.5	1.5	1.5
118.609114025395	0.0834272392747388	1.53192530472397	-103.235166239516	73.8913738848495	0	0	0	0	0	1.5	1.5	1.5	1.5	1.5	1.5
118.699311070282	0.081111833935551	1.53934577380991	-103.231997069854	73.9815150293882	0	0	0	0	0	1.5	1.5	1.5	1.5	1.5	1.5
118.789508115168	0.0787964285963632	1.54655740017655	-103.229487455719	74.0716769586249	0	0	0	0	0	1.5	1.5	1.5	1.5	1.5	1.5
118.879705160054	0.0764810232571755	1.55356018382388	-103.227618698656	74.1618544580712	0	0	0	0	0	1.5	1.5	1.5	1.5	1.5	1.5
118.96990220494	0.0757035183377983	1.56040575509641	-103.22637321351	74.2520427274519	0	0	0	0	0	1.5	1.5	1.5	1.5	1.5	1.5
119.060099249826	0.0754540340513091	1.56722273736528	-103.225743625948	74.3422374003553	0	0	0	0	0	1.5	1.5	1.5	1.5	1.5	1.5
119.150296294713	0.0752045497648199	1.57401721688876	-103.2257278889	74.4324342703711	0	0	0	0	0	1.5	1.5	1.5	1.5	1.5	1.5
119.240493339599	0.0749550654783306	1.58078919366685	-103.226323973477	74.5226291732119	0	0	0	0	0	1.5	1.5	1.5	1.5	1.5	1.5
119.330690384485	0.0747055811918414	1.58753866769956	-103.227529822772	74.6128179859829	0	0	0	0	0	1.5	1.5	1.5	1.5	1.5	1.5
119.420887429371	0.0744560969053523	1.59426563898688	-103.229343352419	74.7029966272311	0	0	0	0	0	1.5	1.5	1.5	1.5	1.5	1.5
119.511084474258	0.0742066126188631	1.60097010752881	-103.231762451145	74.7931610569882	0	0	0	0	0	1.5	1.5	1.5	1.5	1.5	1.5
119.601281519144	0.0739571283323739	1.60765207332536	-103.234784981326	74.8833072768068	0	0	0	0	0	1.5	1.5	1.5	1.5	1.5	1.5
119.69147856403	0.0737076440458847	1.61431153637651	-103.238408779533	74.9734313297915	0	0	0	0	0	1.5	1.5	1.5	1.5	1.5	1.5
119.781675608916	0.0734581597593955	1.62094849668228	-103.242631657077	75.0635293006228	0	0	0	0	0	1.5	1.5	1.5	1.5	1.5	1.5
119.871872653803	0.0732086754729063	1.62756295424267	-103.247451400551	75.1535973155764	0	0	0	0	0	1.5	1.5	1.5	1.5	1.5	1.5
119.962069698689	0.0650401575339291	1.63392034372541	-103.252861149375	75.2436318304905	0	0	0	0	0	1.5	1.5	1.5	1.5	1.5	1.5
120.052266743575	0.0527335731955721	1.63923176496393	-103.258798326894	75.3336331509773	0	0	0	0	0	1.5	1.5	1.5	1.5	1.5	1.5
120.142463788461	0.040426988857217	1.64343316866248	-103.265163521842	75.4236052534224	0	0	0	0	0	1.5	1.5	1.5	1.5	1.5	1.5
120.232660833347	0.0281204045188619	1.64652455482107	-103.271856749821	75.513553578101	0	0	0	0	0	1.5	1.5	1.5	1.5	1.5	1.5
120.322857878234	0.0158138201805049	1.64850592343969	-103.278778100545	75.6034846580171	0	0	0	0	0	1.5	1.5	1.5	1.5	1.5	1.5
120.41305492312	0.00350723584214596	1.64937727451835	-103.285827719197	75.6934057859817	0	0	0	0	0	1.5	1.5	1.5	1.5	1.5	1.5
120.503251968006	-0.00879934849620911	1.64913860805705	-103.292905783559	75.7833246819855	0	0	0	0	0	1.5	1.5	1.5	1.5	1.5	1.5
120.593449012892	-0.0211059328345642	1.64778992405579	-103.299912478785	75.8732491607503	0	0	0	0	0	1.5	1.5	1.5	1.5	1.5	1.5
120.683646057779	-0.0334125171729212	1.64533122251456	-103.306747971635	75.9631867993194	0	0	0	0	0	1.5	1.5	1.5	1.5	1.5	1.5
120.773843102665	-0.0457191015112763	1.64176250343337	-103.313312386036	76.053144604548	0	0	0	0	0	1.5	1.5	1.5	1.5	1.5	1.5
120.864040147551	-0.0580256858496313	1.63708376681222	-103.319505781806	76.1431286803627	0	0	0	0	0	1.5	1.5	1.5	1.5	1.5	1.5
120.954237192437	-0.0649769465328727	1.6314326828493	-103.325230493347	76.2331437498459	0	0	0	0	0	1.5	1.5	1.5	1.5	1.5	1.5
121.044434237324	-0.0678885949602818	1.62544064324435	-103.330428565884	76.3231907520479	0	0	0	0	0	1.5	1.5	1.5	1.5	1.5	1.5
121.13463128221	-0.0708002433876905	1.61918598155551	-103.335075154423	76.4132678834305	0	0	0	0	0	1.5	1.5	1.5	1.5	1.5	1.5
121.224828327096	-0.0737118918150988	1.61266869778276	-103.339146421454	76.5033728383105	0	0	0	0	0	1.5	1.5	1.5	1.5	1.5	1.5
121.315025371982	-0.076623540242507	1.60588879192612	-103.342618531075	76.5935028565977	0	0	0	0	0	1.5	1.5	1.5	1.5	1.5	1.5
121.405222416869	-0.0795351886699157	1.59884626398557	-103.345467654196	76.6836547050427	0	0	0	0	0	1.5	1.5	1.5	1.5	1.5	1.5
121.495419461755	-0.0824468370973239	1.59154111396113	-103.34766997436	76.7738246585304	0	0	0	0	0	1.5	1.5	1.5	1.5	1.5	1.5
121.585616506641	-0.0853584855247322	1.58397334185278	-103.349201694213	76.8640084814272	0	0	0	0	0	1.5	1.5	1.5	1.5	1.5	1.5
121.675813551527	-0.0882701339521413	1.57614294766053	-103.350039042636	76.9542014089994	0	0	0	0	0	1.5	1.5	1.5	1.5	1.5	1.5
121.766010596413	-0.0911817823795495	1.56804993138439	-103.350158282582	77.0443981289128	0	0	0	0	0	1.5	1.5	1.5	1.5	1.5	1.5
121.8562076413	-0.0940934308069582	1.55969429302434	-103.349535719622	77.1345927628333	0	0	0	0	0	1.5	1.5	1.5	1.5	1.5	1.5
121.946404686186	-0.0992544427218467	1.55102696525122	-103.348146997796	77.2247788348132	0	0	0	0	0	1.5	1.5	1.5	1.5	1.5	1.5
122.036601731072	-0.106816479013251	1.54173347116247	-103.345950088898	77.314948796207	0	0	0	0	0	1.5	1.5	1.5	1.5	1.5	1.5
122.126798775958	-0.114378515304656	1.53175790374692	-103.342884551817	77.4050933574327	0	0	0	0	0	1.5	1.5	1.5	1.5	1.5	1.5
122.216995820845	-0.12194055159606	1.52110026300456	-103.338889210963	77.4952014433436	0	0	0	0	0	1.5	1.5	1.5	1.5	1.5	1.5
122.307192865731	-0.129502587887466	1.5097605489354	-103.333903065098	77.585260080201	0	0	0	0	0	1.5	1.5	1.5	1.5	1.5	1.5
122.397389910617	-0.13706462417887	1.49773876153943	-103.327865334826	77.6752542729785	0	0	0	0	0	1.5	1.5	1.5	1.5	1.5	1.5
122.487586955503	-0.144626660470275	1.48503490081664	-103.320715516945	77.7651668838367	0	0	0	0	0	1.5	1.5	1.5	1.5	1.5	1.5
122.57778400039	-0.152188696761679	1.47164896676706	-103.312393446051	77.8549785120305	0	0	0	0	0	1.5	1.5	1.5	1.5	1.5	1.5
122.667981045276	-0.159750733053082	1.45758095939067	-103.302839363789	77.9446673755528	0	0	0	0	0	1.5	1.5	1.5	1.5	1.5	1.5
122.758178090162	-0.167312769344486	1.44283087868747	-103.291993996141	78.0342091948472	0	0	0	0	0	1.5	1.5	1.5	1.5	1.5	1.5
122.848375135048	-0.174874805635893	1.42739872465746	-103.27979863909	78.1235770789655	0	0	0	0	0	1.5	1.5	1.5	1.5	1.5	1.5
122.938572179934	-0.177837209936944	1.41136598824125	-103.266196203576	78.2127415659092	0	0	0	0	0	1.5	1.5	1.5	1.5	1.5	1.5
123.028769224821	-0.173690803004008	1.39551259426025	-103.251168845386	78.3016770201464	0	0	0	0	0	1.5	1.5	1.5	1.5	1.5	1.5
123.118966269707	-0.169544396071071	1.3800331939315	-103.234750082115	78.3903661889981	0	0	0	0	0	1.5	1.5	1.5	1.5	1.5	1.5
123.209163314593	-0.165397989138134	1.36492778725499	-103.216977012468	78.4787939573122	0	0	0	0	0	1.5	1.5	1.5	1.5	1.5	1.5
123.299360359479	-0.161251582205198	1.35019637423073	-103.19788675893	78.5669467904975	0	0	0	0	0	1.5	1.5	1.5	1.5	1.5	1.5
123.389557404366	-0.157105175272262	1.33583895485871	-103.177516429008	78.6548126929458	0	0	0	0	0	1.5	1.5	1.5	1.5	1.5	1.5
123.479754449252	-0.152958768339324	1.32185552913894	-103.1559030794	78.7423811659184	0	0	0	0	0	1.5	1.5	1.5	1.5	1.5	1.5
123.569951494138	-0.148812361406387	1.30824609707142	-103.133083683022	78.8296431650077	0	0	0	0	0	1.5	1.5	1.5	1.5	1.5	1.5
123.660148539024	-0.14466595447345	1.29501065865615	-103.109095098808	78.9165910572767	0	0	0	0	0	1.5	1.5	1.5	1.5	1.5	1.5
123.750345583911	-0.140519547540514	1.28214921389312	-103.083974044219	79.0032185781684	0	0	0	0	0	1.5	1.5	1.5	1.5	1.5	1.5
123.840542628797	-0.136373140607578	1.26966176278234	-103.057757070385	79.089520788277	0	0	0	0	0	1.5	1.5	1.5	1.5	1.5	1.5
123.930739673683	-0.135141623851889	1.25750673367274	-103.030480163639	79.1754939086092	0	0	0	0	0	1.5	1.5	1.5	1.5	1.5	1.5
124.020936718569	-0.140212638119065	1.24508866330944	-103.002153565571	79.2611268823941	0	0	0	0	0	1.5	1.5	1.5	1.5	1.5	1.5
124.111133763455	-0.145283652386243	1.23221320244465	-102.972746295656	79.3463947367726	0	0	0	0	0	1.5	1.5	1.5	1.5	1.5	1.5
124.201330808342	-0.15035466665342	1.2188803510784	-102.942224234547	79.4312698813843	0	0	0	0	0	1.5	1.5	1.5	1.5	1.5	1.5
124.291527853228	-0.155425680920598	1.20509010921067	-102.910553993558	79.5157232638648	0	0	0	0	0	1.5	1.5	1.5	1.5	1.5	1.5
124.381724898114	-0.160496695187774	1.19084247684146	-102.87770297428	79.5997243341847	0	0	0	0	0	1.5	1.5	1.5	1.5	1.5	1.5
124.471921943	-0.165567709454951	1.17613745397078	-102.843639431392	79.6832410112652	0	0	0	0	0	1.5	1.5	1.5	1.5	1.5	1.5
124.562118987887	-0.170638723722128	1.16097504059862	-102.808332538732	79.76623965206	0	0	0	0	0	1.5	1.5	1.5	1.5	1.5	1.5
124.652316032773	-0.175709737989305	1.14535523672499	-102.771752458646	79.8486850232996	0	0	0	0	0	1.5	1.5	1.5	1.5	1.5	1.5
124.742513077659	-0.180780752256483	1.12927804234988	-102.733870414652	79.9305402761059	0	0	0	0	0	1.5	1.5	1.5	1.5	1.5	1.5
124.832710122545	-0.18585176652366	1.1127434574733	-102.694658767424	80.0117669236933	0	0	0	0	0	1.5	1.5	1.5	1.5	1.5	1.5
124.922907167432	-0.188598993714187	1.09577525302085	-102.654091238326	80.0923248963859	0	0	0	0	0	1.5	1.5	1.5	1.5	1.5	1.5
125.013104212318	-0.183425080588809	1.07899751695651	-102.61216493991	80.1721841573787	0	0	0	0	0	1.5	1.5	1.5	1.5	1.5	1.5
125.103301257204	-0.178251167463431	1.06268645256659	-102.568923188212	80.2513389263061	0	0	0	0	0	1.5	1.5	1.5	1.5	1.5	1.5
125.19349830209	-0.173077254338053	1.04684205985107	-102.524414423357	80.32978831482	0	0	0	0	0	1.5	1.5	1.5	1.5	1.5	1.5
125.283695346977	-0.167903341212673	1.03146433880996	-102.478686426014	80.4075333908321	0	0	0	0	0	1.5	1.5	1.5	1.5	1.5	1.5
125.373892391863	-0.162729428087294	1.01655328944325	-102.431786288489	80.4845771009457	0	0	0	0	0	1.5	1.5	1.5	1.5	1.5	1.5
125.464089436749	-0.157555514961916	1.00210891175096	-102.38376039053	80.5609241937557	0	0	0	0	0	1.5	1.5	1.5	1.5	1.5	1.5
125.554286481635	-0.152381601836538	0.988131205733067	-102.334654379642	80.6365811441448	0	0	0	0	0	1.5	1.5	1.5	1.5	1.5	1.5
125.644483526521	-0.14720768871116	0.974620171389585	-102.284513155738	80.7115560786891	0	0	0	0	0	1.5	1.5	1.5	1.5	1.5	1.5
125.734680571408	-0.142033775585781	0.961575808720509	-102.233380859923	80.7858587022676	0	0	0	0	0	1.5	1.5	1.5	1.5	1.5	1.5
125.824877616294	-0.136859862460403	0.948998117725842	-102.181300867214	80.8595002259607	0	0	0	0	0	1.5	1.5	1.5	1.5	1.5	1.5
125.91507466118	-0.1333784946145	0.9368758514327	-102.128315742883	80.9324932668125	0	0	0	0	0	1.5	1.5	1.5	1.5	1.5	1.5
126.005271706066	-0.13969159831731	0.924560793718072	-102.074448608941	81.004837830978	0	0	0	0	0	1.5	1.5	1.5	1.5	1.5	1.5
126.095468750953	-0.146004702020121	0.911676312705389	-102.019674282804	81.0764979143684	0	0	0	0	0	1.5	1.5	1.5	1.5	1.5	1.5
126.185665795839	-0.152317805722931	0.898222408394653	-101.963961062938	81.1474304267995	0	0	0	0	0	1.5	1.5	1.5	1.5	1.5	1.5
126.275862840725	-0.158630909425742	0.884199080785864	-101.907278653975	81.2175908009037	0	0	0	0	0	1.5	1.5	1.5	1.5	1.5	1.5
126.366059885611	-0.164944013128553	0.869606329879018	-101.849598262951	81.2869329599748	0	0	0	0	0	1.5	1.5	1.5	1.5	1.5	1.5
126.456256930498	-0.171257116831363	0.854444155674121	-101.790892699393	81.3554092905865	0	0	0	0	0	1.5	1.5	1.5	1.5	1.5	1.5
126.546453975384	-0.177570220534175	0.838712558171165	-101.731136479256	81.4229706203209	0	0	0	0	0	1.5	1.5	1.5	1.5	1.5	1.5
126.63665102027	-0.183883324236985	0.822411537370161	-101.670305932704	81.4895662009615	0	0	0	0	0	1.5	1.5	1.5	1.5	1.5	1.5
126.726848065156	-0.190196427939795	0.805541093271102	-101.608379315688	81.5551436975145	0	0	0	0	0	1.5	1.5	1.5	1.5	1.5	1.5
126.817045110042	-0.196509531642606	0.788101225873988	-101.545336925264	81.6196491834346	0	0	0	0	0	1.5	1.5	1.5	1.5	1.5	1.5
126.907242154929	-0.201650784620635	0.770094918097464	-101.481161222084	81.683027146078	0	0	0	0	0	1.5	1.5	1.5	1.5	1.5	1.5
126.997439199815	-0.187202065005577	0.752558229131528	-101.41585972429	81.7452446096923	0	0	0	0	0	1.5	1.5	1.5	1.5	1.5	1.5
127.087636244701	-0.172753345390517	0.736324771977258	-101.349516917037	81.8063507481328	0	0	0	0	0	1.5	1.5	1.5	1.5	1.5	1.5
127.177833289587	-0.158304625775454	0.721394546634654	-101.28222994195	81.8664158690174	0	0	0	0	0	1.5	1.5	1.5	1.5	1.5	1.5
127.268030334474	-0.143855906160396	0.707767553103722	-101.21409210302	81.9255142268642	0	0	0	0	0	1.5	1.5	1.5	1.5	1.5	1.5
127.35822737936	-0.129407186545338	0.695443791384458	-101.145193100787	81.9837236025167	0	0	0	0	0	1.5	1.5	1.5	1.5	1.5	1.5
127.448424424246	-0.114958466930277	0.684423261476861	-101.075619290783	82.0411249048483	0	0	0	0	0	1.5	1.5	1.5	1.5	1.5	1.5
127.538621469132	-0.100509747315219	0.674705963380933	-101.005453963326	82.0978017933759	0	0	0	0	0	1.5	1.5	1.5	1.5	1.5	1.5
127.628818514019	-0.0860610277001613	0.666291897096673	-100.93477764197	82.1538403202089	0	0	0	0	0	1.5	1.5	1.5	1.5	1.5	1.5
127.719015558905	-0.0716123080851032	0.659181062624081	-100.863668398067	82.2093285895846	0	0	0	0	0	1.5	1.5	1.5	1.5	1.5	1.5
127.809212603791	-0.0571635884700405	0.653373459963155	-100.792202179053	82.2643564330862	0	0	0	0	0	1.5	1.5	1.5	1.5	1.5	1.5
127.899409648677	-0.0427148688549801	0.648869089113898	-100.720453148222	82.3190150985158	0	0	0	0	0	1.5	1.5	1.5	1.5	1.5	1.5
127.989606693563	-0.0470963406558035	0.64484547576285	-100.648479614362	82.3733778279939	0	0	0	0	0	1.5	1.5	1.5	1.5	1.5	1.5
128.07980373845	-0.0520900015952955	0.640372318280787	-100.576275811401	82.4274343185982	0	0	0	0	0	1.5	1.5	1.5	1.5	1.5	1.5
128.170000783336	-0.0570836625347867	0.63544874733882	-100.503818842005	82.4811509645766	0	0	0	0	0	1.5	1.5	1.5	1.5	1.5	1.5
128.260197828222	-0.0620773234742779	0.630074762936947	-100.431086273232	82.5344938250584	0	0	0	0	0	1.5	1.5	1.5	1.5	1.5	1.5
128.350394873108	-0.0670709844137707	0.624250365075166	-100.358056184611	82.587428596817	0	0	0	0	0	1.5	1.5	1.5	1.5	1.5	1.5
128.440591917995	-0.0720646453532619	0.617975553753481	-100.284707216524	82.6399205875491	0	0	0	0	0	1.5	1.5	1.5	1.5	1.5	1.5
128.530788962881	-0.0770583062927532	0.61125032897189	-100.21101861943	82.6919346904363	0	0	0	0	0	1.5	1.5	1.5	1.5	1.5	1.5
128.620986007767	-0.0820519672322444	0.604074690730393	-100.136970303991	82.7434353601082	0	0	0	0	0	1.5	1.5	1.5	1.5	1.5	1.5
128.711183052653	-0.0870456281717372	0.596448639028988	-100.062542892131	82.7943865901226	0	0	0	0	0	1.5	1.5	1.5	1.5	1.5	1.5
128.80138009754	-0.0920392891112284	0.588372173867679	-99.9877177690825	82.8447518920872	0	0	0	0	0	1.5	1.5	1.5	1.5	1.5	1.5
128.891577142426	-0.0970329500507196	0.579845295246465	-99.9124771364449	82.8944942765447	0	0	0	0	0	1.5	1.5	1.5	1.5	1.5	1.5
128.981774187312	-0.0938021377757167	0.571195066076351	-99.8368087670836	82.943583521803	0	0	0	0	0	1.5	1.5	1.5	1.5	1.5	1.5
129.071971232198	-0.0894686866124607	0.562929822689513	-99.7607277730948	82.9920308431325	0	0	0	0	0	1.5	1.5	1.5	1.5	1.5	1.5
129.162168277084	-0.0851352354492047	0.55505544379176	-99.6842582797701	83.0398626469645	0	0	0	0	0	1.5	1.5	1.5	1.5	1.5	1.5
129.252365321971	-0.0808017842859487	0.547571929383091	-99.607423727515	83.0871058530008	0	0	0	0	0	1.5	1.5	1.5	1.5	1.5	1.5
129.342562366857	-0.0764683331226927	0.540479279463506	-99.5302468881884	83.1337878438636	0	0	0	0	0	1.5	1.5	1.5	1.5	1.5	1.5
129.432759411743	-0.0721348819594353	0.533777494033004	-99.4527498938581	83.1799364334899	0	0	0	0	0	1.5	1.5	1.5	1.5	1.5	1.5
129.522956456629	-0.0678014307961793	0.527466573091589	-99.3749542664565	83.2255798367388	0	0	0	0	0	1.5	1.5	1.5	1.5	1.5	1.5
129.613153501516	-0.0634679796329219	0.521546516639256	-99.2968809482691	83.2707466401596	0	0	0	0	0	1.5	1.5	1.5	1.5	1.5	1.5
129.703350546402	-0.0591345284696659	0.51601732467601	-99.2185503331915	83.315465773867	0	0	0	0	0	1.5	1.5	1.5	1.5	1.5	1.5
129.793547591288	-0.0548010773064099	0.510878997201848	-99.1399822986921	83.3597664844668	0	0	0	0	0	1.5	1.5	1.5	1.5	1.5	1.5
129.883744636174	-0.0504676261431538	0.50613153421677	-99.0611962384224	83.403678308974	0	0	0	0	0	1.5	1.5	1.5	1.5	1.5	1.5
129.973941681061	-0.0460135279017207	0.501779259986981	-98.9822111451928	83.4472311402105	0	0	0	0	0	1.5	1.5	1.5	1.5	1.5	1.5
130.064138725947	-0.0415282726357207	0.497831254130733	-98.9030459658849	83.4904557943136	0	0	0	0	0	1.5	1.5	1.5	1.5	1.5	1.5
130.154335770833	-0.0370430173697193	0.494287805045037	-98.8237194245258	83.5333836201134	0	0	0	0	0	1.5	1.5	1.5	1.5	1.5	1.5
130.244532815719	-0.032557762103718	0.491148912729895	-98.7442498880657	83.5760461680859	0	0	0	0	0	1.5	1.5	1.5	1.5	1.5	1.5
130.334729860606	-0.028072506837718	0.488414577185308	-98.6646554031336	83.6184751652922	0	0	0	0	0	1.5	1.5	1.5	1.5	1.5	1.5
130.424926905492	-0.023587251571718	0.486084798411274	-98.5849537340191	83.6607024925205	0	0	0	0	0	1.5	1.5	1.5	1.5	1.5	1.5
130.515123950378	-0.0191019963057181	0.484159576407794	-98.5051624009694	83.7027601619954	0	0	0	0	0	1.5	1.5	1.5	1.5	1.5	1.5
130.605320995264	-0.0146167410397181	0.482638911174868	-98.425298718755	83.7446802955806	0	0	0	0	0	1.5	1.5	1.5	1.5	1.5	1.5
130.69551804015	-0.0101314857737182	0.481522802712495	-98.3453798354591	83.786495103395	0	0	0	0	0	1.5	1.5	1.5	1.5	1.5	1.5
130.785715085037	-0.00564623050771679	0.480811251020675	-98.2654227714456	83.8282368627668	0	0	0	0	0	1.5	1.5	1.5	1.5	1.5	1.5
130.875912129923	-0.00116097524171541	0.480504256099409	-98.1854444584649	83.8699378974449	0	0	0	0	0	1.5	1.5	1.5	1.5	1.5	1.5
130.966109174809	-3.63450587658023e-05	0.480494536344251	-98.1054607234633	83.9116285323807	0	0	0	0	0	1.5	1.5	1.5	1.5	1.5	1.5
131.056306219695	-0.000298723258769007	0.480479425258212	-98.0254767775994	83.9533187627721	0	0	0	0	0	1.5	1.5	1.5	1.5	1.5	1.5
131.146503264582	-0.000561101458772211	0.480440648433891	-97.9454917084691	83.9950068380623	0	0	0	0	0	1.5	1.5	1.5	1.5	1.5	1.5
131.236700309468	-0.000823479658775416	0.480378205871287	-97.8655045296285	84.0366908652751	0	0	0	0	0	1.5	1.5	1.5	1.5	1.5	1.5
131.326897354354	-0.00108585785877862	0.4802920975704	-97.7855142549211	84.0783689512846	0	0	0	0	0	1.5	1.5	1.5	1.5	1.5	1.5
131.41709439924	-0.00134823605878191	0.48018232353123	-97.7055198986123	84.120039202745	0	0	0	0	0	1.5	1.5	1.5	1.5	1.5	1.5
131.507291444127	-0.00161061425878511	0.480048883753778	-97.6255204755238	84.1616997260211	0	0	0	0	0	1.5	1.5	1.5	1.5	1.5	1.5
131.597488489013	-0.0018729924587884	0.479891778238042	-97.5455150011678	84.2033486271177	0	0	0	0	0	1.5	1.5	1.5	1.5	1.5	1.5
131.687685533899	-0.0021353706587916	0.479711006984024	-97.4655024918822	84.2449840116105	0	0	0	0	0	1.5	1.5	1.5	1.5	1.5	1.5
131.777882578785	-0.00239774885879481	0.479506569991723	-97.3854819649644	84.2866039845762	0	0	0	0	0	1.5	1.5	1.5	1.5	1.5	1.5
131.868079623671	-0.00266012705879801	0.479278467261139	-97.3054524388064	84.3282066505227	0	0	0	0	0	1.5	1.5	1.5	1.5	1.5	1.5
131.958276668558	-0.00352999138762135	0.479009684632528	-97.2254127865946	84.3697898313995	0	0	0	0	0	1.5	1.5	1.5	1.5	1.5	1.5
132.048473713444	-0.00477056256135535	0.47863534191397	-97.1453598655418	84.4113474617697	0	0	0	0	0	1.5	1.5	1.5	1.5	1.5	1.5
132.13867075833	-0.00601113373508897	0.47814910334157	-97.0652890703622	84.4528706421041	0	0	0	0	0	1.5	1.5	1.5	1.5	1.5	1.5
132.228867803216	-0.00725170490882258	0.477550968915328	-96.9851957740499	84.4943504028236	0	0	0	0	0	1.5	1.5	1.5	1.5	1.5	1.5
132.319064848103	-0.00849227608255658	0.476840938635244	-96.9050753641816	84.5357777668094	0	0	0	0	0	1.5	1.5	1.5	1.5	1.5	1.5
132.409261892989	-0.00973284725629019	0.476019012501319	-96.8249232459351	84.5771437478647	0	0	0	0	0	1.5	1.5	1.5	1.5	1.5	1.5
132.499458937875	-0.0109734184300238	0.475085190513552	-96.7447348451131	84.6184393491859	0	0	0	0	0	1.5	1.5	1.5	1.5	1.5	1.5
132.589655982761	-0.0122139896037574	0.474039472671943	-96.6645056111724	84.6596555618455	0	0	0	0	0	1.5	1.5	1.5	1.5	1.5	1.5
132.679853027648	-0.0134545607774914	0.472881858976491	-96.5842310202608	84.7007833632884	0	0	0	0	0	1.5	1.5	1.5	1.5	1.5	1.5
132.770050072534	-0.014695131951225	0.471612349427199	-96.5039065782604	84.741813715843	0	0	0	0	0	1.5	1.5	1.5	1.5	1.5	1.5
132.86024711742	-0.0159357031249586	0.470230944024064	-96.4235278238404	84.782737565249	0	0	0	0	0	1.5	1.5	1.5	1.5	1.5	1.5
132.950444162306	-0.0160368517508832	0.468765091844529	-96.3430905307553	84.8235462324503	0	0	0	0	0	1.5	1.5	1.5	1.5	1.5	1.5
133.040641207192	-0.0151443574829408	0.467358865380094	-96.2625944243213	84.8642387675698	0	0	0	0	0	1.5	1.5	1.5	1.5	1.5	1.5
133.130838252079	-0.0142518632149986	0.466033139261205	-96.1820428072267	84.9048213093585	0	0	0	0	0	1.5	1.5	1.5	1.5	1.5	1.5
133.221035296965	-0.0133593689470562	0.464787913487862	-96.1014390881238	84.9453002708284	0	0	0	0	0	1.5	1.5	1.5	1.5	1.5	1.5
133.311232341851	-0.012466874679114	0.463623188060066	-96.0207866507367	84.9856820777463	0	0	0	0	0	1.5	1.5	1.5	1.5	1.5	1.5
133.401429386737	-0.0115743804111719	0.462538962977816	-95.9400888553981	85.0259731677868	0	0	0	0	0	1.5	1.5	1.5	1.5	1.5	1.5
133.491626431624	-0.0106818861432297	0.461535238241113	-95.8593490405903	85.0661799896944	0	0	0	0	0	1.5	1.5	1.5	1.5	1.5	1.5
133.58182347651	-0.00978939187528755	0.460612013849956	-95.7785705244908	85.1063090024539	0	0	0	0	0	1.5	1.5	1.5	1.5	1.5	1.5
133.672020521396	-0.00889689760734511	0.459769289804344	-95.6977566065228	85.1463666744696	0	0	0	0	0	1.5	1.5	1.5	1.5	1.5	1.5
133.762217566282	-0.00800440333940295	0.45900706610428	-95.6169105689084	85.186359482752	0	0	0	0	0	1.5	1.5	1.5	1.5	1.5	1.5
133.852414611169	-0.00711190907146051	0.458325342749761	-95.5360356782263	85.2262939121109	0	0	0	0	0	1.5	1.5	1.5	1.5	1.5	1.5
133.942611656055	-0.00709690462697483	0.457706417846403	-95.4551350817542	85.2661762407974	0	0	0	0	0	1.5	1.5	1.5	1.5	1.5	1.5
134.032808700941	-0.00816608394840483	0.457018079613587	-95.3742087744238	85.30600637219	0	0	0	0	0	1.5	1.5	1.5	1.5	1.5	1.5
134.123005745827	-0.00923526326983483	0.456233304565525	-95.2932531523794	85.3457768857392	0	0	0	0	0	1.5	1.5	1.5	1.5	1.5	1.5
134.213202790713	-0.0103044425912648	0.455352092702216	-95.2122644303901	85.3854799497291	0	0	0	0	0	1.5	1.5	1.5	1.5	1.5	1.5
134.3033998356	-0.0113736219126948	0.454374444023661	-95.1312388427625	85.4251077229155	0	0	0	0	0	1.5	1.5	1.5	1.5	1.5	1.5
134.393596880486	-0.0124428012341252	0.453300358529859	-95.050172645618	85.4646523534548	0	0	0	0	0	1.5	1.5	1.5	1.5	1.5	1.5
134.483793925372	-0.0135119805555555	0.452129836220811	-94.9690621191752	85.5041059778436	0	0	0	0	0	1.5	1.5	1.5	1.5	1.5	1.5
134.573990970258	-0.0145811598769855	0.450862877096516	-94.8879035700388	85.5434607198693	0	0	0	0	0	1.5	1.5	1.5	1.5	1.5	1.5
134.664188015145	-0.0156503391984155	0.449499481156975	-94.8066933334927	85.5827086895749	0	0	0	0	0	1.5	1.5	1.5	1.5	1.5	1.5
134.754385060031	-0.0167195185198455	0.448039648402188	-94.7254277758018	85.6218419822358	0	0	0	0	0	1.5	1.5	1.5	1.5	1.5	1.5
134.844582104917	-0.0177886978412755	0.446483378832154	-94.6441032965191	85.6608526773528	0	0	0	0	0	1.5	1.5	1.5	1.5	1.5	1.5
134.934779149803	-0.0182088921072818	0.444841226968144	-94.5627163800588	85.69973294095	0	0	0	0	0	1.5	1.5	1.5	1.5	1.5	1.5
135.02497619469	-0.0174784002307323	0.443231782813704	-94.4812659905046	85.738480059443	0	0	0	0	0	1.5	1.5	1.5	1.5	1.5	1.5
135.115173239576	-0.0167479083541825	0.441688226867842	-94.3997546166524	85.7770987236302	0	0	0	0	0	1.5	1.5	1.5	1.5	1.5	1.5
135.205370284462	-0.0160174164776328	0.440210559130558	-94.3181849973367	85.815594212074	0	0	0	0	0	1.5	1.5	1.5	1.5	1.5	1.5
135.295567329348	-0.0152869246010832	0.438798779601853	-94.2365598471781	85.8539718151322	0	0	0	0	0	1.5	1.5	1.5	1.5	1.5	1.5
135.385764374234	-0.0145564327245337	0.437452888281726	-94.1548818576116	85.8922368343856	0	0	0	0	0	1.5	1.5	1.5	1.5	1.5	1.5
135.475961419121	-0.0138259408479841	0.436172885170176	-94.0731536979193	85.9303945820747	0	0	0	0	0	1.5	1.5	1.5	1.5	1.5	1.5
135.566158464007	-0.0130954489714346	0.434958770267206	-93.9913780162666	85.9684503805425	0	0	0	0	0	1.5	1.5	1.5	1.5	1.5	1.5
135.656355508893	-0.0123649570948848	0.433810543572813	-93.909557440741	86.0064095616847	0	0	0	0	0	1.5	1.5	1.5	1.5	1.5	1.5
135.746552553779	-0.0116344652183353	0.432728205086998	-93.8276945803955	86.0442774664064	0	0	0	0	0	1.5	1.5	1.5	1.5	1.5	1.5
135.836749598666	-0.0109039733417857	0.431711754809762	-93.7457920262938	86.0820594440853	0	0	0	0	0	1.5	1.5	1.5	1.5	1.5	1.5
135.926946643552	-0.0103974204727912	0.430758428727832	-93.6638523430606	86.119760831375	0	0	0	0	0	1.5	1.5	1.5	1.5	1.5	1.5
136.017143688438	-0.0104851704452268	0.429816654732645	-93.5818771614884	86.1573849713797	0	0	0	0	0	1.5	1.5	1.5	1.5	1.5	1.5
136.107340733324	-0.0105729204176625	0.428866965949256	-93.499866434302	86.1949315680444	0	0	0	0	0	1.5	1.5	1.5	1.5	1.5	1.5
136.197537778211	-0.0106606703900982	0.427909362377664	-93.4178199382962	86.2323999384078	0	0	0	0	0	1.5	1.5	1.5	1.5	1.5	1.5
136.287734823097	-0.0107484203625339	0.42694384401787	-93.3357374521557	86.2697893987301	0	0	0	0	0	1.5	1.5	1.5	1.5	1.5	1.5
136.377931867983	-0.0108361703349696	0.425970410869873	-93.2536187564721	86.30709926449	0	0	0	0	0	1.5	1.5	1.5	1.5	1.5	1.5
136.468128912869	-0.0109239203074052	0.424989062933674	-93.171463633761	86.3443288503813	0	0	0	0	0	1.5	1.5	1.5	1.5	1.5	1.5
136.558325957756	-0.0110116702798409	0.423999800209272	-93.0892718684791	86.3814774703094	0	0	0	0	0	1.5	1.5	1.5	1.5	1.5	1.5
136.648523002642	-0.0110994202522766	0.423002622696667	-93.0070432470409	86.4185444373886	0	0	0	0	0	1.5	1.5	1.5	1.5	1.5	1.5
136.738720047528	-0.0111871702247123	0.42199753039586	-92.9247775578363	86.4555290639383	0	0	0	0	0	1.5	1.5	1.5	1.5	1.5	1.5
136.828917092414	-0.0112749201971479	0.420984523306851	-92.8424745912474	86.4924306614803	0	0	0	0	0	1.5	1.5	1.5	1.5	1.5	1.5
136.9191141373	-0.0114167780975509	0.419963145285955	-92.7601341386202	86.5292485383954	0	0	0	0	0	1.5	1.5	1.5	1.5	1.5	1.5
137.009311182187	-0.0117939840019365	0.418916374210489	-92.6777557303615	86.5659814121747	0	0	0	0	0	1.5	1.5	1.5	1.5	1.5	1.5
137.099508227073	-0.0121711899063222	0.417835580277135	-92.5953382931812	86.6026266323665	0	0	0	0	0	1.5	1.5	1.5	1.5	1.5	1.5
137.189705271959	-0.0125483958107078	0.416720763485891	-92.5128806766103	86.6391813520762	0	0	0	0	0	1.5	1.5	1.5	1.5	1.5	1.5
137.279902316845	-0.0129256017150935	0.415571923836757	-92.4303817394651	86.6756427204176	0	0	0	0	0	1.5	1.5	1.5	1.5	1.5	1.5
137.370099361732	-0.0133028076194792	0.414389061329735	-92.3478403501435	86.7120078824064	0	0	0	0	0	1.5	1.5	1.5	1.5	1.5	1.5
137.460296406618	-0.0136800135238648	0.413172175964823	-92.2652553869205	86.7482739788565	0	0	0	0	0	1.5	1.5	1.5	1.5	1.5	1.5
137.550493451504	-0.0140572194282506	0.411921267742022	-92.1826257382457	86.784438146277	0	0	0	0	0	1.5	1.5	1.5	1.5	1.5	1.5
137.64069049639	-0.0144344253326362	0.410636336661332	-92.0999503030403	86.8204975167714	0	0	0	0	0	1.5	1.5	1.5	1.5	1.5	1.5
137.730887541277	-0.0148116312370218	0.409317382722753	-92.0172279909959	86.8564492179387	0	0	0	0	0	1.5	1.5	1.5	1.5	1.5	1.5
137.821084586163	-0.0151888371414075	0.407964405926284	-91.9344577228732	86.8922903727757	0	0	0	0	0	1.5	1.5	1.5	1.5	1.5	1.5
137.911281631049	-0.0155575829520456	0.406577444457746	-91.8516384308472	86.9280180996877	0	0	0	0	0	1.5	1.5	1.5	1.5	1.5	1.5
138.001478675935	-0.0158502589177945	0.405160997196288	-91.768769118781	86.9636296520781	0	0	0	0	0	1.5	1.5	1.5	1.5	1.5	1.5
138.091675720821	-0.0161429348835434	0.403718151427612	-91.6858489797488	86.9991226941811	0	0	0	0	0	1.5	1.5	1.5	1.5	1.5	1.5
138.181872765708	-0.0164356108492922	0.402248907151715	-91.6028772494316	87.0344949631339	0	0	0	0	0	1.5	1.5	1.5	1.5	1.5	1.5
138.272069810594	-0.016728286815041	0.400753264368599	-91.519853173184	87.0697441922443	0	0	0	0	0	1.5	1.5	1.5	1.5	1.5	1.5
138.36226685548	-0.0170209627807897	0.399231223078264	-91.4367760062202	87.1048681109451	0	0	0	0	0	1.5	1.5	1.5	1.5	1.5	1.5
138.452463900366	-0.0173136387465385	0.397682783280708	-91.3536450137992	87.13986444475	0	0	0	0	0	1.5	1.5	1.5	1.5	1.5	1.5
138.542660945253	-0.0176063147122873	0.396107944975933	-91.2704594714111	87.1747309152106	0	0	0	0	0	1.5	1.5	1.5	1.5	1.5	1.5
138.632857990139	-0.0178989906780362	0.394506708163937	-91.1872186649637	87.2094652398756	0	0	0	0	0	1.5	1.5	1.5	1.5	1.5	1.5
138.723055035025	-0.018191666643785	0.392879072844722	-91.1039218909697	87.2440651322502	0	0	0	0	0	1.5	1.5	1.5	1.5	1.5	1.5
138.813252079911	-0.0184843426095339	0.391225039018287	-91.0205684567338	87.2785283017578	0	0	0	0	0	1.5	1.5	1.5	1.5	1.5	1.5
138.903449124798	-0.0187590208258784	0.389544617436522	-90.9371576805432	87.312852453707	0	0	0	0	0	1.5	1.5	1.5	1.5	1.5	1.5
138.993646169684	-0.0176930269989524	0.387900683939597	-90.8536896174212	87.3470370630007	0	0	0	0	0	1.5	1.5	1.5	1.5	1.5	1.5
139.08384321457	-0.0166270331720265	0.386352899935727	-90.7701671057332	87.3810884260174	0	0	0	0	0	1.5	1.5	1.5	1.5	1.5	1.5
139.174040259456	-0.0155610393451006	0.384901265424913	-90.6865936198422	87.4150144917119	0	0	0	0	0	1.5	1.5	1.5	1.5	1.5	1.5
139.264237304342	-0.0144950455181747	0.383545780407154	-90.6029725980847	87.448823224026	0	0	0	0	0	1.5	1.5	1.5	1.5	1.5	1.5
139.354434349229	-0.0134290516912484	0.382286444882451	-90.519307445047	87.4825226008467	0	0	0	0	0	1.5	1.5	1.5	1.5	1.5	1.5
139.444631394115	-0.0123630578643222	0.381123258850804	-90.4356015338483	87.5161206129787	0	0	0	0	0	1.5	1.5	1.5	1.5	1.5	1.5
139.534828439001	-0.0112970640373962	0.380056222312212	-90.3518582084297	87.5496252631341	0	0	0	0	0	1.5	1.5	1.5	1.5	1.5	1.5
139.625025483887	-0.0102310702104703	0.379085335266676	-90.2680807858493	87.5830445649345	0	0	0	0	0	1.5	1.5	1.5	1.5	1.5	1.5
139.715222528774	-0.00916507638354439	0.378210597714196	-90.1842725585826	87.6163865419269	0	0	0	0	0	1.5	1.5	1.5	1.5	1.5	1.5
139.80541957366	-0.00809908255661846	0.377432009654772	-90.1004367968275	87.6496592266107	0	0	0	0	0	1.5	1.5	1.5	1.5	1.5	1.5
139.895616618546	-0.00703308872969254	0.376749571088403	-90.0165767508141	87.6828706594764	0	0	0	0	0	1.5	1.5	1.5	1.5	1.5	1.5
139.985813663432	-0.00813508162726166	0.376072703819035	-89.9326947260813	87.7160265416488	0	0	0	0	0	1.5	1.5	1.5	1.5	1.5	1.5
140.076010708319	-0.00940928191773601	0.375281478945951	-89.8487883955864	87.7491208641909	0	0	0	0	0	1.5	1.5	1.5	1.5	1.5	1.5
140.166207753205	-0.0106834822082108	0.374375324972073	-89.7648540091934	87.7821439641394	0	0	0	0	0	1.5	1.5	1.5	1.5	1.5	1.5
140.256404798091	-0.0119576824986851	0.373354241897401	-89.6808878408785	87.8150861677349	0	0	0	0	0	1.5	1.5	1.5	1.5	1.5	1.5
140.346601842977	-0.0132318827891595	0.372218229721934	-89.5968861925402	87.8479377903369	0	0	0	0	0	1.5	1.5	1.5	1.5	1.5	1.5
140.436798887863	-0.0145060830796338	0.370967288445674	-89.5128453973503	87.8806891351794	0	0	0	0	0	1.5	1.5	1.5	1.5	1.5	1.5
140.52699593275	-0.0157802833701086	0.36960141806862	-89.4287618231116	87.9133304921443	0	0	0	0	0	1.5	1.5	1.5	1.5	1.5	1.5
140.617192977636	-0.0170544836605829	0.368120618590772	-89.3446318756237	87.9458521365544	0	0	0	0	0	1.5	1.5	1.5	1.5	1.5	1.5
140.707390022522	-0.0183286839510573	0.36652489001213	-89.2604520020564	87.9782443279891	0	0	0	0	0	1.5	1.5	1.5	1.5	1.5	1.5
140.797587067408	-0.0196028842415316	0.364814232332694	-89.1762186943328	88.0104973091233	0	0	0	0	0	1.5	1.5	1.5	1.5	1.5	1.5
140.887784112295	-0.0208770845320064	0.362988645552464	-89.0919284925207	88.0426013045921	0	0	0	0	0	1.5	1.5	1.5	1.5	1.5	1.5
140.977981157181	-0.021512145879251	0.361072328072262	-89.0075782042392	88.0745470911959	0	0	0	0	0	1.5	1.5	1.5	1.5	1.5	1.5
141.068178202067	-0.0220250279773283	0.359108865859981	-88.9231660914879	88.1063291539578	0	0	0	0	0	1.5	1.5	1.5	1.5	1.5	1.5
141.158375246953	-0.0225379100754058	0.357099143198079	-88.8386910079879	88.1379434614085	0	0	0	0	0	1.5	1.5	1.5	1.5	1.5	1.5
141.24857229184	-0.0230507921734831	0.355043160086555	-88.7541518325047	88.1693859779907	0	0	0	0	0	1.5	1.5	1.5	1.5	1.5	1.5
141.338769336726	-0.0235636742715605	0.352940916525409	-88.6695474679103	88.2006526599633	0	0	0	0	0	1.5	1.5	1.5	1.5	1.5	1.5
141.428966381612	-0.0240765563696378	0.350792412514642	-88.5848768417614	88.2317394552988	0	0	0	0	0	1.5	1.5	1.5	1.5	1.5	1.5
141.519163426498	-0.0245894384677153	0.348597648054253	-88.5001389068789	88.262642303587	0	0	0	0	0	1.5	1.5	1.5	1.5	1.5	1.5
141.609360471385	-0.0251023205657926	0.346356623144242	-88.4153326419301	88.2933571359449	0	0	0	0	0	1.5	1.5	1.5	1.5	1.5	1.5
141.699557516271	-0.02561520266387	0.34406933778461	-88.3304570520114	88.323879874932	0	0	0	0	0	1.5	1.5	1.5	1.5	1.5	1.5
141.789754561157	-0.0261280847619475	0.341735791975356	-88.2455111692339	88.3542064344723	0	0	0	0	0	1.5	1.5	1.5	1.5	1.5	1.5
141.879951606043	-0.0266409668600248	0.339355985716481	-88.1604940533101	88.3843327197824	0	0	0	0	0	1.5	1.5	1.5	1.5	1.5	1.5
141.970148650929	-0.0234635229645504	0.337055197512427	-88.0754057307942	88.4142573027107	0	0	0	0	0	1.5	1.5	1.5	1.5	1.5	1.5
142.060345695816	-0.0190739319811924	0.335136821145884	-87.9902542955584	88.4440018398011	0	0	0	0	0	1.5	1.5	1.5	1.5	1.5	1.5
142.150542740702	-0.0146843409978344	0.333614372914299	-87.9050518086605	88.4735998390483	0	0	0	0	0	1.5	1.5	1.5	1.5	1.5	1.5
142.240739785588	-0.010294750014475	0.332487852817671	-87.8198101907012	88.5030849643111	0	0	0	0	0	1.5	1.5	1.5	1.5	1.5	1.5
142.330936830474	-0.00590515903111699	0.331757260856002	-87.7345412282911	88.5324909261566	0	0	0	0	0	1.5	1.5	1.5	1.5	1.5	1.5
142.421133875361	-0.00151556804775761	0.331422597029291	-87.6492566140424	88.5618514677213	0	0	0	0	0	1.5	1.5	1.5	1.5	1.5	1.5
142.511330920247	0.00287402293560039	0.331483861337538	-87.563967986627	88.5912003507578	0	0	0	0	0	1.5	1.5	1.5	1.5	1.5	1.5
142.601527965133	0.00726361391895838	0.331941053780744	-87.4786869708699	88.6205713417891	0	0	0	0	0	1.5	1.5	1.5	1.5	1.5	1.5
142.691725010019	0.0116532049023164	0.332794174358907	-87.393425217853	88.6499981982895	0	0	0	0	0	1.5	1.5	1.5	1.5	1.5	1.5
142.781922054906	0.0160427958856744	0.334043223072029	-87.3081944450009	88.6795146548141	0	0	0	0	0	1.5	1.5	1.5	1.5	1.5	1.5
142.872119099792	0.0204323868690324	0.335688199920109	-87.2230064761209	88.7091544089968	0	0	0	0	0	1.5	1.5	1.5	1.5	1.5	1.5
142.962316144678	0.0178685681966362	0.337520263659293	-87.1378718974963	88.7389471613582	0	0	0	0	0	1.5	1.5	1.5	1.5	1.5	1.5
143.052513189564	0.0118171692996621	0.33885904655801	-87.0527852652449	88.768876590017	0	0	0	0	0	1.5	1.5	1.5	1.5	1.5	1.5
143.14271023445	0.00576577040268983	0.339652011158793	-86.9677305781892	88.7988966947204	0	0	0	0	0	1.5	1.5	1.5	1.5	1.5	1.5
143.232907279337	-0.000285628494282392	0.33989915746164	-86.8826915127422	88.8289610292271	0	0	0	0	0	1.5	1.5	1.5	1.5	1.5	1.5
143.323104324223	-0.00633702739125461	0.339600485466554	-86.7976516728802	88.8590231728402	0	0	0	0	0	1.5	1.5	1.5	1.5	1.5	1.5
143.413301369109	-0.0123884262882268	0.338755995173532	-86.7125946661676	88.889036703596	0	0	0	0	0	1.5	1.5	1.5	1.5	1.5	1.5
143.503498413995	-0.0184398251851991	0.337365686582576	-86.6275041797845	88.9189551714621	0	0	0	0	0	1.5	1.5	1.5	1.5	1.5	1.5
143.593695458882	-0.0244912240821732	0.335429559693684	-86.5423640566313	88.9487320717528	0	0	0	0	0	1.5	1.5	1.5	1.5	1.5	1.5
143.683892503768	-0.0305426229791454	0.332947614506859	-86.4571583715822	88.9783208189701	0	0	0	0	0	1.5	1.5	1.5	1.5	1.5	1.5
143.774089548654	-0.0365940218761195	0.329919851022097	-86.3718715079567	89.0076747212777	0	0	0	0	0	1.5	1.5	1.5	1.5	1.5	1.5
143.86428659354	-0.0426454207730917	0.326346269239402	-86.2864882342797	89.0367469558182	0	0	0	0	0	1.5	1.5	1.5	1.5	1.5	1.5
143.954483638427	-0.0425798746486336	0.322386626821643	-86.2009946640545	89.0654931829439	0	0	0	0	0	1.5	1.5	1.5	1.5	1.5	1.5
144.044680683313	-0.0380686994359525	0.318749495293284	-86.1153916493635	89.093911870662	0	0	0	0	0	1.5	1.5	1.5	1.5	1.5	1.5
144.134877728199	-0.0335575242232714	0.315519258438073	-86.0296915487249	89.1220364609834	0	0	0	0	0	1.5	1.5	1.5	1.5	1.5	1.5
144.225074773085	-0.0290463490105889	0.312695916256009	-85.9439067047652	89.1499015295635	0	0	0	0	0	1.5	1.5	1.5	1.5	1.5	1.5
144.315271817971	-0.0245351737979078	0.310279468747094	-85.8580491441194	89.1775417579549	0	0	0	0	0	1.5	1.5	1.5	1.5	1.5	1.5
144.405468862858	-0.0200239985852252	0.308269915911326	-85.7721306194841	89.2049919180827	0	0	0	0	0	1.5	1.5	1.5	1.5	1.5	1.5
144.495665907744	-0.0155128233725441	0.306667257748707	-85.6861626518597	89.2322868572752	0	0	0	0	0	1.5	1.5	1.5	1.5	1.5	1.5
144.58586295263	-0.011001648159863	0.305471494259235	-85.6001565729465	89.2594614837664	0	0	0	0	0	1.5	1.5	1.5	1.5	1.5	1.5
144.676059997516	-0.00649047294718194	0.304682625442912	-85.5141235676669	89.2865507525825	0	0	0	0	0	1.5	1.5	1.5	1.5	1.5	1.5
144.766257042403	-0.00197929773450084	0.304300651299736	-85.4280747167828	89.3135896517269	0	0	0	0	0	1.5	1.5	1.5	1.5	1.5	1.5
144.856454087289	0.00253187747818168	0.304325571829708	-85.3420210395807	89.3406131885776	0	0	0	0	0	1.5	1.5	1.5	1.5	1.5	1.5
144.946651132175	0.00424039809024021	0.304695165354952	-85.2559732603437	89.3676554978981	0	0	0	0	0	1.5	1.5	1.5	1.5	1.5	1.5
145.036848177061	0.00305832988970047	0.305024327202561	-85.1699355268828	89.3947297523389	0	0	0	0	0	1.5	1.5	1.5	1.5	1.5	1.5
145.127045221948	0.00187626168916036	0.305246869991628	-85.0839052649802	89.4218277395239	0	0	0	0	0	1.5	1.5	1.5	1.5	1.5	1.5
145.217242266834	0.000694193488620623	0.305362793722152	-84.9978795900609	89.4489402855433	0	0	0	0	0	1.5	1.5	1.5	1.5	1.5	1.5
145.30743931172	-0.000487874711919116	0.305372098394134	-84.9118556128928	89.4760582179535	0	0	0	0	0	1.5	1.5	1.5	1.5	1.5	1.5
145.397636356606	-0.00166994291245885	0.305274784007572	-84.8258304425209	89.5031723648539	0	0	0	0	0	1.5	1.5	1.5	1.5	1.5	1.5
145.487833401493	-0.00285201111299897	0.305070850562469	-84.739801189201	89.5302735539626	0	0	0	0	0	1.5	1.5	1.5	1.5	1.5	1.5
145.578030446379	-0.0040340793135387	0.304760298058822	-84.6537649673337	89.557352611692	0	0	0	0	0	1.5	1.5	1.5	1.5	1.5	1.5
145.668227491265	-0.00521614751407844	0.304343126496633	-84.5677188983993	89.5844003622274	0	0	0	0	0	1.5	1.5	1.5	1.5	1.5	1.5
145.758424536151	-0.00639821571461818	0.303819335875901	-84.4816601138932	89.6114076266094	0	0	0	0	0	1.5	1.5	1.5	1.5	1.5	1.5
145.848621581037	-0.00758028391515829	0.303188926196626	-84.3955857582636	89.6383652218212	0	0	0	0	0	1.5	1.5	1.5	1.5	1.5	1.5
145.938818625924	-0.00841577668318049	0.302458235070795	-84.3094930148707	89.6652640336355	0	0	0	0	0	1.5	1.5	1.5	1.5	1.5	1.5
146.02901567081	-0.00874310845333083	0.301684394704367	-84.2233799506559	89.6920977190285	0	0	0	0	0	1.5	1.5	1.5	1.5	1.5	1.5
146.119212715696	-0.00907044022348107	0.300881029979575	-84.1372457522745	89.7188634870511	0	0	0	0	0	1.5	1.5	1.5	1.5	1.5	1.5
146.209409760582	-0.00939777199363131	0.300048140896417	-84.0510896851002	89.7455587773651	0	0	0	0	0	1.5	1.5	1.5	1.5	1.5	1.5
146.299606805469	-0.00972510376378154	0.299185727454894	-83.9649110207639	89.7721810277428	0	0	0	0	0	1.5	1.5	1.5	1.5	1.5	1.5
146.389803850355	-0.0100524355339318	0.298293789655007	-83.8787090373822	89.7987276740075	0	0	0	0	0	1.5	1.5	1.5	1.5	1.5	1.5
146.480000895241	-0.010379767304082	0.297372327496755	-83.792483019786	89.8251961499753	0	0	0	0	0	1.5	1.5	1.5	1.5	1.5	1.5
146.570197940127	-0.0107070990742324	0.296421340980137	-83.70623225975	89.8515838873979	0	0	0	0	0	1.5	1.5	1.5	1.5	1.5	1.5
146.660394985014	-0.0110344308443827	0.295440830105154	-83.6199560562217	89.8778883159063	0	0	0	0	0	1.5	1.5	1.5	1.5	1.5	1.5
146.7505920299	-0.0113617626145329	0.294430794871807	-83.5336537155515	89.904106862956	0	0	0	0	0	1.5	1.5	1.5	1.5	1.5	1.5
146.840789074786	-0.0116890943846832	0.293391235280095	-83.4473245517222	89.9302369537724	0	0	0	0	0	1.5	1.5	1.5	1.5	1.5	1.5
146.930986119672	-0.0117167046516109	0.292326457782235	-83.3609678984708	89.9562760507977	0	0	0	0	0	1.5	1.5	1.5	1.5	1.5	1.5
147.021183164558	-0.0111032771987878	0.291297310318604	-83.2745838908326	89.9822242571421	0	0	0	0	0	1.5	1.5	1.5	1.5	1.5	1.5
147.111380209445	-0.0104898497459647	0.290323492198469	-83.1881739394379	90.0080859385107	0	0	0	0	0	1.5	1.5	1.5	1.5	1.5	1.5
147.201577254331	-0.00987642229314144	0.28940500342183	-83.1017395572281	90.0338658513546	0	0	0	0	0	1.5	1.5	1.5	1.5	1.5	1.5
147.291774299217	-0.00926299484031817	0.288541843988689	-83.0152822435941	90.0595687562541	0	0	0	0	0	1.5	1.5	1.5	1.5	1.5	1.5
147.381971344103	-0.00864956738749508	0.287734013899044	-82.928803485163	90.0851994176572	0	0	0	0	0	1.5	1.5	1.5	1.5	1.5	1.5
147.47216838899	-0.008036139934672	0.286981513152896	-82.8423047565851	90.1107626036221	0	0	0	0	0	1.5	1.5	1.5	1.5	1.5	1.5
147.562365433876	-0.00742271248184892	0.286284341750245	-82.755787521323	90.1362630855637	0	0	0	0	0	1.5	1.5	1.5	1.5	1.5	1.5
147.652562478762	-0.00680928502902584	0.28564249969109	-82.6692532324409	90.1617056380016	0	0	0	0	0	1.5	1.5	1.5	1.5	1.5	1.5
147.742759523648	-0.00619585757620276	0.285055986975433	-82.5827033333953	90.1870950383126	0	0	0	0	0	1.5	1.5	1.5	1.5	1.5	1.5
147.832956568535	-0.00558243012337968	0.284524803603272	-82.4961392588259	90.212436066485	0	0	0	0	0	1.5	1.5	1.5	1.5	1.5	1.5
147.923153613421	-0.00484445562340065	0.284050251565731	-82.409562437891	90.2377335135854	0	0	0	0	0	1.5	1.5	1.5	1.5	1.5	1.5
148.013350658307	-0.00369372282576188	0.283665192333318	-82.3229746635755	90.2629934451896	0	0	0	0	0	1.5	1.5	1.5	1.5	1.5	1.5
148.103547703193	-0.00254299002812347	0.283383925798706	-82.2363784781444	90.2882245276326	0	0	0	0	0	1.5	1.5	1.5	1.5	1.5	1.5
148.193744748079	-0.00139225723048507	0.283206451961894	-82.1497765075615	90.3134357468789	0	0	0	0	0	1.5	1.5	1.5	1.5	1.5	1.5
148.283941792966	-0.000241524432846662	0.283132770822884	-82.0631713716058	90.3386360906959	0	0	0	0	0	1.5	1.5	1.5	1.5	1.5	1.5
148.374138837852	0.000909208364791744	0.283162882381673	-81.9765656866701	90.363834547837	0	0	0	0	0	1.5	1.5	1.5	1.5	1.5	1.5
148.464335882738	0.00205994116243051	0.283296786638264	-81.8899620685598	90.3890401072265	0	0	0	0	0	1.5	1.5	1.5	1.5	1.5	1.5
148.554532927624	0.00321067396006892	0.283534483592655	-81.8033631352917	90.414261757145	0	0	0	0	0	1.5	1.5	1.5	1.5	1.5	1.5
148.644729972511	0.00436140675770733	0.283875973244846	-81.7167715098926	90.4395084844134	0	0	0	0	0	1.5	1.5	1.5	1.5	1.5	1.5
148.734927017397	0.0055121395553461	0.284321255594839	-81.630189823197	90.4647892735747	0	0	0	0	0	1.5	1.5	1.5	1.5	1.5	1.5
148.825124062283	0.0066628723529845	0.284870330642632	-81.543620716644	90.490113106071	0	0	0	0	0	1.5	1.5	1.5	1.5	1.5	1.5
148.915321107169	0.0071076408503369	0.285518583098809	-81.4570668394067	90.5154889401153	0	0	0	0	0	1.5	1.5	1.5	1.5	1.5	1.5
149.005518152056	0.00338837485994448	0.285991937898883	-81.3705280836314	90.5409162974669	0	0	0	0	0	1.5	1.5	1.5	1.5	1.5	1.5
149.095715196942	-0.000330891130449104	0.286129825897477	-81.2839971023027	90.5663701019438	0	0	0	0	0	1.5	1.5	1.5	1.5	1.5	1.5
149.185912241828	-0.00405015712084152	0.285932247094592	-81.1974653614058	90.5918213238361	0	0	0	0	0	1.5	1.5	1.5	1.5	1.5	1.5
149.276109286714	-0.00776942311123394	0.285399201490227	-81.1109243295248	90.6172409326703	0	0	0	0	0	1.5	1.5	1.5	1.5	1.5	1.5
149.3663063316	-0.0114886891016264	0.284530689084384	-81.0243655070627	90.6425998886328	0	0	0	0	0	1.5	1.5	1.5	1.5	1.5	1.5
149.456503376487	-0.0152079550920199	0.28332670987706	-80.9377804554754	90.6678691340473	0	0	0	0	0	1.5	1.5	1.5	1.5	1.5	1.5
149.546700421373	-0.0189272210824124	0.281787263868258	-80.8511608265371	90.6930195849545	0	0	0	0	0	1.5	1.5	1.5	1.5	1.5	1.5
149.636897466259	-0.0226464870728048	0.279912351057977	-80.7644983916484	90.7180221228432	0	0	0	0	0	1.5	1.5	1.5	1.5	1.5	1.5
149.727094511145	-0.0263657530631984	0.277701971446215	-80.6777850712029	90.742847586583	0	0	0	0	0	1.5	1.5	1.5	1.5	1.5	1.5
149.817291556032	-0.0300850190535908	0.275156125032975	-80.5910129640235	90.7674667646055	0	0	0	0	0	1.5	1.5	1.5	1.5	1.5	1.5
149.907488600918	-0.033266491499313	0.272276222063565	-80.5041743775459	90.7918503897617	0	0	0	0	0	1.5	1.5	1.5	1.5	1.5	1.5
149.997685645804	-0.0277366714497475	0.269525069550206	-80.4172658183567	90.8159834399563	0	0	0	0	0	1.5	1.5	1.5	1.5	1.5	1.5
150.08788269069	-0.0222068514001803	0.267272690464069	-80.3302971469204	90.8398989924814	0	0	0	0	0	1.5	1.5	1.5	1.5	1.5	1.5
150.178079735577	-0.0166770313506148	0.265519084805157	-80.2432807400607	90.8636403015397	0	0	0	0	0	1.5	1.5	1.5	1.5	1.5	1.5
150.268276780463	-0.0111472113010494	0.264264252573469	-80.1562287140898	90.8872506935365	0	0	0	0	0	1.5	1.5	1.5	1.5	1.5	1.5
150.358473825349	-0.00561739125148215	0.263508193769003	-80.0691529895224	90.9107735485276	0	0	0	0	0	1.5	1.5	1.5	1.5	1.5	1.5
150.448670870235	-8.75712019166863e-05	0.263250908391761	-79.9820653559244	90.9342522821564	0	0	0	0	0	1.5	1.5	1.5	1.5	1.5	1.5
150.538867915122	0.00544224884764878	0.263492396441743	-79.8949775368498	90.9577303279161	0	0	0	0	0	1.5	1.5	1.5	1.5	1.5	1.5
150.629064960008	0.0109720688972142	0.264232657918948	-79.8079012548238	90.9812511195783	0	0	0	0	0	1.5	1.5	1.5	1.5	1.5	1.5
150.719262004894	0.0165018889467797	0.265471692823377	-79.7208482963252	91.004858073622	0	0	0	0	0	1.5	1.5	1.5	1.5	1.5	1.5
150.80945904978	0.0220317089963469	0.267209501155029	-79.6338305767262	91.0285945715053	0	0	0	0	0	1.5	1.5	1.5	1.5	1.5	1.5
150.899656094666	0.0275615290459141	0.269446082913905	-79.5468602051445	91.0525039416141	0	0	0	0	0	1.5	1.5	1.5	1.5	1.5	1.5
150.989853139553	0.0220447894100269	0.271697486355521	-79.4599457608189	91.076615823187	0	0	0	0	0	1.5	1.5	1.5	1.5	1.5	1.5
151.080050184439	0.0162031988808616	0.273422414113862	-79.3730794240544	91.1009004772511	0	0	0	0	0	1.5	1.5	1.5	1.5	1.5	1.5
151.170247229325	0.0103616083516963	0.274620447669036	-79.2862486660275	91.1253120603722	0	0	0	0	0	1.5	1.5	1.5	1.5	1.5	1.5
151.260444274211	0.00452001782253098	0.275291587021044	-79.1994407570912	91.1498047846756	0	0	0	0	0	1.5	1.5	1.5	1.5	1.5	1.5
151.350641319098	-0.00132157270663433	0.275435832169887	-79.112642839309	91.1743328982932	0	0	0	0	0	1.5	1.5	1.5	1.5	1.5	1.5
151.440838363984	-0.00716316323579965	0.275053183115563	-79.0258419987987	91.198850665127	0	0	0	0	0	1.5	1.5	1.5	1.5	1.5	1.5
151.53103540887	-0.0130047537649668	0.274143639858073	-78.9390253380346	91.2233123444641	0	0	0	0	0	1.5	1.5	1.5	1.5	1.5	1.5
151.621232453756	-0.018846344294134	0.272707202397416	-78.8521800481617	91.2476721706354	0	0	0	0	0	1.5	1.5	1.5	1.5	1.5	1.5
151.711429498643	-0.0246879348232993	0.270743870733594	-78.7652934813758	91.2718843329081	0	0	0	0	0	1.5	1.5	1.5	1.5	1.5	1.5
151.801626543529	-0.0305295253524646	0.268253644866606	-78.6783532234214	91.2959029558019	0	0	0	0	0	1.5	1.5	1.5	1.5	1.5	1.5
151.891823588415	-0.0363711158816299	0.265236524796451	-78.5913471662591	91.3196820800222	0	0	0	0	0	1.5	1.5	1.5	1.5	1.5	1.5
151.982020633301	-0.0340336799704583	0.262019092582325	-78.5042658378067	91.3431840395853	0	0	0	0	0	1.5	1.5	1.5	1.5	1.5	1.5
152.072217678187	-0.0306373713955689	0.259102523720875	-78.4171127729777	91.3664185920682	0	0	0	0	0	1.5	1.5	1.5	1.5	1.5	1.5
152.162414723074	-0.0272410628206783	0.2564922918564	-78.3298958284737	91.389412218955	0	0	0	0	0	1.5	1.5	1.5	1.5	1.5	1.5
152.25261176796	-0.0238447542457888	0.254188396988904	-78.2426226450255	91.4121914805189	0	0	0	0	0	1.5	1.5	1.5	1.5	1.5	1.5
152.342808812846	-0.0204484456708983	0.252190839118383	-78.1553006667085	91.4347829900468	0	0	0	0	0	1.5	1.5	1.5	1.5	1.5	1.5
152.433005857732	-0.0170521370960088	0.25049961824484	-78.0679371652865	91.4572134065679	0	0	0	0	0	1.5	1.5	1.5	1.5	1.5	1.5
152.523202902619	-0.0136558285211194	0.249114734368274	-77.9805392646248	91.4795094278458	0	0	0	0	0	1.5	1.5	1.5	1.5	1.5	1.5
152.613399947505	-0.0102595199462299	0.248036187488684	-77.8931139651656	91.5016977835975	0	0	0	0	0	1.5	1.5	1.5	1.5	1.5	1.5
152.703596992391	-0.00686321137134042	0.247263977606071	-77.805668168451	91.5238052289007	0	0	0	0	0	1.5	1.5	1.5	1.5	1.5	1.5
152.793794037277	-0.00346690279644988	0.246798104720435	-77.7182087016868	91.5458585377529	0	0	0	0	0	1.5	1.5	1.5	1.5	1.5	1.5
152.883991082164	-7.05942215604091e-05	0.246638568831776	-77.6307423423342	91.5678844967442	0	0	0	0	0	1.5	1.5	1.5	1.5	1.5	1.5
152.97418812705	-0.000477069240980619	0.246648250279527	-77.5432750378039	91.5899067024499	0	0	0	0	0	1.5	1.5	1.5	1.5	1.5	1.5
153.064385171936	-0.00183702307481675	0.246543888135288	-77.4558067730898	91.6119250940025	0	0	0	0	0	1.5	1.5	1.5	1.5	1.5	1.5
153.154582216822	-0.00319697690865288	0.246316862174055	-77.3683348614081	91.6339289922444	0	0	0	0	0	1.5	1.5	1.5	1.5	1.5	1.5
153.244779261708	-0.00455693074248902	0.245967172395828	-77.2808566086238	91.655907666293	0	0	0	0	0	1.5	1.5	1.5	1.5	1.5	1.5
153.334976306595	-0.00591688457632558	0.245494818800607	-77.1933693298848	91.6778503829348	0	0	0	0	0	1.5	1.5	1.5	1.5	1.5	1.5
153.425173351481	-0.00727683841016171	0.244899801388393	-77.105870353573	91.6997464056421	0	0	0	0	0	1.5	1.5	1.5	1.5	1.5	1.5
153.515370396367	-0.00863679224399784	0.244182120159185	-77.0183570252568	91.721584993597	0	0	0	0	0	1.5	1.5	1.5	1.5	1.5	1.5
153.605567441253	-0.00999674607783397	0.243341775112983	-76.9308267116466	91.7433554007265	0	0	0	0	0	1.5	1.5	1.5	1.5	1.5	1.5
153.69576448614	-0.0113566999116705	0.242378766249788	-76.8432768045536	91.7650468747502	0	0	0	0	0	1.5	1.5	1.5	1.5	1.5	1.5
153.785961531026	-0.0127166537455067	0.241293093569598	-76.7557047248522	91.7866486562439	0	0	0	0	0	1.5	1.5	1.5	1.5	1.5	1.5
153.876158575912	-0.0140766075793428	0.240084757072415	-76.6681079264465	91.8081499777204	0	0	0	0	0	1.5	1.5	1.5	1.5	1.5	1.5
153.966355620798	-0.014016446361224	0.238799402345234	-76.5804841318006	91.8295410130249	0	0	0	0	0	1.5	1.5	1.5	1.5	1.5	1.5
154.056552665685	-0.0133838440013677	0.237563689735369	-76.4928333783627	91.8508213159528	0	0	0	0	0	1.5	1.5	1.5	1.5	1.5	1.5
154.146749710571	-0.0127512416415114	0.236385035988951	-76.4051569990704	91.871995793007	0	0	0	0	0	1.5	1.5	1.5	1.5	1.5	1.5
154.236946755457	-0.0121186392816552	0.23526344110598	-76.3174563240114	91.8930694174585	0	0	0	0	0	1.5	1.5	1.5	1.5	1.5	1.5
154.327143800343	-0.0114860369217989	0.234198905086456	-76.2297326660423	91.9140471668708	0	0	0	0	0	1.5	1.5	1.5	1.5	1.5	1.5
154.417340845229	-0.0108534345619424	0.233191427930379	-76.1419873216356	91.9349340228569	0	0	0	0	0	1.5	1.5	1.5	1.5	1.5	1.5
154.507537890116	-0.0102208322020861	0.232241009637749	-76.0542215717283	91.9557349708399	0	0	0	0	0	1.5	1.5	1.5	1.5	1.5	1.5
154.597734935002	-0.00958822984222967	0.231347650208567	-75.9664366825719	91.9764549998189	0	0	0	0	0	1.5	1.5	1.5	1.5	1.5	1.5
154.687931979888	-0.0089556274823734	0.230511349642831	-75.8786339065825	91.9970991021382	0	0	0	0	0	1.5	1.5	1.5	1.5	1.5	1.5
154.778129024774	-0.00832302512251712	0.229732107940543	-75.7908144831931	92.0176722732612	0	0	0	0	0	1.5	1.5	1.5	1.5	1.5	1.5
154.868326069661	-0.00769042276266084	0.229009925101701	-75.7029796397058	92.0381795115477	0	0	0	0	0	1.5	1.5	1.5	1.5	1.5	1.5
154.958523114547	-0.00773132460064315	0.228325791203993	-75.6151305111393	92.0586254696191	0	0	0	0	0	1.5	1.5	1.5	1.5	1.5	1.5
155.048720159433	-0.0081748469047225	0.227608446371374	-75.5272671290088	92.0790100872981	0	0	0	0	0	1.5	1.5	1.5	1.5	1.5	1.5
155.138917204319	-0.0086183692088017	0.226851097137586	-75.4393887404431	92.0993299135875	0	0	0	0	0	1.5	1.5	1.5	1.5	1.5	1.5
155.229114249206	-0.00906189151288104	0.226053743502629	-75.3514945830121	92.1195814213005	0	0	0	0	0	1.5	1.5	1.5	1.5	1.5	1.5
155.319311294092	-0.00950541381696025	0.225216385466503	-75.2635839024942	92.1397610813994	0	0	0	0	0	1.5	1.5	1.5	1.5	1.5	1.5
155.409508338978	-0.00994893612103945	0.224339023029208	-75.1756559533016	92.1598653629114	0	0	0	0	0	1.5	1.5	1.5	1.5	1.5	1.5
155.499705383864	-0.0103924584251187	0.223421656190744	-75.0877099989059	92.1798907328473	0	0	0	0	0	1.5	1.5	1.5	1.5	1.5	1.5
155.58990242875	-0.0108359807291979	0.222464284951111	-74.9997453122633	92.1998336561203	0	0	0	0	0	1.5	1.5	1.5	1.5	1.5	1.5
155.680099473637	-0.0112795030332771	0.221466909310309	-74.9117611762415	92.2196905954687	0	0	0	0	0	1.5	1.5	1.5	1.5	1.5	1.5
155.770296518523	-0.0117230253373564	0.220429529268337	-74.8237568840459	92.2394580113785	0	0	0	0	0	1.5	1.5	1.5	1.5	1.5	1.5
155.860493563409	-0.0121665476414357	0.219352144825196	-74.7357317396468	92.2591323620099	0	0	0	0	0	1.5	1.5	1.5	1.5	1.5	1.5
155.950690608295	-0.0127119312505233	0.218232279848453	-74.6476850495131	92.27871006395	0	0	0	0	0	1.5	1.5	1.5	1.5	1.5	1.5
156.040887653182	-0.013344429669526	0.217057176470714	-74.5596159649339	92.2981867759767	0	0	0	0	0	1.5	1.5	1.5	1.5	1.5	1.5
156.131084698068	-0.0139769280885287	0.215825023604686	-74.4715235019398	92.3175574713832	0	0	0	0	0	1.5	1.5	1.5	1.5	1.5	1.5
156.221281742954	-0.0146094265075314	0.214535821250369	-74.3834066892814	92.336817095115	0	0	0	0	0	1.5	1.5	1.5	1.5	1.5	1.5
156.31147878784	-0.0152419249265341	0.213189569407762	-74.2952645747575	92.3559605881273	0	0	0	0	0	1.5	1.5	1.5	1.5	1.5	1.5
156.401675832727	-0.015874423345537	0.211786268076866	-74.207096226087	92.3749828872474	0	0	0	0	0	1.5	1.5	1.5	1.5	1.5	1.5
156.491872877613	-0.0165069217645398	0.210325917257681	-74.1189007317804	92.3938789250424	0	0	0	0	0	1.5	1.5	1.5	1.5	1.5	1.5
156.582069922499	-0.0171394201835427	0.208808516950207	-74.0306772020134	92.4126436296929	0	0	0	0	0	1.5	1.5	1.5	1.5	1.5	1.5
156.672266967385	-0.0177719186025454	0.207234067154443	-73.9424247695015	92.4312719248732	0	0	0	0	0	1.5	1.5	1.5	1.5	1.5	1.5
156.762464012272	-0.0184044170215481	0.20560256787039	-73.8541425903758	92.4497587296379	0	0	0	0	0	1.5	1.5	1.5	1.5	1.5	1.5
156.852661057158	-0.0190369154405508	0.203914019098048	-73.7658298450598	92.4680989583147	0	0	0	0	0	1.5	1.5	1.5	1.5	1.5	1.5
156.942858102044	-0.0189192164391341	0.20218371981669	-73.6774857809538	92.4862877241576	0	0	0	0	0	1.5	1.5	1.5	1.5	1.5	1.5
157.03305514693	-0.0178926972705903	0.200523556900078	-73.5891108801582	92.5043260707262	0	0	0	0	0	1.5	1.5	1.5	1.5	1.5	1.5
157.123252191816	-0.0168661781020469	0.198955982978988	-73.5007069818459	92.5222217686272	0	0	0	0	0	1.5	1.5	1.5	1.5	1.5	1.5
157.213449236703	-0.0158396589335034	0.197480998053419	-73.4122759604453	92.5399829590491	0	0	0	0	0	1.5	1.5	1.5	1.5	1.5	1.5
157.303646281589	-0.0148131397649596	0.196098602123372	-73.3238196530862	92.5576177910279	0	0	0	0	0	1.5	1.5	1.5	1.5	1.5	1.5
157.393843326475	-0.0137866205964161	0.194808795188847	-73.2353398618524	92.575134420883	0	0	0	0	0	1.5	1.5	1.5	1.5	1.5	1.5
157.484040371361	-0.0127601014278727	0.193611577249843	-73.1468383560372	92.5925410116694	0	0	0	0	0	1.5	1.5	1.5	1.5	1.5	1.5
157.574237416248	-0.0117335822593292	0.192506948306361	-73.0583168744025	92.6098457326458	0	0	0	0	0	1.5	1.5	1.5	1.5	1.5	1.5
157.664434461134	-0.0107070630907854	0.191494908358401	-72.9697771274412	92.6270567587557	0	0	0	0	0	1.5	1.5	1.5	1.5	1.5	1.5
157.75463150602	-0.00968054392224191	0.190575457405963	-72.8812207996414	92.6441822701227	0	0	0	0	0	1.5	1.5	1.5	1.5	1.5	1.5
157.844828550906	-0.00865402475369844	0.189748595449046	-72.7926495517537	92.6612304515569	0	0	0	0	0	1.5	1.5	1.5	1.5	1.5	1.5
157.935025595793	-0.00780678699220871	0.189011368494226	-72.7040650169621	92.6782094602029	0	0	0	0	0	1.5	1.5	1.5	1.5	1.5	1.5
158.025222640679	-0.0072709759986136	0.188331383661593	-72.6154685161867	92.6951259209162	0	0	0	0	0	1.5	1.5	1.5	1.5	1.5	1.5
158.115419685565	-0.00673516500501848	0.187699727397199	-72.5268609400683	92.7119842746347	0	0	0	0	0	1.5	1.5	1.5	1.5	1.5	1.5
158.205616730451	-0.0061993540114232	0.187116399701045	-72.4382431387691	92.7287887968949	0	0	0	0	0	1.5	1.5	1.5	1.5	1.5	1.5
158.295813775337	-0.00566354301782809	0.186581400573131	-72.3496159546506	92.7455437647363	0	0	0	0	0	1.5	1.5	1.5	1.5	1.5	1.5
158.386010820224	-0.00512773202423297	0.186094730013457	-72.2609802228925	92.762253456574	0	0	0	0	0	1.5	1.5	1.5	1.5	1.5	1.5
158.47620786511	-0.00459192103063786	0.185656388022023	-72.1723367721124	92.778922152075	0	0	0	0	0	1.5	1.5	1.5	1.5	1.5	1.5
158.566404909996	-0.00405611003704274	0.185266374598828	-72.0836864249855	92.7955541320338	0	0	0	0	0	1.5	1.5	1.5	1.5	1.5	1.5
158.656601954882	-0.00352029904344746	0.184924689743873	-71.9950299988654	92.8121536782515	0	0	0	0	0	1.5	1.5	1.5	1.5	1.5	1.5
158.746798999769	-0.00298448804985235	0.184631333457158	-71.9063683064037	92.8287250734151	0	0	0	0	0	1.5	1.5	1.5	1.5	1.5	1.5
158.836996044655	-0.00244867705625706	0.184386305738683	-71.8177021561713	92.845272600978	0	0	0	0	0	1.5	1.5	1.5	1.5	1.5	1.5
158.927193089541	-0.00242983050462369	0.18418309212933	-71.729032343255	92.8618004912401	0	0	0	0	0	1.5	1.5	1.5	1.5	1.5	1.5
159.017390134427	-0.0037441625031048	0.183904654167107	-71.6403587385104	92.8783080251289	0	0	0	0	0	1.5	1.5	1.5	1.5	1.5	1.5
159.107587179314	-0.0050584945015859	0.183507667342622	-71.5516795643196	92.8947856118466	0	0	0	0	0	1.5	1.5	1.5	1.5	1.5	1.5
159.1977842242	-0.00637282650006701	0.182992131655875	-71.4629928816747	92.9112227359051	0	0	0	0	0	1.5	1.5	1.5	1.5	1.5	1.5
159.287981269086	-0.00768715849854812	0.182358047106865	-71.3742967659602	92.9276088791554	0	0	0	0	0	1.5	1.5	1.5	1.5	1.5	1.5
159.378178313972	-0.00900149049702964	0.181605413695593	-71.2855893106948	92.9439335201118	0	0	0	0	0	1.5	1.5	1.5	1.5	1.5	1.5
159.468375358859	-0.0103158224955112	0.180734231422058	-71.1968686312761	92.9601861332865	0	0	0	0	0	1.5	1.5	1.5	1.5	1.5	1.5
159.558572403745	-0.0116301544939923	0.17974450028626	-71.1081328687274	92.9763561885381	0	0	0	0	0	1.5	1.5	1.5	1.5	1.5	1.5
159.648769448631	-0.0129444864924734	0.178636220288201	-71.0193801934466	92.9924331504345	0	0	0	0	0	1.5	1.5	1.5	1.5	1.5	1.5
159.738966493517	-0.0142588184909545	0.177409391427879	-70.930608808959	93.008406477633	0	0	0	0	0	1.5	1.5	1.5	1.5	1.5	1.5
159.829163538403	-0.0155731504894356	0.176064013705295	-70.8418169556731	93.0242656222814	0	0	0	0	0	1.5	1.5	1.5	1.5	1.5	1.5
159.91936058329	-0.0164477035051449	0.174603909517211	-70.7530029184897	93.0400000512506	0	0	0	0	0	1.5	1.5	1.5	1.5	1.5	1.5
160.009557628176	-0.0154801413823002	0.173164010887994	-70.6641659178333	93.0556043075569	0	0	0	0	0	1.5	1.5	1.5	1.5	1.5	1.5
160.099754673062	-0.0145125792594559	0.171811383503002	-70.5753072152319	93.0710845090323	0	0	0	0	0	1.5	1.5	1.5	1.5	1.5	1.5
160.189951717948	-0.0135450171366112	0.170546027362234	-70.4864283244618	93.0864483821152	0	0	0	0	0	1.5	1.5	1.5	1.5	1.5	1.5
160.280148762835	-0.0125774550137668	0.16936794246569	-70.3975307288779	93.10170365873	0	0	0	0	0	1.5	1.5	1.5	1.5	1.5	1.5
160.370345807721	-0.0116098928909224	0.168277128813371	-70.3086158834311	93.1168580758621	0	0	0	0	0	1.5	1.5	1.5	1.5	1.5	1.5
160.460542852607	-0.010642330768078	0.167273586405277	-70.2196852166885	93.1319193751441	0	0	0	0	0	1.5	1.5	1.5	1.5	1.5	1.5
160.550739897493	-0.00967476864523367	0.166357315241406	-70.130740132855	93.1468953024544	0	0	0	0	0	1.5	1.5	1.5	1.5	1.5	1.5
160.640936942379	-0.00870720652238929	0.165528315321761	-70.0417820137978	93.1617936075257	0	0	0	0	0	1.5	1.5	1.5	1.5	1.5	1.5
160.731133987266	-0.00773964439954461	0.164786586646339	-69.9528122210712	93.1766220435636	0	0	0	0	0	1.5	1.5	1.5	1.5	1.5	1.5
160.821331032152	-0.00677208227669993	0.164132129215142	-69.8638320979445	93.191388366874	0	0	0	0	0	1.5	1.5	1.5	1.5	1.5	1.5
160.911528077038	-0.00589789983583438	0.163564497014816	-69.7748429711989	93.2061003350974	0	0	0	0	0	1.5	1.5	1.5	1.5	1.5	1.5
161.001725121924	-0.00581203444964037	0.163036396280636	-69.6858458915943	93.2207641183396	0	0	0	0	0	1.5	1.5	1.5	1.5	1.5	1.5
161.091922166811	-0.00572616906344635	0.162516040350547	-69.5968411370181	93.2353812447833	0	0	0	0	0	1.5	1.5	1.5	1.5	1.5	1.5
161.182119211697	-0.00564030367725233	0.162003429224552	-69.5078288447788	93.2499523997946	0	0	0	0	0	1.5	1.5	1.5	1.5	1.5	1.5
161.272316256583	-0.00555443829105829	0.161498562902649	-69.4188091511186	93.2644782689271	0	0	0	0	0	1.5	1.5	1.5	1.5	1.5	1.5
161.362513301469	-0.00546857290486427	0.161001441384839	-69.3297821912296	93.2789595379179	0	0	0	0	0	1.5	1.5	1.5	1.5	1.5	1.5
161.452710346356	-0.00538270751867026	0.160512064671122	-69.2407480992693	93.2933968926842	0	0	0	0	0	1.5	1.5	1.5	1.5	1.5	1.5
161.542907391242	-0.00529684213247621	0.160030432761497	-69.1517070083767	93.3077910193197	0	0	0	0	0	1.5	1.5	1.5	1.5	1.5	1.5
161.633104436128	-0.0052109767462822	0.159556545655965	-69.062659050688	93.3221426040907	0	0	0	0	0	1.5	1.5	1.5	1.5	1.5	1.5
161.723301481014	-0.00512511136008818	0.159090403354526	-68.9736043573527	93.3364523334329	0	0	0	0	0	1.5	1.5	1.5	1.5	1.5	1.5
161.813498525901	-0.00503924597389417	0.15863200585718	-68.8845430585491	93.3507208939478	0	0	0	0	0	1.5	1.5	1.5	1.5	1.5	1.5
161.903695570787	-0.00494491173343636	0.158181360466372	-68.7954752835012	93.3649489724032	0	0	0	0	0	1.5	1.5	1.5	1.5	1.5	1.5
161.993892615673	-0.00441610800385231	0.157759192307659	-68.7064012604243	93.3791378835052	0	0	0	0	0	1.5	1.5	1.5	1.5	1.5	1.5
162.084089660559	-0.00388730427426826	0.15738472068268	-68.6173215925473	93.3932913135497	0	0	0	0	0	1.5	1.5	1.5	1.5	1.5	1.5
162.174286705445	-0.00335850054468421	0.157057945591434	-68.5282369674986	93.4074135093323	0	0	0	0	0	1.5	1.5	1.5	1.5	1.5	1.5
162.264483750332	-0.00282969681509999	0.156778867033922	-68.4391480684381	93.4215087183617	0	0	0	0	0	1.5	1.5	1.5	1.5	1.5	1.5
162.354680795218	-0.00230089308551594	0.156547485010142	-68.3500555746648	93.4355811887609	0	0	0	0	0	1.5	1.5	1.5	1.5	1.5	1.5
162.444877840104	-0.00177208935593189	0.156363799520096	-68.260960162224	93.4496351691689	0	0	0	0	0	1.5	1.5	1.5	1.5	1.5	1.5
162.53507488499	-0.00124328562634767	0.156227810563783	-68.1718625045155	93.463674908643	0	0	0	0	0	1.5	1.5	1.5	1.5	1.5	1.5
162.625271929877	-0.000714481896763625	0.156139518141204	-68.0827632729014	93.4777046565624	0	0	0	0	0	1.5	1.5	1.5	1.5	1.5	1.5
162.715468974763	-0.000185678167179576	0.156098922252358	-67.9936631373143	93.4917286625314	0	0	0	0	0	1.5	1.5	1.5	1.5	1.5	1.5
162.805666019649	0.000343125562404474	0.156106022897245	-67.904562766865	93.505751176284	0	0	0	0	0	1.5	1.5	1.5	1.5	1.5	1.5
162.895863064535	0.000871929291988691	0.156160820075865	-67.8154628304508	93.5197764475877	0	0	0	0	0	1.5	1.5	1.5	1.5	1.5	1.5
162.986060109422	-0.00106195608528406	0.156159770877784	-67.7263635458542	93.5338058591998	0	0	0	0	0	1.5	1.5	1.5	1.5	1.5	1.5
163.076257154308	-0.00317471627482863	0.155968703214267	-67.6372629178177	93.5478267352259	0	0	0	0	0	1.5	1.5	1.5	1.5	1.5	1.5
163.166454199194	-0.00528747646437387	0.1555870708251	-67.5481582789611	93.5618220966467	0	0	0	0	0	1.5	1.5	1.5	1.5	1.5	1.5
163.25665124408	-0.00740023665391844	0.155014873710283	-67.4590469763186	93.575774961055	0	0	0	0	0	1.5	1.5	1.5	1.5	1.5	1.5
163.346848288966	-0.00951299684346301	0.154252111869816	-67.3699263812218	93.5896683422465	0	0	0	0	0	1.5	1.5	1.5	1.5	1.5	1.5
163.437045333853	-0.0116257570330076	0.153298785303699	-67.2807938990127	93.6034852487348	0	0	0	0	0	1.5	1.5	1.5	1.5	1.5	1.5
163.527242378739	-0.0137385172225522	0.152154894011931	-67.1916469787635	93.6172086822985	0	0	0	0	0	1.5	1.5	1.5	1.5	1.5	1.5
163.617439423625	-0.0158512774120974	0.150820437994513	-67.1024831230008	93.6308216365712	0	0	0	0	0	1.5	1.5	1.5	1.5	1.5	1.5
163.707636468511	-0.0179640376016426	0.149295417251444	-67.0132998974386	93.6443070956809	0	0	0	0	0	1.5	1.5	1.5	1.5	1.5	1.5
163.797833513398	-0.0200767977911872	0.147579831782726	-66.92409494072	93.657648032951	0	0	0	0	0	1.5	1.5	1.5	1.5	1.5	1.5
163.888030558284	-0.0221895579807318	0.145673681588357	-66.8348659741688	93.6708274096698	0	0	0	0	0	1.5	1.5	1.5	1.5	1.5	1.5
163.97822760317	-0.0199346522254993	0.143743503721393	-66.7456114193949	93.683832363393	0	0	0	0	0	1.5	1.5	1.5	1.5	1.5	1.5
164.068424648056	-0.0168814615986118	0.142083151385828	-66.6563336254181	93.6966768384308	0	0	0	0	0	1.5	1.5	1.5	1.5	1.5	1.5
164.158621692943	-0.0138282709717242	0.140698187822283	-66.5670363740811	93.7093853595326	0	0	0	0	0	1.5	1.5	1.5	1.5	1.5	1.5
164.248818737829	-0.0107750803448366	0.139588613030757	-66.477723338704	93.7219824934295	0	0	0	0	0	1.5	1.5	1.5	1.5	1.5	1.5
164.339015782715	-0.00772188971794811	0.138754427011251	-66.3883981006094	93.7344928200807	0	0	0	0	0	1.5	1.5	1.5	1.5	1.5	1.5
164.429212827601	-0.00466869909105959	0.138195629763764	-66.2990641694155	93.7469409296206	0	0	0	0	0	1.5	1.5	1.5	1.5	1.5	1.5
164.519409872488	-0.00161550846417204	0.137912221288297	-66.2097250033447	93.7593514194038	0	0	0	0	0	1.5	1.5	1.5	1.5	1.5	1.5
164.609606917374	0.00143768216271552	0.13790420158485	-66.1203840295403	93.7717488911215	0	0	0	0	0	1.5	1.5	1.5	1.5	1.5	1.5
164.69980396226	0.00449087278960308	0.138171570653422	-66.0310446643911	93.7841579479604	0	0	0	0	0	1.5	1.5	1.5	1.5	1.5	1.5
164.790001007146	0.00754406341649064	0.138714328494014	-65.9417103338569	93.7966031917765	0	0	0	0	0	1.5	1.5	1.5	1.5	1.5	1.5
164.880198052032	0.0105972540433782	0.139532475106626	-65.8523844937924	93.8091092202556	0	0	0	0	0	1.5	1.5	1.5	1.5	1.5	1.5
164.970395096919	0.00875040758495739	0.140458366517461	-65.763070115367	93.8216968379181	0	0	0	0	0	1.5	1.5	1.5	1.5	1.5	1.5
165.060592141805	0.00534448196787315	0.141094025210293	-65.6737656806363	93.834354822301	0	0	0	0	0	1.5	1.5	1.5	1.5	1.5	1.5
165.150789186691	0.00193855635078784	0.141422479477361	-65.5844673570429	93.8470558551496	0	0	0	0	0	1.5	1.5	1.5	1.5	1.5	1.5
165.240986231577	-0.0014673692662964	0.141443729318666	-65.4951712552166	93.8597725018562	0	0	0	0	0	1.5	1.5	1.5	1.5	1.5	1.5
165.331183276464	-0.00487329488338064	0.141157774734208	-65.4058734713967	93.8724773298576	0	0	0	0	0	1.5	1.5	1.5	1.5	1.5	1.5
165.42138032135	-0.00827922050046489	0.140564615723986	-65.3165701127149	93.8851429050426	0	0	0	0	0	1.5	1.5	1.5	1.5	1.5	1.5
165.511577366236	-0.0116851461175491	0.139664252288001	-65.2272573224811	93.897741788176	0	0	0	0	0	1.5	1.5	1.5	1.5	1.5	1.5
165.601774411122	-0.0150910717346344	0.138456684426252	-65.1379313054762	93.9102465313789	0	0	0	0	0	1.5	1.5	1.5	1.5	1.5	1.5
165.691971456009	-0.0184969973517187	0.13694191213874	-65.0485883532585	93.9226296747023	0	0	0	0	0	1.5	1.5	1.5	1.5	1.5	1.5
165.782168500895	-0.021902922968804	0.135119935425465	-64.9592248694885	93.934863742835	0	0	0	0	0	1.5	1.5	1.5	1.5	1.5	1.5
165.872365545781	-0.0253088485858882	0.132990754286426	-64.8698373952767	93.9469212419833	0	0	0	0	0	1.5	1.5	1.5	1.5	1.5	1.5
165.962562590667	-0.0235124506277252	0.130711975305076	-64.7804230504568	93.958777812847	0	0	0	0	0	1.5	1.5	1.5	1.5	1.5	1.5
166.052759635553	-0.019174067107137	0.128786876426992	-64.6909838040753	93.9704451003925	0	0	0	0	0	1.5	1.5	1.5	1.5	1.5	1.5
166.14295668044	-0.0148356835865475	0.127253086922048	-64.6015245084915	93.981957691031	0	0	0	0	0	1.5	1.5	1.5	1.5	1.5	1.5
166.233153725326	-0.0104973000659593	0.126110606790244	-64.5120498837027	93.9933505632969	0	0	0	0	0	1.5	1.5	1.5	1.5	1.5	1.5
166.323350770212	-0.00615891654537105	0.125359436031581	-64.4225645091973	94.0046587139665	0	0	0	0	0	1.5	1.5	1.5	1.5	1.5	1.5
166.413547815098	-0.00182053302478285	0.124999574646057	-64.3330728650191	94.015917152534	0	0	0	0	0	1.5	1.5	1.5	1.5	1.5	1.5
166.503744859985	0.00251785049580673	0.125031022633674	-64.2435793728573	94.0271608958826	0	0	0	0	0	1.5	1.5	1.5	1.5	1.5	1.5
166.593941904871	0.00685623401639494	0.125453779994431	-64.1540884371502	94.0384249630689	0	0	0	0	0	1.5	1.5	1.5	1.5	1.5	1.5
166.684138949757	0.0111946175369831	0.126267846728329	-64.0646044861942	94.0497443701424	0	0	0	0	0	1.5	1.5	1.5	1.5	1.5	1.5
166.774335994643	0.0155330010575727	0.127473222835367	-63.9751320132461	94.0611541249166	0	0	0	0	0	1.5	1.5	1.5	1.5	1.5	1.5
166.86453303953	0.0198713845781609	0.129069908315544	-63.8856756176097	94.0726892216144	0	0	0	0	0	1.5	1.5	1.5	1.5	1.5	1.5
166.954730084416	0.019596294136677	0.130936190443062	-63.796239766685	94.0843825128819	0	0	0	0	0	1.5	1.5	1.5	1.5	1.5	1.5
167.044927129302	0.0160482109849898	0.132543704957266	-63.7068246196054	94.0962331088949	0	0	0	0	0	1.5	1.5	1.5	1.5	1.5	1.5
167.135124174188	0.0125001278333027	0.133831192856176	-63.6174267164947	94.1082131214434	0	0	0	0	0	1.5	1.5	1.5	1.5	1.5	1.5
167.225321219074	0.00895204468161437	0.134798654139794	-63.5280423746745	94.1202939205836	0	0	0	0	0	1.5	1.5	1.5	1.5	1.5	1.5
167.315518263961	0.00540396152992721	0.135446088808118	-63.4386678146835	94.1324468892453	0	0	0	0	0	1.5	1.5	1.5	1.5	1.5	1.5
167.405715308847	0.00185587837823894	0.13577349686115	-63.3492991877639	94.1446434196898	0	0	0	0	0	1.5	1.5	1.5	1.5	1.5	1.5
167.495912353733	-0.00169220477344822	0.135780878298889	-63.2599326033326	94.1568549098564	0	0	0	0	0	1.5	1.5	1.5	1.5	1.5	1.5
167.586109398619	-0.00524028792513538	0.135468233121336	-63.1705641564434	94.1690527596423	0	0	0	0	0	1.5	1.5	1.5	1.5	1.5	1.5
167.676306443506	-0.00878837107682254	0.134835561328489	-63.0811899552466	94.1812083671593	0	0	0	0	0	1.5	1.5	1.5	1.5	1.5	1.5
167.766503488392	-0.0123364542285097	0.13388286292035	-62.9918061484505	94.1932931250116	0	0	0	0	0	1.5	1.5	1.5	1.5	1.5	1.5
167.856700533278	-0.0158845373801969	0.132610137896918	-62.9024089527926	94.2052784166385	0	0	0	0	0	1.5	1.5	1.5	1.5	1.5	1.5
167.946897578164	-0.0169271089675941	0.131073682884722	-62.8129947908881	94.2171364488033	0	0	0	0	0	1.5	1.5	1.5	1.5	1.5	1.5
168.037094623051	-0.0154462948349858	0.129613690206771	-62.723562739594	94.2288588061693	0	0	0	0	0	1.5	1.5	1.5	1.5	1.5	1.5
168.127291667937	-0.0139654807023779	0.128287262587607	-62.6341144420062	94.2404565547373	0	0	0	0	0	1.5	1.5	1.5	1.5	1.5	1.5
168.217488712823	-0.01248466656977	0.127094400027231	-62.544651605085	94.2519416211861	0	0	0	0	0	1.5	1.5	1.5	1.5	1.5	1.5
168.307685757709	-0.0110038524371622	0.126035102525641	-62.455175890663	94.2633259382029	0	0	0	0	0	1.5	1.5	1.5	1.5	1.5	1.5
168.397882802595	-0.00952303830455432	0.125109370082839	-62.3656889202199	94.2746214437655	0	0	0	0	0	1.5	1.5	1.5	1.5	1.5	1.5
168.488079847482	-0.00804222417194646	0.124317202698823	-62.2761922796603	94.2858400804525	0	0	0	0	0	1.5	1.5	1.5	1.5	1.5	1.5
168.578276892368	-0.00656141003933814	0.123658600373594	-62.1866875240954	94.2969937947761	0	0	0	0	0	1.5	1.5	1.5	1.5	1.5	1.5
168.668473937254	-0.00508059590672981	0.123133563107152	-62.0971761826269	94.3080945365365	0	0	0	0	0	1.5	1.5	1.5	1.5	1.5	1.5
168.75867098214	-0.00359978177412195	0.122742090899498	-62.0076597631331	94.3191542581929	0	0	0	0	0	1.5	1.5	1.5	1.5	1.5	1.5
168.848868027027	-0.00211896764151409	0.12248418375063	-61.9181397570569	94.3301849142492	0	0	0	0	0	1.5	1.5	1.5	1.5	1.5	1.5
168.939065071913	-0.00155806217852825	0.122342776469659	-61.8286176184353	94.3411982511781	0	0	0	0	0	1.5	1.5	1.5	1.5	1.5	1.5
169.029262116799	-0.0023136022306168	0.122168170125411	-61.7390938575739	94.3521983933006	0	0	0	0	0	1.5	1.5	1.5	1.5	1.5	1.5
169.119459161685	-0.00306914228270535	0.121925416301172	-61.6495678032573	94.3631798533447	0	0	0	0	0	1.5	1.5	1.5	1.5	1.5	1.5
169.209656206572	-0.00382468233479414	0.12161451499694	-61.5600387125409	94.3741365296717	0	0	0	0	0	1.5	1.5	1.5	1.5	1.5	1.5
169.299853251458	-0.00458022238688269	0.121235466212718	-61.4705058475475	94.3850623200238	0	0	0	0	0	1.5	1.5	1.5	1.5	1.5	1.5
169.390050296344	-0.00533576243897147	0.120788269948503	-61.3809684767145	94.3959511213759	0	0	0	0	0	1.5	1.5	1.5	1.5	1.5	1.5
169.48024734123	-0.00609130249106002	0.120272926204297	-61.2914258760423	94.4067968297881	0	0	0	0	0	1.5	1.5	1.5	1.5	1.5	1.5
169.570444386116	-0.00684684254314857	0.1196894349801	-61.2018773303426	94.4175933402618	0	0	0	0	0	1.5	1.5	1.5	1.5	1.5	1.5
169.660641431003	-0.00760238259523712	0.119037796275911	-61.1123221344871	94.4283345465982	0	0	0	0	0	1.5	1.5	1.5	1.5	1.5	1.5
169.750838475889	-0.00835792264732567	0.11831801009173	-61.0227595946566	94.4390143412602	0	0	0	0	0	1.5	1.5	1.5	1.5	1.5	1.5
169.841035520775	-0.00911346269941445	0.117530076427558	-60.9331890295906	94.449626615239	0	0	0	0	0	1.5	1.5	1.5	1.5	1.5	1.5
169.931232565661	-0.00912723265276569	0.116684851322508	-60.8436097841752	94.4601653631239	0	0	0	0	0	1.5	1.5	1.5	1.5	1.5	1.5
170.021429610548	-0.00759701833235203	0.115930612314112	-60.7540220033582	94.4706313102186	0	0	0	0	0	1.5	1.5	1.5	1.5	1.5	1.5
170.111626655434	-0.00606680401193789	0.115314394115459	-60.6644270713016	94.4810358668332	0	0	0	0	0	1.5	1.5	1.5	1.5	1.5	1.5
170.20182370032	-0.00453658969152424	0.11483619672655	-60.574826458641	94.4913913949125	0	0	0	0	0	1.5	1.5	1.5	1.5	1.5	1.5
170.292020745206	-0.00300637537111058	0.114496020147385	-60.4852216157126	94.50171025877	0	0	0	0	0	1.5	1.5	1.5	1.5	1.5	1.5
170.382217790093	-0.00147616105069693	0.114293864377965	-60.3956139776722	94.5120048244781	0	0	0	0	0	1.5	1.5	1.5	1.5	1.5	1.5
170.472414834979	5.4053269717207e-05	0.114229729418287	-60.3060049696152	94.5222874592691	0	0	0	0	0	1.5	1.5	1.5	1.5	1.5	1.5
170.562611879865	0.00158426759013086	0.114303615268354	-60.2163960116967	94.5325705309432	0	0	0	0	0	1.5	1.5	1.5	1.5	1.5	1.5
170.652808924751	0.00311448191054452	0.114515521928165	-60.1267885242528	94.5428664072799	0	0	0	0	0	1.5	1.5	1.5	1.5	1.5	1.5
170.743005969637	0.00464469623095817	0.11486544939772	-60.0371839329214	94.553187455449	0	0	0	0	0	1.5	1.5	1.5	1.5	1.5	1.5
170.833203014524	0.00617491055137231	0.115353397677019	-59.9475836737628	94.5635460414183	0	0	0	0	0	1.5	1.5	1.5	1.5	1.5	1.5
170.92340005941	0.00683320873256106	0.115970020633842	-59.8579891906536	94.5739544630147	0	0	0	0	0	1.5	1.5	1.5	1.5	1.5	1.5
171.013597104296	0.00469499652081499	0.116489925657191	-59.7684008835999	94.5844159142423	0	0	0	0	0	1.5	1.5	1.5	1.5	1.5	1.5
171.103794149182	0.0025567843090696	0.1168169702577	-59.6788170141304	94.5949153029937	0	0	0	0	0	1.5	1.5	1.5	1.5	1.5	1.5
171.193991194069	0.000418572097324203	0.11695115443537	-59.5892355680212	94.6054353508341	0	0	0	0	0	1.5	1.5	1.5	1.5	1.5	1.5
171.284188238955	-0.00171964011442119	0.116892478190201	-59.499654519095	94.6159587807282	0	0	0	0	0	1.5	1.5	1.5	1.5	1.5	1.5
171.374385283841	-0.00385785232616658	0.116640941522193	-59.4100718392178	94.6264683158705	0	0	0	0	0	1.5	1.5	1.5	1.5	1.5	1.5
171.464582328727	-0.00599606453791265	0.116196544431345	-59.3204855082949	94.6369466785131	0	0	0	0	0	1.5	1.5	1.5	1.5	1.5	1.5
171.554779373614	-0.00813427674965804	0.115559286917659	-59.2308935242681	94.6473765888012	0	0	0	0	0	1.5	1.5	1.5	1.5	1.5	1.5
171.6449764185	-0.0102724889614041	0.114729168981133	-59.1412939131149	94.6577407636269	0	0	0	0	0	1.5	1.5	1.5	1.5	1.5	1.5
171.735173463386	-0.0124107011731495	0.113706190621769	-59.0516847388508	94.6680219155089	0	0	0	0	0	1.5	1.5	1.5	1.5	1.5	1.5
171.825370508272	-0.0145489133848949	0.112490351839565	-58.9620641135355	94.6782027515094	0	0	0	0	0	1.5	1.5	1.5	1.5	1.5	1.5
171.915567553159	-0.0160083708567986	0.111086269737527	-58.8724302096068	94.6882659930065	0	0	0	0	0	1.5	1.5	1.5	1.5	1.5	1.5
172.005764598045	-0.0136465210354368	0.109748877929977	-58.7827822795747	94.6982035145306	0	0	0	0	0	1.5	1.5	1.5	1.5	1.5	1.5
172.095961642931	-0.011284671214075	0.108624517996779	-58.6931221836418	94.7080306832955	0	0	0	0	0	1.5	1.5	1.5	1.5	1.5	1.5
172.186158687817	-0.00892282139271237	0.107713189937933	-58.6034521300098	94.7177665871713	0	0	0	0	0	1.5	1.5	1.5	1.5	1.5	1.5
172.276355732703	-0.00656097157134979	0.107014893753438	-58.5137742685646	94.7274303204937	0	0	0	0	0	1.5	1.5	1.5	1.5	1.5	1.5
172.36655277759	-0.00419912174998795	0.106529629443296	-58.4240907030738	94.7370409826411	0	0	0	0	0	1.5	1.5	1.5	1.5	1.5	1.5
172.456749822476	-0.0018372719286261	0.106257397007505	-58.33440350339	94.7466176766598	0	0	0	0	0	1.5	1.5	1.5	1.5	1.5	1.5
172.546946867362	0.000524577892735734	0.106198196446067	-58.2447147176576	94.7561795079265	0	0	0	0	0	1.5	1.5	1.5	1.5	1.5	1.5
172.637143912248	0.00288642771409758	0.10635202775898	-58.1550263845226	94.7657455828331	0	0	0	0	0	1.5	1.5	1.5	1.5	1.5	1.5
172.727340957135	0.00524827753545942	0.106718890946246	-58.065340545343	94.7753350074817	0	0	0	0	0	1.5	1.5	1.5	1.5	1.5	1.5
172.817538002021	0.00761012735682125	0.107298786007863	-57.975659256399	94.7849668863775	0	0	0	0	0	1.5	1.5	1.5	1.5	1.5	1.5
172.907735046907	0.00966655434646444	0.108090830348002	-57.8859846009186	94.7946603194139	0	0	0	0	0	1.5	1.5	1.5	1.5	1.5	1.5
172.997932091793	0.00726186198066685	0.108854276911658	-57.7963178571321	94.8044266682328	0	0	0	0	0	1.5	1.5	1.5	1.5	1.5	1.5
173.08812913668	0.00485716961487002	0.109400827330058	-57.7066575284619	94.8142517466507	0	0	0	0	0	1.5	1.5	1.5	1.5	1.5	1.5
173.178326181566	0.00245247724907319	0.109730481603203	-57.617001512076	94.8241161046028	0	0	0	0	0	1.5	1.5	1.5	1.5	1.5	1.5
173.268523226452	4.77848832763639e-05	0.109843239731093	-57.5273476795823	94.8340002948197	0	0	0	0	0	1.5	1.5	1.5	1.5	1.5	1.5
173.358720271338	-0.00235690748252046	0.109739101713727	-57.4376938896838	94.8438848714503	0	0	0	0	0	1.5	1.5	1.5	1.5	1.5	1.5
173.448917316224	-0.00476159984831805	0.109418067551105	-57.3480380008322	94.8537503886711	0	0	0	0	0	1.5	1.5	1.5	1.5	1.5	1.5
173.539114361111	-0.00716629221411488	0.108880137243229	-57.2583778838811	94.8635773992954	0	0	0	0	0	1.5	1.5	1.5	1.5	1.5	1.5
173.629311405997	-0.00957098457991171	0.108125310790097	-57.168711434741	94.8733464533955	0	0	0	0	0	1.5	1.5	1.5	1.5	1.5	1.5
173.719508450883	-0.0119756769457093	0.107153588191709	-57.0790365870373	94.8830380969525	0	0	0	0	0	1.5	1.5	1.5	1.5	1.5	1.5
173.809705495769	-0.0143803693115061	0.105964969448066	-56.9893513247724	94.8926328705466	0	0	0	0	0	1.5	1.5	1.5	1.5	1.5	1.5
173.899902540656	-0.016785061677303	0.104559454559168	-56.8996536949939	94.9021113081026	0	0	0	0	0	1.5	1.5	1.5	1.5	1.5	1.5
173.990099585542	-0.0147662377622183	0.103132001133894	-56.8099424117609	94.911459633347	0	0	0	0	0	1.5	1.5	1.5	1.5	1.5	1.5
174.080296630428	-0.0126444837095492	0.101895818096417	-56.7202187554384	94.9206884667457	0	0	0	0	0	1.5	1.5	1.5	1.5	1.5	1.5
174.170493675314	-0.0105227296568807	0.100851011004467	-56.6304846304003	94.9298149649432	0	0	0	0	0	1.5	1.5	1.5	1.5	1.5	1.5
174.260690720201	-0.0084009756042123	0.0999975798580428	-56.5407418822885	94.938856290806	0	0	0	0	0	1.5	1.5	1.5	1.5	1.5	1.5
174.350887765087	-0.00627922155154321	0.0993355246571444	-56.4509923078539	94.9478296122333	0	0	0	0	0	1.5	1.5	1.5	1.5	1.5	1.5
174.441084809973	-0.00415746749887478	0.0988648454017724	-56.3612376648082	94.9567521010871	0	0	0	0	0	1.5	1.5	1.5	1.5	1.5	1.5
174.531281854859	-0.00203571344620635	0.0985855420919264	-56.2714796816809	94.9656409321587	0	0	0	0	0	1.5	1.5	1.5	1.5	1.5	1.5
174.621478899745	8.6040606462074e-05	0.0984976147276064	-56.1817200676781	94.9745132821643	0	0	0	0	0	1.5	1.5	1.5	1.5	1.5	1.5
174.711675944632	0.00220779465913117	0.0986010633088126	-56.0919605225439	94.9833863287577	0	0	0	0	0	1.5	1.5	1.5	1.5	1.5	1.5
174.801872989518	0.0043295487117996	0.0988958878355449	-56.0022027464224	94.9922772495533	0	0	0	0	0	1.5	1.5	1.5	1.5	1.5	1.5
174.892070034404	0.00645130276446802	0.0993820883078032	-55.9124484497196	95.001203221148	0	0	0	0	0	1.5	1.5	1.5	1.5	1.5	1.5
174.98226707929	0.00389965024293861	0.0998719977489474	-55.8226988622054	95.0101764191372	0	0	0	0	0	1.5	1.5	1.5	1.5	1.5	1.5
175.072464124177	0.000772827135337366	0.100082719574857	-55.7329524347735	95.0191811755703	0	0	0	0	0	1.5	1.5	1.5	1.5	1.5	1.5
175.162661169063	-0.00235399597226289	0.100011411196578	-55.6432066351047	95.0281921879256	0	0	0	0	0	1.5	1.5	1.5	1.5	1.5	1.5
175.252858213949	-0.00548081907986314	0.0996580726141122	-55.5534589246572	95.0371841448925	0	0	0	0	0	1.5	1.5	1.5	1.5	1.5	1.5
175.343055258835	-0.00860764218746438	0.0990227038274585	-55.463706781012	95.0461317335473	0	0	0	0	0	1.5	1.5	1.5	1.5	1.5	1.5
175.433252303722	-0.0117344652950646	0.0981053048366175	-55.3739477192919	95.055009637232	0	0	0	0	0	1.5	1.5	1.5	1.5	1.5	1.5
175.523449348608	-0.0148612884026649	0.096905875641589	-55.2841793135839	95.0637925334875	0	0	0	0	0	1.5	1.5	1.5	1.5	1.5	1.5
175.613646393494	-0.0179881115102651	0.0954244162423729	-55.1943992183723	95.0724550920681	0	0	0	0	0	1.5	1.5	1.5	1.5	1.5	1.5
175.70384343838	-0.0211149346178654	0.0936609266389694	-55.10460518998	95.0809719730709	0	0	0	0	0	1.5	1.5	1.5	1.5	1.5	1.5
175.794040483267	-0.0242417577254666	0.0916154068313776	-55.0147951080252	95.089317825208	0	0	0	0	0	1.5	1.5	1.5	1.5	1.5	1.5
175.884237528153	-0.0273685808330679	0.0892878568195982	-54.924966996892	95.0974672842529	0	0	0	0	0	1.5	1.5	1.5	1.5	1.5	1.5
175.974434573039	-0.025192473090646	0.0868704414628035	-54.8351194518892	95.1053995964003	0	0	0	0	0	1.5	1.5	1.5	1.5	1.5	1.5
176.064631617925	-0.021719655844936	0.0847547737631479	-54.7452541149299	95.1131277969491	0	0	0	0	0	1.5	1.5	1.5	1.5	1.5	1.5
176.154828662811	-0.018246838599226	0.0829523439164854	-54.6553738059081	95.1206799325888	0	0	0	0	0	1.5	1.5	1.5	1.5	1.5	1.5
176.245025707698	-0.014774021353516	0.0814631519228158	-54.5654811853718	95.128084132391	0	0	0	0	0	1.5	1.5	1.5	1.5	1.5	1.5
176.335222752584	-0.011301204107806	0.0802871977821391	-54.4755787748875	95.135368537423	0	0	0	0	0	1.5	1.5	1.5	1.5	1.5	1.5
176.42541979747	-0.00782838686209492	0.0794244814944552	-54.3856689834678	95.1425612981851	0	0	0	0	0	1.5	1.5	1.5	1.5	1.5	1.5
176.515616842356	-0.00435556961638491	0.0788750030597646	-54.2957541340152	95.1496905722243	0	0	0	0	0	1.5	1.5	1.5	1.5	1.5	1.5
176.605813887243	-0.000882752370673808	0.0786387624780669	-54.2058364897761	95.1567845218836	0	0	0	0	0	1.5	1.5	1.5	1.5	1.5	1.5
176.696010932129	0.0025900648750362	0.0787157597493623	-54.1159182808032	95.1638713121433	0	0	0	0	0	1.5	1.5	1.5	1.5	1.5	1.5
176.786207977015	0.00606288212074621	0.0791059948736507	-54.0260017304214	95.1709791085163	0	0	0	0	0	1.5	1.5	1.5	1.5	1.5	1.5
176.876405021901	0.00953569936645621	0.079809467850932	-53.9360890816947	95.1781360749516	0	0	0	0	0	1.5	1.5	1.5	1.5	1.5	1.5
176.966602066788	0.00649020330498562	0.0806153562590581	-53.8461822580778	95.1853658406858	0	0	0	0	0	1.5	1.5	1.5	1.5	1.5	1.5
177.056799111674	0.000874023190036132	0.08094747199292	-53.756279657521	95.1926479586238	0	0	0	0	0	1.5	1.5	1.5	1.5	1.5	1.5
177.14699615656	-0.00474215692491512	0.0807730248768646	-53.6663776310252	95.1999371639728	0	0	0	0	0	1.5	1.5	1.5	1.5	1.5	1.5
177.237193201446	-0.0103583370398664	0.0800920149108916	-53.5764724965754	95.2071879148627	0	0	0	0	0	1.5	1.5	1.5	1.5	1.5	1.5
177.327390246332	-0.0159745171548159	0.0789044420950015	-53.4865606305978	95.2143546647245	0	0	0	0	0	1.5	1.5	1.5	1.5	1.5	1.5
177.417587291219	-0.0215906972697654	0.0772103064291942	-53.3966385371824	95.2213918568705	0	0	0	0	0	1.5	1.5	1.5	1.5	1.5	1.5
177.507784336105	-0.0272068773847148	0.0750096079134697	-53.3067029173326	95.2282539193976	0	0	0	0	0	1.5	1.5	1.5	1.5	1.5	1.5
177.597981380991	-0.0328230574996643	0.0723023465478279	-53.2167507382509	95.2348952605896	0	0	0	0	0	1.5	1.5	1.5	1.5	1.5	1.5
177.688178425877	-0.0384392376146138	0.069088522332269	-53.1267793026741	95.2412702649938	0	0	0	0	0	1.5	1.5	1.5	1.5	1.5	1.5
177.778375470764	-0.0440554177295651	0.0653681352667916	-53.0367863182639	95.2473332903477	0	0	0	0	0	1.5	1.5	1.5	1.5	1.5	1.5
177.86857251565	-0.0496715978445146	0.061141185351398	-52.9467699670595	95.2530386655317	0	0	0	0	0	1.5	1.5	1.5	1.5	1.5	1.5
177.958769560536	-0.0482148658448871	0.0566087350388041	-52.8567291929963	95.2583444938985	0	0	0	0	0	1.5	1.5	1.5	1.5	1.5	1.5
178.048966605422	-0.0426101415999603	0.0525126614021568	-52.7666662230794	95.2632594688123	0	0	0	0	0	1.5	1.5	1.5	1.5	1.5	1.5
178.139163650309	-0.0370054173550334	0.0489221173298041	-52.6765850140177	95.2678282692088	0	0	0	0	0	1.5	1.5	1.5	1.5	1.5	1.5
178.229360695195	-0.0314006931101066	0.0458371028217459	-52.586489044455	95.27209637412	0	0	0	0	0	1.5	1.5	1.5	1.5	1.5	1.5
178.319557740081	-0.0257959688651798	0.0432576178779824	-52.4963813371767	95.2761092884476	0	0	0	0	0	1.5	1.5	1.5	1.5	1.5	1.5
178.409754784967	-0.0201912446202512	0.0411836624985128	-52.4062645280496	95.2799125370559	0	0	0	0	0	1.5	1.5	1.5	1.5	1.5	1.5
178.499951829853	-0.0145865203753244	0.0396152366833386	-52.3161409350181	95.2835516598416	0	0	0	0	0	1.5	1.5	1.5	1.5	1.5	1.5
178.59014887474	-0.00898179613039757	0.0385523404324589	-52.2260126271408	95.2870722076077	0	0	0	0	0	1.5	1.5	1.5	1.5	1.5	1.5
178.680345919626	-0.00337707188546899	0.0379949737458737	-52.1358814936573	95.2905197385657	0	0	0	0	0	1.5	1.5	1.5	1.5	1.5	1.5
178.770542964512	0.00222765235945783	0.0379431366235834	-52.0457493130742	95.2939398152932	0	0	0	0	0	1.5	1.5	1.5	1.5	1.5	1.5
178.860740009398	0.00783237660438465	0.0383968290655876	-51.9556178222614	95.2973780019705	0	0	0	0	0	1.5	1.5	1.5	1.5	1.5	1.5
178.950937054285	0.00805262487945721	0.0392240811733423	-51.8654887011353	95.3008777070471	0	0	0	0	0	1.5	1.5	1.5	1.5	1.5	1.5
179.041134099171	0.00374961561448272	0.0397563447811373	-51.7753620935085	95.3044415967929	0	0	0	0	0	1.5	1.5	1.5	1.5	1.5	1.5
179.131331144057	-0.000553393650491776	0.0399004896691135	-51.6852366953729	95.3080359675751	0	0	0	0	0	1.5	1.5	1.5	1.5	1.5	1.5
179.221528188943	-0.00485640291546627	0.039656515837271	-51.5951111180839	95.3116258397855	0	0	0	0	0	1.5	1.5	1.5	1.5	1.5	1.5
179.31172523383	-0.00915941218044212	0.0390244232856094	-51.5049839782351	95.3151762336081	0	0	0	0	0	1.5	1.5	1.5	1.5	1.5	1.5
179.401922278716	-0.0134624214454166	0.0380042120141293	-51.4148539383873	95.3186521674259	0	0	0	0	0	1.5	1.5	1.5	1.5	1.5	1.5
179.492119323602	-0.0177654307103911	0.0365958820228304	-51.3247197478023	95.3220186563155	0	0	0	0	0	1.5	1.5	1.5	1.5	1.5	1.5
179.582316368488	-0.022068439975367	0.0347994333117122	-51.2345802831819	95.3252407107107	0	0	0	0	0	1.5	1.5	1.5	1.5	1.5	1.5
179.672513413375	-0.0263714492403415	0.0326148658807757	-51.1444345894158	95.3282833353138	0	0	0	0	0	1.5	1.5	1.5	1.5	1.5	1.5
179.762710458261	-0.030674458505316	0.0300421797300204	-51.0542819203397	95.3311115283319	0	0	0	0	0	1.5	1.5	1.5	1.5	1.5	1.5
179.852907503147	-0.0349774677702904	0.0270813748594464	-50.964121779505	95.3336902811203	0	0	0	0	0	1.5	1.5	1.5	1.5	1.5	1.5
179.943104548033	-0.0366464077863497	0.023786686549219	-50.8739539789351	95.3359853225597	0	0	0	0	0	1.5	1.5	1.5	1.5	1.5	1.5
180.033301592919	-0.0351799618972786	0.0205474234040336	-50.7837791109725	95.3379835668528	0	0	0	0	0	1.5	1.5	1.5	1.5	1.5	1.5
180.123498637806	-0.0337135160082079	0.017440429344529	-50.693598353154	95.3396956651733	0	0	0	0	0	1.5	1.5	1.5	1.5	1.5	1.5
180.213695682692	-0.0322470701191367	0.0144657043707032	-50.6034128030127	95.3411335290333	0	0	0	0	0	1.5	1.5	1.5	1.5	1.5	1.5
180.303892727578	-0.030780624230066	0.011623248482558	-50.5132234493088	95.3423090743907	0	0	0	0	0	1.5	1.5	1.5	1.5	1.5	1.5
180.394089772464	-0.0293141783409953	0.00891306168009262	-50.4230311767452	95.3432342209396	0	0	0	0	0	1.5	1.5	1.5	1.5	1.5	1.5
180.484286817351	-0.0278477324519246	0.00633514396330694	-50.3328367706875	95.3439208914706	0	0	0	0	0	1.5	1.5	1.5	1.5	1.5	1.5
180.574483862237	-0.0263812865628539	0.00388949533220099	-50.2426409218875	95.3443810112949	0	0	0	0	0	1.5	1.5	1.5	1.5	1.5	1.5
180.664680907123	-0.0249148406737832	0.00157611578677478	-50.1524442312095	95.3446265077326	0	0	0	0	0	1.5	1.5	1.5	1.5	1.5	1.5
180.754877952009	-0.0234483947847121	-0.00060499467297238	-50.0622472143586	95.3446693096597	0	0	0	0	0	1.5	1.5	1.5	1.5	1.5	1.5
180.845074996896	-0.0219819488956409	-0.00265383604703972	-49.9720503066112	95.3445213471115	0	0	0	0	0	1.5	1.5	1.5	1.5	1.5	1.5
180.935272041782	-0.0220981050265907	-0.00459679865405867	-49.8818538688392	95.3441942575646	0	0	0	0	0	1.5	1.5	1.5	1.5	1.5	1.5
181.025469086668	-0.0249118300470945	-0.00671687726602851	-49.7916582732187	95.3436859378733	0	0	0	0	0	1.5	1.5	1.5	1.5	1.5	1.5
181.115666131554	-0.0277255550675983	-0.00909074555997023	-49.7014640517581	95.3429749525607	0	0	0	0	0	1.5	1.5	1.5	1.5	1.5	1.5
181.20586317644	-0.0305392800881022	-0.0117184035358838	-49.6112718951005	95.3420384153719	0	0	0	0	0	1.5	1.5	1.5	1.5	1.5	1.5
181.296060221327	-0.033353005108606	-0.0145998511937693	-49.5210826656039	95.3408534430602	0	0	0	0	0	1.5	1.5	1.5	1.5	1.5	1.5
181.386257266213	-0.0361667301291108	-0.0177350885336277	-49.430897414754	95.3393971565205	0	0	0	0	0	1.5	1.5	1.5	1.5	1.5	1.5
181.476454311099	-0.0389804551496146	-0.021124115555457	-49.3407174005695	95.3376466821628	0	0	0	0	0	1.5	1.5	1.5	1.5	1.5	1.5
181.566651355985	-0.0417941801701193	-0.0247669322592593	-49.2505441049975	95.3355791535482	0	0	0	0	0	1.5	1.5	1.5	1.5	1.5	1.5
181.656848400872	-0.0446079051906232	-0.0286635386450325	-49.1603792512952	95.3331717133079	0	0	0	0	0	1.5	1.5	1.5	1.5	1.5	1.5
181.747045445758	-0.047421630211127	-0.0328139347127775	-49.0702248213958	95.3304015153691	0	0	0	0	0	1.5	1.5	1.5	1.5	1.5	1.5
181.837242490644	-0.0502353552316309	-0.0372181204624944	-48.9800830732532	95.327245727509	0	0	0	0	0	1.5	1.5	1.5	1.5	1.5	1.5
181.92743953553	-0.051612822232673	-0.0418577342147585	-48.8899565516643	95.3236816906181	0	0	0	0	0	1.5	1.5	1.5	1.5	1.5	1.5
182.017636580417	-0.0493599679370713	-0.0464114578583738	-48.7998474835015	95.3197006502821	0	0	0	0	0	1.5	1.5	1.5	1.5	1.5	1.5
182.107833625303	-0.0471071136414703	-0.0507619807019652	-48.709757025613	95.3153184737192	0	0	0	0	0	1.5	1.5	1.5	1.5	1.5	1.5
182.198030670189	-0.0448542593458686	-0.0549093027455355	-48.619685993932	95.3105535501531	0	0	0	0	0	1.5	1.5	1.5	1.5	1.5	1.5
182.288227715075	-0.0426014050502677	-0.0588534239890819	-48.5296349707178	95.3054242639032	0	0	0	0	0	1.5	1.5	1.5	1.5	1.5	1.5
182.378424759961	-0.0403485507546667	-0.0625943444326059	-48.4396043157858	95.2999489930818	0	0	0	0	0	1.5	1.5	1.5	1.5	1.5	1.5
182.468621804848	-0.0380956964590657	-0.0661320640761075	-48.3495941777372	95.294146108518	0	0	0	0	0	1.5	1.5	1.5	1.5	1.5	1.5
182.558818849734	-0.0358428421634648	-0.0694665829195866	-48.2596045051872	95.2880339728968	0	0	0	0	0	1.5	1.5	1.5	1.5	1.5	1.5
182.64901589462	-0.0335899878678631	-0.0725979009630442	-48.1696350579884	95.2816309401011	0	0	0	0	0	1.5	1.5	1.5	1.5	1.5	1.5
182.739212939506	-0.0313371335722621	-0.0755260182064783	-48.0796854184495	95.2749553547456	0	0	0	0	0	1.5	1.5	1.5	1.5	1.5	1.5
182.829409984393	-0.0290842792766611	-0.0782509346498901	-47.9897550025481	95.2680255518921	0	0	0	0	0	1.5	1.5	1.5	1.5	1.5	1.5
182.919607029279	-0.0274932875834898	-0.0807785131035231	-47.899843073925	95.2608598224233	0	0	0	0	0	1.5	1.5	1.5	1.5	1.5	1.5
183.009804074165	-0.0286101404474579	-0.0833086948117123	-47.809949385781	95.2534687874632	0	0	0	0	0	1.5	1.5	1.5	1.5	1.5	1.5
183.100001119051	-0.0297269933114259	-0.0859396133478042	-47.7200750718105	95.2458458023672	0	0	0	0	0	1.5	1.5	1.5	1.5	1.5	1.5
183.190198163938	-0.030843846175394	-0.0886712687117987	-47.6302215223149	95.2379818663136	0	0	0	0	0	1.5	1.5	1.5	1.5	1.5	1.5
183.280395208824	-0.0319606990393624	-0.0915036609036967	-47.5403902002637	95.2298679864928	0	0	0	0	0	1.5	1.5	1.5	1.5	1.5	1.5
183.37059225371	-0.0330775519033304	-0.0944367899234965	-47.4505826439894	95.2214951787513	0	0	0	0	0	1.5	1.5	1.5	1.5	1.5	1.5
183.460789298596	-0.0341944047672985	-0.0974706557711989	-47.3608004698768	95.2128544682743	0	0	0	0	0	1.5	1.5	1.5	1.5	1.5	1.5
183.550986343482	-0.0353112576312665	-0.100605258446804	-47.2710453750473	95.2039368903071	0	0	0	0	0	1.5	1.5	1.5	1.5	1.5	1.5
183.641183388369	-0.0364281104952349	-0.103840597950313	-47.1813191400361	95.1947334909172	0	0	0	0	0	1.5	1.5	1.5	1.5	1.5	1.5
183.731380433255	-0.037544963359203	-0.107176674281723	-47.091623631463	95.1852353277983	0	0	0	0	0	1.5	1.5	1.5	1.5	1.5	1.5
183.821577478141	-0.0386618162231714	-0.110613487441037	-47.0019608046959	95.1754334711174	0	0	0	0	0	1.5	1.5	1.5	1.5	1.5	1.5
183.911774523027	-0.0396209766736583	-0.114150255626768	-46.9123327062122	95.1653190069736	0	0	0	0	0	1.5	1.5	1.5	1.5	1.5	1.5
184.001971567914	-0.0393033729055585	-0.117709627177575	-46.8227411679227	95.1548856669534	0	0	0	0	0	1.5	1.5	1.5	1.5	1.5	1.5
184.0921686128	-0.0389857691374587	-0.121240351807054	-46.7331871784542	95.1441347867556	0	0	0	0	0	1.5	1.5	1.5	1.5	1.5	1.5
184.182365657686	-0.0386681653693588	-0.124742429515205	-46.6436715462344	95.1330690658283	0	0	0	0	0	1.5	1.5	1.5	1.5	1.5	1.5
184.272562702572	-0.038350561601259	-0.12821586030203	-46.5541950521594	95.1216912042167	0	0	0	0	0	1.5	1.5	1.5	1.5	1.5	1.5
184.362759747459	-0.0380329578331591	-0.131660644167528	-46.4647584498232	95.1100039024001	0	0	0	0	0	1.5	1.5	1.5	1.5	1.5	1.5
184.452956792345	-0.0377153540650592	-0.135076781111698	-46.3753624657496	95.0980098611323	0	0	0	0	0	1.5	1.5	1.5	1.5	1.5	1.5
184.543153837231	-0.0373977502969593	-0.138464271134541	-46.2860077996225	95.0857117812866	0	0	0	0	0	1.5	1.5	1.5	1.5	1.5	1.5
184.633350882117	-0.0370801465288595	-0.141823114236056	-46.1966951245189	95.0731123637044	0	0	0	0	0	1.5	1.5	1.5	1.5	1.5	1.5
184.723547927003	-0.0367625427607597	-0.145153310416243	-46.1074250871403	95.0602143090473	0	0	0	0	0	1.5	1.5	1.5	1.5	1.5	1.5
184.81374497189	-0.0364449389926599	-0.148454859675104	-46.0181983080469	95.0470203176537	0	0	0	0	0	1.5	1.5	1.5	1.5	1.5	1.5
184.903942016776	-0.0361055503989486	-0.151727739267001	-45.9290153818872	95.0335330894141	0	0	0	0	0	1.5	1.5	1.5	1.5	1.5	1.5
184.994139061662	-0.0348469839462241	-0.154927593729563	-45.8398766678501	95.0197566739074	0	0	0	0	0	1.5	1.5	1.5	1.5	1.5	1.5
185.084336106548	-0.0335884174934996	-0.158013929217297	-45.7507816919773	95.0057001550487	0	0	0	0	0	1.5	1.5	1.5	1.5	1.5	1.5
185.174533151435	-0.0323298510407755	-0.160986745730201	-45.6617297076507	94.9913737806993	0	0	0	0	0	1.5	1.5	1.5	1.5	1.5	1.5
185.264730196321	-0.0310712845880514	-0.163846043268276	-45.5727198759556	94.9767877865624	0	0	0	0	0	1.5	1.5	1.5	1.5	1.5	1.5
185.354927241207	-0.0298127181353273	-0.166591821831523	-45.483751269203	94.9619523961992	0	0	0	0	0	1.5	1.5	1.5	1.5	1.5	1.5
185.445124286093	-0.0285541516826031	-0.169224081419941	-45.3948228744458	94.9468778210963	0	0	0	0	0	1.5	1.5	1.5	1.5	1.5	1.5
185.53532133098	-0.027295585229879	-0.171742822033531	-45.3059335969895	94.9315742607803	0	0	0	0	0	1.5	1.5	1.5	1.5	1.5	1.5
185.625518375866	-0.0260370187771549	-0.174148043672292	-45.2170822638968	94.9160519029806	0	0	0	0	0	1.5	1.5	1.5	1.5	1.5	1.5
185.715715420752	-0.0247784523244304	-0.176439746336224	-45.1282676274868	94.9003209238353	0	0	0	0	0	1.5	1.5	1.5	1.5	1.5	1.5
185.805912465638	-0.0235198858717059	-0.178617930025329	-45.0394883688283	94.8843914881408	0	0	0	0	0	1.5	1.5	1.5	1.5	1.5	1.5
185.896109510525	-0.0222613194189818	-0.180682594739603	-44.9507431012267	94.8682737496409	0	0	0	0	0	1.5	1.5	1.5	1.5	1.5	1.5
185.986306555411	-0.0250412141081438	-0.182804208285315	-44.8620312430802	94.8519731337047	0	0	0	0	0	1.5	1.5	1.5	1.5	1.5	1.5
186.076503600297	-0.0280973591131476	-0.185200679422331	-44.7733564333434	94.8354721904009	0	0	0	0	0	1.5	1.5	1.5	1.5	1.5	1.5
186.166700645183	-0.0311535041181515	-0.187872805807541	-44.6847237318061	94.818746572841	0	0	0	0	0	1.5	1.5	1.5	1.5	1.5	1.5
186.256897690069	-0.0342096491231564	-0.190820587440948	-44.5961383840558	94.8017719689208	0	0	0	0	0	1.5	1.5	1.5	1.5	1.5	1.5
186.347094734956	-0.0372657941281603	-0.194044024322549	-44.5076058412022	94.7845241076953	0	0	0	0	0	1.5	1.5	1.5	1.5	1.5	1.5
186.437291779842	-0.0403219391331642	-0.197543116452345	-44.4191317798186	94.766978764525	0	0	0	0	0	1.5	1.5	1.5	1.5	1.5	1.5
186.527488824728	-0.043378084138169	-0.201317863830337	-44.3307221218165	94.7491117665328	0	0	0	0	0	1.5	1.5	1.5	1.5	1.5	1.5
186.617685869614	-0.0464342291431729	-0.205368266456524	-44.2423830542427	94.7308989983984	0	0	0	0	0	1.5	1.5	1.5	1.5	1.5	1.5
186.707882914501	-0.0494903741481768	-0.209694324330905	-44.1541210489926	94.7123164085157	0	0	0	0	0	1.5	1.5	1.5	1.5	1.5	1.5
186.798079959387	-0.0525465191531807	-0.214296037453482	-44.0659428824275	94.6933400155427	0	0	0	0	0	1.5	1.5	1.5	1.5	1.5	1.5
186.888277004273	-0.0556026641581856	-0.219173405824255	-43.9778556548857	94.6739459153679	0	0	0	0	0	1.5	1.5	1.5	1.5	1.5	1.5
186.978474049159	-0.0546746291006875	-0.224173730130657	-43.8898659465785	94.6541140933765	0	0	0	0	0	1.5	1.5	1.5	1.5	1.5	1.5
187.068671094046	-0.0530426063108408	-0.229031618289374	-43.8019750981368	94.6338486136889	0	0	0	0	0	1.5	1.5	1.5	1.5	1.5	1.5
187.158868138932	-0.0514105835209942	-0.233742302815259	-43.7141822059127	94.6131628713374	0	0	0	0	0	1.5	1.5	1.5	1.5	1.5	1.5
187.249065183818	-0.049778560731147	-0.238305783708315	-43.6264861737379	94.5920702487401	0	0	0	0	0	1.5	1.5	1.5	1.5	1.5	1.5
187.339262228704	-0.0481465379413004	-0.242722060968539	-43.5388857236763	94.5705840943053	0	0	0	0	0	1.5	1.5	1.5	1.5	1.5	1.5
187.42945927359	-0.0465145151514537	-0.246991134595931	-43.4513794020747	94.5487177221796	0	0	0	0	0	1.5	1.5	1.5	1.5	1.5	1.5
187.519656318477	-0.0448824923616066	-0.251113004590493	-43.3639655855943	94.5264844121266	0	0	0	0	0	1.5	1.5	1.5	1.5	1.5	1.5
187.609853363363	-0.0432504695717599	-0.255087670952223	-43.2766424872218	94.5038974095317	0	0	0	0	0	1.5	1.5	1.5	1.5	1.5	1.5
187.700050408249	-0.0416184467819133	-0.258915133681122	-43.1894081622602	94.4809699255284	0	0	0	0	0	1.5	1.5	1.5	1.5	1.5	1.5
187.790247453135	-0.0399864239920666	-0.26259539277719	-43.1022605142988	94.4577151372414	0	0	0	0	0	1.5	1.5	1.5	1.5	1.5	1.5
187.880444498022	-0.0383544012022195	-0.266128448240427	-43.0151973011617	94.4341461881429	0	0	0	0	0	1.5	1.5	1.5	1.5	1.5	1.5
187.970641542908	-0.0396649791189512	-0.269615534549838	-42.9282167577037	94.4102739501098	0	0	0	0	0	1.5	1.5	1.5	1.5	1.5	1.5
188.060838587794	-0.0418903728045816	-0.273293560418917	-42.8413222013717	94.3860906125761	0	0	0	0	0	1.5	1.5	1.5	1.5	1.5	1.5
188.15103563268	-0.0441157664902127	-0.27717231022215	-42.7545196445985	94.3615791286611	0	0	0	0	0	1.5	1.5	1.5	1.5	1.5	1.5
188.241232677567	-0.0463411601758431	-0.281251783959534	-42.6678153144589	94.3367224442856	0	0	0	0	0	1.5	1.5	1.5	1.5	1.5	1.5
188.331429722453	-0.0485665538614735	-0.285531981631071	-42.5812156443341	94.3115035700094	0	0	0	0	0	1.5	1.5	1.5	1.5	1.5	1.5
188.421626767339	-0.0507919475471039	-0.290012903236759	-42.4947272838683	94.2859055857685	0	0	0	0	0	1.5	1.5	1.5	1.5	1.5	1.5
188.511823812225	-0.0530173412327343	-0.2946945487766	-42.4083571088498	94.2599116458273	0	0	0	0	0	1.5	1.5	1.5	1.5	1.5	1.5
188.602020857111	-0.0552427349183654	-0.299576918250595	-42.3221122310093	94.2335049839561	0	0	0	0	0	1.5	1.5	1.5	1.5	1.5	1.5
188.692217901998	-0.0574681286039965	-0.304660011658743	-42.2360000077308	94.2066689188419	0	0	0	0	0	1.5	1.5	1.5	1.5	1.5	1.5
188.782414946884	-0.0596935222896269	-0.309943829001041	-42.1500280516675	94.179386859743	0	0	0	0	0	1.5	1.5	1.5	1.5	1.5	1.5
188.87261199177	-0.0619189159752574	-0.315428370277491	-42.0642042402562	94.1516423123966	0	0	0	0	0	1.5	1.5	1.5	1.5	1.5	1.5
188.962809036656	-0.0621595055535982	-0.321053123723839	-41.9785363380937	94.1234200526062	0	0	0	0	0	1.5	1.5	1.5	1.5	1.5	1.5
189.053006081543	-0.061448887429666	-0.326627679608952	-41.8930279672317	94.0947180605035	0	0	0	0	0	1.5	1.5	1.5	1.5	1.5	1.5
189.143203126429	-0.0607382693057337	-0.332138139839243	-41.8076799874303	94.0655425799818	0	0	0	0	0	1.5	1.5	1.5	1.5	1.5	1.5
189.233400171315	-0.0600276511818015	-0.337584504414713	-41.7224931204224	94.0358999673213	0	0	0	0	0	1.5	1.5	1.5	1.5	1.5	1.5
189.323597216201	-0.0593170330578691	-0.342966773335364	-41.6374679932817	94.0057965618459	0	0	0	0	0	1.5	1.5	1.5	1.5	1.5	1.5
189.413794261088	-0.0586064149339366	-0.348284946601193	-41.5526051397359	93.9752386852907	0	0	0	0	0	1.5	1.5	1.5	1.5	1.5	1.5
189.503991305974	-0.0578957968100044	-0.3535390242122	-41.4679050014787	93.9442326412007	0	0	0	0	0	1.5	1.5	1.5	1.5	1.5	1.5
189.59418835086	-0.0571851786860722	-0.358729006168385	-41.38336792948	93.9127847143592	0	0	0	0	0	1.5	1.5	1.5	1.5	1.5	1.5
189.684385395746	-0.05647456056214	-0.363854892469748	-41.2989941852944	93.8809011702478	0	0	0	0	0	1.5	1.5	1.5	1.5	1.5	1.5
189.774582440632	-0.0557639424382078	-0.368916683116291	-41.2147839423674	93.8485882545349	0	0	0	0	0	1.5	1.5	1.5	1.5	1.5	1.5
189.864779485519	-0.0550533243142755	-0.373914378108012	-41.1307372873392	93.815852192594	0	0	0	0	0	1.5	1.5	1.5	1.5	1.5	1.5
189.954976530405	-0.0567891222304625	-0.378913013965819	-41.0468546468954	93.7826981178451	0	0	0	0	0	1.5	1.5	1.5	1.5	1.5	1.5
190.045173575291	-0.060228671783722	-0.384190343575411	-40.9631430836256	93.7491144581463	0	0	0	0	0	1.5	1.5	1.5	1.5	1.5	1.5
190.135370620177	-0.0636682213369826	-0.389777910390449	-40.8796152079052	93.7150765422833	0	0	0	0	0	1.5	1.5	1.5	1.5	1.5	1.5
190.225567665064	-0.0671077708902421	-0.395675714410929	-40.7962841898309	93.6805595211247	0	0	0	0	0	1.5	1.5	1.5	1.5	1.5	1.5
190.31576470995	-0.0705473204435016	-0.401883755636852	-40.7131636388772	93.6455387446352	0	0	0	0	0	1.5	1.5	1.5	1.5	1.5	1.5
190.405961754836	-0.0739868699967611	-0.408402034068219	-40.6302676256165	93.6099897772022	0	0	0	0	0	1.5	1.5	1.5	1.5	1.5	1.5
190.496158799722	-0.0774264195500206	-0.41523054970503	-40.5476107030775	93.5738884136648	0	0	0	0	0	1.5	1.5	1.5	1.5	1.5	1.5
190.586355844609	-0.0808659691032812	-0.422369302547287	-40.4652079277136	93.5372106960763	0	0	0	0	0	1.5	1.5	1.5	1.5	1.5	1.5
190.676552889495	-0.0843055186565407	-0.429818292594986	-40.3830748799495	93.4999329312296	0	0	0	0	0	1.5	1.5	1.5	1.5	1.5	1.5
190.766749934381	-0.0877450682098013	-0.437577519848131	-40.3012276842744	93.462031708975	0	0	0	0	0	1.5	1.5	1.5	1.5	1.5	1.5
190.856946979267	-0.0911846177630608	-0.445646984306717	-40.2196830288467	93.423483921357	0	0	0	0	0	1.5	1.5	1.5	1.5	1.5	1.5
190.947144024154	-0.0915043913234633	-0.453955929880492	-40.1384577164111	93.3842677445492	0	0	0	0	0	1.5	1.5	1.5	1.5	1.5	1.5
191.03734106904	-0.0887403191300811	-0.462084700000133	-40.0575583667066	93.3443834453129	0	0	0	0	0	1.5	1.5	1.5	1.5	1.5	1.5
191.127538113926	-0.0859762469366981	-0.469964158976082	-39.9769808301226	93.3038528961928	0	0	0	0	0	1.5	1.5	1.5	1.5	1.5	1.5
191.217735158812	-0.0832121747433159	-0.477594306808333	-39.89672000673	93.2626987024365	0	0	0	0	0	1.5	1.5	1.5	1.5	1.5	1.5
191.307932203698	-0.0804481025499337	-0.484975143496888	-39.8167703110856	93.2209432699882	0	0	0	0	0	1.5	1.5	1.5	1.5	1.5	1.5
191.398129248585	-0.0776840303565515	-0.492106669041749	-39.7371256905091	93.1786088060291	0	0	0	0	0	1.5	1.5	1.5	1.5	1.5	1.5
191.488326293471	-0.0749199581631684	-0.498988883442916	-39.657779643156	93.1357173201191	0	0	0	0	0	1.5	1.5	1.5	1.5	1.5	1.5
191.578523338357	-0.0721558859697863	-0.505621786700386	-39.5787252358834	93.0922906259179	0	0	0	0	0	1.5	1.5	1.5	1.5	1.5	1.5
191.668720383243	-0.0693918137764041	-0.51200537881416	-39.4999551219059	93.0483503434596	0	0	0	0	0	1.5	1.5	1.5	1.5	1.5	1.5
191.75891742813	-0.066627741583021	-0.518139659784241	-39.4214615582417	93.0039179019595	0	0	0	0	0	1.5	1.5	1.5	1.5	1.5	1.5
191.849114473016	-0.0638636693896388	-0.524024629610625	-39.3432364229491	92.9590145431284	0	0	0	0	0	1.5	1.5	1.5	1.5	1.5	1.5
191.939311517902	-0.0631670759290512	-0.529699091893222	-39.265271477223	92.9136609058356	0	0	0	0	0	1.5	1.5	1.5	1.5	1.5	1.5
192.029508562788	-0.0653708986086647	-0.535495964622703	-39.1875668827995	92.8678626511821	0	0	0	0	0	1.5	1.5	1.5	1.5	1.5	1.5
192.119705607675	-0.0675747212882783	-0.541491615645339	-39.1101336836084	92.82160703317	0	0	0	0	0	1.5	1.5	1.5	1.5	1.5	1.5
192.209902652561	-0.0697785439678924	-0.547686044961131	-39.0329838586093	92.7748803235226	0	0	0	0	0	1.5	1.5	1.5	1.5	1.5	1.5
192.300099697447	-0.071982366647506	-0.554079252570075	-38.9561296571392	92.7276689804798	0	0	0	0	0	1.5	1.5	1.5	1.5	1.5	1.5
192.390296742333	-0.0741861893271202	-0.560671238472176	-38.8795836058037	92.6799596578002	0	0	0	0	0	1.5	1.5	1.5	1.5	1.5	1.5
192.480493787219	-0.0763900120067337	-0.56746200266743	-38.8033585151555	92.6317392140263	0	0	0	0	0	1.5	1.5	1.5	1.5	1.5	1.5
192.570690832106	-0.0785938346863472	-0.574451545155838	-38.7274674861478	92.5829947220177	0	0	0	0	0	1.5	1.5	1.5	1.5	1.5	1.5
192.660887876992	-0.0807976573659607	-0.5816398659374	-38.6519239163545	92.5337134787579	0	0	0	0	0	1.5	1.5	1.5	1.5	1.5	1.5
192.751084921878	-0.0830014800455742	-0.589026965012116	-38.5767415059415	92.4838830154386	0	0	0	0	0	1.5	1.5	1.5	1.5	1.5	1.5
192.841281966764	-0.0852053027251884	-0.596612842379989	-38.5019342633808	92.4334911078263	0	0	0	0	0	1.5	1.5	1.5	1.5	1.5	1.5
192.931479011651	-0.0856677378357003	-0.604371661877415	-38.4275163658125	92.3825259972846	0	0	0	0	0	1.5	1.5	1.5	1.5	1.5	1.5
193.021676056537	-0.0825782768622631	-0.611959308547238	-38.3534932444179	92.3309891621791	0	0	0	0	0	1.5	1.5	1.5	1.5	1.5	1.5
193.111873101423	-0.079488815888827	-0.619268294966963	-38.2798560226953	92.2789024050815	0	0	0	0	0	1.5	1.5	1.5	1.5	1.5	1.5
193.202070146309	-0.0763993549153909	-0.626298621136593	-38.2065941223364	92.2262890289045	0	0	0	0	0	1.5	1.5	1.5	1.5	1.5	1.5
193.292267191196	-0.0733098939419547	-0.633050287056127	-38.1336965054541	92.1731720499476	0	0	0	0	0	1.5	1.5	1.5	1.5	1.5	1.5
193.382464236082	-0.0702204329685186	-0.639523292725566	-38.0611516958192	92.1195742039642	0	0	0	0	0	1.5	1.5	1.5	1.5	1.5	1.5
193.472661280968	-0.0671309719950825	-0.64571763814491	-37.9889477997401	92.0655179528629	0	0	0	0	0	1.5	1.5	1.5	1.5	1.5	1.5
193.562858325854	-0.0640415110216453	-0.651633323314161	-37.917072526591	92.0110254920109	0	0	0	0	0	1.5	1.5	1.5	1.5	1.5	1.5
193.653055370741	-0.0609520500482083	-0.657270348233316	-37.8455132089956	91.9561187581089	0	0	0	0	0	1.5	1.5	1.5	1.5	1.5	1.5
193.743252415627	-0.0578625890747721	-0.662628712902374	-37.7742568226726	91.9008194376074	0	0	0	0	0	1.5	1.5	1.5	1.5	1.5	1.5
193.833449460513	-0.054773128101336	-0.667708417321336	-37.7032900059524	91.8451489756342	0	0	0	0	0	1.5	1.5	1.5	1.5	1.5	1.5
193.923646505399	-0.0536628158464569	-0.672531213554143	-37.6325991782257	91.7891284607011	0	0	0	0	0	1.5	1.5	1.5	1.5	1.5	1.5
194.013843550285	-0.0586945267344325	-0.677598363690176	-37.5621833137104	91.7327627306768	0	0	0	0	0	1.5	1.5	1.5	1.5	1.5	1.5
194.104040595172	-0.0637262376224081	-0.683119359279025	-37.4920668528995	91.676025016922	0	0	0	0	0	1.5	1.5	1.5	1.5	1.5	1.5
194.194237640058	-0.0687579485103853	-0.689094200320695	-37.4222776874784	91.6188852313827	0	0	0	0	0	1.5	1.5	1.5	1.5	1.5	1.5
194.284434684944	-0.0737896593983609	-0.695522886815179	-37.3528442456299	91.5613137450523	0	0	0	0	0	1.5	1.5	1.5	1.5	1.5	1.5
194.37463172983	-0.0788213702863381	-0.702405418762483	-37.2837955294939	91.5032814300071	0	0	0	0	0	1.5	1.5	1.5	1.5	1.5	1.5
194.464828774717	-0.0838530811743136	-0.709741796162602	-37.2151611514538	91.444759702712	0	0	0	0	0	1.5	1.5	1.5	1.5	1.5	1.5
194.555025819603	-0.0888847920622892	-0.717532019015539	-37.1469713691409	91.3857205686702	0	0	0	0	0	1.5	1.5	1.5	1.5	1.5	1.5
194.645222864489	-0.0939165029502648	-0.725776087321292	-37.0792571190462	91.3261366684887	0	0	0	0	0	1.5	1.5	1.5	1.5	1.5	1.5
194.735419909375	-0.0989482138382404	-0.734474001079863	-37.0120500486249	91.2659813254235	0	0	0	0	0	1.5	1.5	1.5	1.5	1.5	1.5
194.825616954262	-0.103979924726218	-0.743625760291254	-36.9453825467745	91.2052285944657	0	0	0	0	0	1.5	1.5	1.5	1.5	1.5	1.5
194.915813999148	-0.107943894579363	-0.75322390984572	-36.8792877488337	91.1438533383483	0	0	0	0	0	1.5	1.5	1.5	1.5	1.5	1.5
195.006011044034	-0.106078924445512	-0.762876022752852	-36.8137897580267	91.0818415899013	0	0	0	0	0	1.5	1.5	1.5	1.5	1.5	1.5
195.09620808892	-0.10421395431166	-0.772359920865112	-36.7488880762533	91.019205995943	0	0	0	0	0	1.5	1.5	1.5	1.5	1.5	1.5
195.186405133806	-0.102348984177809	-0.781675604182494	-36.684578006018	90.9559631075066	0	0	0	0	0	1.5	1.5	1.5	1.5	1.5	1.5
195.276602178693	-0.100484014043957	-0.790823072705002	-36.6208544910665	90.8921292307696	0	0	0	0	0	1.5	1.5	1.5	1.5	1.5	1.5
195.366799223579	-0.0986190439101058	-0.799802326432636	-36.5577121268997	90.827720426312	0	0	0	0	0	1.5	1.5	1.5	1.5	1.5	1.5
195.456996268465	-0.0967540737762538	-0.808613365365398	-36.4951451711265	90.7627525087036	0	0	0	0	0	1.5	1.5	1.5	1.5	1.5	1.5
195.547193313351	-0.0948891036424024	-0.817256189503282	-36.433147553655	90.6972410464133	0	0	0	0	0	1.5	1.5	1.5	1.5	1.5	1.5
195.637390358238	-0.0930241335085511	-0.825730798846292	-36.3717128867159	90.6312013620276	0	0	0	0	0	1.5	1.5	1.5	1.5	1.5	1.5
195.727587403124	-0.0911591633746991	-0.834037193394431	-36.3108344747189	90.5646485327704	0	0	0	0	0	1.5	1.5	1.5	1.5	1.5	1.5
195.81778444801	-0.0892941932408477	-0.842175373147692	-36.2505053239369	90.4975973913132	0	0	0	0	0	1.5	1.5	1.5	1.5	1.5	1.5
195.907981492896	-0.0877311511275622	-0.850146270134463	-36.1907181534598	90.4300625256007	0	0	0	0	0	1.5	1.5	1.5	1.5	1.5	1.5
195.998178537783	-0.090277211021528	-0.858174184249905	-36.1314709065434	90.3620535045385	0	0	0	0	0	1.5	1.5	1.5	1.5	1.5	1.5
196.088375582669	-0.0928232709154946	-0.866431745443889	-36.0727794064289	90.2935643193204	0	0	0	0	0	1.5	1.5	1.5	1.5	1.5	1.5
196.178572627555	-0.0953693308094604	-0.87491895371641	-36.0146633837675	90.2245861634989	0	0	0	0	0	1.5	1.5	1.5	1.5	1.5	1.5
196.268769672441	-0.0979153907034262	-0.883635809067469	-35.9571428656811	90.1551106614059	0	0	0	0	0	1.5	1.5	1.5	1.5	1.5	1.5
196.358966717327	-0.100461450597392	-0.892582311497068	-35.9002381778051	90.0851298844759	0	0	0	0	0	1.5	1.5	1.5	1.5	1.5	1.5
196.449163762214	-0.103007510491359	-0.901758461005209	-35.8439699457786	90.0146363678585	0	0	0	0	0	1.5	1.5	1.5	1.5	1.5	1.5
196.5393608071	-0.105553570385324	-0.911164257591885	-35.7883590961608	89.9436231273169	0	0	0	0	0	1.5	1.5	1.5	1.5	1.5	1.5
196.629557851986	-0.108099630279291	-0.920799701257104	-35.7334268567509	89.8720836764082	0	0	0	0	0	1.5	1.5	1.5	1.5	1.5	1.5
196.719754896872	-0.110645690173257	-0.930664792000859	-35.6791947562907	89.8000120439407	0	0	0	0	0	1.5	1.5	1.5	1.5	1.5	1.5
196.809951941759	-0.113191750067223	-0.940759529823153	-35.6256846235255	89.7274027917014	0	0	0	0	0	1.5	1.5	1.5	1.5	1.5	1.5
196.900148986645	-0.115737809961188	-0.951083914723987	-35.5729185856015	89.6542510324467	0	0	0	0	0	1.5	1.5	1.5	1.5	1.5	1.5
196.990346031531	-0.114633522861912	-0.961476213609229	-35.520915155148	89.5805551919452	0	0	0	0	0	1.5	1.5	1.5	1.5	1.5	1.5
197.080543076417	-0.113463959118339	-0.971763073019533	-35.4696764720712	89.5063255986442	0	0	0	0	0	1.5	1.5	1.5	1.5	1.5	1.5
197.170740121304	-0.112294395374766	-0.981944441236363	-35.41920012857	89.4315755125193	0	0	0	0	0	1.5	1.5	1.5	1.5	1.5	1.5
197.26093716619	-0.111124831631192	-0.992020318259717	-35.3694834722465	89.3563180068357	0	0	0	0	0	1.5	1.5	1.5	1.5	1.5	1.5
197.351134211076	-0.109955267887619	-1.00199070408959	-35.3205236121747	89.2805659665127	0	0	0	0	0	1.5	1.5	1.5	1.5	1.5	1.5
197.441331255962	-0.108785704144046	-1.01185559872599	-35.2723174248829	89.2043320866642	0	0	0	0	0	1.5	1.5	1.5	1.5	1.5	1.5
197.531528300848	-0.107616140400473	-1.02161500216891	-35.2248615602713	89.1276288712988	0	0	0	0	0	1.5	1.5	1.5	1.5	1.5	1.5
197.621725345735	-0.1064465766569	-1.03126891441836	-35.1781524474591	89.0504686321717	0	0	0	0	0	1.5	1.5	1.5	1.5	1.5	1.5
197.711922390621	-0.105277012913327	-1.04081733547433	-35.1321863005626	88.972863487789	0	0	0	0	0	1.5	1.5	1.5	1.5	1.5	1.5
197.802119435507	-0.104107449169753	-1.05026026533682	-35.0869591244004	88.8948253625566	0	0	0	0	0	1.5	1.5	1.5	1.5	1.5	1.5
197.892316480393	-0.10293788542618	-1.05959770400584	-35.0424667201231	88.8163659860732	0	0	0	0	0	1.5	1.5	1.5	1.5	1.5	1.5
197.98251352528	-0.104376617773066	-1.06893492664051	-34.9987071712685	88.7374955245691	0	0	0	0	0	1.5	1.5	1.5	1.5	1.5	1.5
198.072710570166	-0.10612146093759	-1.07842807896748	-34.955692083008	88.6582165993087	0	0	0	0	0	1.5	1.5	1.5	1.5	1.5	1.5
198.162907615052	-0.107866304102113	-1.08807861099167	-34.9134378043345	88.5785295884493	0	0	0	0	0	1.5	1.5	1.5	1.5	1.5	1.5
198.253104659938	-0.109611147266637	-1.0978865227131	-34.871960811163	88.4984352645103	0	0	0	0	0	1.5	1.5	1.5	1.5	1.5	1.5
198.343301704825	-0.11135599043116	-1.10785181413175	-34.8312776981009	88.4179348055573	0	0	0	0	0	1.5	1.5	1.5	1.5	1.5	1.5
198.433498749711	-0.113100833595684	-1.11797448524763	-34.791405173869	88.3370298041784	0	0	0	0	0	1.5	1.5	1.5	1.5	1.5	1.5
198.523695794597	-0.114845676760208	-1.12825453606075	-34.7523600563729	88.2557222764852	0	0	0	0	0	1.5	1.5	1.5	1.5	1.5	1.5
198.613892839483	-0.116590519924732	-1.1386919665711	-34.7141592674175	88.1740146711319	0	0	0	0	0	1.5	1.5	1.5	1.5	1.5	1.5
198.704089884369	-0.118335363089256	-1.14928677677867	-34.6768198270569	88.0919098783431	0	0	0	0	0	1.5	1.5	1.5	1.5	1.5	1.5
198.794286929256	-0.12008020625378	-1.16003896668348	-34.6403588475729	88.0094112389438	0	0	0	0	0	1.5	1.5	1.5	1.5	1.5	1.5
198.884483974142	-0.121825049418303	-1.17094853628551	-34.6047935270749	87.926522553381	0	0	0	0	0	1.5	1.5	1.5	1.5	1.5	1.5
198.974681019028	-0.121235730625023	-1.18193040780669	-34.5701392314526	87.8432488787179	0	0	0	0	0	1.5	1.5	1.5	1.5	1.5	1.5
199.064878063914	-0.120092500915702	-1.19281395447299	-34.5363975671877	87.7596012445987	0	0	0	0	0	1.5	1.5	1.5	1.5	1.5	1.5
199.155075108801	-0.118949271206382	-1.20359438519788	-34.5035639318441	87.6755930277047	0	0	0	0	0	1.5	1.5	1.5	1.5	1.5	1.5
199.245272153687	-0.117806041497062	-1.21427169998136	-34.4716334794354	87.5912373768886	0	0	0	0	0	1.5	1.5	1.5	1.5	1.5	1.5
199.335469198573	-0.116662811787742	-1.22484589882344	-34.4406011525215	87.5065472016166	0	0	0	0	0	1.5	1.5	1.5	1.5	1.5	1.5
199.425666243459	-0.115519582078422	-1.23531698172411	-34.4104616887628	87.4215351713099	0	0	0	0	0	1.5	1.5	1.5	1.5	1.5	1.5
199.515863288346	-0.114376352369102	-1.24568494868337	-34.3812096273796	87.3362137148399	0	0	0	0	0	1.5	1.5	1.5	1.5	1.5	1.5
199.606060333232	-0.113233122659782	-1.25594979970123	-34.3528393155185	87.250595020172	0	0	0	0	0	1.5	1.5	1.5	1.5	1.5	1.5
199.696257378118	-0.112089892950462	-1.26611153477768	-34.3253449145208	87.1646910341557	0	0	0	0	0	1.5	1.5	1.5	1.5	1.5	1.5
199.786454423004	-0.110946663241142	-1.27617015391272	-34.2987204060945	87.0785134624544	0	0	0	0	0	1.5	1.5	1.5	1.5	1.5	1.5
199.87665146789	-0.109803433531822	-1.28612565710636	-34.2729595983857	86.9920737696125	0	0	0	0	0	1.5	1.5	1.5	1.5	1.5	1.5
199.966848512777	-0.111151783660096	-1.29605937468105	-34.2480578345491	86.9053826959812	0	0	0	0	0	1.5	1.5	1.5	1.5	1.5	1.5
200.057045557663	-0.113450938904159	-1.3061886256054	-34.2240265332232	86.8184463175037	0	0	0	0	0	1.5	1.5	1.5	1.5	1.5	1.5
200.147242602549	-0.11575009414822	-1.31652525353849	-34.2008860933432	86.7312685995304	0	0	0	0	0	1.5	1.5	1.5	1.5	1.5	1.5
200.237439647435	-0.118049249392282	-1.32706925848034	-34.1786570650461	86.6438540593544	0	0	0	0	0	1.5	1.5	1.5	1.5	1.5	1.5
200.327636692322	-0.120348404636344	-1.33782064043094	-34.1573600463851	86.5562078070933	0	0	0	0	0	1.5	1.5	1.5	1.5	1.5	1.5
200.417833737208	-0.122647559880406	-1.34877939939028	-34.1370156738283	86.4683355589586	0	0	0	0	0	1.5	1.5	1.5	1.5	1.5	1.5
200.508030782094	-0.124946715124468	-1.35994553535838	-34.1176446121128	86.3802436504516	0	0	0	0	0	1.5	1.5	1.5	1.5	1.5	1.5
200.59822782698	-0.127245870368529	-1.37131904833522	-34.0992675434435	86.2919390494693	0	0	0	0	0	1.5	1.5	1.5	1.5	1.5	1.5
200.688424871867	-0.129545025612592	-1.38289993832082	-34.0819051560216	86.203429369302	0	0	0	0	0	1.5	1.5	1.5	1.5	1.5	1.5
200.778621916753	-0.131844180856653	-1.39468820531516	-34.065578131893	86.1147228815015	0	0	0	0	0	1.5	1.5	1.5	1.5	1.5	1.5
200.868818961639	-0.134143336100715	-1.40668384931825	-34.0503071341035	86.0258285286017	0	0	0	0	0	1.5	1.5	1.5	1.5	1.5	1.5
200.959016006525	-0.133234989677803	-1.41879532222936	-34.0361110717655	85.9367562036656	0	0	0	0	0	1.5	1.5	1.5	1.5	1.5	1.5
201.049213051412	-0.130466026476023	-1.43068784842465	-34.0229860872614	85.8475197436141	0	0	0	0	0	1.5	1.5	1.5	1.5	1.5	1.5
201.139410096298	-0.127697063274244	-1.44233062232174	-34.0109120877451	85.7581349935645	0	0	0	0	0	1.5	1.5	1.5	1.5	1.5	1.5
201.229607141184	-0.124928100072464	-1.45372364392062	-33.999868388101	85.6686170869516	0	0	0	0	0	1.5	1.5	1.5	1.5	1.5	1.5
201.31980418607	-0.122159136870685	-1.46486691322131	-33.9898340666576	85.5789804029701	0	0	0	0	0	1.5	1.5	1.5	1.5	1.5	1.5
201.410001230956	-0.119390173668905	-1.4757604302238	-33.9807879844825	85.4892385796624	0	0	0	0	0	1.5	1.5	1.5	1.5	1.5	1.5
201.500198275843	-0.116621210467125	-1.48640419492809	-33.9727088037866	85.3994045274366	0	0	0	0	0	1.5	1.5	1.5	1.5	1.5	1.5
201.590395320729	-0.113852247265345	-1.49679820733418	-33.9655750054511	85.3094904429812	0	0	0	0	0	1.5	1.5	1.5	1.5	1.5	1.5
201.680592365615	-0.111083284063566	-1.50694246744207	-33.9593649056892	85.2195078235448	0	0	0	0	0	1.5	1.5	1.5	1.5	1.5	1.5
201.770789410501	-0.108314320861787	-1.51683697525176	-33.9540566718567	85.1294674815516	0	0	0	0	0	1.5	1.5	1.5	1.5	1.5	1.5
201.860986455388	-0.105545357660007	-1.52648173076326	-33.9496283374284	85.0393795595239	0	0	0	0	0	1.5	1.5	1.5	1.5	1.5	1.5
201.951183500274	-0.105186573512195	-1.535936268798	-33.9460587959065	84.9492535098264	0	0	0	0	0	1.5	1.5	1.5	1.5	1.5	1.5
202.04138054516	-0.106817987184159	-1.5454973612366	-33.9433450267406	84.8590976426418	0	0	0	0	0	1.5	1.5	1.5	1.5	1.5	1.5
202.131577590046	-0.108449400856124	-1.55520560236741	-33.9414999920474	84.7689198246623	0	0	0	0	0	1.5	1.5	1.5	1.5	1.5	1.5
202.221774634933	-0.110080814528089	-1.56506099219042	-33.9405371344476	84.6787282842488	0	0	0	0	0	1.5	1.5	1.5	1.5	1.5	1.5
202.311971679819	-0.111712228200053	-1.57506353070562	-33.9404698181761	84.5885316404953	0	0	0	0	0	1.5	1.5	1.5	1.5	1.5	1.5
202.402168724705	-0.113343641872017	-1.58521321791302	-33.9413113214015	84.4983389083169	0	0	0	0	0	1.5	1.5	1.5	1.5	1.5	1.5
202.492365769591	-0.114975055543981	-1.59551005381261	-33.9430748282609	84.4081595034104	0	0	0	0	0	1.5	1.5	1.5	1.5	1.5	1.5
202.582562814477	-0.116606469215945	-1.60595403840441	-33.9457734206115	84.3180032470775	0	0	0	0	0	1.5	1.5	1.5	1.5	1.5	1.5
202.672759859364	-0.118237882887909	-1.6165451716884	-33.949420069493	84.2278803709022	0	0	0	0	0	1.5	1.5	1.5	1.5	1.5	1.5
202.76295690425	-0.119869296559874	-1.6272834536646	-33.9540276263022	84.1378015212726	0	0	0	0	0	1.5	1.5	1.5	1.5	1.5	1.5
202.853153949136	-0.121500710231838	-1.63816888433299	-33.9596088136765	84.0477777637379	0	0	0	0	0	1.5	1.5	1.5	1.5	1.5	1.5
202.943350994022	-0.123423410515585	-1.64920749876273	-33.9661762991954	83.9578205936146	0	0	0	0	0	1.5	1.5	1.5	1.5	1.5	1.5
203.033548038909	-0.125688870689297	-1.6604420945675	-33.9737449326468	83.8679421361044	0	0	0	0	0	1.5	1.5	1.5	1.5	1.5	1.5
203.123745083795	-0.127954330863008	-1.67188102818525	-33.9823319871765	83.7781552735339	0	0	0	0	0	1.5	1.5	1.5	1.5	1.5	1.5
203.213942128681	-0.13021979103672	-1.68352429961598	-33.9919546843185	83.6884735100709	0	0	0	0	0	1.5	1.5	1.5	1.5	1.5	1.5
203.304139173567	-0.132485251210431	-1.69537190885968	-34.0026300431645	83.5989109707064	0	0	0	0	0	1.5	1.5	1.5	1.5	1.5	1.5
203.394336218454	-0.134750711384144	-1.70742385591636	-34.0143748644286	83.5094824092367	0	0	0	0	0	1.5	1.5	1.5	1.5	1.5	1.5
203.48453326334	-0.137016171557855	-1.71968014078602	-34.0272057139065	83.4202032158751	0	0	0	0	0	1.5	1.5	1.5	1.5	1.5	1.5
203.574730308226	-0.139281631731567	-1.73214076346865	-34.0411389053264	83.331089424471	0	0	0	0	0	1.5	1.5	1.5	1.5	1.5	1.5
203.664927353112	-0.141547091905279	-1.74480572396426	-34.0561904825883	83.2421577193101	0	0	0	0	0	1.5	1.5	1.5	1.5	1.5	1.5
203.755124397998	-0.143812552078991	-1.75767502227284	-34.0723762013903	83.1534254414714	0	0	0	0	0	1.5	1.5	1.5	1.5	1.5	1.5
203.845321442885	-0.146078012252702	-1.7707486583944	-34.089711510242	83.0649105947128	0	0	0	0	0	1.5	1.5	1.5	1.5	1.5	1.5
203.935518487771	-0.145331157257233	-1.78397626504913	-34.1082109819877	82.976631732737	0	0	0	0	0	1.5	1.5	1.5	1.5	1.5	1.5
204.025715532657	-0.139471780851822	-1.7968204567453	-34.1278633592746	82.8886023108058	0	0	0	0	0	1.5	1.5	1.5	1.5	1.5	1.5
204.115912577543	-0.133612404446411	-1.80913615000484	-34.1486215688949	82.8008270249524	0	0	0	0	0	1.5	1.5	1.5	1.5	1.5	1.5
204.20610962243	-0.127753028041	-1.82092334482772	-34.1704360760178	82.7133082270388	0	0	0	0	0	1.5	1.5	1.5	1.5	1.5	1.5
204.296306667316	-0.121893651635587	-1.83218204121397	-34.1932575985219	82.6260465568902	0	0	0	0	0	1.5	1.5	1.5	1.5	1.5	1.5
204.386503712202	-0.116034275230176	-1.84291223916357	-34.2170371277392	82.5390410235299	0	0	0	0	0	1.5	1.5	1.5	1.5	1.5	1.5
204.476700757088	-0.110174898824764	-1.85311393867652	-34.2417259448171	82.4522890860516	0	0	0	0	0	1.5	1.5	1.5	1.5	1.5	1.5
204.566897801975	-0.104315522419351	-1.86278713975284	-34.2672756329179	82.3657867340371	0	0	0	0	0	1.5	1.5	1.5	1.5	1.5	1.5
204.657094846861	-0.0984561460139401	-1.8719318423925	-34.2936380854713	82.2795285674448	0	0	0	0	0	1.5	1.5	1.5	1.5	1.5	1.5
204.747291891747	-0.0925967696085289	-1.88054804659552	-34.3207655106993	82.1935078759067	0	0	0	0	0	1.5	1.5	1.5	1.5	1.5	1.5
204.837488936633	-0.0867373932031177	-1.8886357523619	-34.3486104326267	82.1077167173876	0	0	0	0	0	1.5	1.5	1.5	1.5	1.5	1.5
204.927685981519	-0.0848974030303115	-1.89624734783617	-34.3771261201925	82.0221461414766	0	0	0	0	0	1.5	1.5	1.5	1.5	1.5	1.5
205.017883026406	-0.092945517305147	-1.90426780077027	-34.4063026265535	81.9367986472814	0	0	0	0	0	1.5	1.5	1.5	1.5	1.5	1.5
205.108080071292	-0.10099363157998	-1.91301416982886	-34.4361935872154	81.8516987911832	0	0	0	0	0	1.5	1.5	1.5	1.5	1.5	1.5
205.198277116178	-0.109041745854815	-1.92248645501196	-34.4668584825194	81.7668747953617	0	0	0	0	0	1.5	1.5	1.5	1.5	1.5	1.5
205.288474161064	-0.117089860129648	-1.93268465631954	-34.4983561271376	81.682356544232	0	0	0	0	0	1.5	1.5	1.5	1.5	1.5	1.5
205.378671205951	-0.125137974404481	-1.94360877375163	-34.5307445886117	81.5981757058019	0	0	0	0	0	1.5	1.5	1.5	1.5	1.5	1.5
205.468868250837	-0.133186088679314	-1.95525880730821	-34.5640810995347	81.514365850025	0	0	0	0	0	1.5	1.5	1.5	1.5	1.5	1.5
205.559065295723	-0.141234202954147	-1.96763475698929	-34.5984219629802	81.4309625637612	0	0	0	0	0	1.5	1.5	1.5	1.5	1.5	1.5
205.649262340609	-0.14928231722898	-1.98073662279486	-34.6338224508012	81.3480035619272	0	0	0	0	0	1.5	1.5	1.5	1.5	1.5	1.5
205.739459385496	-0.157330431503815	-1.99456440472493	-34.6703366944417	81.2655287943824	0	0	0	0	0	1.5	1.5	1.5	1.5	1.5	1.5
205.829656430382	-0.165378545778651	-2.00911810277951	-34.7080175679304	81.1835805480568	0	0	0	0	0	1.5	1.5	1.5	1.5	1.5	1.5
205.919853475268	-0.170797558586427	-2.02437336534837	-34.7469164275351	81.1022034780117	0	0	0	0	0	1.5	1.5	1.5	1.5	1.5	1.5
206.010050520154	-0.166044512882206	-2.03956444506828	-34.7870564763624	81.0214314102305	0	0	0	0	0	1.5	1.5	1.5	1.5	1.5	1.5
206.100247565041	-0.161291467177986	-2.05432681411147	-34.8284017014175	80.941269502042	0	0	0	0	0	1.5	1.5	1.5	1.5	1.5	1.5
206.190444609927	-0.156538421473766	-2.06866047247792	-34.8709087287959	80.8617175049625	0	0	0	0	0	1.5	1.5	1.5	1.5	1.5	1.5
206.280641654813	-0.151785375769545	-2.08256542016764	-34.9145347226957	80.782773547122	0	0	0	0	0	1.5	1.5	1.5	1.5	1.5	1.5
206.370838699699	-0.147032330065323	-2.09604165718064	-34.959237405846	80.7044341962144	0	0	0	0	0	1.5	1.5	1.5	1.5	1.5	1.5
206.461035744585	-0.142279284361102	-2.10908918351691	-35.0049750763738	80.6266945217544	0	0	0	0	0	1.5	1.5	1.5	1.5	1.5	1.5
206.551232789472	-0.137526238656881	-2.12170799917644	-35.0517066212555	80.5495481565567	0	0	0	0	0	1.5	1.5	1.5	1.5	1.5	1.5
206.641429834358	-0.132773192952661	-2.13389810415924	-35.0993915264936	80.4729873573623	0	0	0	0	0	1.5	1.5	1.5	1.5	1.5	1.5
206.731626879244	-0.128020147248441	-2.14565949846532	-35.1479898841617	80.3970030645499	0	0	0	0	0	1.5	1.5	1.5	1.5	1.5	1.5
206.82182392413	-0.12326710154422	-2.15699218209466	-35.1974623964573	80.3215849608772	0	0	0	0	0	1.5	1.5	1.5	1.5	1.5	1.5
206.912020969017	-0.119085711661801	-2.1678991812326	-35.2477703857333	80.2467215352101	0	0	0	0	0	1.5	1.5	1.5	1.5	1.5	1.5
207.002218013903	-0.119202745492491	-2.17864563856551	-35.2988833272547	80.1724053470642	0	0	0	0	0	1.5	1.5	1.5	1.5	1.5	1.5
207.092415058789	-0.11931977932318	-2.1894026520041	-35.3507923265856	80.0986429972773	0	0	0	0	0	1.5	1.5	1.5	1.5	1.5	1.5
207.182612103675	-0.11943681315387	-2.20017022154837	-35.4034921558016	80.0254435689722	0	0	0	0	0	1.5	1.5	1.5	1.5	1.5	1.5
207.272809148562	-0.119553846984559	-2.21094834719832	-35.4569774775535	79.952816105114	0	0	0	0	0	1.5	1.5	1.5	1.5	1.5	1.5
207.363006193448	-0.119670880815248	-2.22173702895394	-35.5112428452209	79.8807696071632	0	0	0	0	0	1.5	1.5	1.5	1.5	1.5	1.5
207.453203238334	-0.119787914645938	-2.23253626681525	-35.5662827030814	79.8093130337271	0	0	0	0	0	1.5	1.5	1.5	1.5	1.5	1.5
207.54340028322	-0.119904948476627	-2.24334606078224	-35.622091386497	79.7384552992069	0	0	0	0	0	1.5	1.5	1.5	1.5	1.5	1.5
207.633597328106	-0.120021982307316	-2.25416641085491	-35.678663122116	79.6682052724442	0	0	0	0	0	1.5	1.5	1.5	1.5	1.5	1.5
207.723794372993	-0.120139016138006	-2.26499731703325	-35.7359920280923	79.5985717753633	0	0	0	0	0	1.5	1.5	1.5	1.5	1.5	1.5
207.813991417879	-0.120256049968695	-2.27583877931728	-35.794072114321	79.5295635816127	0	0	0	0	0	1.5	1.5	1.5	1.5	1.5	1.5
207.904188462765	-0.12038180427021	-2.28669080884847	-35.852897282698	79.4611894152103	0	0	0	0	0	1.5	1.5	1.5	1.5	1.5	1.5
207.994385507651	-0.12080665985846	-2.297568052211	-35.9124616673827	79.3934582497743	0	0	0	0	0	1.5	1.5	1.5	1.5	1.5	1.5
208.084582552538	-0.121231515446711	-2.30848361629209	-35.9727605254352	79.3263801322875	0	0	0	0	0	1.5	1.5	1.5	1.5	1.5	1.5
208.174779597424	-0.121656371034962	-2.31943750109174	-36.0337892425936	79.259965365542	0	0	0	0	0	1.5	1.5	1.5	1.5	1.5	1.5
208.26497664231	-0.122081226623213	-2.33042970660996	-36.0955430410705	79.1942242569158	0	0	0	0	0	1.5	1.5	1.5	1.5	1.5	1.5
208.355173687196	-0.122506082211464	-2.34146023284674	-36.1580169783303	79.1291671160255	0	0	0	0	0	1.5	1.5	1.5	1.5	1.5	1.5
208.445370732083	-0.122930937799715	-2.35252907980209	-36.2212059458931	79.0648042523402	0	0	0	0	0	1.5	1.5	1.5	1.5	1.5	1.5
208.535567776969	-0.123355793387966	-2.36363624747599	-36.285104668164	79.0011459727574	0	0	0	0	0	1.5	1.5	1.5	1.5	1.5	1.5
208.625764821855	-0.123780648976217	-2.37478173586847	-36.3497077012907	78.9382025791404	0	0	0	0	0	1.5	1.5	1.5	1.5	1.5	1.5
208.715961866741	-0.124205504564468	-2.38596554497951	-36.4150094320486	78.8759843658174	0	0	0	0	0	1.5	1.5	1.5	1.5	1.5	1.5
208.806158911628	-0.124630360152719	-2.39718767480911	-36.4810040767559	78.8145016170423	0	0	0	0	0	1.5	1.5	1.5	1.5	1.5	1.5
208.896355956514	-0.125055215740969	-2.40844812535727	-36.5476856802182	78.7537646044174	0	0	0	0	0	1.5	1.5	1.5	1.5	1.5	1.5
208.9865530014	-0.123286149169687	-2.41965328646977	-36.6150463498305	78.6937815904058	0	0	0	0	0	1.5	1.5	1.5	1.5	1.5	1.5
209.076750046286	-0.121392106031515	-2.4306879142533	-36.6830698653213	78.634551313552	0	0	0	0	0	1.5	1.5	1.5	1.5	1.5	1.5
209.166947091172	-0.119498062893343	-2.44155170494288	-36.7517378257872	78.5760693667853	0	0	0	0	0	1.5	1.5	1.5	1.5	1.5	1.5
209.257144136059	-0.117604019755171	-2.45224465853852	-36.8210321362137	78.5183309226483	0	0	0	0	0	1.5	1.5	1.5	1.5	1.5	1.5
209.347341180945	-0.115709976616999	-2.4627667750402	-36.8909350098263	78.4613307462741	0	0	0	0	0	1.5	1.5	1.5	1.5	1.5	1.5
209.437538225831	-0.113815933478827	-2.47311805444794	-36.9614289696984	78.4050632078076	0	0	0	0	0	1.5	1.5	1.5	1.5	1.5	1.5
209.527735270717	-0.111921890340655	-2.48329849676172	-37.0324968499594	78.349522294629	0	0	0	0	0	1.5	1.5	1.5	1.5	1.5	1.5
209.617932315604	-0.110027847202483	-2.49330810198155	-37.1041217966141	78.294701623376	0	0	0	0	0	1.5	1.5	1.5	1.5	1.5	1.5
209.70812936049	-0.108133804064312	-2.50314687010744	-37.1762872679862	78.240594451759	0	0	0	0	0	1.5	1.5	1.5	1.5	1.5	1.5
209.798326405376	-0.10623976092614	-2.51281480113937	-37.248977034799	78.1871936901661	0	0	0	0	0	1.5	1.5	1.5	1.5	1.5	1.5
209.888523450262	-0.104345717787968	-2.52231189507735	-37.322175179904	78.134491913053	0	0	0	0	0	1.5	1.5	1.5	1.5	1.5	1.5
209.978720495149	-0.10351544953905	-2.53167930534239	-37.3958667073777	78.0824822388979	0	0	0	0	0	1.5	1.5	1.5	1.5	1.5	1.5
210.068917540035	-0.102861503921247	-2.54098660100976	-37.4700406252222	78.031162865468	0	0	0	0	0	1.5	1.5	1.5	1.5	1.5	1.5
210.159114584921	-0.102207558303444	-2.55023491271489	-37.5446874783771	77.9805338596145	0	0	0	0	0	1.5	1.5	1.5	1.5	1.5	1.5
210.249311629807	-0.101553612685642	-2.55942424045778	-37.6197978960321	77.9305951490121	0	0	0	0	0	1.5	1.5	1.5	1.5	1.5	1.5
210.339508674693	-0.100899667067839	-2.56855458423843	-37.6953625901228	77.8813465206403	0	0	0	0	0	1.5	1.5	1.5	1.5	1.5	1.5
210.42970571958	-0.100245721450036	-2.57762594405683	-37.7713723565744	77.8327876231925	0	0	0	0	0	1.5	1.5	1.5	1.5	1.5	1.5
210.519902764466	-0.0995917758322334	-2.58663831991299	-37.8478180764917	77.784917969477	0	0	0	0	0	1.5	1.5	1.5	1.5	1.5	1.5
210.610099809352	-0.0989378302144308	-2.59559171180691	-37.9246907172946	77.7377369388087	0	0	0	0	0	1.5	1.5	1.5	1.5	1.5	1.5
210.700296854238	-0.0982838845966282	-2.60448611973858	-38.0019813338009	77.69124377939	0	0	0	0	0	1.5	1.5	1.5	1.5	1.5	1.5
210.790493899125	-0.0976299389788253	-2.61332154370802	-38.0796810692564	77.6454376106811	0	0	0	0	0	1.5	1.5	1.5	1.5	1.5	1.5
210.880690944011	-0.0969759933610227	-2.62209798371521	-38.1577811563138	77.6003174257576	0	0	0	0	0	1.5	1.5	1.5	1.5	1.5	1.5
210.970887988897	-0.092880992975071	-2.63069531800548	-38.2362715471738	77.5558796573098	0	0	0	0	0	1.5	1.5	1.5	1.5	1.5	1.5
211.061085033783	-0.0877815145896575	-2.63884293015752	-38.3151314521011	77.5121009262475	0	0	0	0	0	1.5	1.5	1.5	1.5	1.5	1.5
211.15128207867	-0.0826820362042441	-2.64653058442873	-38.3943355295707	77.4689479315808	0	0	0	0	0	1.5	1.5	1.5	1.5	1.5	1.5
211.241479123556	-0.0775825578188306	-2.65375828081911	-38.4738592452794	77.4263867975798	0	0	0	0	0	1.5	1.5	1.5	1.5	1.5	1.5
211.331676168442	-0.0724830794334155	-2.66052601932868	-38.5536788637041	77.3843831743272	0	0	0	0	0	1.5	1.5	1.5	1.5	1.5	1.5
211.421873213328	-0.0673836010480021	-2.66683379995741	-38.6337714040017	77.3429022760989	0	0	0	0	0	1.5	1.5	1.5	1.5	1.5	1.5
211.512070258214	-0.0622841226625886	-2.67268162270532	-38.7141145948456	77.3019089180431	0	0	0	0	0	1.5	1.5	1.5	1.5	1.5	1.5
211.602267303101	-0.0571846442771719	-2.67806948757241	-38.7946868282914	77.2613675512572	0	0	0	0	0	1.5	1.5	1.5	1.5	1.5	1.5
211.692464347987	-0.0520851658917584	-2.68299739455866	-38.8754671127645	77.2212422963603	0	0	0	0	0	1.5	1.5	1.5	1.5	1.5	1.5
211.782661392873	-0.046985687506345	-2.6874653436641	-38.9564350252543	77.1814969756663	0	0	0	0	0	1.5	1.5	1.5	1.5	1.5	1.5
211.872858437759	-0.0418862091209315	-2.6914733348887	-39.0375706627962	77.1420951440621	0	0	0	0	0	1.5	1.5	1.5	1.5	1.5	1.5
211.963055482646	-0.0448664151629601	-2.69527148473241	-39.1188568249153	77.103004773149	0	0	0	0	0	1.5	1.5	1.5	1.5	1.5	1.5
212.053252527532	-0.0515378123262114	-2.69961917294945	-39.2003007082916	77.0642441236748	0	0	0	0	0	1.5	1.5	1.5	1.5	1.5	1.5
212.143449572418	-0.0582092094894647	-2.70456860147587	-39.2819238731712	77.0258624972199	0	0	0	0	0	1.5	1.5	1.5	1.5	1.5	1.5
212.233646617304	-0.064880606652716	-2.71011977031167	-39.3637474055906	76.9879099537884	0	0	0	0	0	1.5	1.5	1.5	1.5	1.5	1.5
212.323843662191	-0.0715520038159673	-2.71627267945687	-39.4457916113551	76.9504369029884	0	0	0	0	0	1.5	1.5	1.5	1.5	1.5	1.5
212.414040707077	-0.0782234009792185	-2.72302732891145	-39.5280759229941	76.9134941360619	0	0	0	0	0	1.5	1.5	1.5	1.5	1.5	1.5
212.504237751963	-0.0848947981424698	-2.73038371867542	-39.6106188056204	76.8771328552652	0	0	0	0	0	1.5	1.5	1.5	1.5	1.5	1.5
212.594434796849	-0.091566195305721	-2.73834184874878	-39.6934376616208	76.8414047003085	0	0	0	0	0	1.5	1.5	1.5	1.5	1.5	1.5
212.684631841735	-0.0982375924689723	-2.74690171913152	-39.77654873412	76.8063617715598	0	0	0	0	0	1.5	1.5	1.5	1.5	1.5	1.5
212.774828886622	-0.104908989632228	-2.75606332982366	-39.8599670091735	76.7720566497144	0	0	0	0	0	1.5	1.5	1.5	1.5	1.5	1.5
212.865025931508	-0.111580386795479	-2.76582668082518	-39.9437061166594	76.7385424116252	0	0	0	0	0	1.5	1.5	1.5	1.5	1.5	1.5
212.955222976394	-0.110228877569783	-2.77597483387445	-40.0277768264516	76.7058689918257	0	0	0	0	0	1.5	1.5	1.5	1.5	1.5	1.5
213.04542002128	-0.103519242791162	-2.78561455827772	-40.1121678519811	76.6740319267364	0	0	0	0	0	1.5	1.5	1.5	1.5	1.5	1.5
213.135617066167	-0.0968096080125422	-2.7946490934517	-40.1968525012152	76.6429841933344	0	0	0	0	0	1.5	1.5	1.5	1.5	1.5	1.5
213.225814111053	-0.0900999732339219	-2.80307843939637	-40.2818050629315	76.612677082149	0	0	0	0	0	1.5	1.5	1.5	1.5	1.5	1.5
213.316011155939	-0.0833903384553017	-2.81090259611175	-40.3670011499188	76.5830613403667	0	0	0	0	0	1.5	1.5	1.5	1.5	1.5	1.5
213.406208200825	-0.0766807036766814	-2.81812156359783	-40.4524176139216	76.5540872269449	0	0	0	0	0	1.5	1.5	1.5	1.5	1.5	1.5
213.496405245712	-0.0699710688980612	-2.82473534185462	-40.5380324589699	76.5257045640298	0	0	0	0	0	1.5	1.5	1.5	1.5	1.5	1.5
213.586602290598	-0.0632614341194388	-2.83074393088211	-40.623824753275	76.4978627849287	0	0	0	0	0	1.5	1.5	1.5	1.5	1.5	1.5
213.676799335484	-0.0565517993408185	-2.8361473306803	-40.7097745398625	76.470510978892	0	0	0	0	0	1.5	1.5	1.5	1.5	1.5	1.5
213.76699638037	-0.0498421645621983	-2.84094554124919	-40.7958627460972	76.4435979329692	0	0	0	0	0	1.5	1.5	1.5	1.5	1.5	1.5
213.857193425256	-0.043132529783578	-2.84513856258878	-40.8820710922444	76.4170721712052	0	0	0	0	0	1.5	1.5	1.5	1.5	1.5	1.5
213.947390470143	-0.0405815061551582	-2.84882253625499	-40.9683824275521	76.3908834099606	0	0	0	0	0	1.5	1.5	1.5	1.5	1.5	1.5
214.037587515029	-0.0419842422009754	-2.85254612951026	-41.0547894076112	76.3650119719815	0	0	0	0	0	1.5	1.5	1.5	1.5	1.5	1.5
214.127784559915	-0.0433869782467916	-2.85639624541162	-41.1412937358068	76.3394679304097	0	0	0	0	0	1.5	1.5	1.5	1.5	1.5	1.5
214.217981604801	-0.0447897142926079	-2.86037288395907	-41.227897361259	76.3142626086788	0	0	0	0	0	1.5	1.5	1.5	1.5	1.5	1.5
214.308178649688	-0.0461924503384242	-2.8644760451526	-41.3146021029981	76.2894073627153	0	0	0	0	0	1.5	1.5	1.5	1.5	1.5	1.5
214.398375694574	-0.0475951863842409	-2.86870572899223	-41.4014096455248	76.2649135811025	0	0	0	0	0	1.5	1.5	1.5	1.5	1.5	1.5
214.48857273946	-0.0489979224300571	-2.87306193547794	-41.4883215343525	76.2407926851589	0	0	0	0	0	1.5	1.5	1.5	1.5	1.5	1.5
214.578769784346	-0.0504006584758734	-2.87754466460974	-41.5753391715347	76.2170561289265	0	0	0	0	0	1.5	1.5	1.5	1.5	1.5	1.5
214.668966829233	-0.0518033945216897	-2.88215391638763	-41.6624638111743	76.1937153990681	0	0	0	0	0	1.5	1.5	1.5	1.5	1.5	1.5
214.759163874119	-0.053206130567506	-2.8868896908116	-41.7496965549183	76.1707820146696	0	0	0	0	0	1.5	1.5	1.5	1.5	1.5	1.5
214.849360919005	-0.0546088666133222	-2.89175198788167	-41.8370383474364	76.1482675269449	0	0	0	0	0	1.5	1.5	1.5	1.5	1.5	1.5
214.939557963891	-0.056714926171056	-2.89675430244638	-41.9244900138198	76.1261836862881	0	0	0	0	0	1.5	1.5	1.5	1.5	1.5	1.5
215.029755008777	-0.059770782939987	-2.90200763581303	-42.0120535981918	76.1045479083426	0	0	0	0	0	1.5	1.5	1.5	1.5	1.5	1.5
215.119952053664	-0.0628266397089179	-2.90753659842983	-42.0997325403306	76.0833845133886	0	0	0	0	0	1.5	1.5	1.5	1.5	1.5	1.5
215.21014909855	-0.0658824964778508	-2.91334119029678	-42.1875299908593	76.0627183153015	0	0	0	0	0	1.5	1.5	1.5	1.5	1.5	1.5
215.300346143436	-0.0689383532467817	-2.91942141141389	-42.2754486854589	76.0425742099165	0	0	0	0	0	1.5	1.5	1.5	1.5	1.5	1.5
215.390543188322	-0.0719942100157126	-2.92577726178115	-42.3634909238069	76.0229771748173	0	0	0	0	0	1.5	1.5	1.5	1.5	1.5	1.5
215.480740233209	-0.0750500667846435	-2.93240874139856	-42.4516585484285	76.0039522685179	0	0	0	0	0	1.5	1.5	1.5	1.5	1.5	1.5
215.570937278095	-0.0781059235535745	-2.93931585026612	-42.5399529234667	75.98552462901	0	0	0	0	0	1.5	1.5	1.5	1.5	1.5	1.5
215.661134322981	-0.0811617803225054	-2.94649858838384	-42.6283749133759	75.9677194716434	0	0	0	0	0	1.5	1.5	1.5	1.5	1.5	1.5
215.751331367867	-0.0842176370914373	-2.95395695575172	-42.7169248615466	75.9505620863125	0	0	0	0	0	1.5	1.5	1.5	1.5	1.5	1.5
215.841528412754	-0.0872734938603682	-2.96169095236974	-42.8056025688717	75.9340778339157	0	0	0	0	0	1.5	1.5	1.5	1.5	1.5	1.5
215.93172545764	-0.085112983627618	-2.96962112664432	-42.8944071337036	75.9182913472863	0	0	0	0	0	1.5	1.5	1.5	1.5	1.5	1.5
216.021922502526	-0.0727235535340728	-2.97673932125785	-42.9833293007632	75.9031810611779	0	0	0	0	0	1.5	1.5	1.5	1.5	1.5	1.5
216.112119547412	-0.0603341234405277	-2.98274002588912	-43.0723487236567	75.8886543675556	0	0	0	0	0	1.5	1.5	1.5	1.5	1.5	1.5
216.202316592299	-0.0479446933469825	-2.98762324053813	-43.161445926844	75.8746123196339	0	0	0	0	0	1.5	1.5	1.5	1.5	1.5	1.5
216.292513637185	-0.0355552632534335	-2.99138896520487	-43.250603057053	75.8609556944622	0	0	0	0	0	1.5	1.5	1.5	1.5	1.5	1.5
216.382710682071	-0.0231658331598884	-2.99403719988935	-43.339803551868	75.847585060138	0	0	0	0	0	1.5	1.5	1.5	1.5	1.5	1.5
216.472907726957	-0.0107764030663393	-2.99556794459157	-43.4290318071043	75.8344008358146	0	0	0	0	0	1.5	1.5	1.5	1.5	1.5	1.5
216.563104771843	0.00161302702720972	-2.99598119931152	-43.5182728433279	75.8213033463581	0	0	0	0	0	1.5	1.5	1.5	1.5	1.5	1.5
216.65330181673	0.0140024571207549	-2.99527696404922	-43.6075119718406	75.8081928735154	0	0	0	0	0	1.5	1.5	1.5	1.5	1.5	1.5
216.743498861616	0.0263918872143	-2.99345523880465	-43.6967344604221	75.7949697054575	0	0	0	0	0	1.5	1.5	1.5	1.5	1.5	1.5
216.833695906502	0.0387813173078451	-2.99051602357782	-43.7859251991081	75.7815341865664	0	0	0	0	0	1.5	1.5	1.5	1.5	1.5	1.5
216.923892951388	0.0432409730736406	-2.98655002133145	-43.8750684729385	75.7677874527162	0	0	0	0	0	1.5	1.5	1.5	1.5	1.5	1.5
217.014089996275	0.0243651106547029	-2.98350108684713	-43.9641602316256	75.7537105530152	0	0	0	0	0	1.5	1.5	1.5	1.5	1.5	1.5
217.104287041161	0.0054892482357592	-2.98215469937269	-44.0532208667101	75.7394378895352	0	0	0	0	0	1.5	1.5	1.5	1.5	1.5	1.5
217.194484086047	-0.0133866141831785	-2.98251085890811	-44.1422744305396	75.7251211316364	0	0	0	0	0	1.5	1.5	1.5	1.5	1.5	1.5
217.284681130933	-0.0322624766021162	-2.9845695654534	-44.2313452007172	75.7109119127964	0	0	0	0	0	1.5	1.5	1.5	1.5	1.5	1.5
217.37487817582	-0.0511383390210539	-2.98833081900855	-44.3204569054637	75.6969619536738	0	0	0	0	0	1.5	1.5	1.5	1.5	1.5	1.5
217.465075220706	-0.0700142014399917	-2.99379461957357	-44.4096319482454	75.6834231804952	0	0	0	0	0	1.5	1.5	1.5	1.5	1.5	1.5
217.555272265592	-0.0888900638589294	-3.00096096714846	-44.4988906306882	75.6704478321584	0	0	0	0	0	1.5	1.5	1.5	1.5	1.5	1.5
217.645469310478	-0.107765926277879	-3.00982986173323	-44.5882503729334	75.6581885494279	0	0	0	0	0	1.5	1.5	1.5	1.5	1.5	1.5
217.735666355364	-0.126641788696817	-3.02040130332785	-44.6777249308011	75.6467984395701	0	0	0	0	0	1.5	1.5	1.5	1.5	1.5	1.5
217.825863400251	-0.145517651115754	-3.03267529193234	-44.7673236094244	75.6364311097371	0	0	0	0	0	1.5	1.5	1.5	1.5	1.5	1.5
217.916060445137	-0.15790800913559	-3.04660282472319	-44.8570504498327	75.6272404166667	0	0	0	0	0	1.5	1.5	1.5	1.5	1.5	1.5
218.006257490023	-0.138073376506433	-3.05995114788631	-44.9468964881005	75.6192984092904	0	0	0	0	0	1.5	1.5	1.5	1.5	1.5	1.5
218.096454534909	-0.118238743877275	-3.07151044579988	-45.0368346316994	75.6124759017359	0	0	0	0	0	1.5	1.5	1.5	1.5	1.5	1.5
218.186651579796	-0.098404111248117	-3.08128071846389	-45.1268405629753	75.6066129256437	0	0	0	0	0	1.5	1.5	1.5	1.5	1.5	1.5
218.276848624682	-0.0785694786189592	-3.08926196587835	-45.2168951058303	75.6015490343413	0	0	0	0	0	1.5	1.5	1.5	1.5	1.5	1.5
218.367045669568	-0.0587348459898015	-3.09545418804325	-45.3069833686786	75.5971234528358	0	0	0	0	0	1.5	1.5	1.5	1.5	1.5	1.5
218.457242714454	-0.0389002133606437	-3.0998573849586	-45.3970938838393	75.5931751895283	0	0	0	0	0	1.5	1.5	1.5	1.5	1.5	1.5
218.547439759341	-0.0190655807314797	-3.1024715566244	-45.4872177446556	75.5895431173214	0	0	0	0	0	1.5	1.5	1.5	1.5	1.5	1.5
218.637636804227	0.000769051897678091	-3.10329670304064	-45.5773477412434	75.5860660318279	0	0	0	0	0	1.5	1.5	1.5	1.5	1.5	1.5
218.727833849113	0.0206036845268359	-3.10233282420733	-45.6674774954901	75.5825826944026	0	0	0	0	0	1.5	1.5	1.5	1.5	1.5	1.5
218.818030893999	0.0404383171559936	-3.09957992012447	-45.7576005957297	75.5789318677365	0	0	0	0	0	1.5	1.5	1.5	1.5	1.5	1.5
218.908227938886	0.0577672840592882	-3.09504708449661	-45.8477097324527	75.5749523737276	0	0	0	0	0	1.5	1.5	1.5	1.5	1.5	1.5
218.998424983772	0.0464655640397571	-3.09034633705731	-45.937798518843	75.570536212462	0	0	0	0	0	1.5	1.5	1.5	1.5	1.5	1.5
219.088622028658	0.035163844020226	-3.0866649713659	-46.0278680377712	75.5657425221814	0	0	0	0	0	1.5	1.5	1.5	1.5	1.5	1.5
219.178819073544	0.0238621240006948	-3.08400298742238	-46.1179219239335	75.560663183898	0	0	0	0	0	1.5	1.5	1.5	1.5	1.5	1.5
219.26901611843	0.0125604039811637	-3.08236038522675	-46.2079646857615	75.5553900342103	0	0	0	0	0	1.5	1.5	1.5	1.5	1.5	1.5
219.359213163317	0.001258683961629	-3.08173716477902	-46.2980014244605	75.5500148769472	0	0	0	0	0	1.5	1.5	1.5	1.5	1.5	1.5
219.449410208203	-0.0100430360579021	-3.08213332607918	-46.3880375532082	75.5446294978342	0	0	0	0	0	1.5	1.5	1.5	1.5	1.5	1.5
219.539607253089	-0.0213447560774333	-3.08354886912724	-46.4780785164435	75.5393256807505	0	0	0	0	0	1.5	1.5	1.5	1.5	1.5	1.5
219.629804297975	-0.0326464760969644	-3.08598379392319	-46.568129509164	75.5341952241444	0	0	0	0	0	1.5	1.5	1.5	1.5	1.5	1.5
219.720001342862	-0.0439481961164955	-3.08943810046703	-46.6581951961515	75.5293299561781	0	0	0	0	0	1.5	1.5	1.5	1.5	1.5	1.5
219.810198387748	-0.0552499161360267	-3.09391178875876	-46.7482794310509	75.524821747169	0	0	0	0	0	1.5	1.5	1.5	1.5	1.5	1.5
219.900395432634	-0.0665516361555614	-3.09940485879839	-46.838384975251	75.5207625178968	0	0	0	0	0	1.5	1.5	1.5	1.5	1.5	1.5
219.99059247752	-0.060070491569798	-3.10511983178581	-46.928512320053	75.5172204170739	0	0	0	0	0	1.5	1.5	1.5	1.5	1.5	1.5
220.080789522406	-0.0534889548959797	-3.11024119503087	-47.018657557749	75.5141666912818	0	0	0	0	0	1.5	1.5	1.5	1.5	1.5	1.5
220.170986567293	-0.0469074182221573	-3.11476892311715	-47.1088165006265	75.5115479085325	0	0	0	0	0	1.5	1.5	1.5	1.5	1.5	1.5
220.261183612179	-0.040325881548339	-3.11870301604464	-47.1989857352303	75.509310602034	0	0	0	0	0	1.5	1.5	1.5	1.5	1.5	1.5
220.351380657065	-0.0337443448745207	-3.12204347381334	-47.2891625272833	75.5074012796022	0	0	0	0	0	1.5	1.5	1.5	1.5	1.5	1.5
220.441577701951	-0.0271628082007024	-3.12479029642324	-47.3793447265092	75.5057664310524	0	0	0	0	0	1.5	1.5	1.5	1.5	1.5	1.5
220.531774746838	-0.0205812715268841	-3.12694348387436	-47.4695306713886	75.5043525338583	0	0	0	0	0	1.5	1.5	1.5	1.5	1.5	1.5
220.621971791724	-0.0139997348530658	-3.1285030361667	-47.5597190938697	75.5031060573606	0	0	0	0	0	1.5	1.5	1.5	1.5	1.5	1.5
220.71216883661	-0.00741819817924549	-3.12946895330024	-47.6499090240508	75.5019734658073	0	0	0	0	0	1.5	1.5	1.5	1.5	1.5	1.5
220.802365881496	-0.000836661505427203	-3.12984123527499	-47.7400996948449	75.5009012205095	0	0	0	0	0	1.5	1.5	1.5	1.5	1.5	1.5
220.892562926383	0.00574487516839109	-3.12961988209096	-47.8302904466352	75.4998357813953	0	0	0	0	0	1.5	1.5	1.5	1.5	1.5	1.5
220.982759971269	0.00545022930509888	-3.12908624454833	-47.9204807276693	75.4987312822803	0	0	0	0	0	1.5	1.5	1.5	1.5	1.5	1.5
221.072957016155	0.00445281753358914	-3.12863963176822	-48.0106704552743	75.4975824544357	0	0	0	0	0	1.5	1.5	1.5	1.5	1.5	1.5
221.163154061041	0.0034554057620794	-3.12828298258243	-48.100859714472	75.4963974036923	0	0	0	0	0	1.5	1.5	1.5	1.5	1.5	1.5
221.253351105927	0.00245799399056967	-3.12801629699097	-48.1910486001583	75.4951842439531	0	0	0	0	0	1.5	1.5	1.5	1.5	1.5	1.5
221.343548150814	0.0014605822190593	-3.12783957499384	-48.281237214816	75.4939510890237	0	0	0	0	0	1.5	1.5	1.5	1.5	1.5	1.5
221.4337451957	0.000463170447549569	-3.12775281659103	-48.371425666324	75.4927060526377	0	0	0	0	0	1.5	1.5	1.5	1.5	1.5	1.5
221.523942240586	-0.000534241323960481	-3.12775602178254	-48.4616140657682	75.491457248485	0	0	0	0	0	1.5	1.5	1.5	1.5	1.5	1.5
221.614139285472	-0.00153165309547022	-3.12784919056838	-48.5518025252512	75.4902127902415	0	0	0	0	0	1.5	1.5	1.5	1.5	1.5	1.5
221.704336330359	-0.00252906486697995	-3.12803232294855	-48.6419911557027	75.4889807915995	0	0	0	0	0	1.5	1.5	1.5	1.5	1.5	1.5
221.794533375245	-0.00352647663848969	-3.12830541892304	-48.7321800646898	75.4877693662966	0	0	0	0	0	1.5	1.5	1.5	1.5	1.5	1.5
221.884730420131	-0.00452388840999942	-3.12866847849185	-48.822369354227	75.4865866281446	0	0	0	0	0	1.5	1.5	1.5	1.5	1.5	1.5
221.974927465017	-0.00519573078418512	-3.12910945541535	-48.91255911485	75.485440393933	0	0	0	0	0	1.5	1.5	1.5	1.5	1.5	1.5
222.065124509904	-0.00579631852338661	-3.12960518059774	-49.0027494025103	75.4843364232232	0	0	0	0	0	1.5	1.5	1.5	1.5	1.5	1.5
222.15532155479	-0.00639690626258792	-3.1301550770194	-49.0929402547996	75.4832796051213	0	0	0	0	0	1.5	1.5	1.5	1.5	1.5	1.5
222.245518599676	-0.00699749400178922	-3.13075914468034	-49.1831317016063	75.482274825697	0	0	0	0	0	1.5	1.5	1.5	1.5	1.5	1.5
222.335715644562	-0.00759808174099053	-3.13141738358054	-49.2733237643618	75.4813269710994	0	0	0	0	0	1.5	1.5	1.5	1.5	1.5	1.5
222.425912689449	-0.00819866948019183	-3.13212979372002	-49.363516455246	75.4804409275543	0	0	0	0	0	1.5	1.5	1.5	1.5	1.5	1.5
222.516109734335	-0.00879925721939313	-3.13289637509877	-49.4537097763934	75.4796215813606	0	0	0	0	0	1.5	1.5	1.5	1.5	1.5	1.5
222.606306779221	-0.00939984495859482	-3.13371712771679	-49.5439037190989	75.4788738188825	0	0	0	0	0	1.5	1.5	1.5	1.5	1.5	1.5
222.696503824107	-0.0100004326977961	-3.13459205157408	-49.6340982630236	75.4782025265401	0	0	0	0	0	1.5	1.5	1.5	1.5	1.5	1.5
222.786700868993	-0.0106010204369974	-3.13552114667064	-49.724293375401	75.4776125907955	0	0	0	0	0	1.5	1.5	1.5	1.5	1.5	1.5
222.87689791388	-0.0112016081761989	-3.13650441300647	-49.8144890102423	75.4771088981367	0	0	0	0	0	1.5	1.5	1.5	1.5	1.5	1.5
222.967094958766	-0.0102540304812452	-3.13749062998444	-49.90468510273	75.4766952053222	0	0	0	0	0	1.5	1.5	1.5	1.5	1.5	1.5
223.057292003652	-0.00874427832295791	-3.13834742564042	-49.9948815399829	75.4763648794315	0	0	0	0	0	1.5	1.5	1.5	1.5	1.5	1.5
223.147489048538	-0.00723452616467065	-3.13906804611322	-50.0850782105199	75.4761056922913	0	0	0	0	0	1.5	1.5	1.5	1.5	1.5	1.5
223.237686093425	-0.0057247740063834	-3.13965249140283	-50.1752750316501	75.4759053614939	0	0	0	0	0	1.5	1.5	1.5	1.5	1.5	1.5
223.327883138311	-0.00421502184809615	-3.14010076150926	-50.2654719447268	75.4757516045432	0	0	0	0	0	1.5	1.5	1.5	1.5	1.5	1.5
223.418080183197	-0.00270526968980889	-3.14041285643249	-50.3556689101298	75.4756321388915	0	0	0	0	0	1.5	1.5	1.5	1.5	1.5	1.5
223.508277228083	-0.00119551753152117	-3.14058877617254	-50.445865902248	75.4755346819637	0	0	0	0	0	1.5	1.5	1.5	1.5	1.5	1.5
223.59847427297	0.000314234626766089	-3.1406285207294	-50.5360629044612	75.4754469511718	0	0	0	0	0	1.5	1.5	1.5	1.5	1.5	1.5
223.688671317856	0.00182398678505334	-3.14053209010307	-50.6262599041225	75.4753566639232	0	0	0	0	0	1.5	1.5	1.5	1.5	1.5	1.5
223.778868362742	0.00333373894334155	-3.14029948429355	-50.716456887541	75.4752515376264	0	0	0	0	0	1.5	1.5	1.5	1.5	1.5	1.5
223.869065407628	0.0048434911016288	-3.13993070330085	-50.8066538349631	75.4751192896975	0	0	0	0	0	1.5	1.5	1.5	1.5	1.5	1.5
223.959262452515	0.00394295525716808	-3.13949605095072	-50.8968507183667	75.4749490046597	0	0	0	0	0	1.5	1.5	1.5	1.5	1.5	1.5
224.049459497401	0.00172603488175625	-3.13924038787171	-50.9870475364968	75.4747468644591	0	0	0	0	0	1.5	1.5	1.5	1.5	1.5	1.5
224.139656542287	-0.000490885493655582	-3.13918468445931	-51.0772443222979	75.474530682127	0	0	0	0	0	1.5	1.5	1.5	1.5	1.5	1.5
224.229853587173	-0.00270780586906741	-3.13932894071352	-51.1674411175158	75.4743184933862	0	0	0	0	0	1.5	1.5	1.5	1.5	1.5	1.5
224.320050632059	-0.00492472624447994	-3.13967315663434	-51.2576379615006	75.4741283339646	0	0	0	0	0	1.5	1.5	1.5	1.5	1.5	1.5
224.410247676946	-0.00714164661989177	-3.14021733222177	-51.3478348803875	75.4739782396167	0	0	0	0	0	1.5	1.5	1.5	1.5	1.5	1.5
224.500444721832	-0.00935856699530361	-3.14096146747581	-51.4380318762773	75.4738862461311	0	0	0	0	0	1.5	1.5	1.5	1.5	1.5	1.5
224.590641766718	-0.0115754873707154	-3.14190556239646	-51.5282289164174	75.4738703893146	0	0	0	0	0	1.5	1.5	1.5	1.5	1.5	1.5
224.680838811604	-0.0137924077461273	-3.14304961698373	-51.6184259223825	75.4739487049407	0	0	0	0	0	1.5	1.5	1.5	1.5	1.5	1.5
224.771035856491	-0.0160093281215391	-3.1443936312376	-51.7086227592551	75.4741392286533	0	0	0	0	0	1.5	1.5	1.5	1.5	1.5	1.5
224.861232901377	-0.0182262484969516	-3.14593760515808	-51.7988192248069	75.4744599958135	0	0	0	0	0	1.5	1.5	1.5	1.5	1.5	1.5
224.951429946263	-0.0181264524058435	-3.14762303927586	-51.8890150444078	75.4749280565142	0	0	0	0	0	1.5	1.5	1.5	1.5	1.5	1.5
225.041626991149	-0.0162056998514884	-3.14917136861495	-51.9792099832731	75.4755431042114	0	0	0	0	0	1.5	1.5	1.5	1.5	1.5	1.5
225.131824036036	-0.0142849472971334	-3.15054645174969	-52.0694039286685	75.4762899897251	0	0	0	0	0	1.5	1.5	1.5	1.5	1.5	1.5
225.222021080922	-0.0123641947427789	-3.15174828868007	-52.1595968385429	75.4771530858966	0	0	0	0	0	1.5	1.5	1.5	1.5	1.5	1.5
225.312218125808	-0.0104434421884244	-3.15277687940609	-52.2497887312463	75.4781167659063	0	0	0	0	0	1.5	1.5	1.5	1.5	1.5	1.5
225.402415170694	-0.00852268963406994	-3.15363222392774	-52.3399796774073	75.479165403333	0	0	0	0	0	1.5	1.5	1.5	1.5	1.5	1.5
225.49261221558	-0.00660193707971547	-3.15431432224504	-52.4301697918109	75.4802833721675	0	0	0	0	0	1.5	1.5	1.5	1.5	1.5	1.5
225.582809260467	-0.00468118452536099	-3.15482317435797	-52.5203592252768	75.4814550467886	0	0	0	0	0	1.5	1.5	1.5	1.5	1.5	1.5
225.673006305353	-0.00276043197100592	-3.15515878026655	-52.6105481565382	75.4826648019067	0	0	0	0	0	1.5	1.5	1.5	1.5	1.5	1.5
225.763203350239	-0.000839679416651442	-3.15532113997076	-52.70073678412	75.4838970124847	0	0	0	0	0	1.5	1.5	1.5	1.5	1.5	1.5
225.853400395125	0.00108107313770303	-3.15531025347061	-52.7909253182183	75.4851360536407	0	0	0	0	0	1.5	1.5	1.5	1.5	1.5	1.5
225.943597440012	0.00132391503118522	-3.15516192171992	-52.8811139656668	75.4863668097419	0	0	0	0	0	1.5	1.5	1.5	1.5	1.5	1.5
226.033794484898	-0.00030187666461491	-3.15511582929971	-52.9713027500093	75.4875874994421	0	0	0	0	0	1.5	1.5	1.5	1.5	1.5	1.5
226.123991529784	-0.00192766836041504	-3.15521637848606	-53.061491501051	75.4888106448362	0	0	0	0	0	1.5	1.5	1.5	1.5	1.5	1.5
226.21418857467	-0.00355346005621619	-3.15546356927897	-53.1516800378696	75.4900494713263	0	0	0	0	0	1.5	1.5	1.5	1.5	1.5	1.5
226.304385619557	-0.00517925175201633	-3.15585740167844	-53.2418681726442	75.4913172042193	0	0	0	0	0	1.5	1.5	1.5	1.5	1.5	1.5
226.394582664443	-0.00680504344781646	-3.15639787568447	-53.3320557048375	75.4926270686409	0	0	0	0	0	1.5	1.5	1.5	1.5	1.5	1.5
226.484779709329	-0.0084308351436171	-3.15708499129707	-53.4222424153776	75.4939922894411	0	0	0	0	0	1.5	1.5	1.5	1.5	1.5	1.5
226.574976754215	-0.0100566268394172	-3.15791874851623	-53.5124280608403	75.4954260910856	0	0	0	0	0	1.5	1.5	1.5	1.5	1.5	1.5
226.665173799101	-0.0116824185352174	-3.15889914734195	-53.6026123676317	75.4969416975292	0	0	0	0	0	1.5	1.5	1.5	1.5	1.5	1.5
226.755370843988	-0.0133082102310175	-3.16002618777423	-53.6927950261708	75.4985523320673	0	0	0	0	0	1.5	1.5	1.5	1.5	1.5	1.5
226.845567888874	-0.0149340019268176	-3.16129986981307	-53.7829756850738	75.5002712171613	0	0	0	0	0	1.5	1.5	1.5	1.5	1.5	1.5
226.93576493376	-0.0159903832173345	-3.16271027353681	-53.8731539477544	75.5021114590456	0	0	0	0	0	1.5	1.5	1.5	1.5	1.5	1.5
227.025961978646	-0.0161421498479121	-3.1641594033004	-53.963329472203	75.5040812998858	0	0	0	0	0	1.5	1.5	1.5	1.5	1.5	1.5
227.116159023533	-0.0162939164784897	-3.16562222196559	-54.0535020328856	75.5061824318265	0	0	0	0	0	1.5	1.5	1.5	1.5	1.5	1.5
227.206356068419	-0.0164456831090673	-3.16709872953237	-54.1436714080797	75.5084160847333	0	0	0	0	0	1.5	1.5	1.5	1.5	1.5	1.5
227.296553113305	-0.0165974497396449	-3.16858892600074	-54.2338373706276	75.5107834880542	0	0	0	0	0	1.5	1.5	1.5	1.5	1.5	1.5
227.386750158191	-0.0167492163702224	-3.1700928113707	-54.3239996878863	75.513285870803	0	0	0	0	0	1.5	1.5	1.5	1.5	1.5	1.5
227.476947203078	-0.0169009830008001	-3.17161038564225	-54.414158121678	75.5159244615412	0	0	0	0	0	1.5	1.5	1.5	1.5	1.5	1.5
227.567144247964	-0.0170527496313777	-3.17314164881539	-54.5043124282399	75.51870048836	0	0	0	0	0	1.5	1.5	1.5	1.5	1.5	1.5
227.65734129285	-0.0172045162619553	-3.17468660089012	-54.5944623581749	75.5216151788615	0	0	0	0	0	1.5	1.5	1.5	1.5	1.5	1.5
227.747538337736	-0.0173562828925328	-3.17624524186644	-54.6846076564017	75.5246697601402	0	0	0	0	0	1.5	1.5	1.5	1.5	1.5	1.5
227.837735382622	-0.0175080495231105	-3.17781757174435	-54.7747480621056	75.5278654587632	0	0	0	0	0	1.5	1.5	1.5	1.5	1.5	1.5
227.927932427509	-0.0170506815094549	-3.17939536427036	-54.864883311479	75.5312034267408	0	0	0	0	0	1.5	1.5	1.5	1.5	1.5	1.5
228.018129472395	-0.0151682801012145	-3.18084839183365	-54.9550133587409	75.5346790641019	0	0	0	0	0	1.5	1.5	1.5	1.5	1.5	1.5
228.108326517281	-0.0132858786929742	-3.18213163235263	-55.045138568259	75.5382780082271	0	0	0	0	0	1.5	1.5	1.5	1.5	1.5	1.5
228.198523562167	-0.0114034772847338	-3.1832450858273	-55.1352594018107	75.5419849510794	0	0	0	0	0	1.5	1.5	1.5	1.5	1.5	1.5
228.288720607054	-0.00952107587649344	-3.18418875225765	-55.2253763761905	75.54578458669	0	0	0	0	0	1.5	1.5	1.5	1.5	1.5	1.5
228.37891765194	-0.00763867446825308	-3.18496263164369	-55.3154900554114	75.5496616109533	0	0	0	0	0	1.5	1.5	1.5	1.5	1.5	1.5
228.469114696826	-0.00575627306001213	-3.18556672398542	-55.4056010429075	75.553600721381	0	0	0	0	0	1.5	1.5	1.5	1.5	1.5	1.5
228.559311741712	-0.00387387165177177	-3.18600102928284	-55.4957099737386	75.5575866168232	0	0	0	0	0	1.5	1.5	1.5	1.5	1.5	1.5
228.649508786599	-0.00199147024353022	-3.18626554753594	-55.5858175067958	75.5616039971629	0	0	0	0	0	1.5	1.5	1.5	1.5	1.5	1.5
228.739705831485	-0.000109068835289862	-3.18636027874473	-55.6759243170075	75.5656375629893	0	0	0	0	0	1.5	1.5	1.5	1.5	1.5	1.5
228.829902876371	0.0017733325729505	-3.1862852229092	-55.7660310875464	75.5696720152586	0	0	0	0	0	1.5	1.5	1.5	1.5	1.5	1.5
228.920099921257	0.00287384129146044	-3.18604787842143	-55.8561384999057	75.5736921028398	0	0	0	0	0	1.5	1.5	1.5	1.5	1.5	1.5
229.010296966143	0.00107928634992124	-3.18586959820578	-55.9462468435293	75.5776912644739	0	0	0	0	0	1.5	1.5	1.5	1.5	1.5	1.5
229.10049401103	-0.000715268591617968	-3.18585318154274	-56.0363555761564	75.5816816541876	0	0	0	0	0	1.5	1.5	1.5	1.5	1.5	1.5
229.190691055916	-0.00250982353315717	-3.18599862843231	-56.1264640510771	75.5856778572647	0	0	0	0	0	1.5	1.5	1.5	1.5	1.5	1.5
229.280888100802	-0.00430437847469694	-3.18630593887449	-56.2165716187587	75.5896944588633	0	0	0	0	0	1.5	1.5	1.5	1.5	1.5	1.5
229.371085145688	-0.00609893341623615	-3.18677511286929	-56.3066776197631	75.593746043699	0	0	0	0	0	1.5	1.5	1.5	1.5	1.5	1.5
229.461282190575	-0.00789348835777535	-3.18740615041669	-56.396781377665	75.5978471957199	0	0	0	0	0	1.5	1.5	1.5	1.5	1.5	1.5
229.551479235461	-0.00968804329931456	-3.18819905151672	-56.4868821919706	75.6020124977675	0	0	0	0	0	1.5	1.5	1.5	1.5	1.5	1.5
229.641676280347	-0.0114825982408538	-3.18915381616935	-56.5769793310371	75.6062565312186	0	0	0	0	0	1.5	1.5	1.5	1.5	1.5	1.5
229.731873325233	-0.013277153182393	-3.1902704443746	-56.6670720249934	75.6105938756013	0	0	0	0	0	1.5	1.5	1.5	1.5	1.5	1.5
229.82207037012	-0.0150717081239327	-3.19154893613246	-56.7571594586624	75.6150391081812	0	0	0	0	0	1.5	1.5	1.5	1.5	1.5	1.5
229.912267415006	-0.0164341184586322	-3.19298683980477	-56.8472407649614	75.6196067942493	0	0	0	0	0	1.5	1.5	1.5	1.5	1.5	1.5
230.002464459892	-0.0147933776241361	-3.1943951537377	-56.93731536406	75.6243048958402	0	0	0	0	0	1.5	1.5	1.5	1.5	1.5	1.5
230.092661504778	-0.0131526367896395	-3.19565547769594	-57.0273836156919	75.6291231815366	0	0	0	0	0	1.5	1.5	1.5	1.5	1.5	1.5
230.182858549665	-0.0115118959551434	-3.19676781167948	-57.117446089191	75.6340483144656	0	0	0	0	0	1.5	1.5	1.5	1.5	1.5	1.5
230.273055594551	-0.00987115512064727	-3.19773215568832	-57.2075034013362	75.6390669601654	0	0	0	0	0	1.5	1.5	1.5	1.5	1.5	1.5
230.363252639437	-0.00823041428615116	-3.19854850972247	-57.2975562104294	75.6441657863611	0	0	0	0	0	1.5	1.5	1.5	1.5	1.5	1.5
230.453449684323	-0.00658967345165505	-3.19921687378192	-57.3876052103736	75.6493314627106	0	0	0	0	0	1.5	1.5	1.5	1.5	1.5	1.5
230.543646729209	-0.00494893261715895	-3.19973724786668	-57.4776511247539	75.6545506605232	0	0	0	0	0	1.5	1.5	1.5	1.5	1.5	1.5
230.633843774096	-0.00330819178266232	-3.20010963197674	-57.567694700918	75.6598100524574	0	0	0	0	0	1.5	1.5	1.5	1.5	1.5	1.5
230.724040818982	-0.00166745094816622	-3.2003340261121	-57.6577367040597	75.6650963122003	0	0	0	0	0	1.5	1.5	1.5	1.5	1.5	1.5
230.814237863868	-2.67101136701108e-05	-3.20041043027277	-57.7477779113009	75.6703961141337	0	0	0	0	0	1.5	1.5	1.5	1.5	1.5	1.5
230.904434908754	0.00147066221793536	-3.20033909637272	-57.8378191057592	75.6756961332868	0	0	0	0	0	1.5	1.5	1.5	1.5	1.5	1.5
230.994631953641	-0.000568340534453038	-3.20029840299803	-57.9278607427291	75.6809886295296	0	0	0	0	0	1.5	1.5	1.5	1.5	1.5	1.5
231.084828998527	-0.00260734328684272	-3.20044162164611	-58.0179021082027	75.686285741533	0	0	0	0	0	1.5	1.5	1.5	1.5	1.5	1.5
231.175026043413	-0.00464634603923112	-3.20076875231698	-58.1079422251153	75.691604028818	0	0	0	0	0	1.5	1.5	1.5	1.5	1.5	1.5
231.265223088299	-0.00668534879161952	-3.20127979501063	-58.1979801047192	75.6969600502144	0	0	0	0	0	1.5	1.5	1.5	1.5	1.5	1.5
231.355420133186	-0.00872435154400793	-3.20197474972706	-58.288014737448	75.7023703633085	0	0	0	0	0	1.5	1.5	1.5	1.5	1.5	1.5
231.445617178072	-0.010763354296397	-3.20285361646626	-58.3780450837822	75.7078515238724	0	0	0	0	0	1.5	1.5	1.5	1.5	1.5	1.5
231.535814222958	-0.0128023570487854	-3.20391639522825	-58.4680700651156	75.7134200852653	0	0	0	0	0	1.5	1.5	1.5	1.5	1.5	1.5
231.626011267844	-0.0148413598011738	-3.20516308601302	-58.5580885546257	75.7190925977985	0	0	0	0	0	1.5	1.5	1.5	1.5	1.5	1.5
231.71620831273	-0.0168803625535622	-3.20659368882057	-58.6480993681452	75.7248856080569	0	0	0	0	0	1.5	1.5	1.5	1.5	1.5	1.5
231.806405357617	-0.0189193653059506	-3.2082082036509	-58.7381012550382	75.7308156581672	0	0	0	0	0	1.5	1.5	1.5	1.5	1.5	1.5
231.896602402503	-0.020958368058339	-3.21000663050401	-58.8280928890804	75.7368992850053	0	0	0	0	0	1.5	1.5	1.5	1.5	1.5	1.5
231.986799447389	-0.0193074567697832	-3.21183052747076	-58.9180731759569	75.7431484948205	0	0	0	0	0	1.5	1.5	1.5	1.5	1.5	1.5
232.076996492275	-0.0174709862612419	-3.21348918090922	-59.0080424457529	75.7495543931281	0	0	0	0	0	1.5	1.5	1.5	1.5	1.5	1.5
232.167193537162	-0.0156345157527013	-3.21498219013479	-59.0980015111868	75.75610205996	0	0	0	0	0	1.5	1.5	1.5	1.5	1.5	1.5
232.257390582048	-0.0137980452441606	-3.21630955514746	-59.1879512554917	75.7627765794847	0	0	0	0	0	1.5	1.5	1.5	1.5	1.5	1.5
232.347587626934	-0.0119615747356188	-3.21747127594725	-59.277892624957	75.7695630402442	0	0	0	0	0	1.5	1.5	1.5	1.5	1.5	1.5
232.43778467182	-0.0101251042270781	-3.21846735253414	-59.3678266215125	75.7764465347636	0	0	0	0	0	1.5	1.5	1.5	1.5	1.5	1.5
232.527981716707	-0.00828863371853741	-3.21929778490814	-59.4577542953164	75.7834121591141	0	0	0	0	0	1.5	1.5	1.5	1.5	1.5	1.5
232.618178761593	-0.00645216320999673	-3.21996257306925	-59.5476767373452	75.7904450124366	0	0	0	0	0	1.5	1.5	1.5	1.5	1.5	1.5
232.708375806479	-0.00461569270145606	-3.22046171701747	-59.637595071987	75.7975301964309	0	0	0	0	0	1.5	1.5	1.5	1.5	1.5	1.5
232.798572851365	-0.00277922219291539	-3.2207952167528	-59.7275104496362	75.8046528148177	0	0	0	0	0	1.5	1.5	1.5	1.5	1.5	1.5
232.888769896251	-0.000942751684374136	-3.22096307227524	-59.8174240392905	75.8117979727789	0	0	0	0	0	1.5	1.5	1.5	1.5	1.5	1.5
232.978966941138	-0.00303664935244342	-3.22111868248346	-59.9073367044486	75.8189547551496	0	0	0	0	0	1.5	1.5	1.5	1.5	1.5	1.5
233.069163986024	-0.00574175437417565	-3.22151457552094	-59.9972474043194	75.8261361789653	0	0	0	0	0	1.5	1.5	1.5	1.5	1.5	1.5
233.15936103091	-0.00844685939590788	-3.22215446103748	-60.0871543720038	75.833364165527	0	0	0	0	0	1.5	1.5	1.5	1.5	1.5	1.5
233.249558075796	-0.0111519644176401	-3.2230383390331	-60.1770558053311	75.8406606483497	0	0	0	0	0	1.5	1.5	1.5	1.5	1.5	1.5
233.339755120683	-0.0138570694393723	-3.22416620950778	-60.2669498519967	75.8480475568503	0	0	0	0	0	1.5	1.5	1.5	1.5	1.5	1.5
233.429952165569	-0.0165621744611054	-3.22553807246153	-60.3568345935146	75.8555468149381	0	0	0	0	0	1.5	1.5	1.5	1.5	1.5	1.5
233.520149210455	-0.0192672794828385	-3.22715392789434	-60.4467080291772	75.8631803395237	0	0	0	0	0	1.5	1.5	1.5	1.5	1.5	1.5
233.610346255341	-0.0219723845045716	-3.22901377580623	-60.5365680600232	75.8709700389288	0	0	0	0	0	1.5	1.5	1.5	1.5	1.5	1.5
233.700543300228	-0.0246774895263038	-3.23111761619718	-60.6264124728168	75.8789378111749	0	0	0	0	0	1.5	1.5	1.5	1.5	1.5	1.5
233.790740345114	-0.0273825945480361	-3.23346544906719	-60.7162389240402	75.8871055421337	0	0	0	0	0	1.5	1.5	1.5	1.5	1.5	1.5
233.88093739	-0.0300876995697683	-3.23605727441628	-60.8060449239015	75.8954951035179	0	0	0	0	0	1.5	1.5	1.5	1.5	1.5	1.5
233.971134434886	-0.026586914810318	-3.23867518735105	-60.8958283126717	75.9041232737037	0	0	0	0	0	1.5	1.5	1.5	1.5	1.5	1.5
234.061331479772	-0.0213211916712759	-3.24083577216642	-60.9855907723075	75.9129666089899	0	0	0	0	0	1.5	1.5	1.5	1.5	1.5	1.5
234.151528524659	-0.0160554685322338	-3.24252140431546	-61.0753360661055	75.9219825514504	0	0	0	0	0	1.5	1.5	1.5	1.5	1.5	1.5
234.241725569545	-0.01078974539319	-3.24373208379816	-61.1650682144569	75.9311284501049	0	0	0	0	0	1.5	1.5	1.5	1.5	1.5	1.5
234.331922614431	-0.00552402225414793	-3.24446781061454	-61.2547914229545	75.9403616723794	0	0	0	0	0	1.5	1.5	1.5	1.5	1.5	1.5
234.422119659317	-0.000258299115105824	-3.24472858476458	-61.3445100216271	75.9496395983209	0	0	0	0	0	1.5	1.5	1.5	1.5	1.5	1.5
234.512316704204	0.00500742402393629	-3.2445144062483	-61.4342284042027	75.9589196145159	0	0	0	0	0	1.5	1.5	1.5	1.5	1.5	1.5
234.60251374909	0.0102731471629784	-3.24382527506568	-61.5239509673876	75.9681591078581	0	0	0	0	0	1.5	1.5	1.5	1.5	1.5	1.5
234.692710793976	0.0155388703020205	-3.24266119121673	-61.6136820501465	75.9773154593085	0	0	0	0	0	1.5	1.5	1.5	1.5	1.5	1.5
234.782907838862	0.0208045934410659	-3.24102215470146	-61.7034258729679	75.9863460377933	0	0	0	0	0	1.5	1.5	1.5	1.5	1.5	1.5
234.873104883749	0.026070316580108	-3.23890816551985	-61.7931864771018	75.9952081943825	0	0	0	0	0	1.5	1.5	1.5	1.5	1.5	1.5
234.963301928635	0.0263543181743245	-3.23647495589708	-61.8829673550803	76.0038624877175	0	0	0	0	0	1.5	1.5	1.5	1.5	1.5	1.5
235.053498973521	0.0244331227798686	-3.23418451735138	-61.9727685277924	76.0123036208623	0	0	0	0	0	1.5	1.5	1.5	1.5	1.5	1.5
235.143696018407	0.0225119273854133	-3.23206736495291	-62.0625880878095	76.0205468305137	0	0	0	0	0	1.5	1.5	1.5	1.5	1.5	1.5
235.233893063294	0.0205907319909579	-3.23012349870167	-62.1524242032018	76.0286076440794	0	0	0	0	0	1.5	1.5	1.5	1.5	1.5	1.5
235.32409010818	0.0186695365965026	-3.22835291859765	-62.2422751367902	76.0365015983351	0	0	0	0	0	1.5	1.5	1.5	1.5	1.5	1.5
235.414287153066	0.0167483412020473	-3.22675562464087	-62.3321392380868	76.0442442383441	0	0	0	0	0	1.5	1.5	1.5	1.5	1.5	1.5
235.504484197952	0.014827145807592	-3.22533161683131	-62.4220149352277	76.051851116452	0	0	0	0	0	1.5	1.5	1.5	1.5	1.5	1.5
235.594681242838	0.012905950413136	-3.22408089516898	-62.5119007268987	76.0593377913498	0	0	0	0	0	1.5	1.5	1.5	1.5	1.5	1.5
235.684878287725	0.0109847550186807	-3.22300345965388	-62.6017951742555	76.0667198271973	0	0	0	0	0	1.5	1.5	1.5	1.5	1.5	1.5
235.775075332611	0.00906355962422539	-3.22209931028601	-62.6916968928394	76.0740127928014	0	0	0	0	0	1.5	1.5	1.5	1.5	1.5	1.5
235.865272377497	0.00714236422977007	-3.22136844706537	-62.781604544488	76.0812322608411	0	0	0	0	0	1.5	1.5	1.5	1.5	1.5	1.5
235.955469422383	0.00648043395274866	-3.22077641511981	-62.8715168790182	76.0883931806249	0	0	0	0	0	1.5	1.5	1.5	1.5	1.5	1.5
236.04566646727	0.00663484981413881	-3.2201849352005	-62.9614333973334	76.095501373298	0	0	0	0	0	1.5	1.5	1.5	1.5	1.5	1.5
236.135863512156	0.00678926567552895	-3.21957952742681	-63.0513541533391	76.1025557547095	0	0	0	0	0	1.5	1.5	1.5	1.5	1.5	1.5
236.226060557042	0.0069436815369191	-3.21896019179874	-63.1412792123239	76.1095550698705	0	0	0	0	0	1.5	1.5	1.5	1.5	1.5	1.5
236.316257601928	0.00709809739830925	-3.21832692831629	-63.2312086372745	76.1164980636329	0	0	0	0	0	1.5	1.5	1.5	1.5	1.5	1.5
236.406454646815	0.00725251325969945	-3.21767973697946	-63.3211424888223	76.1233834806884	0	0	0	0	0	1.5	1.5	1.5	1.5	1.5	1.5
236.496651691701	0.0074069291210896	-3.21701861778825	-63.411080825191	76.1302100655673	0	0	0	0	0	1.5	1.5	1.5	1.5	1.5	1.5
236.586848736587	0.00756134498247974	-3.21634357074265	-63.5010237021445	76.1369765626377	0	0	0	0	0	1.5	1.5	1.5	1.5	1.5	1.5
236.677045781473	0.00771576084386989	-3.21565459584268	-63.5909711729336	76.1436817161049	0	0	0	0	0	1.5	1.5	1.5	1.5	1.5	1.5
236.767242826359	0.00787017670526004	-3.21495169308832	-63.6809232882443	76.1503242700107	0	0	0	0	0	1.5	1.5	1.5	1.5	1.5	1.5
236.857439871246	0.00802459256665019	-3.21423486247958	-63.7708800961441	76.1569029682333	0	0	0	0	0	1.5	1.5	1.5	1.5	1.5	1.5
236.947636916132	0.0064156871398928	-3.21354547390069	-63.8608415954697	76.1634171998714	0	0	0	0	0	1.5	1.5	1.5	1.5	1.5	1.5
237.037833961018	0.00318056186359988	-3.21311269724964	-63.9508068141218	76.1698798781979	0	0	0	0	0	1.5	1.5	1.5	1.5	1.5	1.5
237.128031005904	-5.456341269202e-05	-3.21297171933834	-64.0407738836951	76.1763167473264	0	0	0	0	0	1.5	1.5	1.5	1.5	1.5	1.5
237.218228050791	-0.00328968868898596	-3.21312254016681	-64.1307409215777	76.1827540592233	0	0	0	0	0	1.5	1.5	1.5	1.5	1.5	1.5
237.308425095677	-0.00652481396527786	-3.21356515973503	-64.2207060447703	76.1892180658271	0	0	0	0	0	1.5	1.5	1.5	1.5	1.5	1.5
237.398622140563	-0.00975993924156975	-3.21429957804301	-64.3106673469054	76.1957350173939	0	0	0	0	0	1.5	1.5	1.5	1.5	1.5	1.5
237.488819185449	-0.0129950645178617	-3.21532579509075	-64.4006228752698	76.2023311608086	0	0	0	0	0	1.5	1.5	1.5	1.5	1.5	1.5
237.579016230336	-0.0162301897941535	-3.21664381087824	-64.4905706078314	76.2090327378288	0	0	0	0	0	1.5	1.5	1.5	1.5	1.5	1.5
237.669213275222	-0.0194653150704455	-3.2182536254055	-64.5805084302736	76.2158659832268	0	0	0	0	0	1.5	1.5	1.5	1.5	1.5	1.5
237.759410320108	-0.0227004403467373	-3.22015523867251	-64.6704341130408	76.2228571227981	0	0	0	0	0	1.5	1.5	1.5	1.5	1.5	1.5
237.849607364994	-0.0259355656230303	-3.22234865067928	-64.7603452883969	76.2300323712007	0	0	0	0	0	1.5	1.5	1.5	1.5	1.5	1.5
237.93980440988	-0.0250952578405846	-3.22475419620526	-64.8502395135033	76.2374168949828	0	0	0	0	0	1.5	1.5	1.5	1.5	1.5	1.5
238.030001454767	-0.0189279321221849	-3.22673957702581	-64.9401169957047	76.2450025672352	0	0	0	0	0	1.5	1.5	1.5	1.5	1.5	1.5
238.120198499653	-0.0127606064037853	-3.22816868329171	-65.0299814034523	76.2527416717217	0	0	0	0	0	1.5	1.5	1.5	1.5	1.5	1.5
238.210395544539	-0.00659328068538564	-3.22904151500297	-65.1198368490038	76.2605842026242	0	0	0	0	0	1.5	1.5	1.5	1.5	1.5	1.5
238.300592589425	-0.000425954966985997	-3.22935807215957	-65.209687617234	76.2684801688876	0	0	0	0	0	1.5	1.5	1.5	1.5	1.5	1.5
238.390789634312	0.00574137075141753	-3.22911835476152	-65.2995380821958	76.2763795872149	0	0	0	0	0	1.5	1.5	1.5	1.5	1.5	1.5
238.480986679198	0.0119086964698172	-3.22832236280882	-65.3893926237033	76.2842324748133	0	0	0	0	0	1.5	1.5	1.5	1.5	1.5	1.5
238.571183724084	0.0180760221882168	-3.22697009630147	-65.4792555439157	76.2919888421244	0	0	0	0	0	1.5	1.5	1.5	1.5	1.5	1.5
238.66138076897	0.0242433479066184	-3.22506155523947	-65.569130983903	76.2995986857712	0	0	0	0	0	1.5	1.5	1.5	1.5	1.5	1.5
238.751577813857	0.0304106736250181	-3.22259673962282	-65.6590228401728	76.307011981952	0	0	0	0	0	1.5	1.5	1.5	1.5	1.5	1.5
238.841774858743	0.0365779993434177	-3.21957564945152	-65.7489346811432	76.3141786805156	0	0	0	0	0	1.5	1.5	1.5	1.5	1.5	1.5
238.931971903629	0.0393924487127314	-3.2160507755654	-65.8388696226296	76.3210492462646	0	0	0	0	0	1.5	1.5	1.5	1.5	1.5	1.5
239.022168948515	0.0359011814124516	-3.21265514409738	-65.9288281472588	76.3276038579659	0	0	0	0	0	1.5	1.5	1.5	1.5	1.5	1.5
239.112365993401	0.0324099141121719	-3.20957441462275	-66.0188074328688	76.3338671344057	0	0	0	0	0	1.5	1.5	1.5	1.5	1.5	1.5
239.202563038288	0.028918646811891	-3.20680858714151	-66.1088046501966	76.3398673504098	0	0	0	0	0	1.5	1.5	1.5	1.5	1.5	1.5
239.292760083174	0.0254273795116112	-3.20435766165366	-66.1988172183366	76.3456328000379	0	0	0	0	0	1.5	1.5	1.5	1.5	1.5	1.5
239.38295712806	0.0219361122113314	-3.20222163815921	-66.2888427780607	76.3511917934894	0	0	0	0	0	1.5	1.5	1.5	1.5	1.5	1.5
239.473154172946	0.0184448449110516	-3.20040051665815	-66.3788791651103	76.356572654359	0	0	0	0	0	1.5	1.5	1.5	1.5	1.5	1.5
239.563351217833	0.0149535776107718	-3.19889429715049	-66.4689243834652	76.3618037171981	0	0	0	0	0	1.5	1.5	1.5	1.5	1.5	1.5
239.653548262719	0.0114623103104898	-3.19770297963622	-66.5589765785941	76.3669133253417	0	0	0	0	0	1.5	1.5	1.5	1.5	1.5	1.5
239.743745307605	0.00797104301021002	-3.19682656411534	-66.6490340106905	76.3719298289579	0	0	0	0	0	1.5	1.5	1.5	1.5	1.5	1.5
239.833942352491	0.00447977570993022	-3.19626505058785	-66.7390950278982	76.3768815832778	0	0	0	0	0	1.5	1.5	1.5	1.5	1.5	1.5
239.924139397378	0.00217246761608933	-3.19600455134746	-66.8291580454353	76.381796838524	0	0	0	0	0	1.5	1.5	1.5	1.5	1.5	1.5
240.014336442264	0.00323323191192855	-3.19576076228598	-66.9192221601307	76.3866919493451	0	0	0	0	0	1.5	1.5	1.5	1.5	1.5	1.5
240.10453348715	0.00429399620776744	-3.19542129541968	-67.009287698338	76.3915607947328	0	0	0	0	0	1.5	1.5	1.5	1.5	1.5	1.5
240.194730532036	0.00535476050360633	-3.19498615074859	-67.0993551152438	76.3963947568387	0	0	0	0	0	1.5	1.5	1.5	1.5	1.5	1.5
240.284927576923	0.00641552479944522	-3.19445532827269	-67.1894248560219	76.4011852172812	0	0	0	0	0	1.5	1.5	1.5	1.5	1.5	1.5
240.375124621809	0.00747628909528411	-3.19382882799198	-67.2794973533587	76.4059235570224	0	0	0	0	0	1.5	1.5	1.5	1.5	1.5	1.5
240.465321666695	0.008537053391123	-3.19310664990647	-67.3695730249797	76.4106011562514	0	0	0	0	0	1.5	1.5	1.5	1.5	1.5	1.5
240.555518711581	0.00959781768696189	-3.19228879401615	-67.4596522711741	76.4152093942749	0	0	0	0	0	1.5	1.5	1.5	1.5	1.5	1.5
240.645715756467	0.0106585819828011	-3.19137526032103	-67.5497354723199	76.4197396494157	0	0	0	0	0	1.5	1.5	1.5	1.5	1.5	1.5
240.735912801354	0.01171934627864	-3.1903660488211	-67.6398229864086	76.4241832989212	0	0	0	0	0	1.5	1.5	1.5	1.5	1.5	1.5
240.82610984624	0.0127801105744796	-3.18926115951636	-67.7299151465687	76.4285317188822	0	0	0	0	0	1.5	1.5	1.5	1.5	1.5	1.5
240.916306891126	0.0140911714417648	-3.18805863483263	-67.8200122590642	76.4327762739682	0	0	0	0	0	1.5	1.5	1.5	1.5	1.5	1.5
241.006503936012	0.0165952266697549	-3.18667472361869	-67.9101147423636	76.4369052097242	0	0	0	0	0	1.5	1.5	1.5	1.5	1.5	1.5
241.096700980899	0.0190992818977449	-3.18506495402297	-68.0002233025412	76.440899271755	0	0	0	0	0	1.5	1.5	1.5	1.5	1.5	1.5
241.186898025785	0.021603337125735	-3.18322932604544	-68.0903386066523	76.4447380979042	0	0	0	0	0	1.5	1.5	1.5	1.5	1.5	1.5
241.277095070671	0.0241073923537251	-3.18116783968612	-68.1804612165473	76.4484013219207	0	0	0	0	0	1.5	1.5	1.5	1.5	1.5	1.5
241.367292115557	0.0266114475817159	-3.17888049494501	-68.2705915750652	76.4518685732854	0	0	0	0	0	1.5	1.5	1.5	1.5	1.5	1.5
241.457489160444	0.029115502809706	-3.17636729182209	-68.3607299922215	76.4551194771729	0	0	0	0	0	1.5	1.5	1.5	1.5	1.5	1.5
241.54768620533	0.0316195580376961	-3.17362823031738	-68.450876631393	76.4581336545635	0	0	0	0	0	1.5	1.5	1.5	1.5	1.5	1.5
241.637883250216	0.0341236132656861	-3.17066331043087	-68.5410314955	76.4608907225202	0	0	0	0	0	1.5	1.5	1.5	1.5	1.5	1.5
241.728080295102	0.0366276684936762	-3.16747253216257	-68.6311944131844	76.4633702946469	0	0	0	0	0	1.5	1.5	1.5	1.5	1.5	1.5
241.818277339988	0.0391317237216663	-3.16405589551247	-68.7213650249875	76.4655519817446	0	0	0	0	0	1.5	1.5	1.5	1.5	1.5	1.5
241.908474384875	0.0409095792942645	-3.16041622976998	-68.8115427693886	76.4674154000259	0	0	0	0	0	1.5	1.5	1.5	1.5	1.5	1.5
241.998671429761	0.0350074868211192	-3.15699248225996	-68.9017266335956	76.4689547481521	0	0	0	0	0	1.5	1.5	1.5	1.5	1.5	1.5
242.088868474647	0.0291053943479739	-3.15410108604966	-68.9919149214522	76.4702093272217	0	0	0	0	0	1.5	1.5	1.5	1.5	1.5	1.5
242.179065519533	0.0232033018748285	-3.15174204113909	-69.0821062025768	76.4712271382113	0	0	0	0	0	1.5	1.5	1.5	1.5	1.5	1.5
242.26926256442	0.017301209401685	-3.14991534752824	-69.1722994246958	76.472056188627	0	0	0	0	0	1.5	1.5	1.5	1.5	1.5	1.5
242.359459609306	0.0113991169285416	-3.14862100521711	-69.2624938369863	76.4727444899949	0	0	0	0	0	1.5	1.5	1.5	1.5	1.5	1.5
242.449656654192	0.00549702445539808	-3.1478590142057	-69.3526889134057	76.4733400561549	0	0	0	0	0	1.5	1.5	1.5	1.5	1.5	1.5
242.539853699078	-0.000405068017745397	-3.14762937449402	-69.4428842760135	76.4738909021512	0	0	0	0	0	1.5	1.5	1.5	1.5	1.5	1.5
242.630050743965	-0.00630716049088888	-3.14793208608206	-69.5330796182892	76.4744450435185	0	0	0	0	0	1.5	1.5	1.5	1.5	1.5	1.5
242.720247788851	-0.0122092529640324	-3.14876714896982	-69.6232746284495	76.4750504957571	0	0	0	0	0	1.5	1.5	1.5	1.5	1.5	1.5
242.810444833737	-0.0181113454371777	-3.15013456315731	-69.7134689127655	76.4757552737952	0	0	0	0	0	1.5	1.5	1.5	1.5	1.5	1.5
242.900641878623	-0.0240134379103212	-3.15203432864452	-69.8036619188804	76.4766073912316	0	0	0	0	0	1.5	1.5	1.5	1.5	1.5	1.5
242.990838923509	-0.0168508804110221	-3.15387745504267	-69.8938530724283	76.4776371582392	0	0	0	0	0	1.5	1.5	1.5	1.5	1.5	1.5
243.081035968396	-0.00968375306635928	-3.15507412780607	-69.9840425640438	76.4788040055996	0	0	0	0	0	1.5	1.5	1.5	1.5	1.5	1.5
243.171233013282	-0.00251662572169643	-3.15562434686265	-70.074231006322	76.480049628206	0	0	0	0	0	1.5	1.5	1.5	1.5	1.5	1.5
243.261430058168	0.00465050162297093	-3.15552811221243	-70.1644191646329	76.4813157228688	0	0	0	0	0	1.5	1.5	1.5	1.5	1.5	1.5
243.351627103054	0.0118176289676338	-3.15478542385539	-70.2546078440496	76.4825439869331	0	0	0	0	0	1.5	1.5	1.5	1.5	1.5	1.5
243.441824147941	0.0189847563122966	-3.15339628179154	-70.3447977762774	76.4836761167678	0	0	0	0	0	1.5	1.5	1.5	1.5	1.5	1.5
243.532021192827	0.0261518836569595	-3.15136068602088	-70.4349895065805	76.4846538064915	0	0	0	0	0	1.5	1.5	1.5	1.5	1.5	1.5
243.622218237713	0.0333190110016246	-3.14867863654341	-70.5251832807017	76.4854187473017	0	0	0	0	0	1.5	1.5	1.5	1.5	1.5	1.5
243.712415282599	0.0404861383462874	-3.14535013335913	-70.6153789317748	76.4859126277713	0	0	0	0	0	1.5	1.5	1.5	1.5	1.5	1.5
243.802612327486	0.0476532656909503	-3.14137517646803	-70.7055757672335	76.4860771354797	0	0	0	0	0	1.5	1.5	1.5	1.5	1.5	1.5
243.892809372372	0.0548203930356131	-3.13675376587012	-70.7957724557254	76.4858539603424	0	0	0	0	0	1.5	1.5	1.5	1.5	1.5	1.5
243.983006417258	0.0489469360807816	-3.13202267613142	-70.8859670421505	76.4851995291985	0	0	0	0	0	1.5	1.5	1.5	1.5	1.5	1.5
244.073203462144	0.041826292264187	-3.12792893765567	-70.9761578817962	76.4841469210799	0	0	0	0	0	1.5	1.5	1.5	1.5	1.5	1.5
244.163400507031	0.0347056484475902	-3.12447746020987	-71.0663441267606	76.4827540662985	0	0	0	0	0	1.5	1.5	1.5	1.5	1.5	1.5
244.253597551917	0.0275850046309957	-3.12166824379401	-71.1565255848523	76.481078904287	0	0	0	0	0	1.5	1.5	1.5	1.5	1.5	1.5
244.343794596803	0.0204643608144012	-3.11950128840809	-71.2467026078726	76.479179368225	0	0	0	0	0	1.5	1.5	1.5	1.5	1.5	1.5
244.433991641689	0.0133437169978066	-3.11797659405212	-71.3368759799728	76.4771133842978	0	0	0	0	0	1.5	1.5	1.5	1.5	1.5	1.5
244.524188686575	0.0062230731812076	-3.11709416072609	-71.4270468060275	76.474938872343	0	0	0	0	0	1.5	1.5	1.5	1.5	1.5	1.5
244.614385731462	-0.000897570635386938	-3.11685398843001	-71.5172164000268	76.4727137475285	0	0	0	0	0	1.5	1.5	1.5	1.5	1.5	1.5
244.704582776348	-0.00801821445198148	-3.11725607716387	-71.6073861734821	76.4704959227006	0	0	0	0	0	1.5	1.5	1.5	1.5	1.5	1.5
244.794779821234	-0.015138858268576	-3.11830042692767	-71.697557523839	76.4683433110462	0	0	0	0	0	1.5	1.5	1.5	1.5	1.5	1.5
244.88497686612	-0.0222595020851706	-3.11998703772142	-71.7877317228896	76.466313828709	0	0	0	0	0	1.5	1.5	1.5	1.5	1.5	1.5
244.975173911007	-0.0183937469165637	-3.12190641256872	-71.8779096024406	76.4644552235471	0	0	0	0	0	1.5	1.5	1.5	1.5	1.5	1.5
245.065370955893	-0.0122214108401559	-3.12328711094791	-71.9680904464949	76.4627461372538	0	0	0	0	0	1.5	1.5	1.5	1.5	1.5	1.5
245.155568000779	-0.00604907476374797	-3.12411108285296	-72.0582731243554	76.4611364614099	0	0	0	0	0	1.5	1.5	1.5	1.5	1.5	1.5
245.245765045665	0.000123261312659911	-3.12437832828388	-72.1484566693286	76.4595759902144	0	0	0	0	0	1.5	1.5	1.5	1.5	1.5	1.5
245.335962090552	0.0062955973890678	-3.12408884724066	-72.2386401969007	76.4580145163766	0	0	0	0	0	1.5	1.5	1.5	1.5	1.5	1.5
245.426159135438	0.0124679334654757	-3.1232426397233	-72.3288228208833	76.4564018326355	0	0	0	0	0	1.5	1.5	1.5	1.5	1.5	1.5
245.516356180324	0.0186402695418836	-3.12183970573181	-72.4190035695592	76.4546877332835	0	0	0	0	0	1.5	1.5	1.5	1.5	1.5	1.5
245.60655322521	0.0248126056182934	-3.11988004526618	-72.5091813018323	76.4528220159286	0	0	0	0	0	1.5	1.5	1.5	1.5	1.5	1.5
245.696750270096	0.0309849416947032	-3.11736365832642	-72.5993546233877	76.4507544837271	0	0	0	0	0	1.5	1.5	1.5	1.5	1.5	1.5
245.786947314983	0.0371572777711131	-3.11429054491251	-72.6895218028687	76.4484349483226	0	0	0	0	0	1.5	1.5	1.5	1.5	1.5	1.5
245.877144359869	0.043329613847521	-3.11066070502447	-72.7796806880806	76.445813233722	0	0	0	0	0	1.5	1.5	1.5	1.5	1.5	1.5
245.967341404755	0.0437146665015452	-3.10666722981743	-72.8698287693087	76.4428434737797	0	0	0	0	0	1.5	1.5	1.5	1.5	1.5	1.5
246.057538449641	0.0420644329731456	-3.10279871917463	-72.9599644512163	76.4395184764695	0	0	0	0	0	1.5	1.5	1.5	1.5	1.5	1.5
246.147735494528	0.040414199444746	-3.09907905471945	-73.0500868733092	76.4358515210707	0	0	0	0	0	1.5	1.5	1.5	1.5	1.5	1.5
246.237932539414	0.0387639659163465	-3.09550823645191	-73.1401953338054	76.4318560726009	0	0	0	0	0	1.5	1.5	1.5	1.5	1.5	1.5
246.3281295843	0.0371137323879469	-3.092086264372	-73.2302892777932	76.4275455942215	0	0	0	0	0	1.5	1.5	1.5	1.5	1.5	1.5
246.418326629186	0.0354634988595468	-3.08881313847973	-73.3203682912111	76.4229335464747	0	0	0	0	0	1.5	1.5	1.5	1.5	1.5	1.5
246.508523674073	0.0338132653311472	-3.08568885877509	-73.4104320948271	76.4180333866272	0	0	0	0	0	1.5	1.5	1.5	1.5	1.5	1.5
246.598720718959	0.0321630318027476	-3.08271342525808	-73.5004805382184	76.4128585681126	0	0	0	0	0	1.5	1.5	1.5	1.5	1.5	1.5
246.688917763845	0.030512798274348	-3.07988683792871	-73.5905135937506	76.4074225400712	0	0	0	0	0	1.5	1.5	1.5	1.5	1.5	1.5
246.779114808731	0.0288625647459484	-3.07720909678697	-73.6805313505595	76.4017387469804	0	0	0	0	0	1.5	1.5	1.5	1.5	1.5	1.5
246.869311853617	0.0272123312175488	-3.07468020183286	-73.7705340085332	76.3958206283727	0	0	0	0	0	1.5	1.5	1.5	1.5	1.5	1.5
246.959508898504	0.0304777711892348	-3.07215545117182	-73.860521676637	76.389678785673	0	0	0	0	0	1.5	1.5	1.5	1.5	1.5	1.5
247.04970594339	0.0363585637926428	-3.06914123121863	-73.9504920799901	76.3832891640953	0	0	0	0	0	1.5	1.5	1.5	1.5	1.5	1.5
247.139902988276	0.0422393563960527	-3.06559658115101	-74.0404410321915	76.3766045262843	0	0	0	0	0	1.5	1.5	1.5	1.5	1.5	1.5
247.230100033162	0.0481201489994606	-3.06152150096899	-74.1303638489355	76.369577245624	0	0	0	0	0	1.5	1.5	1.5	1.5	1.5	1.5
247.320297078049	0.0540009416028686	-3.05691599067254	-74.2202553010677	76.3621597422294	0	0	0	0	0	1.5	1.5	1.5	1.5	1.5	1.5
247.410494122935	0.0598817342062766	-3.05178005026168	-74.3101095390867	76.3543044936688	0	0	0	0	0	1.5	1.5	1.5	1.5	1.5	1.5
247.500691167821	0.0657625268096846	-3.0461136797364	-74.3999200178192	76.3459640473286	0	0	0	0	0	1.5	1.5	1.5	1.5	1.5	1.5
247.590888212707	0.0716433194130925	-3.03991687909671	-74.4896794213083	76.3370910346218	0	0	0	0	0	1.5	1.5	1.5	1.5	1.5	1.5
247.681085257594	0.0775241120165005	-3.0331896483426	-74.5793795879631	76.3276381872355	0	0	0	0	0	1.5	1.5	1.5	1.5	1.5	1.5
247.77128230248	0.0834049046199103	-3.02593198747407	-74.6690114360254	76.317558355616	0	0	0	0	0	1.5	1.5	1.5	1.5	1.5	1.5
247.861479347366	0.0892856972233183	-3.01814389649113	-74.7585648894157	76.3068045298871	0	0	0	0	0	1.5	1.5	1.5	1.5	1.5	1.5
247.951676392252	0.0954286037535301	-3.00981868743943	-74.8480287892223	76.295329750598	0	0	0	0	0	1.5	1.5	1.5	1.5	1.5	1.5
248.041873437138	0.101772682389518	-3.0009252008105	-74.9373905649565	76.28308531032	0	0	0	0	0	1.5	1.5	1.5	1.5	1.5	1.5
248.132070482025	0.108116761025509	-2.99145949703607	-75.0266361391918	76.270021098239	0	0	0	0	0	1.5	1.5	1.5	1.5	1.5	1.5
248.222267526911	0.114460839661497	-2.98142157611615	-75.1157500307653	76.2560872215238	0	0	0	0	0	1.5	1.5	1.5	1.5	1.5	1.5
248.312464571797	0.120804918297485	-2.97081143805074	-75.2047152782568	76.2412340965887	0	0	0	0	0	1.5	1.5	1.5	1.5	1.5	1.5
248.402661616683	0.127148996933472	-2.95962908283984	-75.2935133582108	76.225412493512	0	0	0	0	0	1.5	1.5	1.5	1.5	1.5	1.5
248.49285866157	0.13349307556946	-2.94787451048345	-75.3821241046528	76.2085735848666	0	0	0	0	0	1.5	1.5	1.5	1.5	1.5	1.5
248.583055706456	0.139837154205449	-2.93554772098156	-75.4705256300847	76.1906689991784	0	0	0	0	0	1.5	1.5	1.5	1.5	1.5	1.5
248.673252751342	0.146181232841437	-2.92264871433418	-75.5586942481677	76.1716508792212	0	0	0	0	0	1.5	1.5	1.5	1.5	1.5	1.5
248.763449796228	0.152525311477425	-2.90917749054131	-75.6466043983162	76.1514719453471	0	0	0	0	0	1.5	1.5	1.5	1.5	1.5	1.5
248.853646841115	0.158869390113412	-2.89513404960295	-75.734228572448	76.1300855640439	0	0	0	0	0	1.5	1.5	1.5	1.5	1.5	1.5
248.943843886001	0.1617032979719	-2.88059441598498	-75.8215375255792	76.1074468829196	0	0	0	0	0	1.5	1.5	1.5	1.5	1.5	1.5
249.034040930887	0.160738250947223	-2.86605277855446	-75.9085073861415	76.083538581009	0	0	0	0	0	1.5	1.5	1.5	1.5	1.5	1.5
249.124237975773	0.159773203922546	-2.85159818551373	-75.9951215024696	76.0583719342262	0	0	0	0	0	1.5	1.5	1.5	1.5	1.5	1.5
249.214435020659	0.158808156897869	-2.83723063686282	-76.0813639682273	76.031959738966	0	0	0	0	0	1.5	1.5	1.5	1.5	1.5	1.5
249.304632065546	0.157843109873192	-2.8229501326017	-76.1672192794937	76.0043149532667	0	0	0	0	0	1.5	1.5	1.5	1.5	1.5	1.5
249.394829110432	0.156878062848515	-2.80875667273038	-76.2526723336317	75.9754506869881	0	0	0	0	0	1.5	1.5	1.5	1.5	1.5	1.5
249.485026155318	0.155913015823838	-2.79465025724887	-76.3377084279639	75.9453801921462	0	0	0	0	0	1.5	1.5	1.5	1.5	1.5	1.5
249.575223200204	0.154947968799161	-2.78063088615716	-76.4223132582632	75.9141168534073	0	0	0	0	0	1.5	1.5	1.5	1.5	1.5	1.5
249.665420245091	0.153982921774485	-2.76669855945526	-76.5064729170625	75.8816741787436	0	0	0	0	0	1.5	1.5	1.5	1.5	1.5	1.5
249.755617289977	0.153017874749808	-2.75285327714315	-76.5901738917926	75.848065790252	0	0	0	0	0	1.5	1.5	1.5	1.5	1.5	1.5
249.845814334863	0.152052827725131	-2.73909503922085	-76.6734030627521	75.8133054151377	0	0	0	0	0	1.5	1.5	1.5	1.5	1.5	1.5
249.936011379749	0.152270712514439	-2.72540311214037	-76.7561476032707	75.7774066551454	0	0	0	0	0	1.5	1.5	1.5	1.5	1.5	1.5
250.026208424636	0.1543494094115	-2.71157499769018	-76.8383909077019	75.7403740189204	0	0	0	0	0	1.5	1.5	1.5	1.5	1.5	1.5
250.116405469522	0.156428106308562	-2.69755939092267	-76.920110677816	75.7022000369064	0	0	0	0	0	1.5	1.5	1.5	1.5	1.5	1.5
250.206602514408	0.158506803205623	-2.68335629183782	-77.0012837037218	75.6628768883967	0	0	0	0	0	1.5	1.5	1.5	1.5	1.5	1.5
250.296799559294	0.160585500102685	-2.66896570043565	-77.0818862380727	75.6223972890277	0	0	0	0	0	1.5	1.5	1.5	1.5	1.5	1.5
250.38699660418	0.162664196999746	-2.65438761671615	-77.1618939997385	75.5807545117442	0	0	0	0	0	1.5	1.5	1.5	1.5	1.5	1.5
250.477193649067	0.164742893896807	-2.63962204067931	-77.2412821781966	75.5379424081068	0	0	0	0	0	1.5	1.5	1.5	1.5	1.5	1.5
250.567390693953	0.16682159079387	-2.62466897232514	-77.3200254386697	75.493955429928	0	0	0	0	0	1.5	1.5	1.5	1.5	1.5	1.5
250.657587738839	0.168900287690931	-2.60952841165365	-77.3980979280315	75.4487886512197	0	0	0	0	0	1.5	1.5	1.5	1.5	1.5	1.5
250.747784783725	0.170978984587994	-2.59420035866483	-77.4754732815091	75.4024377904363	0	0	0	0	0	1.5	1.5	1.5	1.5	1.5	1.5
250.837981828612	0.173057681485055	-2.57868481335868	-77.5521246302048	75.3548992329935	0	0	0	0	0	1.5	1.5	1.5	1.5	1.5	1.5
250.928178873498	0.175533342022411	-2.56297623773598	-77.6280245813489	75.3061700108882	0	0	0	0	0	1.5	1.5	1.5	1.5	1.5	1.5
251.018375918384	0.178895287765866	-2.54699203022099	-77.7031431973444	75.256244794589	0	0	0	0	0	1.5	1.5	1.5	1.5	1.5	1.5
251.10857296327	0.182257233509321	-2.53070458513488	-77.777446454469	75.2051140500422	0	0	0	0	0	1.5	1.5	1.5	1.5	1.5	1.5
251.198770008157	0.185619179252776	-2.51411390247764	-77.8508991376282	75.1527688149688	0	0	0	0	0	1.5	1.5	1.5	1.5	1.5	1.5
251.288967053043	0.188981124996231	-2.49721998224927	-77.9234651569995	75.0992012291816	0	0	0	0	0	1.5	1.5	1.5	1.5	1.5	1.5
251.379164097929	0.192343070739688	-2.48002282444976	-77.9951075595664	75.0444045818343	0	0	0	0	0	1.5	1.5	1.5	1.5	1.5	1.5
251.469361142815	0.195705016483143	-2.46252242907914	-78.0657885428452	74.9883733595047	0	0	0	0	0	1.5	1.5	1.5	1.5	1.5	1.5
251.559558187702	0.199066962226598	-2.44471879613738	-78.1354694708905	74.9311032950558	0	0	0	0	0	1.5	1.5	1.5	1.5	1.5	1.5
251.649755232588	0.202428907970053	-2.4266119256245	-78.2041108926669	74.8725914172074	0	0	0	0	0	1.5	1.5	1.5	1.5	1.5	1.5
251.739952277474	0.205790853713508	-2.40820181754049	-78.2716725628729	74.8128361007517	0	0	0	0	0	1.5	1.5	1.5	1.5	1.5	1.5
251.83014932236	0.209152799456966	-2.38948847188535	-78.3381134653047	74.7518371173337	0	0	0	0	0	1.5	1.5	1.5	1.5	1.5	1.5
251.920346367246	0.20937177051113	-2.37050460893892	-78.4033919969344	74.6895958497475	0	0	0	0	0	1.5	1.5	1.5	1.5	1.5	1.5
252.010543412133	0.199118420757695	-2.35208230488019	-78.4674895183224	74.6261388992654	0	0	0	0	0	1.5	1.5	1.5	1.5	1.5	1.5
252.100740457019	0.18886507100426	-2.3345848226694	-78.5304371707619	74.5615409706156	0	0	0	0	0	1.5	1.5	1.5	1.5	1.5	1.5
252.190937501905	0.178611721250822	-2.31801216230656	-78.5922753940087	74.4958800626076	0	0	0	0	0	1.5	1.5	1.5	1.5	1.5	1.5
252.281134546791	0.168358371497387	-2.30236432379167	-78.6530479002866	74.429231406379	0	0	0	0	0	1.5	1.5	1.5	1.5	1.5	1.5
252.371331591678	0.158105021743951	-2.28764130712472	-78.712801420201	74.3616675344046	0	0	0	0	0	1.5	1.5	1.5	1.5	1.5	1.5
252.461528636564	0.147851671990516	-2.27384311230571	-78.7715854598596	74.2932583646826	0	0	0	0	0	1.5	1.5	1.5	1.5	1.5	1.5
252.55172568145	0.137598322237081	-2.26096973933465	-78.8294520690392	74.2240712988008	0	0	0	0	0	1.5	1.5	1.5	1.5	1.5	1.5
252.641922726336	0.127344972483646	-2.24902118821154	-78.8864556201427	74.1541713326502	0	0	0	0	0	1.5	1.5	1.5	1.5	1.5	1.5
252.732119771223	0.117091622730208	-2.23799745893637	-78.9426525975995	74.0836211786158	0	0	0	0	0	1.5	1.5	1.5	1.5	1.5	1.5
252.822316816109	0.106838272976773	-2.22789855150914	-78.9981013972885	74.0124813981397	0	0	0	0	0	1.5	1.5	1.5	1.5	1.5	1.5
252.912513860995	0.0981013737252352	-2.21871485011474	-79.0528621030839	73.9408105190672	0	0	0	0	0	1.5	1.5	1.5	1.5	1.5	1.5
253.002710905881	0.098633335332134	-2.20984240542298	-79.106979083896	73.8686523183898	0	0	0	0	0	1.5	1.5	1.5	1.5	1.5	1.5
253.092907950768	0.0991652969390332	-2.20092197936628	-79.1604519789326	73.7960155339426	0	0	0	0	0	1.5	1.5	1.5	1.5	1.5	1.5
253.183104995654	0.099697258545932	-2.19195357194464	-79.2132730481013	73.722903380176	0	0	0	0	0	1.5	1.5	1.5	1.5	1.5	1.5
253.27330204054	0.100229220152831	-2.18293718315808	-79.2654345350357	73.6493192033968	0	0	0	0	0	1.5	1.5	1.5	1.5	1.5	1.5
253.363499085426	0.10076118175973	-2.17387281300657	-79.3169286687645	73.5752664830224	0	0	0	0	0	1.5	1.5	1.5	1.5	1.5	1.5
253.453696130312	0.101293143366629	-2.16476046149013	-79.3677476654187	73.5007488328239	0	0	0	0	0	1.5	1.5	1.5	1.5	1.5	1.5
253.543893175199	0.101825104973528	-2.15560012860876	-79.417883729975	73.425770002155	0	0	0	0	0	1.5	1.5	1.5	1.5	1.5	1.5
253.634090220085	0.102357066580426	-2.14639181436245	-79.4673290580366	73.3503338771682	0	0	0	0	0	1.5	1.5	1.5	1.5	1.5	1.5
253.724287264971	0.102889028187325	-2.1371355187512	-79.5160758376513	73.2744444820152	0	0	0	0	0	1.5	1.5	1.5	1.5	1.5	1.5
253.814484309857	0.103420989794224	-2.12783124177502	-79.564116251167	73.1981059800324	0	0	0	0	0	1.5	1.5	1.5	1.5	1.5	1.5
253.904681354744	0.103199224183408	-2.11848072248804	-79.6114424794083	73.1213226763036	0	0	0	0	0	1.5	1.5	1.5	1.5	1.5	1.5
253.99487839963	0.0889986464446335	-2.109812882506	-79.6580665807296	73.044110960044	0	0	0	0	0	1.5	1.5	1.5	1.5	1.5	1.5
254.085075444516	0.0747980687058543	-2.10242589267168	-79.7040694154385	72.9665273980487	0	0	0	0	0	1.5	1.5	1.5	1.5	1.5	1.5
254.175272489402	0.0605974909670796	-2.09631975298507	-79.7495478174129	72.8886351868598	0	0	0	0	0	1.5	1.5	1.5	1.5	1.5	1.5
254.265469534289	0.0463969132283004	-2.09149446344617	-79.7945998318853	72.8104955228314	0	0	0	0	0	1.5	1.5	1.5	1.5	1.5	1.5
254.355666579175	0.0321963354895213	-2.087950024055	-79.8393244688887	72.7321679720248	0	0	0	0	0	1.5	1.5	1.5	1.5	1.5	1.5
254.445863624061	0.0179957577507465	-2.08568643481153	-79.8838214670884	72.6537108463756	0	0	0	0	0	1.5	1.5	1.5	1.5	1.5	1.5
254.536060668947	0.00379518001197184	-2.08470369571578	-79.9281910656193	72.5751815845739	0	0	0	0	0	1.5	1.5	1.5	1.5	1.5	1.5
254.626257713833	-0.0104053977268029	-2.08500180676775	-79.972533781504	72.496637136168	0	0	0	0	0	1.5	1.5	1.5	1.5	1.5	1.5
254.71645475872	-0.0246059754655776	-2.08658076796743	-80.0169501902007	72.4181343474537	0	0	0	0	0	1.5	1.5	1.5	1.5	1.5	1.5
254.806651803606	-0.0388065532043523	-2.08944057931483	-80.0615407068118	72.3397303477386	0	0	0	0	0	1.5	1.5	1.5	1.5	1.5	1.5
254.896848848492	-0.0530071309431315	-2.09358124080994	-80.1064053654814	72.2614829345769	0	0	0	0	0	1.5	1.5	1.5	1.5	1.5	1.5
254.987045893378	-0.0508082493164188	-2.09828877089358	-80.1516256789221	72.1834405414291	0	0	0	0	0	1.5	1.5	1.5	1.5	1.5	1.5
255.077242938265	-0.0480211349645291	-2.10274583009861	-80.1972031688957	72.1056061926794	0	0	0	0	0	1.5	1.5	1.5	1.5	1.5	1.5
255.167439983151	-0.0452340206126395	-2.10695149982534	-80.2431173633811	72.0279699791012	0	0	0	0	0	1.5	1.5	1.5	1.5	1.5	1.5
255.257637028037	-0.0424469062607499	-2.11090578007378	-80.2893479326008	71.9505217333217	0	0	0	0	0	1.5	1.5	1.5	1.5	1.5	1.5
255.347834072923	-0.0396597919088602	-2.11460867084391	-80.3358746832343	71.8732510462197	0	0	0	0	0	1.5	1.5	1.5	1.5	1.5	1.5
255.438031117809	-0.0368726775569706	-2.11806017213574	-80.3826775514953	71.7961472826824	0	0	0	0	0	1.5	1.5	1.5	1.5	1.5	1.5
255.528228162696	-0.0340855632050792	-2.12126028394927	-80.4297365959215	71.7191995972045	0	0	0	0	0	1.5	1.5	1.5	1.5	1.5	1.5
255.618425207582	-0.0312984488531896	-2.1242090062845	-80.4770319898973	71.6423969493378	0	0	0	0	0	1.5	1.5	1.5	1.5	1.5	1.5
255.708622252468	-0.0285113345012991	-2.12690633914143	-80.5245440139296	71.5657281190004	0	0	0	0	0	1.5	1.5	1.5	1.5	1.5	1.5
255.798819297354	-0.0257242201494094	-2.12935228252006	-80.5722530476951	71.4891817216543	0	0	0	0	0	1.5	1.5	1.5	1.5	1.5	1.5
255.889016342241	-0.0229371057975198	-2.13154683642039	-80.6201395618812	71.4127462233599	0	0	0	0	0	1.5	1.5	1.5	1.5	1.5	1.5
255.979213387127	-0.0240397308202477	-2.13364401839386	-80.6681875494244	71.3364121233537	0	0	0	0	0	1.5	1.5	1.5	1.5	1.5	1.5
256.069410432013	-0.0256829161546314	-2.13588643630439	-80.7164009480207	71.260182393637	0	0	0	0	0	1.5	1.5	1.5	1.5	1.5	1.5
256.159607476899	-0.0273261014890146	-2.13827706467627	-80.7647908036444	71.1840645579867	0	0	0	0	0	1.5	1.5	1.5	1.5	1.5	1.5
256.249804521786	-0.0289692868233979	-2.14081590350953	-80.8133681208046	71.1080662238368	0	0	0	0	0	1.5	1.5	1.5	1.5	1.5	1.5
256.340001566672	-0.0306124721577811	-2.14350295280414	-80.8621438497306	71.0321950812418	0	0	0	0	0	1.5	1.5	1.5	1.5	1.5	1.5
256.430198611558	-0.0322556574921643	-2.14633821256011	-80.9111288827363	70.9564589076028	0	0	0	0	0	1.5	1.5	1.5	1.5	1.5	1.5
256.520395656444	-0.0338988428265475	-2.14932168277745	-80.9603340505204	70.8808655723494	0	0	0	0	0	1.5	1.5	1.5	1.5	1.5	1.5
256.610592701331	-0.0355420281609307	-2.15245336345615	-81.0097701183997	70.8054230415756	0	0	0	0	0	1.5	1.5	1.5	1.5	1.5	1.5
256.700789746217	-0.037185213495315	-2.15573325459621	-81.0594477824714	70.7301393826244	0	0	0	0	0	1.5	1.5	1.5	1.5	1.5	1.5
256.790986791103	-0.0388283988296982	-2.15916135619763	-81.1093776657012	70.655022768621	0	0	0	0	0	1.5	1.5	1.5	1.5	1.5	1.5
256.881183835989	-0.0404715841640814	-2.16273766826041	-81.1595703139349	70.5800814829491	0	0	0	0	0	1.5	1.5	1.5	1.5	1.5	1.5
256.971380880875	-0.0388019144785585	-2.16634393168484	-81.2100338609599	70.5053223464821	0	0	0	0	0	1.5	1.5	1.5	1.5	1.5	1.5
257.061577925762	-0.0362597418738099	-2.16972910147847	-81.2607587026002	70.430740246906	0	0	0	0	0	1.5	1.5	1.5	1.5	1.5	1.5
257.151774970648	-0.0337175692690613	-2.17288497481555	-81.3117271980718	70.3563244379483	0	0	0	0	0	1.5	1.5	1.5	1.5	1.5	1.5
257.241972015534	-0.0311753966643127	-2.1758115516961	-81.3629217756913	70.282063975242	0	0	0	0	0	1.5	1.5	1.5	1.5	1.5	1.5
257.33216906042	-0.0286332240595641	-2.17850883212011	-81.4143249685242	70.2079477574497	0	0	0	0	0	1.5	1.5	1.5	1.5	1.5	1.5
257.422366105307	-0.0260910514548139	-2.18097681608758	-81.4659194071914	70.1339645385766	0	0	0	0	0	1.5	1.5	1.5	1.5	1.5	1.5
257.512563150193	-0.0235488788500653	-2.18321550359851	-81.517687812509	70.0601029401729	0	0	0	0	0	1.5	1.5	1.5	1.5	1.5	1.5
257.602760195079	-0.0210067062453167	-2.1852248946529	-81.569612987975	69.9863514634346	0	0	0	0	0	1.5	1.5	1.5	1.5	1.5	1.5
257.692957239965	-0.0184645336405681	-2.18700498925075	-81.6216778121168	69.9126985012102	0	0	0	0	0	1.5	1.5	1.5	1.5	1.5	1.5
257.783154284852	-0.0159223610358195	-2.18855578739206	-81.6738652307148	69.839132349923	0	0	0	0	0	1.5	1.5	1.5	1.5	1.5	1.5
257.873351329738	-0.0133801884310709	-2.18987728907683	-81.7261582489143	69.765641221416	0	0	0	0	0	1.5	1.5	1.5	1.5	1.5	1.5
257.963548374624	-0.0131768947365681	-2.1910438040753	-81.778541204234	69.6922141692767	0	0	0	0	0	1.5	1.5	1.5	1.5	1.5	1.5
258.05374541951	-0.0139546746359783	-2.19226739776556	-81.8310114859879	69.6188494950541	0	0	0	0	0	1.5	1.5	1.5	1.5	1.5	1.5
258.143942464397	-0.0147324545353885	-2.19356114490432	-81.8835740677126	69.5455509222588	0	0	0	0	0	1.5	1.5	1.5	1.5	1.5	1.5
258.234139509283	-0.0155102344347987	-2.19492504549159	-81.9362340034854	69.4723222611389	0	0	0	0	0	1.5	1.5	1.5	1.5	1.5	1.5
258.324336554169	-0.0162880143342089	-2.19635909952735	-81.9889963324974	69.399167342308	0	0	0	0	0	1.5	1.5	1.5	1.5	1.5	1.5
258.414533599055	-0.017065794233619	-2.19786330701161	-82.0418660782185	69.3260900177842	0	0	0	0	0	1.5	1.5	1.5	1.5	1.5	1.5
258.504730643941	-0.0178435741330292	-2.19943766794436	-82.0948482475553	69.2530941620243	0	0	0	0	0	1.5	1.5	1.5	1.5	1.5	1.5
258.594927688828	-0.0186213540324394	-2.20108218232562	-82.1479478300013	69.1801836729523	0	0	0	0	0	1.5	1.5	1.5	1.5	1.5	1.5
258.685124733714	-0.0193991339318496	-2.20279685015538	-82.2011697967785	69.1073624729809	0	0	0	0	0	1.5	1.5	1.5	1.5	1.5	1.5
258.7753217786	-0.0201769138312603	-2.20458167143363	-82.2545190999706	69.0346345100274	0	0	0	0	0	1.5	1.5	1.5	1.5	1.5	1.5
258.865518823486	-0.0209546937306705	-2.20643664616038	-82.308000671648	68.9620037585218	0	0	0	0	0	1.5	1.5	1.5	1.5	1.5	1.5
258.955715868373	-0.0203161246288363	-2.20832230665928	-82.3616188336862	68.8894737841637	0	0	0	0	0	1.5	1.5	1.5	1.5	1.5	1.5
259.045912913259	-0.0188016580378396	-2.2100864608588	-82.4153696752869	68.8170420796191	0	0	0	0	0	1.5	1.5	1.5	1.5	1.5	1.5
259.136109958145	-0.0172871914468419	-2.21171401464723	-82.4692432741728	68.7447016313676	0	0	0	0	0	1.5	1.5	1.5	1.5	1.5	1.5
259.226307003031	-0.0157727248558452	-2.21320496802458	-82.5232296055835	68.6724452723413	0	0	0	0	0	1.5	1.5	1.5	1.5	1.5	1.5
259.316504047918	-0.0142582582648485	-2.21455932099083	-82.5773186789413	68.6002657890671	0	0	0	0	0	1.5	1.5	1.5	1.5	1.5	1.5
259.406701092804	-0.0127437916738518	-2.21577707354601	-82.6315005349606	68.5281559258101	0	0	0	0	0	1.5	1.5	1.5	1.5	1.5	1.5
259.49689813769	-0.0112293250828551	-2.21685822569009	-82.6857652427298	68.4561083886956	0	0	0	0	0	1.5	1.5	1.5	1.5	1.5	1.5
259.587095182576	-0.00971485849185841	-2.21780277742309	-82.7401028967664	68.3841158498118	0	0	0	0	0	1.5	1.5	1.5	1.5	1.5	1.5
259.677292227462	-0.0082003919008617	-2.218610728745	-82.7945036140491	68.3121709512952	0	0	0	0	0	1.5	1.5	1.5	1.5	1.5	1.5
259.767489272349	-0.006685925309865	-2.21928207965582	-82.848957531029	68.2402663094007	0	0	0	0	0	1.5	1.5	1.5	1.5	1.5	1.5
259.857686317235	-0.0051714587188683	-2.21981683015556	-82.9034548006238	68.1683945185586	0	0	0	0	0	1.5	1.5	1.5	1.5	1.5	1.5
259.947883362121	-0.00494726051172882	-2.22024587749127	-82.9579859820499	68.0965484536868	0	0	0	0	0	1.5	1.5	1.5	1.5	1.5	1.5
260.038080407007	-0.00586277358457044	-2.22073339405657	-83.0125494883486	68.0247269351468	0	0	0	0	0	1.5	1.5	1.5	1.5	1.5	1.5
260.128277451894	-0.00677828665741205	-2.2213034871956	-83.0671509663854	67.9529342803554	0	0	0	0	0	1.5	1.5	1.5	1.5	1.5	1.5
260.21847449678	-0.00769379973025423	-2.22195615690835	-83.1217963266807	67.881175021611	0	0	0	0	0	1.5	1.5	1.5	1.5	1.5	1.5
260.308671541666	-0.00860931280309585	-2.22269140319483	-83.1764914714643	67.8094537020698	0	0	0	0	0	1.5	1.5	1.5	1.5	1.5	1.5
260.398868586552	-0.00952482587593803	-2.22350922605503	-83.2312422935433	67.7377748772024	0	0	0	0	0	1.5	1.5	1.5	1.5	1.5	1.5
260.489065631439	-0.0104403389487796	-2.22440962548896	-83.2860546751631	67.6661431162464	0	0	0	0	0	1.5	1.5	1.5	1.5	1.5	1.5
260.579262676325	-0.0113558520216213	-2.22539260149661	-83.3409344868639	67.5945630036539	0	0	0	0	0	1.5	1.5	1.5	1.5	1.5	1.5
260.669459721211	-0.0122713650944629	-2.22645815407799	-83.3958875863304	67.5230391405354	0	0	0	0	0	1.5	1.5	1.5	1.5	1.5	1.5
260.759656766097	-0.0131868781673045	-2.2276062832331	-83.4509198172348	67.4515761460969	0	0	0	0	0	1.5	1.5	1.5	1.5	1.5	1.5
260.849853810983	-0.0141023912401461	-2.22883698896192	-83.5060370080728	67.3801786590724	0	0	0	0	0	1.5	1.5	1.5	1.5	1.5	1.5
260.94005085587	-0.0141033663764593	-2.23013195356071	-83.5612447776413	67.3088511893388	0	0	0	0	0	1.5	1.5	1.5	1.5	1.5	1.5
261.030247900756	-0.0129596974511237	-2.23135245775212	-83.6165428584983	67.2375937114876	0	0	0	0	0	1.5	1.5	1.5	1.5	1.5	1.5
261.120444945642	-0.0118160285257882	-2.23246980638613	-83.6719241968615	67.1664009209763	0	0	0	0	0	1.5	1.5	1.5	1.5	1.5	1.5
261.210641990528	-0.0106723596004526	-2.23348399946275	-83.7273813794667	67.0952671940513	0	0	0	0	0	1.5	1.5	1.5	1.5	1.5	1.5
261.300839035415	-0.00952869067511699	-2.23439503698198	-83.7829070112404	67.0241868834194	0	0	0	0	0	1.5	1.5	1.5	1.5	1.5	1.5
261.391036080301	-0.00838502174978141	-2.23520291894381	-83.838493713575	66.9531543205545	0	0	0	0	0	1.5	1.5	1.5	1.5	1.5	1.5
261.481233125187	-0.00724135282444583	-2.23590764534825	-83.8941341225929	66.8821638179946	0	0	0	0	0	1.5	1.5	1.5	1.5	1.5	1.5
261.571430170073	-0.00609768389910952	-2.2365092161953	-83.9498208874013	66.8112096716329	0	0	0	0	0	1.5	1.5	1.5	1.5	1.5	1.5
261.66162721496	-0.00495401497377394	-2.23700763148495	-84.0055466683374	66.7402861630004	0	0	0	0	0	1.5	1.5	1.5	1.5	1.5	1.5
261.751824259846	-0.00381034604843764	-2.23740289121721	-84.0613041352075	66.6693875615445	0	0	0	0	0	1.5	1.5	1.5	1.5	1.5	1.5
261.842021304732	-0.00266667712310206	-2.23769499539208	-84.1170859655188	66.5985081269011	0	0	0	0	0	1.5	1.5	1.5	1.5	1.5	1.5
261.932218349618	-0.00179281596024835	-2.23788829445965	-84.1728848794471	66.5276421400972	0	0	0	0	0	1.5	1.5	1.5	1.5	1.5	1.5
262.022415394504	-0.00140378213627644	-2.23803245631065	-84.2286954653502	66.4567853451284	0	0	0	0	0	1.5	1.5	1.5	1.5	1.5	1.5
262.112612439391	-0.00101474831230453	-2.23814152846037	-84.2845150225014	66.3859356172703	0	0	0	0	0	1.5	1.5	1.5	1.5	1.5	1.5
262.202809484277	-0.000625714488332614	-2.2382155109088	-84.3403410641179	66.3150909987032	0	0	0	0	0	1.5	1.5	1.5	1.5	1.5	1.5
262.293006529163	-0.000236680664360702	-2.23825440365595	-84.3961711039549	66.244249530925	0	0	0	0	0	1.5	1.5	1.5	1.5	1.5	1.5
262.383203574049	0.00015235315961121	-2.23825820670181	-84.4520026560989	66.1734092550124	0	0	0	0	0	1.5	1.5	1.5	1.5	1.5	1.5
262.473400618936	0.000541386983583122	-2.23822692004639	-84.5078332347622	66.1025682118831	0	0	0	0	0	1.5	1.5	1.5	1.5	1.5	1.5
262.563597663822	0.000930420807555035	-2.23816054368969	-84.5636603540761	66.0317244425571	0	0	0	0	0	1.5	1.5	1.5	1.5	1.5	1.5
262.653794708708	0.00131945463152695	-2.23805907763171	-84.6194815278851	65.9608759884187	0	0	0	0	0	1.5	1.5	1.5	1.5	1.5	1.5
262.743991753594	0.00170848845549886	-2.23792252187244	-84.6752942695405	65.8900208914781	0	0	0	0	0	1.5	1.5	1.5	1.5	1.5	1.5
262.834188798481	0.00209752227947102	-2.23775087641189	-84.7310960916944	65.8191571946331	0	0	0	0	0	1.5	1.5	1.5	1.5	1.5	1.5
262.924385843367	0.00255601857633873	-2.23754329315852	-84.7868845006694	65.7482829376625	0	0	0	0	0	1.5	1.5	1.5	1.5	1.5	1.5
263.014582888253	0.00320163078183811	-2.23728363167972	-84.8426564623289	65.677395737456	0	0	0	0	0	1.5	1.5	1.5	1.5	1.5	1.5
263.104779933139	0.00384724298733749	-2.23696573788784	-84.898407950947	65.6064924346097	0	0	0	0	0	1.5	1.5	1.5	1.5	1.5	1.5
263.194976978026	0.00449285519283728	-2.23658961178288	-84.9541348319637	65.5355697898309	0	0	0	0	0	1.5	1.5	1.5	1.5	1.5	1.5
263.285174022912	0.00513846739833666	-2.23615525336485	-85.0098329674428	65.4646245681284	0	0	0	0	0	1.5	1.5	1.5	1.5	1.5	1.5
263.375371067798	0.00578407960383604	-2.23566266263374	-85.0654982155093	65.3936535395367	0	0	0	0	0	1.5	1.5	1.5	1.5	1.5	1.5
263.465568112684	0.00642969180933542	-2.23511183958954	-85.1211264297867	65.3226534798411	0	0	0	0	0	1.5	1.5	1.5	1.5	1.5	1.5
263.55576515757	0.00707530401483481	-2.23450278423227	-85.1767134588375	65.2516211713049	0	0	0	0	0	1.5	1.5	1.5	1.5	1.5	1.5
263.645962202457	0.00772091622033419	-2.23383549656192	-85.2322551456041	65.180553403397	0	0	0	0	0	1.5	1.5	1.5	1.5	1.5	1.5
263.736159247343	0.00836652842583357	-2.2331099765785	-85.2877473268535	65.1094469735225	0	0	0	0	0	1.5	1.5	1.5	1.5	1.5	1.5
263.826356292229	0.00901214063133295	-2.23232622428199	-85.3431858326224	65.0382986877538	0	0	0	0	0	1.5	1.5	1.5	1.5	1.5	1.5
263.916553337115	0.00932707685978033	-2.23148698263224	-85.3985664976429	64.9671053708731	0	0	0	0	0	1.5	1.5	1.5	1.5	1.5	1.5
264.006750382002	0.00817486100126886	-2.23069767109482	-85.4538882965092	64.8958663011577	0	0	0	0	0	1.5	1.5	1.5	1.5	1.5	1.5
264.096947426888	0.0070226451427581	-2.2300122860229	-85.5091575526872	64.824586458922	0	0	0	0	0	1.5	1.5	1.5	1.5	1.5	1.5
264.187144471774	0.00587042928424735	-2.2294308274165	-85.5643816478747	64.753271621843	0	0	0	0	0	1.5	1.5	1.5	1.5	1.5	1.5
264.27734151666	0.0047182134257366	-2.2289532952756	-85.6195679746993	64.6819275535325	0	0	0	0	0	1.5	1.5	1.5	1.5	1.5	1.5
264.367538561546	0.00356599756722585	-2.22857968960021	-85.6747239349134	64.6105600058353	0	0	0	0	0	1.5	1.5	1.5	1.5	1.5	1.5
264.457735606433	0.0024137817087151	-2.22831001039033	-85.7298569375961	64.5391747211334	0	0	0	0	0	1.5	1.5	1.5	1.5	1.5	1.5
264.547932651319	0.00126156585020362	-2.22814425764596	-85.7849743973592	64.4677774346533	0	0	0	0	0	1.5	1.5	1.5	1.5	1.5	1.5
264.638129696205	0.000109349991692865	-2.22808243136709	-85.8400837325575	64.3963738767762	0	0	0	0	0	1.5	1.5	1.5	1.5	1.5	1.5
264.728326741091	-0.00104286586681789	-2.22812453155374	-85.8951923635011	64.3249697753506	0	0	0	0	0	1.5	1.5	1.5	1.5	1.5	1.5
264.818523785978	-0.00219508172532864	-2.22827055820589	-85.95030771067	64.2535708580053	0	0	0	0	0	1.5	1.5	1.5	1.5	1.5	1.5
264.908720830864	-0.0029643385718597	-2.2285188259293	-86.0054371890141	64.1821828514401	0	0	0	0	0	1.5	1.5	1.5	1.5	1.5	1.5
264.99891787575	-0.000192225593789548	-2.22866118230916	-86.0605826584879	64.1108071967091	0	0	0	0	0	1.5	1.5	1.5	1.5	1.5	1.5
265.089114920636	0.00257988738428061	-2.22855350229032	-86.1157293654973	64.0394324980852	0	0	0	0	0	1.5	1.5	1.5	1.5	1.5	1.5
265.179311965523	0.00535200036235076	-2.22819578587276	-86.1708594619814	63.9680449691995	0	0	0	0	0	1.5	1.5	1.5	1.5	1.5	1.5
265.269509010409	0.00812411334042267	-2.22758803305649	-86.2259550902576	63.8966308361449	0	0	0	0	0	1.5	1.5	1.5	1.5	1.5	1.5
265.359706055295	0.0108962263184928	-2.22673024384151	-86.2809983726994	63.8251763508784	0	0	0	0	0	1.5	1.5	1.5	1.5	1.5	1.5
265.449903100181	0.013668339296563	-2.22562241822781	-86.3359714014454	63.7536678046483	0	0	0	0	0	1.5	1.5	1.5	1.5	1.5	1.5
265.540100145068	0.0164404522746331	-2.2242645562154	-86.3908562281583	63.6820915414587	0	0	0	0	0	1.5	1.5	1.5	1.5	1.5	1.5
265.630297189954	0.0192125652527033	-2.22265665780428	-86.4456348538492	63.6104339715852	0	0	0	0	0	1.5	1.5	1.5	1.5	1.5	1.5
265.72049423484	0.0219846782307734	-2.22079872299445	-86.5002892187856	63.5386815851536	0	0	0	0	0	1.5	1.5	1.5	1.5	1.5	1.5
265.810691279726	0.0247567912088436	-2.2186907517859	-86.5548011924991	63.4668209657935	0	0	0	0	0	1.5	1.5	1.5	1.5	1.5	1.5
265.900888324612	0.0274737192112101	-2.21633277161726	-86.6091525639177	63.3948388043864	0	0	0	0	0	1.5	1.5	1.5	1.5	1.5	1.5
265.991085369499	0.0252403974112435	-2.21395544284569	-86.6633306419907	63.3227261222115	0	0	0	0	0	1.5	1.5	1.5	1.5	1.5	1.5
266.081282414385	0.0230070756112782	-2.21177955310076	-86.7173444094688	63.2504902819465	0	0	0	0	0	1.5	1.5	1.5	1.5	1.5	1.5
266.171479459271	0.020773753811313	-2.20980510238247	-86.7712081609648	63.1781425070151	0	0	0	0	0	1.5	1.5	1.5	1.5	1.5	1.5
266.261676504157	0.0185404320113477	-2.20803209069081	-86.8249362593925	63.1056939306738	0	0	0	0	0	1.5	1.5	1.5	1.5	1.5	1.5
266.351873549044	0.0163071102113825	-2.20646051802579	-86.8785431290669	63.0331556045627	0	0	0	0	0	1.5	1.5	1.5	1.5	1.5	1.5
266.44207059393	0.0140737884114159	-2.20509038438741	-86.9320432488885	62.9605385073188	0	0	0	0	0	1.5	1.5	1.5	1.5	1.5	1.5
266.532267638816	0.0118404666114506	-2.20392168977567	-86.9854511455986	62.8878535532446	0	0	0	0	0	1.5	1.5	1.5	1.5	1.5	1.5
266.622464683702	0.00960714481148538	-2.20295443419056	-87.0387813871008	62.8151116010246	0	0	0	0	0	1.5	1.5	1.5	1.5	1.5	1.5
266.712661728589	0.00737382301152014	-2.20218861763209	-87.0920485758377	62.742323462484	0	0	0	0	0	1.5	1.5	1.5	1.5	1.5	1.5
266.802858773475	0.0051405012115549	-2.20162424010025	-87.1452673422151	62.6694999113822	0	0	0	0	0	1.5	1.5	1.5	1.5	1.5	1.5
266.893055818361	0.00290717941158966	-2.20126130159505	-87.1984523380637	62.5966516922342	0	0	0	0	0	1.5	1.5	1.5	1.5	1.5	1.5
266.983252863247	0.00298188040212224	-2.20100358274219	-87.2516160697738	62.5237879530217	0	0	0	0	0	1.5	1.5	1.5	1.5	1.5	1.5
267.073449908133	0.00324533684287787	-2.20072274444551	-87.3047602011529	62.4509099168744	0	0	0	0	0	1.5	1.5	1.5	1.5	1.5	1.5
267.16364695302	0.0035087932836335	-2.20041814315642	-87.357882997381	62.3780163275527	0	0	0	0	0	1.5	1.5	1.5	1.5	1.5	1.5
267.253843997906	0.00377224972438913	-2.20008977887491	-87.4109827213497	62.305105929477	0	0	0	0	0	1.5	1.5	1.5	1.5	1.5	1.5
267.344041042792	0.00403570616514493	-2.19973765160099	-87.4640576347544	62.2321774687143	0	0	0	0	0	1.5	1.5	1.5	1.5	1.5	1.5
267.434238087678	0.00429916260590056	-2.19936176133466	-87.5171059980059	62.1592296931022	0	0	0	0	0	1.5	1.5	1.5	1.5	1.5	1.5
267.524435132565	0.00456261904665619	-2.19896210807592	-87.5701260701415	62.0862613523738	0	0	0	0	0	1.5	1.5	1.5	1.5	1.5	1.5
267.614632177451	0.00482607548741182	-2.19853869182476	-87.6231161087367	62.0132711982821	0	0	0	0	0	1.5	1.5	1.5	1.5	1.5	1.5
267.704829222337	0.00508953192816761	-2.19809151258119	-87.6760743698173	61.9402579847248	0	0	0	0	0	1.5	1.5	1.5	1.5	1.5	1.5
267.795026267223	0.00535298836892324	-2.19762057034521	-87.7289991077709	61.8672204678696	0	0	0	0	0	1.5	1.5	1.5	1.5	1.5	1.5
267.88522331211	0.00561644480967888	-2.19712586511682	-87.7818885752601	61.7941574062789	0	0	0	0	0	1.5	1.5	1.5	1.5	1.5	1.5
267.975420356996	0.00780038704656837	-2.19653481550266	-87.8347395410693	61.7210664897204	0	0	0	0	0	1.5	1.5	1.5	1.5	1.5	1.5
268.065617401882	0.0103555511200399	-2.19571600951778	-87.8875390576702	61.6479384000573	0	0	0	0	0	1.5	1.5	1.5	1.5	1.5	1.5
268.155814446768	0.0129107151935115	-2.19466673528427	-87.9402702457343	61.5747610267474	0	0	0	0	0	1.5	1.5	1.5	1.5	1.5	1.5
268.246011491654	0.0154658792669831	-2.19338699280213	-87.9929161812236	61.5015222987973	0	0	0	0	0	1.5	1.5	1.5	1.5	1.5	1.5
268.336208536541	0.0180210433404547	-2.19187678207137	-88.0454598978027	61.4282102042465	0	0	0	0	0	1.5	1.5	1.5	1.5	1.5	1.5
268.426405581427	0.0205762074139262	-2.19013610309198	-88.0978843786187	61.3548128019588	0	0	0	0	0	1.5	1.5	1.5	1.5	1.5	1.5
268.516602626313	0.0231313714873978	-2.18816495586396	-88.1501725481627	61.2813182334711	0	0	0	0	0	1.5	1.5	1.5	1.5	1.5	1.5
268.606799671199	0.0256865355608694	-2.18596334038732	-88.2023072642269	61.2077147349105	0	0	0	0	0	1.5	1.5	1.5	1.5	1.5	1.5
268.696996716086	0.028241699634341	-2.18353125666205	-88.2542713099711	61.1339906489863	0	0	0	0	0	1.5	1.5	1.5	1.5	1.5	1.5
268.787193760972	0.0307968637078142	-2.18086870468816	-88.3060473861127	61.0601344370686	0	0	0	0	0	1.5	1.5	1.5	1.5	1.5	1.5
268.877390805858	0.0333520277812857	-2.17797568446563	-88.3576181032535	60.9861346913598	0	0	0	0	0	1.5	1.5	1.5	1.5	1.5	1.5
268.967587850744	0.0304978948526201	-2.17503547192765	-88.4089693800259	60.9119825007484	0	0	0	0	0	1.5	1.5	1.5	1.5	1.5	1.5
269.057784895631	0.0258529589175522	-2.17249413168421	-88.4601166119644	60.8376894109572	0	0	0	0	0	1.5	1.5	1.5	1.5	1.5	1.5
269.147981940517	0.0212080229824843	-2.17037175093579	-88.5110904680304	60.7632772489934	0	0	0	0	0	1.5	1.5	1.5	1.5	1.5	1.5
269.238178985403	0.0165630870474163	-2.16866832968241	-88.5619218912174	60.6887677103167	0	0	0	0	0	1.5	1.5	1.5	1.5	1.5	1.5
269.328376030289	0.0119181511123484	-2.16738386792405	-88.6126419474746	60.6141823117526	0	0	0	0	0	1.5	1.5	1.5	1.5	1.5	1.5
269.418573075176	0.00727321517728048	-2.16651836566072	-88.6632817983805	60.5395424303446	0	0	0	0	0	1.5	1.5	1.5	1.5	1.5	1.5
269.508770120062	0.00262827924221255	-2.16607182289243	-88.713872674109	60.4648693424076	0	0	0	0	0	1.5	1.5	1.5	1.5	1.5	1.5
269.598967164948	-0.00201665669285537	-2.16604423961916	-88.7644458466069	60.3901842627249	0	0	0	0	0	1.5	1.5	1.5	1.5	1.5	1.5
269.689164209834	-0.0066615926279233	-2.16643561584092	-88.8150326028995	60.3155083838337	0	0	0	0	0	1.5	1.5	1.5	1.5	1.5	1.5
269.77936125472	-0.0113065285629912	-2.16724595155771	-88.8656642184433	60.2408629153411	0	0	0	0	0	1.5	1.5	1.5	1.5	1.5	1.5
269.869558299607	-0.0159514644980591	-2.16847524676952	-88.9163719304424	60.1662691232165	0	0	0	0	0	1.5	1.5	1.5	1.5	1.5	1.5
269.959755344493	-0.0131712751129841	-2.16990101656644	-88.9671832403808	60.0917458633595	0	0	0	0	0	1.5	1.5	1.5	1.5	1.5	1.5
270.049952389379	-0.00664065015776799	-2.1707945051229	-89.0180825787793	60.0172826931903	0	0	0	0	0	1.5	1.5	1.5	1.5	1.5	1.5
270.140149434265	-0.000110025202547763	-2.17109895060715	-89.0690265105258	59.9428500212131	0	0	0	0	0	1.5	1.5	1.5	1.5	1.5	1.5
270.230346479152	0.00642059975266834	-2.17081435301917	-89.1199711809605	59.8684178547682	0	0	0	0	0	1.5	1.5	1.5	1.5	1.5	1.5
270.320543524038	0.0129512247078886	-2.16994071235897	-89.1708727363168	59.7939561998903	0	0	0	0	0	1.5	1.5	1.5	1.5	1.5	1.5
270.410740568924	0.0194818496631047	-2.16847802862655	-89.2216872707586	59.7194351388318	0	0	0	0	0	1.5	1.5	1.5	1.5	1.5	1.5
270.50093761381	0.0260124746183208	-2.16642630182191	-89.2723707736433	59.6448249077391	0	0	0	0	0	1.5	1.5	1.5	1.5	1.5	1.5
270.591134658697	0.0325430995735369	-2.16378553194505	-89.3228790772376	59.5700959746378	0	0	0	0	0	1.5	1.5	1.5	1.5	1.5	1.5
270.681331703583	0.039073724528753	-2.16055571899597	-89.3731678051176	59.4952191178779	0	0	0	0	0	1.5	1.5	1.5	1.5	1.5	1.5
270.771528748469	0.0456043494839691	-2.15673686297467	-89.4231923214854	59.4201655051912	0	0	0	0	0	1.5	1.5	1.5	1.5	1.5	1.5
270.861725793355	0.0521349744391852	-2.15232896388114	-89.4729076816362	59.3449067735056	0	0	0	0	0	1.5	1.5	1.5	1.5	1.5	1.5
270.951922838241	0.0548930896806146	-2.14743028110567	-89.5222700134769	59.2694160408617	0	0	0	0	0	1.5	1.5	1.5	1.5	1.5	1.5
271.042119883128	0.0548916724340264	-2.14247915054753	-89.5712585325167	59.1936821957908	0	0	0	0	0	1.5	1.5	1.5	1.5	1.5	1.5
271.132316928014	0.0548902551874382	-2.13752814782084	-89.6198714893489	59.1177067345165	0	0	0	0	0	1.5	1.5	1.5	1.5	1.5	1.5
271.2225139729	0.05488883794085	-2.13257727292561	-89.6681077020663	59.0414915255924	0	0	0	0	0	1.5	1.5	1.5	1.5	1.5	1.5
271.312711017786	0.0548874206942618	-2.12762652586183	-89.7159659980881	58.9650384433039	0	0	0	0	0	1.5	1.5	1.5	1.5	1.5	1.5
271.402908062673	0.0548860034476736	-2.12267590662951	-89.7634452141878	58.888349367622	0	0	0	0	0	1.5	1.5	1.5	1.5	1.5	1.5
271.493105107559	0.0548845862010854	-2.11772541522864	-89.8105441965203	58.8114261841565	0	0	0	0	0	1.5	1.5	1.5	1.5	1.5	1.5
271.583302152445	0.0548831689544972	-2.11277505165923	-89.8572618006491	58.7342707841085	0	0	0	0	0	1.5	1.5	1.5	1.5	1.5	1.5
271.673499197331	0.054881751707909	-2.10782481592127	-89.9035968915729	58.6568850642241	0	0	0	0	0	1.5	1.5	1.5	1.5	1.5	1.5
271.763696242218	0.0548803344613207	-2.10287470801476	-89.9495483437526	58.5792709267465	0	0	0	0	0	1.5	1.5	1.5	1.5	1.5	1.5
271.853893287104	0.0548789172147325	-2.09792472793971	-89.9951150411373	58.5014302793692	0	0	0	0	0	1.5	1.5	1.5	1.5	1.5	1.5
271.94409033199	0.0553037802194264	-2.0929654574132	-90.0402957569939	58.4233649659234	0	0	0	0	0	1.5	1.5	1.5	1.5	1.5	1.5
272.034287376876	0.0561724866928016	-2.08793804248799	-90.0850863668017	58.3450751770371	0	0	0	0	0	1.5	1.5	1.5	1.5	1.5	1.5
272.124484421762	0.0570411931661767	-2.082832272806	-90.1294797395019	58.2665594608217	0	0	0	0	0	1.5	1.5	1.5	1.5	1.5	1.5
272.214681466649	0.0579098996395518	-2.07764814836724	-90.1734685657475	58.1878163858789	0	0	0	0	0	1.5	1.5	1.5	1.5	1.5	1.5
272.304878511535	0.058778606112927	-2.07238566917171	-90.2170454934611	58.1088446219248	0	0	0	0	0	1.5	1.5	1.5	1.5	1.5	1.5
272.395075556421	0.0596473125863021	-2.06704483521941	-90.2602031280513	58.0296429417388	0	0	0	0	0	1.5	1.5	1.5	1.5	1.5	1.5
272.485272601307	0.0605160190596772	-2.06162564651033	-90.3029340326721	57.9502102231248	0	0	0	0	0	1.5	1.5	1.5	1.5	1.5	1.5
272.575469646194	0.0613847255330529	-2.05612810304448	-90.3452307285254	57.8705454508843	0	0	0	0	0	1.5	1.5	1.5	1.5	1.5	1.5
272.66566669108	0.062253432006428	-2.05055220482186	-90.3870856952071	57.790647718801	0	0	0	0	0	1.5	1.5	1.5	1.5	1.5	1.5
272.755863735966	0.0631221384798032	-2.04489795184247	-90.4284913710999	57.7105162316359	0	0	0	0	0	1.5	1.5	1.5	1.5	1.5	1.5
272.846060780852	0.0639908449531783	-2.03916534410631	-90.4694401538097	57.6301503071335	0	0	0	0	0	1.5	1.5	1.5	1.5	1.5	1.5
272.936257825739	0.0652215950307265	-2.0333477804319	-90.5099243288638	57.5495493421896	0	0	0	0	0	1.5	1.5	1.5	1.5	1.5	1.5
273.026454870625	0.0669857949274653	-2.02738542248872	-90.5499334142336	57.4687115051788	0	0	0	0	0	1.5	1.5	1.5	1.5	1.5	1.5
273.116651915511	0.0687499948242051	-2.02126393892827	-90.589453353344	57.3876334198917	0	0	0	0	0	1.5	1.5	1.5	1.5	1.5	1.5
273.206848960397	0.0705141947209439	-2.01498332975055	-90.6284697636748	57.3063118367292	0	0	0	0	0	1.5	1.5	1.5	1.5	1.5	1.5
273.297046005284	0.0722783946176826	-2.00854359495555	-90.6669681658514	57.2247437558353	0	0	0	0	0	1.5	1.5	1.5	1.5	1.5	1.5
273.38724305017	0.0740425945144214	-2.00194473454328	-90.7049339838065	57.1429264346174	0	0	0	0	0	1.5	1.5	1.5	1.5	1.5	1.5
273.477440095056	0.0758067944111601	-1.99518674851373	-90.7423525451517	57.0608573953262	0	0	0	0	0	1.5	1.5	1.5	1.5	1.5	1.5
273.567637139942	0.0775709943078988	-1.98826963686691	-90.7792090817693	56.9785344326935	0	0	0	0	0	1.5	1.5	1.5	1.5	1.5	1.5
273.657834184828	0.0793351942046376	-1.98119339960281	-90.8154887306268	56.8959556216266	0	0	0	0	0	1.5	1.5	1.5	1.5	1.5	1.5
273.748031229715	0.0810993941013774	-1.97395803672144	-90.8511765348244	56.8131193249561	0	0	0	0	0	1.5	1.5	1.5	1.5	1.5	1.5
273.838228274601	0.0828635939981162	-1.96656354822279	-90.8862574448786	56.7300242012363	0	0	0	0	0	1.5	1.5	1.5	1.5	1.5	1.5
273.928425319487	0.0838302544685184	-1.95902134114503	-90.9207164209008	56.6466692538271	0	0	0	0	0	1.5	1.5	1.5	1.5	1.5	1.5
274.018622364373	0.0830797105873326	-1.95149394833998	-90.9545451578962	56.5630565451923	0	0	0	0	0	1.5	1.5	1.5	1.5	1.5	1.5
274.10881940926	0.0823291667061467	-1.94403425237507	-90.9877463968242	56.4791926857924	0	0	0	0	0	1.5	1.5	1.5	1.5	1.5	1.5
274.199016454146	0.0815786228249609	-1.9366422532503	-91.0203239671987	56.3950845900469	0	0	0	0	0	1.5	1.5	1.5	1.5	1.5	1.5
274.289213499032	0.080828078943775	-1.92931795096567	-91.0522817825307	56.310739059187	0	0	0	0	0	1.5	1.5	1.5	1.5	1.5	1.5
274.379410543918	0.0800775350625891	-1.92206134552118	-91.083623838111	56.226162781437	0	0	0	0	0	1.5	1.5	1.5	1.5	1.5	1.5
274.469607588804	0.0793269911814033	-1.91487243691683	-91.1143542088245	56.1413623322351	0	0	0	0	0	1.5	1.5	1.5	1.5	1.5	1.5
274.559804633691	0.0785764473002169	-1.90775122515262	-91.1444770469977	56.0563441744911	0	0	0	0	0	1.5	1.5	1.5	1.5	1.5	1.5
274.650001678577	0.0778259034190311	-1.90069771022855	-91.1739965802782	55.9711146588803	0	0	0	0	0	1.5	1.5	1.5	1.5	1.5	1.5
274.740198723463	0.0770753595378452	-1.89371189214463	-91.2029171095463	55.8856800241731	0	0	0	0	0	1.5	1.5	1.5	1.5	1.5	1.5
274.830395768349	0.0763248156566594	-1.88679377090084	-91.2312430068608	55.8000463975995	0	0	0	0	0	1.5	1.5	1.5	1.5	1.5	1.5
274.920592813236	0.0754038359236784	-1.87994512248617	-91.2589787251869	55.7142197990044	0	0	0	0	0	1.5	1.5	1.5	1.5	1.5	1.5
275.010789858122	0.0739156528945642	-1.87321103416851	-91.2861305178254	55.6282066818737	0	0	0	0	0	1.5	1.5	1.5	1.5	1.5	1.5
275.100986903008	0.0724274698654509	-1.86661117556232	-91.3127082660984	55.5420144509468	0	0	0	0	0	1.5	1.5	1.5	1.5	1.5	1.5
275.191183947894	0.0709392868363376	-1.86014554666761	-91.3387223813955	55.4556504285201	0	0	0	0	0	1.5	1.5	1.5	1.5	1.5	1.5
275.281380992781	0.0694511038072242	-1.85381414748437	-91.3641833683558	55.3691217172621	0	0	0	0	0	1.5	1.5	1.5	1.5	1.5	1.5
275.371578037667	0.0679629207781109	-1.84761697801261	-91.3891018205985	55.2824352038537	0	0	0	0	0	1.5	1.5	1.5	1.5	1.5	1.5
275.461775082553	0.0664747377489976	-1.84155403825233	-91.4134884165939	55.1955975627034	0	0	0	0	0	1.5	1.5	1.5	1.5	1.5	1.5
275.551972127439	0.0649865547198843	-1.83562532820352	-91.4373539156713	55.1086152597342	0	0	0	0	0	1.5	1.5	1.5	1.5	1.5	1.5
275.642169172326	0.063498371690771	-1.82983084786619	-91.4607091541629	55.0214945562368	0	0	0	0	0	1.5	1.5	1.5	1.5	1.5	1.5
275.732366217212	0.0620101886616576	-1.82417059724033	-91.4835650416803	54.934241512788	0	0	0	0	0	1.5	1.5	1.5	1.5	1.5	1.5
275.822563262098	0.0605220056325443	-1.81864457632595	-91.5059325575218	54.8468619932292	0	0	0	0	0	1.5	1.5	1.5	1.5	1.5	1.5
275.912760306984	0.0596952952253021	-1.81324847362136	-91.5278227290228	54.759361664201	0	0	0	0	0	1.5	1.5	1.5	1.5	1.5	1.5
276.00295735187	0.0627838654685808	-1.80772484444399	-91.5492376787376	54.6717438227004	0	0	0	0	0	1.5	1.5	1.5	1.5	1.5	1.5
276.093154396757	0.0658724357118595	-1.80192263535776	-91.57015611223	54.5840061271434	0	0	0	0	0	1.5	1.5	1.5	1.5	1.5	1.5
276.183351441643	0.0689610059551401	-1.79584184636265	-91.5905528833183	54.4961457062114	0	0	0	0	0	1.5	1.5	1.5	1.5	1.5	1.5
276.273548486529	0.0720495761984188	-1.78948247745868	-91.6104027617416	54.4081601289034	0	0	0	0	0	1.5	1.5	1.5	1.5	1.5	1.5
276.363745531415	0.0751381464416974	-1.78284452864585	-91.6296804338758	54.3200474261303	0	0	0	0	0	1.5	1.5	1.5	1.5	1.5	1.5
276.453942576302	0.0782267166849761	-1.77592799992415	-91.648360504098	54.2318061123967	0	0	0	0	0	1.5	1.5	1.5	1.5	1.5	1.5
276.544139621188	0.0813152869282548	-1.76873289129357	-91.6664174968314	54.1434352075628	0	0	0	0	0	1.5	1.5	1.5	1.5	1.5	1.5
276.634336666074	0.0844038571715335	-1.76125920275414	-91.6838258593012	54.0549342586784	0	0	0	0	0	1.5	1.5	1.5	1.5	1.5	1.5
276.72453371096	0.0874924274148121	-1.75350693430583	-91.7005599650315	53.9663033618813	0	0	0	0	0	1.5	1.5	1.5	1.5	1.5	1.5
276.814730755847	0.0905809976580908	-1.74547608594866	-91.7165941181163	53.8775431843485	0	0	0	0	0	1.5	1.5	1.5	1.5	1.5	1.5
276.904927800733	0.0933229862878343	-1.73716753035561	-91.7319025597368	53.7886549865329	0	0	0	0	0	1.5	1.5	1.5	1.5	1.5	1.5
276.995124845619	0.0902039837710125	-1.72889073517749	-91.7464692469798	53.6996422229291	0	0	0	0	0	1.5	1.5	1.5	1.5	1.5	1.5
277.085321890505	0.0870849812541908	-1.72089526480939	-91.7603112430598	53.6105138732884	0	0	0	0	0	1.5	1.5	1.5	1.5	1.5	1.5
277.175518935391	0.083965978737369	-1.71318111925129	-91.7734527356788	53.5212795316193	0	0	0	0	0	1.5	1.5	1.5	1.5	1.5	1.5
277.265715980278	0.0808469762205453	-1.7057482985032	-91.7859180453076	53.4319482072914	0	0	0	0	0	1.5	1.5	1.5	1.5	1.5	1.5
277.355913025164	0.0777279737037235	-1.69859680256513	-91.7977316131438	53.3425283445824	0	0	0	0	0	1.5	1.5	1.5	1.5	1.5	1.5
277.44611007005	0.0746089711869018	-1.69172663143706	-91.8089179898546	53.2530278424481	0	0	0	0	0	1.5	1.5	1.5	1.5	1.5	1.5
277.536307114936	0.071489968670078	-1.685137785119	-91.8195018250776	53.1634540744957	0	0	0	0	0	1.5	1.5	1.5	1.5	1.5	1.5
277.626504159823	0.0683709661532563	-1.67883026361096	-91.8295078576541	53.0738139091403	0	0	0	0	0	1.5	1.5	1.5	1.5	1.5	1.5
277.716701204709	0.0652519636364345	-1.67280406691292	-91.8389609065667	52.9841137299237	0	0	0	0	0	1.5	1.5	1.5	1.5	1.5	1.5
277.806898249595	0.0621329611196127	-1.6670591950249	-91.8478858625538	52.8943594559814	0	0	0	0	0	1.5	1.5	1.5	1.5	1.5	1.5
277.897095294481	0.059013958602791	-1.66159564794688	-91.8563076803738	52.8045565626392	0	0	0	0	0	1.5	1.5	1.5	1.5	1.5	1.5
277.987292339368	0.0614692753218736	-1.65616896143442	-91.8642442511992	52.7147094826347	0	0	0	0	0	1.5	1.5	1.5	1.5	1.5	1.5
278.077489384254	0.0640825956111431	-1.65050675756537	-91.8716825582335	52.6248197904652	0	0	0	0	0	1.5	1.5	1.5	1.5	1.5	1.5
278.16768642914	0.0666959159004127	-1.64460883992889	-91.8786011752403	52.5348886164418	0	0	0	0	0	1.5	1.5	1.5	1.5	1.5	1.5
278.257883474026	0.0693092361896822	-1.63847520852498	-91.8849786639011	52.4449174597403	0	0	0	0	0	1.5	1.5	1.5	1.5	1.5	1.5
278.348080518912	0.0719225564789517	-1.63210586335363	-91.8907935772598	52.3549082036361	0	0	0	0	0	1.5	1.5	1.5	1.5	1.5	1.5
278.438277563799	0.0745358767682213	-1.62550080441485	-91.89602446346	52.2648631307114	0	0	0	0	0	1.5	1.5	1.5	1.5	1.5	1.5
278.528474608685	0.0771491970574908	-1.61866003170864	-91.9006498699529	52.1747849380424	0	0	0	0	0	1.5	1.5	1.5	1.5	1.5	1.5
278.618671653571	0.079762517346762	-1.61158354523498	-91.9046483481946	52.0846767523572	0	0	0	0	0	1.5	1.5	1.5	1.5	1.5	1.5
278.708868698457	0.0823758376360315	-1.6042713449939	-91.9079984588508	51.994542145158	0	0	0	0	0	1.5	1.5	1.5	1.5	1.5	1.5
278.799065743344	0.0849891579253011	-1.59672343098539	-91.9106787775251	51.9043851477953	0	0	0	0	0	1.5	1.5	1.5	1.5	1.5	1.5
278.88926278823	0.0876024782145722	-1.58893980320944	-91.91266790103	51.8142102664851	0	0	0	0	0	1.5	1.5	1.5	1.5	1.5	1.5
278.979459833116	0.0875228592211375	-1.58102798883356	-91.9139473163317	51.7240225314567	0	0	0	0	0	1.5	1.5	1.5	1.5	1.5	1.5
279.069656878002	0.0870946136087455	-1.57315299881618	-91.9145147360556	51.6338275044475	0	0	0	0	0	1.5	1.5	1.5	1.5	1.5	1.5
279.159853922889	0.0866663679963535	-1.56531663528753	-91.9143736025767	51.5436308007654	0	0	0	0	0	1.5	1.5	1.5	1.5	1.5	1.5
279.250050967775	0.0862381223839615	-1.5575188982476	-91.9135274084011	51.4534379538284	0	0	0	0	0	1.5	1.5	1.5	1.5	1.5	1.5
279.340248012661	0.0858098767715695	-1.54975978769639	-91.9119796886733	51.3632544151187	0	0	0	0	0	1.5	1.5	1.5	1.5	1.5	1.5
279.430445057547	0.0853816311591775	-1.5420393036339	-91.9097340199059	51.2730855542646	0	0	0	0	0	1.5	1.5	1.5	1.5	1.5	1.5
279.520642102433	0.0849533855467856	-1.53435744606014	-91.9067940187224	51.1829366591392	0	0	0	0	0	1.5	1.5	1.5	1.5	1.5	1.5
279.61083914732	0.0845251399343936	-1.5267142149751	-91.9031633406139	51.0928129359745	0	0	0	0	0	1.5	1.5	1.5	1.5	1.5	1.5
279.701036192206	0.0840968943220016	-1.51910961037879	-91.8988456787092	51.0027195094908	0	0	0	0	0	1.5	1.5	1.5	1.5	1.5	1.5
279.791233237092	0.0836686487096096	-1.5115436322712	-91.8938447625581	50.912661423042	0	0	0	0	0	1.5	1.5	1.5	1.5	1.5	1.5
279.881430281978	0.0832404030972173	-1.50401628065232	-91.8881643569294	50.8226436387751	0	0	0	0	0	1.5	1.5	1.5	1.5	1.5	1.5
279.971627326865	0.0810104782964979	-1.49659224000799	-91.8818098047398	50.7326709252536	0	0	0	0	0	1.5	1.5	1.5	1.5	1.5	1.5
280.061824371751	0.0783190630520305	-1.48940671311164	-91.8747980308099	50.6427470300548	0	0	0	0	0	1.5	1.5	1.5	1.5	1.5	1.5
280.152021416637	0.0756276478075631	-1.48246394391689	-91.8671512003127	50.5528748975001	0	0	0	0	0	1.5	1.5	1.5	1.5	1.5	1.5
280.242218461523	0.0729362325630956	-1.47576393242376	-91.8588914984411	50.4630570050905	0	0	0	0	0	1.5	1.5	1.5	1.5	1.5	1.5
280.33241550641	0.0702448173186265	-1.46930667863224	-91.8500410994675	50.373295381468	0	0	0	0	0	1.5	1.5	1.5	1.5	1.5	1.5
280.422612551296	0.0675534020741591	-1.46309218254233	-91.8406221623117	50.2835916226522	0	0	0	0	0	1.5	1.5	1.5	1.5	1.5	1.5
280.512809596182	0.0648619868296916	-1.45712044415404	-91.8306568266339	50.193946908289	0	0	0	0	0	1.5	1.5	1.5	1.5	1.5	1.5
280.603006641068	0.0621705715852242	-1.45139146346735	-91.8201672094367	50.1043620179046	0	0	0	0	0	1.5	1.5	1.5	1.5	1.5	1.5
280.693203685955	0.0594791563407567	-1.44590524048229	-91.8091754021532	50.0148373471565	0	0	0	0	0	1.5	1.5	1.5	1.5	1.5	1.5
280.783400730841	0.0567877410962893	-1.44066177519883	-91.7977034682041	49.9253729240752	0	0	0	0	0	1.5	1.5	1.5	1.5	1.5	1.5
280.873597775727	0.0540963258518219	-1.43566106761699	-91.7857734410022	49.8359684252916	0	0	0	0	0	1.5	1.5	1.5	1.5	1.5	1.5
280.963794820613	0.055486705952613	-1.43077221849212	-91.7734045508752	49.7466235802734	0	0	0	0	0	1.5	1.5	1.5	1.5	1.5	1.5
281.053991865499	0.0585354986488566	-1.42562998553888	-91.7605884856984	49.6573417934869	0	0	0	0	0	1.5	1.5	1.5	1.5	1.5	1.5
281.144188910386	0.0615842913450983	-1.42021276049398	-91.7473012193076	49.568128926917	0	0	0	0	0	1.5	1.5	1.5	1.5	1.5	1.5
281.234385955272	0.06463308404134	-1.4145205433574	-91.7335186096164	49.4789912546975	0	0	0	0	0	1.5	1.5	1.5	1.5	1.5	1.5
281.324583000158	0.0676818767375818	-1.40855333412916	-91.7192165919208	49.389935457274	0	0	0	0	0	1.5	1.5	1.5	1.5	1.5	1.5
281.414780045044	0.0707306694338235	-1.40231113280924	-91.7043711867815	49.3009686407921	0	0	0	0	0	1.5	1.5	1.5	1.5	1.5	1.5
281.504977089931	0.0737794621300652	-1.39579393939765	-91.6889585084881	49.212098356345	0	0	0	0	0	1.5	1.5	1.5	1.5	1.5	1.5
281.595174134817	0.0768282548263069	-1.38900175389438	-91.6729547741284	49.1233326190634	0	0	0	0	0	1.5	1.5	1.5	1.5	1.5	1.5
281.685371179703	0.0798770475225505	-1.38193457629944	-91.6563363132911	49.0346799270334	0	0	0	0	0	1.5	1.5	1.5	1.5	1.5	1.5
281.775568224589	0.0829258402187923	-1.37459240661284	-91.6390795784234	48.946149280023	0	0	0	0	0	1.5	1.5	1.5	1.5	1.5	1.5
281.865765269476	0.085974632915034	-1.36697524483456	-91.6211611558698	48.8577501979992	0	0	0	0	0	1.5	1.5	1.5	1.5	1.5	1.5
281.955962314362	0.0854514745942121	-1.35918390792396	-91.6025596327827	48.7694923431631	0	0	0	0	0	1.5	1.5	1.5	1.5	1.5	1.5
282.046159359248	0.0827928489323626	-1.35159633752347	-91.5832788174158	48.6813803801076	0	0	0	0	0	1.5	1.5	1.5	1.5	1.5	1.5
282.136356404134	0.0801342232705132	-1.34424856730113	-91.563340551704	48.5934148421782	0	0	0	0	0	1.5	1.5	1.5	1.5	1.5	1.5
282.22655344902	0.0774755976086637	-1.33714059725696	-91.5427670058785	48.5055956992474	0	0	0	0	0	1.5	1.5	1.5	1.5	1.5	1.5
282.316750493907	0.0748169719468126	-1.33027242739094	-91.5215802781082	48.4179224565134	0	0	0	0	0	1.5	1.5	1.5	1.5	1.5	1.5
282.406947538793	0.0721583462849631	-1.32364405770308	-91.4998023916084	48.3303941709202	0	0	0	0	0	1.5	1.5	1.5	1.5	1.5	1.5
282.497144583679	0.0694997206231137	-1.31725548819338	-91.4774552922942	48.2430094675234	0	0	0	0	0	1.5	1.5	1.5	1.5	1.5	1.5
282.587341628565	0.0668410949612642	-1.31110671886183	-91.4545608469585	48.1557665557969	0	0	0	0	0	1.5	1.5	1.5	1.5	1.5	1.5
282.677538673452	0.0641824692994147	-1.30519774970845	-91.4311408419545	48.0686632458733	0	0	0	0	0	1.5	1.5	1.5	1.5	1.5	1.5
282.767735718338	0.0615238436375653	-1.29952858073322	-91.4072169823625	47.9816969647147	0	0	0	0	0	1.5	1.5	1.5	1.5	1.5	1.5
282.857932763224	0.0588652179757158	-1.29409921193615	-91.3828108916222	47.8948647722084	0	0	0	0	0	1.5	1.5	1.5	1.5	1.5	1.5
282.94812980811	0.0584691269792145	-1.28885479424143	-91.3579432599851	47.808163623198	0	0	0	0	0	1.5	1.5	1.5	1.5	1.5	1.5
283.038326852997	0.0600195454858868	-1.28351113018701	-91.3326181962309	47.7215949874636	0	0	0	0	0	1.5	1.5	1.5	1.5	1.5	1.5
283.128523897883	0.0615699639925582	-1.27802762296495	-91.3068248607686	47.6351647244402	0	0	0	0	0	1.5	1.5	1.5	1.5	1.5	1.5
283.218720942769	0.0631203824992296	-1.27240427257525	-91.2805519429011	47.5488790404928	0	0	0	0	0	1.5	1.5	1.5	1.5	1.5	1.5
283.308917987655	0.0646708010059009	-1.26664107901791	-91.2537882073924	47.4627443387192	0	0	0	0	0	1.5	1.5	1.5	1.5	1.5	1.5
283.399115032541	0.0662212195125723	-1.26073804229293	-91.2265224982732	47.376767223228	0	0	0	0	0	1.5	1.5	1.5	1.5	1.5	1.5
283.489312077428	0.0677716380192446	-1.25469516240031	-91.1987437427821	47.2909545033504	0	0	0	0	0	1.5	1.5	1.5	1.5	1.5	1.5
283.579509122314	0.069322056525916	-1.24851243934006	-91.170440955447	47.2053131977825	0	0	0	0	0	1.5	1.5	1.5	1.5	1.5	1.5
283.6697061672	0.0708724750325873	-1.24218987311217	-91.1416032423067	47.1198505386526	0	0	0	0	0	1.5	1.5	1.5	1.5	1.5	1.5
283.759903212086	0.0724228935392587	-1.23572746371663	-91.1122198052779	47.0345739755125	0	0	0	0	0	1.5	1.5	1.5	1.5	1.5	1.5
283.850100256973	0.07397331204593	-1.22912521115346	-91.0822799466681	46.9494911792467	0	0	0	0	0	1.5	1.5	1.5	1.5	1.5	1.5
283.940297301859	0.0747013606075564	-1.22239985209408	-91.0517732873325	46.8646099685343	0	0	0	0	0	1.5	1.5	1.5	1.5	1.5	1.5
284.030494346745	0.0744294463522185	-1.21567427304945	-91.0206957917847	46.7799360911557	0	0	0	0	0	1.5	1.5	1.5	1.5	1.5	1.5
284.120691391631	0.0741575320968806	-1.20897321986711	-90.9890505578743	46.6954727521627	0	0	0	0	0	1.5	1.5	1.5	1.5	1.5	1.5
284.210888436518	0.0738856178415427	-1.20229669254706	-90.9568410780777	46.6112229682058	0	0	0	0	0	1.5	1.5	1.5	1.5	1.5	1.5
284.301085481404	0.0736137035862048	-1.19564469108931	-90.9240708544036	46.5271897048662	0	0	0	0	0	1.5	1.5	1.5	1.5	1.5	1.5
284.39128252629	0.0733417893308668	-1.18901721549385	-90.8907433978342	46.4433758768509	0	0	0	0	0	1.5	1.5	1.5	1.5	1.5	1.5
284.481479571176	0.0730698750755288	-1.18241426576068	-90.8568622277735	46.3597843481935	0	0	0	0	0	1.5	1.5	1.5	1.5	1.5	1.5
284.571676616063	0.0727979608201908	-1.17583584188981	-90.8224308715008	46.2764179324595	0	0	0	0	0	1.5	1.5	1.5	1.5	1.5	1.5
284.661873660949	0.0725260465648529	-1.16928194388123	-90.7874528636317	46.1932793929547	0	0	0	0	0	1.5	1.5	1.5	1.5	1.5	1.5
284.752070705835	0.0722541323095149	-1.16275257173494	-90.7519317455843	46.1103714429396	0	0	0	0	0	1.5	1.5	1.5	1.5	1.5	1.5
284.842267750721	0.0719822180541769	-1.15624772545095	-90.7158710650529	46.027696745847	0	0	0	0	0	1.5	1.5	1.5	1.5	1.5	1.5
284.932464795607	0.0723967134089708	-1.14975613292486	-90.6792742628285	45.9452579658731	0	0	0	0	0	1.5	1.5	1.5	1.5	1.5	1.5
285.022661840494	0.0740098541338119	-1.14315341305271	-90.6421393254357	45.8630601935517	0	0	0	0	0	1.5	1.5	1.5	1.5	1.5	1.5
285.11285888538	0.0756229948586531	-1.1364051926542	-90.6044565137925	45.7811121506253	0	0	0	0	0	1.5	1.5	1.5	1.5	1.5	1.5
285.203055930266	0.0772361355834942	-1.12951147172932	-90.5662156210549	45.6994230521498	0	0	0	0	0	1.5	1.5	1.5	1.5	1.5	1.5
285.293252975152	0.0788492763083353	-1.12247225027807	-90.527406579392	45.6180023447226	0	0	0	0	0	1.5	1.5	1.5	1.5	1.5	1.5
285.383450020039	0.0804624170331765	-1.11528752830046	-90.4880194657183	45.5368597098992	0	0	0	0	0	1.5	1.5	1.5	1.5	1.5	1.5
285.473647064925	0.0820755577580176	-1.10795730579648	-90.4480445075849	45.4560050674841	0	0	0	0	0	1.5	1.5	1.5	1.5	1.5	1.5
285.563844109811	0.0836886984828588	-1.10048158276613	-90.4074720892337	45.3754485786923	0	0	0	0	0	1.5	1.5	1.5	1.5	1.5	1.5
285.654041154697	0.0853018392076999	-1.09286035920942	-90.3662927578135	45.2952006491745	0	0	0	0	0	1.5	1.5	1.5	1.5	1.5	1.5
285.744238199583	0.0869149799325411	-1.08509363512635	-90.3244972297603	45.2152719319011	0	0	0	0	0	1.5	1.5	1.5	1.5	1.5	1.5
285.83443524447	0.0885281206573832	-1.0771814105169	-90.2820763973439	45.1356733298989	0	0	0	0	0	1.5	1.5	1.5	1.5	1.5	1.5
285.924632289356	0.0892942857343352	-1.06913430821484	-90.2390214132797	45.0564159561652	0	0	0	0	0	1.5	1.5	1.5	1.5	1.5	1.5
286.014829334242	0.0878618901888879	-1.06114482643903	-90.1953308445318	44.9775071617679	0	0	0	0	0	1.5	1.5	1.5	1.5	1.5	1.5
286.105026379129	0.0864294946434398	-1.05328454250852	-90.1510163075557	44.8989470775542	0	0	0	0	0	1.5	1.5	1.5	1.5	1.5	1.5
286.195223424015	0.0849970990979925	-1.04555345642333	-90.1060906898917	44.8207348325908	0	0	0	0	0	1.5	1.5	1.5	1.5	1.5	1.5
286.285420468901	0.0835647035525452	-1.03795156818344	-90.0605667814176	44.7428692979496	0	0	0	0	0	1.5	1.5	1.5	1.5	1.5	1.5
286.375617513787	0.0821323080070979	-1.03047887778886	-90.0144572728133	44.6653490924262	0	0	0	0	0	1.5	1.5	1.5	1.5	1.5	1.5
286.465814558673	0.0806999124616507	-1.02313538523959	-89.9677747542	44.5881725882181	0	0	0	0	0	1.5	1.5	1.5	1.5	1.5	1.5
286.55601160356	0.0792675169162034	-1.01592109053563	-89.9205317139482	44.5113379165602	0	0	0	0	0	1.5	1.5	1.5	1.5	1.5	1.5
286.646208648446	0.0778351213707562	-1.00883599367697	-89.8727405376533	44.4348429733167	0	0	0	0	0	1.5	1.5	1.5	1.5	1.5	1.5
286.736405693332	0.0764027258253089	-1.00188009466362	-89.8244135072722	44.3586854245254	0	0	0	0	0	1.5	1.5	1.5	1.5	1.5	1.5
286.826602738218	0.0749703302798616	-0.995053393495581	-89.775562800419	44.2828627118957	0	0	0	0	0	1.5	1.5	1.5	1.5	1.5	1.5
286.916799783105	0.0739739278798543	-0.988352144145303	-89.7262004718912	44.2073720700533	0	0	0	0	0	1.5	1.5	1.5	1.5	1.5	1.5
287.006996827991	0.0748300310341368	-0.981641305464597	-89.6763341837891	44.1322133733843	0	0	0	0	0	1.5	1.5	1.5	1.5	1.5	1.5
287.097193872877	0.0756861341884192	-0.974853248809256	-89.6259617578625	44.0573929592337	0	0	0	0	0	1.5	1.5	1.5	1.5	1.5	1.5
287.187390917763	0.0765422373427022	-0.967987974179277	-89.5750797379454	43.9829181648279	0	0	0	0	0	1.5	1.5	1.5	1.5	1.5	1.5
287.277587962649	0.0773983404969847	-0.961045481574668	-89.5236847716886	43.9087964293297	0	0	0	0	0	1.5	1.5	1.5	1.5	1.5	1.5
287.367785007536	0.0782544436512671	-0.954025770995425	-89.4717736129829	43.8350352938945	0	0	0	0	0	1.5	1.5	1.5	1.5	1.5	1.5
287.457982052422	0.0791105468055501	-0.946928842441544	-89.4193431244143	43.7616424016751	0	0	0	0	0	1.5	1.5	1.5	1.5	1.5	1.5
287.548179097308	0.0799666499598326	-0.939754695913033	-89.3663902797506	43.6886254977777	0	0	0	0	0	1.5	1.5	1.5	1.5	1.5	1.5
287.638376142194	0.080822753114115	-0.932503331409888	-89.3129121664582	43.6159924291639	0	0	0	0	0	1.5	1.5	1.5	1.5	1.5	1.5
287.728573187081	0.0816788562683975	-0.925174748932109	-89.2589059882509	43.543751144501	0	0	0	0	0	1.5	1.5	1.5	1.5	1.5	1.5
287.818770231967	0.0825349594226799	-0.917768948479696	-89.2043690676673	43.4719096939573	0	0	0	0	0	1.5	1.5	1.5	1.5	1.5	1.5
287.908967276853	0.0832885063399291	-0.91028641201103	-89.1492988498718	43.4004762280156	0	0	0	0	0	1.5	1.5	1.5	1.5	1.5	1.5
287.999164321739	0.0831604240654286	-0.902779811187512	-89.0936943120575	43.3294578918031	0	0	0	0	0	1.5	1.5	1.5	1.5	1.5	1.5
288.089361366626	0.083032341790928	-0.895284763006656	-89.0375586469707	43.2588586288701	0	0	0	0	0	1.5	1.5	1.5	1.5	1.5	1.5
288.179558411512	0.0829042595164275	-0.887801267468463	-88.9808958236396	43.1886817566763	0	0	0	0	0	1.5	1.5	1.5	1.5	1.5	1.5
288.269755456398	0.082776177241927	-0.880329324572932	-88.9237098260214	43.1189305507205	0	0	0	0	0	1.5	1.5	1.5	1.5	1.5	1.5
288.359952501284	0.0826480949674264	-0.872868934320063	-88.8660046525748	43.0496082445678	0	0	0	0	0	1.5	1.5	1.5	1.5	1.5	1.5
288.450149546171	0.0825200126929258	-0.865420096709851	-88.8077843158349	42.9807180298817	0	0	0	0	0	1.5	1.5	1.5	1.5	1.5	1.5
288.540346591057	0.0823919304184253	-0.857982811742307	-88.7490528419898	42.9122630564599	0	0	0	0	0	1.5	1.5	1.5	1.5	1.5	1.5
288.630543635943	0.0822638481439248	-0.850557079417424	-88.6898142704601	42.8442464322734	0	0	0	0	0	1.5	1.5	1.5	1.5	1.5	1.5
288.720740680829	0.0821357658694242	-0.843142899735204	-88.6300726534801	42.7766712235099	0	0	0	0	0	1.5	1.5	1.5	1.5	1.5	1.5
288.810937725715	0.0820076835949236	-0.835740272695642	-88.5698320556811	42.7095404546202	0	0	0	0	0	1.5	1.5	1.5	1.5	1.5	1.5
288.901134770602	0.0818546698528629	-0.828349217644273	-88.5090965536855	42.6428571083628	0	0	0	0	0	1.5	1.5	1.5	1.5	1.5	1.5
288.991331815488	0.0802775573842583	-0.821037293755468	-88.447871751655	42.5766227194411	0	0	0	0	0	1.5	1.5	1.5	1.5	1.5	1.5
289.081528860374	0.0787004449156538	-0.813867620750785	-88.3861689636342	42.5108333737493	0	0	0	0	0	1.5	1.5	1.5	1.5	1.5	1.5
289.17172590526	0.0771233324470493	-0.806840198630222	-88.3240007200807	42.4454836765906	0	0	0	0	0	1.5	1.5	1.5	1.5	1.5	1.5
289.261922950147	0.0755462199784447	-0.799955027393781	-88.2613793873049	42.3805680124688	0	0	0	0	0	1.5	1.5	1.5	1.5	1.5	1.5
289.352119995033	0.0739691075098402	-0.793212107041462	-88.198317168337	42.3160805515161	0	0	0	0	0	1.5	1.5	1.5	1.5	1.5	1.5
289.442317039919	0.0723919950412356	-0.786611437573263	-88.13482610396	42.2520152558216	0	0	0	0	0	1.5	1.5	1.5	1.5	1.5	1.5
289.532514084805	0.0708148825726311	-0.780153018989186	-88.0709180739044	42.1883658856601	0	0	0	0	0	1.5	1.5	1.5	1.5	1.5	1.5
289.622711129692	0.0692377701040255	-0.773836851289227	-88.0066047981979	42.1251260056202	0	0	0	0	0	1.5	1.5	1.5	1.5	1.5	1.5
289.712908174578	0.067660657635421	-0.767662934473392	-87.9418978386676	42.0622889906336	0	0	0	0	0	1.5	1.5	1.5	1.5	1.5	1.5
289.803105219464	0.0660835451668165	-0.76163126854168	-87.8768086005872	41.9998480319021	0	0	0	0	0	1.5	1.5	1.5	1.5	1.5	1.5
289.89330226435	0.0645064326982119	-0.755741853494088	-87.8113483344659	41.9377961427272	0	0	0	0	0	1.5	1.5	1.5	1.5	1.5	1.5
289.983499309236	0.0662404715734136	-0.749855814070226	-87.7455254874666	41.8761290020766	0	0	0	0	0	1.5	1.5	1.5	1.5	1.5	1.5
290.073696354123	0.0682237320349592	-0.743791677165998	-87.6793353799175	41.8148562378382	0	0	0	0	0	1.5	1.5	1.5	1.5	1.5	1.5
290.163893399009	0.0702069924965048	-0.7375486560289	-87.6127694872486	41.7539919427595	0	0	0	0	0	1.5	1.5	1.5	1.5	1.5	1.5
290.254090443895	0.0721902529580517	-0.731126750658926	-87.5458195172083	41.6935503969663	0	0	0	0	0	1.5	1.5	1.5	1.5	1.5	1.5
290.344287488781	0.0741735134195973	-0.724525961056085	-87.4784774198338	41.6335460697211	0	0	0	0	0	1.5	1.5	1.5	1.5	1.5	1.5
290.434484533668	0.076156773881143	-0.717746287220373	-87.4107353964403	41.5739936221581	0	0	0	0	0	1.5	1.5	1.5	1.5	1.5	1.5
290.524681578554	0.0781400343426886	-0.71078772915179	-87.3425859087637	41.5149079097776	0	0	0	0	0	1.5	1.5	1.5	1.5	1.5	1.5
290.61487862344	0.0801232948042342	-0.703650286850336	-87.2740216882589	41.4563039846943	0	0	0	0	0	1.5	1.5	1.5	1.5	1.5	1.5
290.705075668326	0.0821065552657799	-0.696333960316011	-87.2050357455532	41.3981970976266	0	0	0	0	0	1.5	1.5	1.5	1.5	1.5	1.5
290.795272713213	0.0840898157273255	-0.688838749548814	-87.1356213800541	41.3406026996197	0	0	0	0	0	1.5	1.5	1.5	1.5	1.5	1.5
290.885469758099	0.0860730761888724	-0.681164654548742	-87.065772189713	41.2835364434919	0	0	0	0	0	1.5	1.5	1.5	1.5	1.5	1.5
290.975666802985	0.0851383672954446	-0.673422686155355	-86.9954838403821	41.2270119869232	0	0	0	0	0	1.5	1.5	1.5	1.5	1.5	1.5
291.065863847871	0.0836625654943728	-0.665810013499516	-86.924763508694	41.1710289332159	0	0	0	0	0	1.5	1.5	1.5	1.5	1.5	1.5
291.156060892757	0.082186763693301	-0.65833045380497	-86.8536227339683	41.1155811275794	0	0	0	0	0	1.5	1.5	1.5	1.5	1.5	1.5
291.246257937644	0.0807109618922292	-0.650984007071719	-86.7820728770391	41.0606622028826	0	0	0	0	0	1.5	1.5	1.5	1.5	1.5	1.5
291.33645498253	0.0792351600911574	-0.643770673299763	-86.7101251100351	41.0062655995556	0	0	0	0	0	1.5	1.5	1.5	1.5	1.5	1.5
291.426652027416	0.0777593582900856	-0.636690452489101	-86.6377904176061	40.9523845714333	0	0	0	0	0	1.5	1.5	1.5	1.5	1.5	1.5
291.516849072302	0.0762835564890138	-0.629743344639733	-86.5650795982917	40.8990121914898	0	0	0	0	0	1.5	1.5	1.5	1.5	1.5	1.5
291.607046117189	0.0748077546879411	-0.622929349751655	-86.4920032660261	40.8461413574632	0	0	0	0	0	1.5	1.5	1.5	1.5	1.5	1.5
291.697243162075	0.0733319528868693	-0.616248467824877	-86.4185718517757	40.7937647973709	0	0	0	0	0	1.5	1.5	1.5	1.5	1.5	1.5
291.787440206961	0.0718561510857975	-0.609700698859393	-86.3447956053048	40.7418750749165	0	0	0	0	0	1.5	1.5	1.5	1.5	1.5	1.5
291.877637251847	0.0703803492847257	-0.603286042855203	-86.2706845970646	40.690464594787	0	0	0	0	0	1.5	1.5	1.5	1.5	1.5	1.5
291.967834296734	0.0669247625693621	-0.59707206167988	-86.1962495858176	40.639524337687	0	0	0	0	0	1.5	1.5	1.5	1.5	1.5	1.5
292.05803134162	0.0628326056609729	-0.591220196096581	-86.1215084508446	40.5890342749874	0	0	0	0	0	1.5	1.5	1.5	1.5	1.5	1.5
292.148228386506	0.0587404487525864	-0.585737430973634	-86.0464823614997	40.5389685937041	0	0	0	0	0	1.5	1.5	1.5	1.5	1.5	1.5
292.238425431392	0.0546482918441998	-0.580623766311034	-85.9711920554172	40.489301109508	0	0	0	0	0	1.5	1.5	1.5	1.5	1.5	1.5
292.328622476278	0.0505561349358132	-0.57587920210878	-85.8956578367924	40.4400053342331	0	0	0	0	0	1.5	1.5	1.5	1.5	1.5	1.5
292.418819521165	0.0464639780274267	-0.571503738366874	-85.8198996042145	40.3910545005115	0	0	0	0	0	1.5	1.5	1.5	1.5	1.5	1.5
292.509016566051	0.0423718211190401	-0.567497375085316	-85.7439368790333	40.3424215856715	0	0	0	0	0	1.5	1.5	1.5	1.5	1.5	1.5
292.599213610937	0.0382796642106536	-0.563860112264104	-85.6677888342093	40.2940793349483	0	0	0	0	0	1.5	1.5	1.5	1.5	1.5	1.5
292.689410655823	0.034187507302267	-0.56059194990324	-85.5914743236032	40.2460002840589	0	0	0	0	0	1.5	1.5	1.5	1.5	1.5	1.5
292.77960770071	0.0300953503938804	-0.557692888002723	-85.5150119116596	40.1981567811929	0	0	0	0	0	1.5	1.5	1.5	1.5	1.5	1.5
292.869804745596	0.0260031934854939	-0.555162926562553	-85.438419903443	40.1505210084733	0	0	0	0	0	1.5	1.5	1.5	1.5	1.5	1.5
292.960001790482	0.0239474036181768	-0.552940583741589	-85.3617157246554	40.1030660557881	0	0	0	0	0	1.5	1.5	1.5	1.5	1.5	1.5
293.050198835368	0.0228970250812399	-0.550827969222552	-85.284909143378	40.055777019503	0	0	0	0	0	1.5	1.5	1.5	1.5	1.5	1.5
293.140395880255	0.0218466465443036	-0.54881009574356	-85.2080050613167	40.0086467075171	0	0	0	0	0	1.5	1.5	1.5	1.5	1.5	1.5
293.230592925141	0.0207962680073673	-0.546886963304612	-85.1310082570031	39.9616680259242	0	0	0	0	0	1.5	1.5	1.5	1.5	1.5	1.5
293.320789970027	0.0197458894704304	-0.545058571905706	-85.0539234662335	39.9148338538732	0	0	0	0	0	1.5	1.5	1.5	1.5	1.5	1.5
293.410987014913	0.0186955109334941	-0.543324921546845	-84.9767553840425	39.8681370449947	0	0	0	0	0	1.5	1.5	1.5	1.5	1.5	1.5
293.5011840598	0.0176451323965578	-0.541686012228028	-84.8995086666883	39.8215704288078	0	0	0	0	0	1.5	1.5	1.5	1.5	1.5	1.5
293.591381104686	0.0165947538596215	-0.540141843949254	-84.8221879336503	39.7751268121097	0	0	0	0	0	1.5	1.5	1.5	1.5	1.5	1.5
293.681578149572	0.0155443753226852	-0.538692416710523	-84.744797769637	39.7287989803471	0	0	0	0	0	1.5	1.5	1.5	1.5	1.5	1.5
293.771775194458	0.0144939967857489	-0.537337730511837	-84.6673427266053	39.6825796989714	0	0	0	0	0	1.5	1.5	1.5	1.5	1.5	1.5
293.861972239344	0.0134436182488126	-0.536077785353193	-84.5898273257877	39.6364617147792	0	0	0	0	0	1.5	1.5	1.5	1.5	1.5	1.5
293.952169284231	0.0114946556402294	-0.534936244373389	-84.5122562715619	39.590437399876	0	0	0	0	0	1.5	1.5	1.5	1.5	1.5	1.5
294.042366329117	0.00890538775255083	-0.534016232558599	-84.4346376168203	39.5444934038824	0	0	0	0	0	1.5	1.5	1.5	1.5	1.5	1.5
294.132563374003	0.00631611986487228	-0.533329765055697	-84.3569820818686	39.498611768368	0	0	0	0	0	1.5	1.5	1.5	1.5	1.5	1.5
294.222760418889	0.00372685197719373	-0.532876841864682	-84.2793004201044	39.4527743797854	0	0	0	0	0	1.5	1.5	1.5	1.5	1.5	1.5
294.312957463776	0.00113758408951517	-0.532657462985554	-84.2016033539356	39.4069631062634	0	0	0	0	0	1.5	1.5	1.5	1.5	1.5	1.5
294.403154508662	-0.00145168379816502	-0.532671628418314	-84.1239015874758	39.3611598051324	0	0	0	0	0	1.5	1.5	1.5	1.5	1.5	1.5
294.493351553548	-0.00404095168584357	-0.532919338162962	-84.0462058192539	39.3153463304289	0	0	0	0	0	1.5	1.5	1.5	1.5	1.5	1.5
294.583548598434	-0.00663021957352375	-0.533400592219497	-83.9685267549258	39.269504540393	0	0	0	0	0	1.5	1.5	1.5	1.5	1.5	1.5
294.673745643321	-0.00921948746120231	-0.534115390587919	-83.8908751199824	39.2236163049746	0	0	0	0	0	1.5	1.5	1.5	1.5	1.5	1.5
294.763942688207	-0.0118087553488809	-0.535063733268229	-83.8132616724431	39.1776635133628	0	0	0	0	0	1.5	1.5	1.5	1.5	1.5	1.5
294.854139733093	-0.0143980232365594	-0.536245620260426	-83.7356972155275	39.1316280815524	0	0	0	0	0	1.5	1.5	1.5	1.5	1.5	1.5
294.944336777979	-0.0144098659986821	-0.537603238599449	-83.6581921677043	39.085492702596	0	0	0	0	0	1.5	1.5	1.5	1.5	1.5	1.5
295.034533822865	-0.0118169933643979	-0.538786031205047	-83.5807466897982	39.0392573923988	0	0	0	0	0	1.5	1.5	1.5	1.5	1.5	1.5
295.124730867752	-0.0092241207301137	-0.539734954361266	-83.503350534536	38.992939561645	0	0	0	0	0	1.5	1.5	1.5	1.5	1.5	1.5
295.214927912638	-0.00663124809582952	-0.540450008068107	-83.4259929407013	38.9465573534715	0	0	0	0	0	1.5	1.5	1.5	1.5	1.5	1.5
295.305124957524	-0.00403837546154534	-0.540931192325569	-83.3486631018798	38.9001288840108	0	0	0	0	0	1.5	1.5	1.5	1.5	1.5	1.5
295.39532200241	-0.00144550282726116	-0.541178507133652	-83.2713501791874	38.8536722499432	0	0	0	0	0	1.5	1.5	1.5	1.5	1.5	1.5
295.485519047297	0.00114736980702302	-0.541191952492356	-83.1940433139756	38.8072055360872	0	0	0	0	0	1.5	1.5	1.5	1.5	1.5	1.5
295.575716092183	0.00374024244130719	-0.540971528401681	-83.1167316405228	38.7607468230122	0	0	0	0	0	1.5	1.5	1.5	1.5	1.5	1.5
295.665913137069	0.00633311507559137	-0.540517234861628	-83.0394042987219	38.7143141946602	0	0	0	0	0	1.5	1.5	1.5	1.5	1.5	1.5
295.756110181955	0.00892598770987719	-0.539829071872195	-82.9620504467698	38.6679257459611	0	0	0	0	0	1.5	1.5	1.5	1.5	1.5	1.5
295.846307226842	0.0115188603441614	-0.538907039433384	-82.8846592738718	38.6215995904256	0	0	0	0	0	1.5	1.5	1.5	1.5	1.5	1.5
295.936504271728	0.0119317827242826	-0.537791497386262	-82.8072202681822	38.5753534398954	0	0	0	0	0	1.5	1.5	1.5	1.5	1.5	1.5
296.026701316614	0.00921451460969623	-0.536837830621356	-82.7297322903396	38.5291893891762	0	0	0	0	0	1.5	1.5	1.5	1.5	1.5	1.5
296.1168983615	0.00649724649511159	-0.53612925341055	-82.6522059699908	38.4830897555734	0	0	0	0	0	1.5	1.5	1.5	1.5	1.5	1.5
296.207095406386	0.00377997838052696	-0.535665765753843	-82.5746526461474	38.4370355622711	0	0	0	0	0	1.5	1.5	1.5	1.5	1.5	1.5
296.297292451273	0.00106271026594233	-0.535447367651235	-82.4970836244223	38.391007812578	0	0	0	0	0	1.5	1.5	1.5	1.5	1.5	1.5
296.387489496159	-0.0016545578486423	-0.535474059102726	-82.4195101909889	38.3449874982549	0	0	0	0	0	1.5	1.5	1.5	1.5	1.5	1.5
296.477686541045	-0.00437182596322694	-0.535745840108317	-82.3419436265538	38.298955607818	0	0	0	0	0	1.5	1.5	1.5	1.5	1.5	1.5
296.567883585931	-0.00708909407781157	-0.536262710668006	-82.2643952203346	38.2528931348355	0	0	0	0	0	1.5	1.5	1.5	1.5	1.5	1.5
296.658080630818	-0.00980636219239621	-0.537024670781795	-82.1868762840303	38.2067810862347	0	0	0	0	0	1.5	1.5	1.5	1.5	1.5	1.5
296.748277675704	-0.0125236303069808	-0.538031720449683	-82.1093981657762	38.1606004906366	0	0	0	0	0	1.5	1.5	1.5	1.5	1.5	1.5
296.83847472059	-0.0152408984215655	-0.539283859671669	-82.031972264072	38.1143324067355	0	0	0	0	0	1.5	1.5	1.5	1.5	1.5	1.5
296.928671765476	-0.0158598714894964	-0.540750458451348	-81.9546098882535	38.0679581873087	0	0	0	0	0	1.5	1.5	1.5	1.5	1.5	1.5
297.018868810363	-0.0120945507476124	-0.542011161589993	-81.8773125272407	38.0214756765349	0	0	0	0	0	1.5	1.5	1.5	1.5	1.5	1.5
297.109065855249	-0.00832923000572837	-0.542932243924671	-81.80006591726	37.9749088688687	0	0	0	0	0	1.5	1.5	1.5	1.5	1.5	1.5
297.199262900135	-0.00456390926384436	-0.543513705455382	-81.7228543117693	37.928284040148	0	0	0	0	0	1.5	1.5	1.5	1.5	1.5	1.5
297.289459945021	-0.000798588521960353	-0.543755546182126	-81.6456619050841	37.8816274305906	0	0	0	0	0	1.5	1.5	1.5	1.5	1.5	1.5
297.379656989908	0.00296673221992603	-0.543657766104903	-81.5684728591325	37.8349652608649	0	0	0	0	0	1.5	1.5	1.5	1.5	1.5	1.5
297.469854034794	0.00673205296181004	-0.543220365223714	-81.4912713301769	37.7883237482166	0	0	0	0	0	1.5	1.5	1.5	1.5	1.5	1.5
297.56005107968	0.010497373703694	-0.542443343538557	-81.4140414955298	37.7417291226041	0	0	0	0	0	1.5	1.5	1.5	1.5	1.5	1.5
297.650248124566	0.0142626944455781	-0.541326701049435	-81.3367675802914	37.6952076427987	0	0	0	0	0	1.5	1.5	1.5	1.5	1.5	1.5
297.740445169452	0.0180280151874621	-0.539870437756345	-81.2594338841356	37.6487856124033	0	0	0	0	0	1.5	1.5	1.5	1.5	1.5	1.5
297.830642214339	0.0217933359293461	-0.538074553659288	-81.1820248081726	37.6024893957446	0	0	0	0	0	1.5	1.5	1.5	1.5	1.5	1.5
297.920839259225	0.0241876461551137	-0.535953695779441	-81.1045249351971	37.5563453439075	0	0	0	0	0	1.5	1.5	1.5	1.5	1.5	1.5
298.011036304111	0.0221654192971236	-0.533863241016837	-81.0269263534296	37.5103674791156	0	0	0	0	0	1.5	1.5	1.5	1.5	1.5	1.5
298.101233348997	0.0201431924391335	-0.531955185140912	-80.9492360029533	37.4645448440925	0	0	0	0	0	1.5	1.5	1.5	1.5	1.5	1.5
298.191430393884	0.018120965581142	-0.530229528151667	-80.8714625254523	37.4188634355726	0	0	0	0	0	1.5	1.5	1.5	1.5	1.5	1.5
298.28162743877	0.0160987387231519	-0.528686270049103	-80.7936144856117	37.3733092043294	0	0	0	0	0	1.5	1.5	1.5	1.5	1.5	1.5
298.371824483656	0.0140765118651617	-0.527325410833219	-80.7157003787291	37.3278680599889	0	0	0	0	0	1.5	1.5	1.5	1.5	1.5	1.5
298.462021528542	0.0120542850071716	-0.526146950504016	-80.6377286383645	37.2825258757803	0	0	0	0	0	1.5	1.5	1.5	1.5	1.5	1.5
298.552218573428	0.0100320581491814	-0.525150889061493	-80.5597076440233	37.2372684932308	0	0	0	0	0	1.5	1.5	1.5	1.5	1.5	1.5
298.642415618315	0.0080098312911913	-0.52433722650565	-80.4816457288693	37.192081726811	0	0	0	0	0	1.5	1.5	1.5	1.5	1.5	1.5
298.732612663201	0.00598760443320116	-0.523705962836488	-80.403551187461	37.1469513685376	0	0	0	0	0	1.5	1.5	1.5	1.5	1.5	1.5
298.822809708087	0.00396537757520974	-0.523257098054005	-80.3254322835094	37.1018631925415	0	0	0	0	0	1.5	1.5	1.5	1.5	1.5	1.5
298.913006752973	0.0023346608366994	-0.522987982013924	-80.2472972516789	37.0568029699688	0	0	0	0	0	1.5	1.5	1.5	1.5	1.5	1.5
299.00320379786	0.00292086152906652	-0.522750965720561	-80.1691516484497	37.0117610831962	0	0	0	0	0	1.5	1.5	1.5	1.5	1.5	1.5
299.093400842746	0.00350706222143364	-0.522461075857036	-80.0909941815996	36.9667397857384	0	0	0	0	0	1.5	1.5	1.5	1.5	1.5	1.5
299.183597887632	0.00409326291380076	-0.52211831242335	-80.0128224773329	36.921743213885	0	0	0	0	0	1.5	1.5	1.5	1.5	1.5	1.5
299.273794932518	0.00467946360616789	-0.521722675419502	-79.9346341657773	36.8767755061811	0	0	0	0	0	1.5	1.5	1.5	1.5	1.5	1.5
299.363991977405	0.00526566429853538	-0.521274164845492	-79.8564268816414	36.8318408038021	0	0	0	0	0	1.5	1.5	1.5	1.5	1.5	1.5
299.454189022291	0.0058518649909025	-0.52077278070132	-79.7781982648726	36.7869432509268	0	0	0	0	0	1.5	1.5	1.5	1.5	1.5	1.5
299.544386067177	0.00643806568326962	-0.520218522986987	-79.6999459613159	36.7420869951093	0	0	0	0	0	1.5	1.5	1.5	1.5	1.5	1.5
299.634583112063	0.00702426637563674	-0.519611391702491	-79.6216676233735	36.6972761876489	0	0	0	0	0	1.5	1.5	1.5	1.5	1.5	1.5
299.72478015695	0.00761046706800386	-0.518951386847834	-79.5433609106656	36.6525149839594	0	0	0	0	0	1.5	1.5	1.5	1.5	1.5	1.5
299.814977201836	0.00819666776037099	-0.518238508423016	-79.4650234906921	36.6078075439349	0	0	0	0	0	1.5	1.5	1.5	1.5	1.5	1.5
299.905174246722	0.0087703726345126	-0.517472792080682	-79.3866530395292	36.5631580322561	0	0	0	0	0	1.5	1.5	1.5	1.5	1.5	1.5
299.995371291608	0.00915905839528701	-0.516664201232992	-79.3082474014122	36.5185703391737	0	0	0	0	0	1.5	1.5	1.5	1.5	1.5	1.5
300.085568336494	0.00954774415606143	-0.515820552078291	-79.2298049554586	36.4740474338724	0	0	0	0	0	1.5	1.5	1.5	1.5	1.5	1.5
300.175765381381	0.00993642991683609	-0.514941844616579	-79.1513241966344	36.429592098117	0	0	0	0	0	1.5	1.5	1.5	1.5	1.5	1.5
300.265962426267	0.0103251156776105	-0.514028078847856	-79.0728036270411	36.3852071176524	0	0	0	0	0	1.5	1.5	1.5	1.5	1.5	1.5
300.356159471153	0.0107138014383849	-0.513079254772121	-78.9942417562113	36.3408952823532	0	0	0	0	0	1.5	1.5	1.5	1.5	1.5	1.5
300.446356516039	0.0111024871991593	-0.512095372389375	-78.9156371014071	36.2966593863747	0	0	0	0	0	1.5	1.5	1.5	1.5	1.5	1.5
300.536553560926	0.0114911729599338	-0.511076431699618	-78.8369881879171	36.2525022283008	0	0	0	0	0	1.5	1.5	1.5	1.5	1.5	1.5
300.626750605812	0.0118798587207084	-0.51002243270285	-78.758293549356	36.2084266112912	0	0	0	0	0	1.5	1.5	1.5	1.5	1.5	1.5
300.716947650698	0.0122685444814828	-0.50893337539907	-78.6795517279636	36.1644353432268	0	0	0	0	0	1.5	1.5	1.5	1.5	1.5	1.5
300.807144695584	0.0126572302422573	-0.50780925978828	-78.6007612749054	36.1205312368542	0	0	0	0	0	1.5	1.5	1.5	1.5	1.5	1.5
300.897341740471	0.0130459160030317	-0.506650085870478	-78.5219207505737	36.0767171099276	0	0	0	0	0	1.5	1.5	1.5	1.5	1.5	1.5
300.987538785357	0.012874565964167	-0.505480521193845	-78.443029075813	36.0329951516884	0	0	0	0	0	1.5	1.5	1.5	1.5	1.5	1.5
301.077735830243	0.0126898382326611	-0.50432760433743	-78.3640866821058	35.9893648356132	0	0	0	0	0	1.5	1.5	1.5	1.5	1.5	1.5
301.167932875129	0.0125051105011553	-0.503191349376505	-78.2850944013493	35.94582490438	0	0	0	0	0	1.5	1.5	1.5	1.5	1.5	1.5
301.258129920015	0.0123203827696494	-0.50207175631107	-78.2060530609929	35.9023740980462	0	0	0	0	0	1.5	1.5	1.5	1.5	1.5	1.5
301.348326964902	0.0121356550381435	-0.500968825141126	-78.1269634840935	35.8590111541035	0	0	0	0	0	1.5	1.5	1.5	1.5	1.5	1.5
301.438524009788	0.0119509273066377	-0.499882555866672	-78.0478264893759	35.8157348075238	0	0	0	0	0	1.5	1.5	1.5	1.5	1.5	1.5
301.528721054674	0.0117661995751317	-0.498812948487708	-77.9686428912928	35.7725437908051	0	0	0	0	0	1.5	1.5	1.5	1.5	1.5	1.5
301.61891809956	0.0115814718436258	-0.497760003004234	-77.889413500086	35.7294368340167	0	0	0	0	0	1.5	1.5	1.5	1.5	1.5	1.5
301.709115144447	0.01139674411212	-0.496723719416251	-77.8101391218471	35.6864126648441	0	0	0	0	0	1.5	1.5	1.5	1.5	1.5	1.5
301.799312189333	0.011212016380614	-0.495704097723758	-77.7308205585785	35.6434700086337	0	0	0	0	0	1.5	1.5	1.5	1.5	1.5	1.5
301.889509234219	0.0110272886491081	-0.494701137926756	-77.6514586082551	35.6006075884374	0	0	0	0	0	1.5	1.5	1.5	1.5	1.5	1.5
301.979706279105	0.00956748489413028	-0.493766011519933	-77.5720547139743	35.557822919625	0	0	0	0	0	1.5	1.5	1.5	1.5	1.5	1.5
302.069903323992	0.00794988854999766	-0.492976003860518	-77.4926139282512	35.5151067862965	0	0	0	0	0	1.5	1.5	1.5	1.5	1.5	1.5
302.160100368878	0.00633229220586505	-0.492331898611163	-77.4131425323818	35.4724476271011	0	0	0	0	0	1.5	1.5	1.5	1.5	1.5	1.5
302.250297413764	0.00471469586173243	-0.491833695771868	-77.3336467839728	35.4298338649744	0	0	0	0	0	1.5	1.5	1.5	1.5	1.5	1.5
302.34049445865	0.00309709951759982	-0.491481395342632	-77.2541329207692	35.3872539121766	0	0	0	0	0	1.5	1.5	1.5	1.5	1.5	1.5
302.430691503536	0.0014795031734672	-0.491274997323456	-77.1746071657213	35.3446961730314	0	0	0	0	0	1.5	1.5	1.5	1.5	1.5	1.5
302.520888548423	-0.000138093170665415	-0.491214501714339	-77.0950757320578	35.3021490466547	0	0	0	0	0	1.5	1.5	1.5	1.5	1.5	1.5
302.611085593309	-0.00175568951479803	-0.491299908515282	-77.0155448283623	35.2596009296763	0	0	0	0	0	1.5	1.5	1.5	1.5	1.5	1.5
302.701282638195	-0.00337328585893065	-0.491531217726284	-76.9360206636521	35.2170402189581	0	0	0	0	0	1.5	1.5	1.5	1.5	1.5	1.5
302.791479683081	-0.00499088220306326	-0.491908429347346	-76.8565094524564	35.1744553143124	0	0	0	0	0	1.5	1.5	1.5	1.5	1.5	1.5
302.881676727968	-0.00660847854719588	-0.492431543378467	-76.7770174198924	35.1318346212245	0	0	0	0	0	1.5	1.5	1.5	1.5	1.5	1.5
302.971873772854	-0.00672010093085223	-0.493046016716583	-76.6975501835311	35.0891677137484	0	0	0	0	0	1.5	1.5	1.5	1.5	1.5	1.5
303.06207081774	-0.00646245495094081	-0.493640530508875	-76.6181088143144	35.0464526634319	0	0	0	0	0	1.5	1.5	1.5	1.5	1.5	1.5
303.152267862626	-0.00620480897102923	-0.494211805395153	-76.5386923568633	35.0036913144018	0	0	0	0	0	1.5	1.5	1.5	1.5	1.5	1.5
303.242464907513	-0.00594716299111781	-0.494759841375416	-76.4592998433834	34.9608855261724	0	0	0	0	0	1.5	1.5	1.5	1.5	1.5	1.5
303.332661952399	-0.00568951701120639	-0.495284638449665	-76.3799303029746	34.9180371566028	0	0	0	0	0	1.5	1.5	1.5	1.5	1.5	1.5
303.422858997285	-0.00543187103129498	-0.495786196617898	-76.3005827617614	34.8751480619625	0	0	0	0	0	1.5	1.5	1.5	1.5	1.5	1.5
303.513056042171	-0.00517422505138356	-0.496264515880116	-76.2212562430232	34.8322200969981	0	0	0	0	0	1.5	1.5	1.5	1.5	1.5	1.5
303.603253087058	-0.00491657907147214	-0.49671959623632	-76.1419497673248	34.7892551150002	0	0	0	0	0	1.5	1.5	1.5	1.5	1.5	1.5
303.693450131944	-0.00465893309156072	-0.497151437686509	-76.0626623526454	34.7462549678698	0	0	0	0	0	1.5	1.5	1.5	1.5	1.5	1.5
303.78364717683	-0.0044012871116493	-0.497560040230683	-75.9833930145093	34.7032215061862	0	0	0	0	0	1.5	1.5	1.5	1.5	1.5	1.5
303.873844221716	-0.00414364113173789	-0.497945403868842	-75.9041407661146	34.6601565792745	0	0	0	0	0	1.5	1.5	1.5	1.5	1.5	1.5
303.964041266602	-0.0073857354376951	-0.498420595087572	-75.8249057822952	34.6170598961468	0	0	0	0	0	1.5	1.5	1.5	1.5	1.5	1.5
304.054238311489	-0.0120134885763664	-0.499295471427149	-75.7456995999573	34.5739103067539	0	0	0	0	0	1.5	1.5	1.5	1.5	1.5	1.5
304.144435356375	-0.0166412417150378	-0.500587757424297	-75.6665402231762	34.5306749180118	0	0	0	0	0	1.5	1.5	1.5	1.5	1.5	1.5
304.234632401261	-0.0212689948537121	-0.502297453079018	-75.5874458355941	34.4873207627836	0	0	0	0	0	1.5	1.5	1.5	1.5	1.5	1.5
304.324829446147	-0.0258967479923834	-0.504424558391308	-75.5084347694097	34.4438149556177	0	0	0	0	0	1.5	1.5	1.5	1.5	1.5	1.5
304.415026491034	-0.0305245011310547	-0.50696907336117	-75.4295255463921	34.4001247160037	0	0	0	0	0	1.5	1.5	1.5	1.5	1.5	1.5
304.50522353592	-0.0351522542697261	-0.509930997988603	-75.3507369186751	34.3562173920249	0	0	0	0	0	1.5	1.5	1.5	1.5	1.5	1.5
304.595420580806	-0.0397800074084004	-0.513310332273609	-75.27208790928	34.3120604844885	0	0	0	0	0	1.5	1.5	1.5	1.5	1.5	1.5
304.685617625692	-0.0444077605470717	-0.517107076216185	-75.1935978523164	34.2676216716202	0	0	0	0	0	1.5	1.5	1.5	1.5	1.5	1.5
304.775814670579	-0.0490355136857431	-0.521321229816331	-75.1152864328075	34.222868834405	0	0	0	0	0	1.5	1.5	1.5	1.5	1.5	1.5
304.866011715465	-0.0536632668244144	-0.525952793074049	-75.0371737260838	34.1777700826551	0	0	0	0	0	1.5	1.5	1.5	1.5	1.5	1.5
304.956208760351	-0.0608898904609412	-0.531075562907872	-74.9592809431723	34.1322925766787	0	0	0	0	0	1.5	1.5	1.5	1.5	1.5	1.5
305.046405805237	-0.0696452033017518	-0.536962502763543	-74.881639272477	34.0863877362429	0	0	0	0	0	1.5	1.5	1.5	1.5	1.5	1.5
305.136602850123	-0.0784005161425624	-0.543639145964509	-74.8042875283995	34.0399960951248	0	0	0	0	0	1.5	1.5	1.5	1.5	1.5	1.5
305.22679989501	-0.087155828983373	-0.55110549251077	-74.7272658097021	33.9930586478742	0	0	0	0	0	1.5	1.5	1.5	1.5	1.5	1.5
305.316996939896	-0.0959111418241835	-0.559361542402328	-74.650615491333	33.9455171987808	0	0	0	0	0	1.5	1.5	1.5	1.5	1.5	1.5
305.407193984782	-0.104666454664994	-0.56840729563918	-74.5743793557953	33.8973144699871	0	0	0	0	0	1.5	1.5	1.5	1.5	1.5	1.5
305.497391029668	-0.11342176750581	-0.578242752221335	-74.4986017207424	33.8483942150614	0	0	0	0	0	1.5	1.5	1.5	1.5	1.5	1.5
305.587588074555	-0.122177080346621	-0.588867912148779	-74.4233285623028	33.7987013385047	0	0	0	0	0	1.5	1.5	1.5	1.5	1.5	1.5
305.677785119441	-0.130932393187431	-0.600282775421519	-74.3486076336079	33.7481820216341	0	0	0	0	0	1.5	1.5	1.5	1.5	1.5	1.5
305.767982164327	-0.139687706028242	-0.612487342039554	-74.274488577959	33.6967838552619	0	0	0	0	0	1.5	1.5	1.5	1.5	1.5	1.5
305.858179209213	-0.148443018869052	-0.625481612002885	-74.2010230360368	33.6444559795569	0	0	0	0	0	1.5	1.5	1.5	1.5	1.5	1.5
305.9483762541	-0.154068175837808	-0.639189095006038	-74.1282640050139	33.5911502329146	0	0	0	0	0	1.5	1.5	1.5	1.5	1.5	1.5
306.038573298986	-0.157046681825443	-0.65321991539675	-74.0562523103867	33.536839190966	0	0	0	0	0	1.5	1.5	1.5	1.5	1.5	1.5
306.128770343872	-0.160025187813077	-0.667519388225722	-73.9850171609964	33.4815135931646	0	0	0	0	0	1.5	1.5	1.5	1.5	1.5	1.5
306.218967388758	-0.163003693800711	-0.682087513492955	-73.9145879854405	33.4251656184582	0	0	0	0	0	1.5	1.5	1.5	1.5	1.5	1.5
306.309164433644	-0.165982199788346	-0.696924291198448	-73.8449948682308	33.3677883084441	0	0	0	0	0	1.5	1.5	1.5	1.5	1.5	1.5
306.399361478531	-0.16896070577598	-0.712029721342202	-73.7762685425835	33.3093756011196	0	0	0	0	0	1.5	1.5	1.5	1.5	1.5	1.5
306.489558523417	-0.171939211763614	-0.727403803924217	-73.7084403817445	33.2499223652123	0	0	0	0	0	1.5	1.5	1.5	1.5	1.5	1.5
306.579755568303	-0.174917717751249	-0.743046538944492	-73.6415423887974	33.1894244350565	0	0	0	0	0	1.5	1.5	1.5	1.5	1.5	1.5
306.669952613189	-0.177896223738885	-0.758957926403037	-73.5756071848976	33.1278786459792	0	0	0	0	0	1.5	1.5	1.5	1.5	1.5	1.5
306.760149658076	-0.180874729726519	-0.775137966299834	-73.5106679958785	33.0652828701543	0	0	0	0	0	1.5	1.5	1.5	1.5	1.5	1.5
306.850346702962	-0.183853235714153	-0.791586658634891	-73.4467586371739	33.0016360528827	0	0	0	0	0	1.5	1.5	1.5	1.5	1.5	1.5
306.940543747848	-0.184857924197036	-0.808263408696385	-73.3839130952615	32.9369386344802	0	0	0	0	0	1.5	1.5	1.5	1.5	1.5	1.5
307.030740792734	-0.183508234945353	-0.824876178191752	-73.3221542854464	32.8712030336835	0	0	0	0	0	1.5	1.5	1.5	1.5	1.5	1.5
307.120937837621	-0.182158545693671	-0.841367209705101	-73.2614919245841	32.8044542471133	0	0	0	0	0	1.5	1.5	1.5	1.5	1.5	1.5
307.211134882507	-0.180808856441989	-0.857736503236434	-73.2019343855898	32.7367178108698	0	0	0	0	0	1.5	1.5	1.5	1.5	1.5	1.5
307.301331927393	-0.179459167190305	-0.873984058785761	-73.1434893824446	32.6680191242353	0	0	0	0	0	1.5	1.5	1.5	1.5	1.5	1.5
307.391528972279	-0.178109477938623	-0.890109876353061	-73.0861639818209	32.5983834361644	0	0	0	0	0	1.5	1.5	1.5	1.5	1.5	1.5
307.481726017165	-0.176759788686941	-0.906113955938345	-73.0299646148516	32.5278358322803	0	0	0	0	0	1.5	1.5	1.5	1.5	1.5	1.5
307.571923062052	-0.175410099435258	-0.921996297541612	-72.9748970890261	32.4564012223729	0	0	0	0	0	1.5	1.5	1.5	1.5	1.5	1.5
307.662120106938	-0.174060410183576	-0.937756901162863	-72.9209666001975	32.3841043283909	0	0	0	0	0	1.5	1.5	1.5	1.5	1.5	1.5
307.752317151824	-0.172710720931894	-0.953395766802098	-72.8681777446859	32.3109696729261	0	0	0	0	0	1.5	1.5	1.5	1.5	1.5	1.5
307.84251419671	-0.171361031680211	-0.968912894459316	-72.8165345314627	32.2370215681799	0	0	0	0	0	1.5	1.5	1.5	1.5	1.5	1.5
307.932711241597	-0.165731825481629	-0.984236882499381	-72.766039733556	32.162284545903	0	0	0	0	0	1.5	1.5	1.5	1.5	1.5	1.5
308.022908286483	-0.152814525727548	-0.998602852268559	-72.7166644005901	32.086803134493	0	0	0	0	0	1.5	1.5	1.5	1.5	1.5	1.5
308.113105331369	-0.139897225973467	-1.01180371977201	-72.6683340520455	32.0106482517998	0	0	0	0	0	1.5	1.5	1.5	1.5	1.5	1.5
308.203302376255	-0.126979926219387	-1.02383948500973	-72.6209684139445	31.9338895063063	0	0	0	0	0	1.5	1.5	1.5	1.5	1.5	1.5
308.293499421142	-0.114062626465306	-1.03471014798173	-72.5744849458624	31.8565932323278	0	0	0	0	0	1.5	1.5	1.5	1.5	1.5	1.5
308.383696466028	-0.101145326711225	-1.044415708688	-72.5287991108303	31.7788227526702	0	0	0	0	0	1.5	1.5	1.5	1.5	1.5	1.5
308.473893510914	-0.0882280269571445	-1.05295616712854	-72.483824628134	31.700638653601	0	0	0	0	0	1.5	1.5	1.5	1.5	1.5	1.5
308.5640905558	-0.0753107272030638	-1.06033152330335	-72.439473710485	31.6220990704823	0	0	0	0	0	1.5	1.5	1.5	1.5	1.5	1.5
308.654287600686	-0.0623934274489832	-1.06654177721244	-72.3956572871299	31.5432599825357	0	0	0	0	0	1.5	1.5	1.5	1.5	1.5	1.5
308.744484645573	-0.0494761276948943	-1.0715869288558	-72.3522852145404	31.4641755153268	0	0	0	0	0	1.5	1.5	1.5	1.5	1.5	1.5
308.834681690459	-0.0365588279408137	-1.07546697823342	-72.3092664763952	31.3848982496528	0	0	0	0	0	1.5	1.5	1.5	1.5	1.5	1.5
308.924878735345	-0.0238214700228328	-1.07818420616506	-72.2665093915927	31.3054795264887	0	0	0	0	0	1.5	1.5	1.5	1.5	1.5	1.5
309.015075780231	-0.011544399717106	-1.07977915463525	-72.2239233222933	31.2259689493976	0	0	0	0	0	1.5	1.5	1.5	1.5	1.5	1.5
309.105272825118	0.000732670588628508	-1.080266747644	-72.1814200640189	31.146414064147	0	0	0	0	0	1.5	1.5	1.5	1.5	1.5	1.5
309.195469870004	0.0130097408943553	-1.07964698519131	-72.1389115487342	31.0668619883713	0	0	0	0	0	1.5	1.5	1.5	1.5	1.5	1.5
309.28566691489	0.025286811200082	-1.07791986727719	-72.0963097177482	30.9873598571628	0	0	0	0	0	1.5	1.5	1.5	1.5	1.5	1.5
309.375863959776	0.0375638815058088	-1.07508539390162	-72.0535266786179	30.9079551154389	0	0	0	0	0	1.5	1.5	1.5	1.5	1.5	1.5
309.466061004663	0.0498409518115356	-1.07114356506463	-72.0104748637654	30.8286958093851	0	0	0	0	0	1.5	1.5	1.5	1.5	1.5	1.5
309.556258049549	0.0621180221172623	-1.06609438076619	-71.9670671924195	30.749630876092	0	0	0	0	0	1.5	1.5	1.5	1.5	1.5	1.5
309.646455094435	0.0743950924229891	-1.05993784100632	-71.9232172374785	30.6708104304743	0	0	0	0	0	1.5	1.5	1.5	1.5	1.5	1.5
309.736652139321	0.0866721627287159	-1.05267394578501	-71.8788393988677	30.5922860485237	0	0	0	0	0	1.5	1.5	1.5	1.5	1.5	1.5
309.826849184208	0.0989492330344426	-1.04430269510226	-71.8338490849401	30.5141110458997	0	0	0	0	0	1.5	1.5	1.5	1.5	1.5	1.5
309.917046229094	0.110032186601482	-1.03483454491579	-71.7881629559199	30.43634071965	0	0	0	0	0	1.5	1.5	1.5	1.5	1.5	1.5
310.00724327398	0.116159016848846	-1.02463365585055	-71.7417110200814	30.3590254300061	0	0	0	0	0	1.5	1.5	1.5	1.5	1.5	1.5
310.097440318866	0.122285847096213	-1.01388014480247	-71.6944516236401	30.2822010982273	0	0	0	0	0	1.5	1.5	1.5	1.5	1.5	1.5
310.187637363752	0.128412677343577	-1.00257401177157	-71.6463477847953	30.2059027304272	0	0	0	0	0	1.5	1.5	1.5	1.5	1.5	1.5
310.277834408639	0.134539507590941	-0.990715256757834	-71.5973634968654	30.1301666683578	0	0	0	0	0	1.5	1.5	1.5	1.5	1.5	1.5
310.368031453525	0.140666337838308	-0.978303879761259	-71.5474638039314	30.0550306376264	0	0	0	0	0	1.5	1.5	1.5	1.5	1.5	1.5
310.458228498411	0.146793168085672	-0.965339880781861	-71.496614880079	29.9805337926926	0	0	0	0	0	1.5	1.5	1.5	1.5	1.5	1.5
310.548425543297	0.152919998333036	-0.95182325981963	-71.4447841123217	29.9067167583796	0	0	0	0	0	1.5	1.5	1.5	1.5	1.5	1.5
310.638622588184	0.159046828580399	-0.937754016874568	-71.3919401872761	29.8336216676293	0	0	0	0	0	1.5	1.5	1.5	1.5	1.5	1.5
310.72881963307	0.165173658827763	-0.923132151946675	-71.3380531816422	29.7612921952082	0	0	0	0	0	1.5	1.5	1.5	1.5	1.5	1.5
310.819016677956	0.171300489075127	-0.907957665035949	-71.2830946565255	29.6897735870653	0	0	0	0	0	1.5	1.5	1.5	1.5	1.5	1.5
310.909213722842	0.176239783940681	-0.892236448836499	-71.2270377707978	29.619112672797	0	0	0	0	0	1.5	1.5	1.5	1.5	1.5	1.5
310.999410767729	0.171573630214707	-0.876550577772196	-71.1698727430591	29.5493452040185	0	0	0	0	0	1.5	1.5	1.5	1.5	1.5	1.5
311.089607812615	0.166907476488733	-0.861285579984962	-71.1116348899809	29.480470670291	0	0	0	0	0	1.5	1.5	1.5	1.5	1.5	1.5
311.179804857501	0.162241322762758	-0.846441455474795	-71.0523667682788	29.4124806175752	0	0	0	0	0	1.5	1.5	1.5	1.5	1.5	1.5
311.270001902387	0.157575169036784	-0.832018204241696	-70.9921100518183	29.3453650903801	0	0	0	0	0	1.5	1.5	1.5	1.5	1.5	1.5
311.360198947273	0.15290901531081	-0.818015826285665	-70.9309055223687	29.2791126975566	0	0	0	0	0	1.5	1.5	1.5	1.5	1.5	1.5
311.45039599216	0.148242861584836	-0.804434321606701	-70.8687930637271	29.2137106767008	0	0	0	0	0	1.5	1.5	1.5	1.5	1.5	1.5
311.540593037046	0.143576707858858	-0.791273690204797	-70.8058116590563	29.1491449571076	0	0	0	0	0	1.5	1.5	1.5	1.5	1.5	1.5
311.630790081932	0.138910554132884	-0.778533932079969	-70.7419993912841	29.085400221224	0	0	0	0	0	1.5	1.5	1.5	1.5	1.5	1.5
311.720987126818	0.134244400406907	-0.766215047232201	-70.677393446413	29.0224599645638	0	0	0	0	0	1.5	1.5	1.5	1.5	1.5	1.5
311.811184171705	0.129578246680933	-0.754317035661509	-70.6120301195955	28.9603065540514	0	0	0	0	0	1.5	1.5	1.5	1.5	1.5	1.5
311.901381216591	0.12516035431824	-0.742839638174548	-70.5459448237072	28.8989212849078	0	0	0	0	0	1.5	1.5	1.5	1.5	1.5	1.5
311.991578261477	0.131218199311212	-0.731277344219758	-70.4791616638572	28.838295994561	0	0	0	0	0	1.5	1.5	1.5	1.5	1.5	1.5
312.081775306363	0.137276044304185	-0.719168650548222	-70.4116657042865	28.7784653757917	0	0	0	0	0	1.5	1.5	1.5	1.5	1.5	1.5
312.17197235125	0.143333889297158	-0.706513557159942	-70.3434341596426	28.7194750830068	0	0	0	0	0	1.5	1.5	1.5	1.5	1.5	1.5
312.262169396136	0.14939173429013	-0.693312064054917	-70.2744457351084	28.6613718470425	0	0	0	0	0	1.5	1.5	1.5	1.5	1.5	1.5
312.352366441022	0.155449579283103	-0.679564171233146	-70.2046807167343	28.6042034906066	0	0	0	0	0	1.5	1.5	1.5	1.5	1.5	1.5
312.442563485908	0.161507424276076	-0.665269878694631	-70.1341210643237	28.5480189390795	0	0	0	0	0	1.5	1.5	1.5	1.5	1.5	1.5
312.532760530794	0.167565269269048	-0.650429186439371	-70.0627505068393	28.4928682263873	0	0	0	0	0	1.5	1.5	1.5	1.5	1.5	1.5
312.622957575681	0.173623114262021	-0.635042094467366	-69.9905546402759	28.438802495652	0	0	0	0	0	1.5	1.5	1.5	1.5	1.5	1.5
312.713154620567	0.179680959254994	-0.619108602778616	-69.9175210279242	28.3858739943171	0	0	0	0	0	1.5	1.5	1.5	1.5	1.5	1.5
312.803351665453	0.18573880424797	-0.60262871137311	-69.8436393029287	28.3341360634395	0	0	0	0	0	1.5	1.5	1.5	1.5	1.5	1.5
312.893548710339	0.191796649240943	-0.58560242025087	-69.7689012730174	28.2836431208328	0	0	0	0	0	1.5	1.5	1.5	1.5	1.5	1.5
312.983745755226	0.185916840372873	-0.568531873215208	-69.6933086534544	28.2344388002977	0	0	0	0	0	1.5	1.5	1.5	1.5	1.5	1.5
313.073942800112	0.179175799391038	-0.55206673460699	-69.6169015241154	28.1865089171904	0	0	0	0	0	1.5	1.5	1.5	1.5	1.5	1.5
313.164139844998	0.172434758409207	-0.5362096179748	-69.5397297422126	28.1398200265429	0	0	0	0	0	1.5	1.5	1.5	1.5	1.5	1.5
313.254336889884	0.165693717427376	-0.520960523318629	-69.461841104661	28.0943369594243	0	0	0	0	0	1.5	1.5	1.5	1.5	1.5	1.5
313.344533934771	0.158952676445546	-0.506319450638475	-69.3832813829483	28.0500229469731	0	0	0	0	0	1.5	1.5	1.5	1.5	1.5	1.5
313.434730979657	0.152211635463715	-0.49228639993434	-69.3040943666362	28.0068397344661	0	0	0	0	0	1.5	1.5	1.5	1.5	1.5	1.5
313.524928024543	0.145470594481884	-0.478861371206223	-69.2243219121431	27.9647476898802	0	0	0	0	0	1.5	1.5	1.5	1.5	1.5	1.5
313.615125069429	0.138729553500054	-0.466044364454124	-69.144003996395	27.9237059070196	0	0	0	0	0	1.5	1.5	1.5	1.5	1.5	1.5
313.705322114315	0.131988512518223	-0.453835379678042	-69.0631787749588	27.8836723033069	0	0	0	0	0	1.5	1.5	1.5	1.5	1.5	1.5
313.795519159202	0.125247471536392	-0.442234416877979	-68.9818826442865	27.8446037123563	0	0	0	0	0	1.5	1.5	1.5	1.5	1.5	1.5
313.885716204088	0.118506430554562	-0.431241476053934	-68.9001503077259	27.8064559714674	0	0	0	0	0	1.5	1.5	1.5	1.5	1.5	1.5
313.975913248974	0.114366142249027	-0.420757166432478	-68.8180138055334	27.7691863132461	0	0	0	0	0	1.5	1.5	1.5	1.5	1.5	1.5
314.06611029386	0.110694224673942	-0.410607276423747	-68.7354971959189	27.7327659041404	0	0	0	0	0	1.5	1.5	1.5	1.5	1.5	1.5
314.156307338747	0.107022307098857	-0.400788582529355	-68.6526210503556	27.697171156748	0	0	0	0	0	1.5	1.5	1.5	1.5	1.5	1.5
314.246504383633	0.103350389523772	-0.391301084749301	-68.5694051497133	27.6623780574236	0	0	0	0	0	1.5	1.5	1.5	1.5	1.5	1.5
314.336701428519	0.0996784719486873	-0.382144783083586	-68.4858685101069	27.6283621801048	0	0	0	0	0	1.5	1.5	1.5	1.5	1.5	1.5
314.426898473405	0.0960065543736024	-0.373319677532209	-68.4020294033713	27.5950987123699	0	0	0	0	0	1.5	1.5	1.5	1.5	1.5	1.5
314.517095518292	0.0923346367985153	-0.364825768095166	-68.3179053782867	27.5625624803155	0	0	0	0	0	1.5	1.5	1.5	1.5	1.5	1.5
314.607292563178	0.0886627192234305	-0.356663054772466	-68.2335132825015	27.5307279722822	0	0	0	0	0	1.5	1.5	1.5	1.5	1.5	1.5
314.697489608064	0.0849908016483456	-0.348831537564105	-68.1488692851027	27.4995693614596	0	0	0	0	0	1.5	1.5	1.5	1.5	1.5	1.5
314.78768665295	0.0813188840732608	-0.341331216470082	-68.0639888997892	27.4690605274011	0	0	0	0	0	1.5	1.5	1.5	1.5	1.5	1.5
314.877883697837	0.0776469664981759	-0.334162091490398	-67.9788870086006	27.4391750764838	0	0	0	0	0	1.5	1.5	1.5	1.5	1.5	1.5
314.968080742723	0.07869368190915	-0.32716186710283	-67.8935766853519	27.4098898836775	0	0	0	0	0	1.5	1.5	1.5	1.5	1.5	1.5
315.058277787609	0.08120887913556	-0.319950497864844	-67.8080606238521	27.3812110609196	0	0	0	0	0	1.5	1.5	1.5	1.5	1.5	1.5
315.148474832495	0.08372407636197	-0.312512265269729	-67.7223368035083	27.3531593939153	0	0	0	0	0	1.5	1.5	1.5	1.5	1.5	1.5
315.238671877381	0.0862392735883816	-0.304847169317482	-67.6364036049764	27.3257558820382	0	0	0	0	0	1.5	1.5	1.5	1.5	1.5	1.5
315.328868922268	0.0887544708147916	-0.296955210008111	-67.5502598619898	27.2990216301382	0	0	0	0	0	1.5	1.5	1.5	1.5	1.5	1.5
315.419065967154	0.0912696680412017	-0.288836387341612	-67.4639048765208	27.2729778458026	0	0	0	0	0	1.5	1.5	1.5	1.5	1.5	1.5
315.50926301204	0.0937848652676117	-0.280490701317985	-67.377338434012	27.247645836073	0	0	0	0	0	1.5	1.5	1.5	1.5	1.5	1.5
315.599460056926	0.0963000624940217	-0.27191815193723	-67.2905608186693	27.223047003602	0	0	0	0	0	1.5	1.5	1.5	1.5	1.5	1.5
315.689657101813	0.0988152597204317	-0.263118739199346	-67.2035728288079	27.199202842231	0	0	0	0	0	1.5	1.5	1.5	1.5	1.5	1.5
315.779854146699	0.101330456946842	-0.254092463104334	-67.11637579224	27.176134931971	0	0	0	0	0	1.5	1.5	1.5	1.5	1.5	1.5
315.870051191585	0.103845654173253	-0.244839323652189	-67.0289715816956	27.1538649333701	0	0	0	0	0	1.5	1.5	1.5	1.5	1.5	1.5
315.960248236471	0.100010470311189	-0.23555286975862	-66.9413635537366	27.1324107585165	0	0	0	0	0	1.5	1.5	1.5	1.5	1.5	1.5
316.050445281358	0.0931290587264135	-0.226842562373665	-66.8535656223647	27.1117472952923	0	0	0	0	0	1.5	1.5	1.5	1.5	1.5	1.5
316.140642326244	0.0862476471416379	-0.218752937978303	-66.7655971798953	27.0918220433628	0	0	0	0	0	1.5	1.5	1.5	1.5	1.5	1.5
316.23083937113	0.0793662355568622	-0.211283996572534	-66.6774763611507	27.0725817110965	0	0	0	0	0	1.5	1.5	1.5	1.5	1.5	1.5
316.321036416016	0.0724848239720865	-0.204435738156357	-66.5892200349537	27.0539726812252	0	0	0	0	0	1.5	1.5	1.5	1.5	1.5	1.5
316.411233460903	0.0656034123873065	-0.19820816272977	-66.5008439016697	27.0359410513875	0	0	0	0	0	1.5	1.5	1.5	1.5	1.5	1.5
316.501430505789	0.0587220008025309	-0.192601270292778	-66.4123625917373	27.0184326710693	0	0	0	0	0	1.5	1.5	1.5	1.5	1.5	1.5
316.591627550675	0.0518405892177552	-0.18761506084538	-66.3237897650454	27.0013931752415	0	0	0	0	0	1.5	1.5	1.5	1.5	1.5	1.5
316.681824595561	0.0449591776329795	-0.183249534387574	-66.2351382110357	26.9847680149982	0	0	0	0	0	1.5	1.5	1.5	1.5	1.5	1.5
316.772021640447	0.0380777660482039	-0.179504690919361	-66.1464199494179	26.9685024855027	0	0	0	0	0	1.5	1.5	1.5	1.5	1.5	1.5
316.862218685334	0.0311963544634282	-0.17638053044074	-66.0576463313977	26.9525417515494	0	0	0	0	0	1.5	1.5	1.5	1.5	1.5	1.5
316.95241573022	0.0325304081828397	-0.173658600679627	-65.9688274703571	26.9368346849694	0	0	0	0	0	1.5	1.5	1.5	1.5	1.5	1.5
317.042612775106	0.0395828128469099	-0.170406400962572	-65.8799626937352	26.9213895819613	0	0	0	0	0	1.5	1.5	1.5	1.5	1.5	1.5
317.132809819992	0.0466352175109802	-0.166518095185475	-65.7910433575033	26.9062618492917	0	0	0	0	0	1.5	1.5	1.5	1.5	1.5	1.5
317.223006864879	0.0536876221750505	-0.161993683348338	-65.7020611952724	26.8915082792721	0	0	0	0	0	1.5	1.5	1.5	1.5	1.5	1.5
317.313203909765	0.0607400268391252	-0.156833165451157	-65.6130086558254	26.8771857772203	0	0	0	0	0	1.5	1.5	1.5	1.5	1.5	1.5
317.403400954651	0.0677924315031954	-0.151036541493937	-65.5238790122532	26.8633513723412	0	0	0	0	0	1.5	1.5	1.5	1.5	1.5	1.5
317.493597999537	0.0748448361672657	-0.144603811476677	-65.4346664714489	26.8500622259815	0	0	0	0	0	1.5	1.5	1.5	1.5	1.5	1.5
317.583795044423	0.0818972408313359	-0.137534975399375	-65.3453662839755	26.8373756369071	0	0	0	0	0	1.5	1.5	1.5	1.5	1.5	1.5
317.67399208931	0.0889496454954106	-0.129830033262028	-65.2559748543025	26.8253490432518	0	0	0	0	0	1.5	1.5	1.5	1.5	1.5	1.5
317.764189134196	0.0960020501594809	-0.121488985064644	-65.1664898513977	26.8140400207841	0	0	0	0	0	1.5	1.5	1.5	1.5	1.5	1.5
317.854386179082	0.103054454823551	-0.112511830807219	-65.0769103196375	26.8035062771388	0	0	0	0	0	1.5	1.5	1.5	1.5	1.5	1.5
317.944583223968	0.106663538898284	-0.102977018492285	-64.9872369138811	26.7938044566138	0	0	0	0	0	1.5	1.5	1.5	1.5	1.5	1.5
318.034780268855	0.106899853152582	-0.0933456250628519	-64.8974744361784	26.7849646821227	0	0	0	0	0	1.5	1.5	1.5	1.5	1.5	1.5
318.124977313741	0.107136167406881	-0.0836929167860165	-64.8076309003179	26.7769907996422	0	0	0	0	0	1.5	1.5	1.5	1.5	1.5	1.5
318.215174358627	0.107372481661179	-0.0740188936617789	-64.7177145074482	26.7698854670148	0	0	0	0	0	1.5	1.5	1.5	1.5	1.5	1.5
318.305371403513	0.107608795915478	-0.0643235556901391	-64.6277335210582	26.7636512656357	0	0	0	0	0	1.5	1.5	1.5	1.5	1.5	1.5
318.3955684484	0.107845110169776	-0.0546069028710971	-64.5376962663973	26.7582906993244	0	0	0	0	0	1.5	1.5	1.5	1.5	1.5	1.5
318.485765493286	0.108081424424075	-0.0448689352046529	-64.4476111298781	26.7538061931962	0	0	0	0	0	1.5	1.5	1.5	1.5	1.5	1.5
318.575962538172	0.108317738678373	-0.0351096526908064	-64.3574865584606	26.750200092535	0	0	0	0	0	1.5	1.5	1.5	1.5	1.5	1.5
318.666159583058	0.108554052932672	-0.0253290553295516	-64.26733105902	26.7474746616659	0	0	0	0	0	1.5	1.5	1.5	1.5	1.5	1.5
318.756356627945	0.10879036718697	-0.0155271431209008	-64.1771531976955	26.7456320828304	0	0	0	0	0	1.5	1.5	1.5	1.5	1.5	1.5
318.846553672831	0.109026681441269	-0.00570391606484147	-64.0869615992214	26.744674455062	0	0	0	0	0	1.5	1.5	1.5	1.5	1.5	1.5
318.936750717717	0.106751101580996	0.0040936989737923	-63.9967649444254	26.7446032086124	0	0	0	0	0	1.5	1.5	1.5	1.5	1.5	1.5
319.026947762603	0.100923635921537	0.0134595227839177	-63.9065717378363	26.7453987705421	0	0	0	0	0	1.5	1.5	1.5	1.5	1.5	1.5
319.117144807489	0.0950961702620781	0.022299726412384	-63.816389474098	26.7470153188117	0	0	0	0	0	1.5	1.5	1.5	1.5	1.5	1.5
319.207341852376	0.0892687046026193	0.0306143098591911	-63.7262243594948	26.7494053277943	0	0	0	0	0	1.5	1.5	1.5	1.5	1.5	1.5
319.297538897262	0.0834412389431605	0.0384032731243391	-63.6360813794365	26.7525212416252	0	0	0	0	0	1.5	1.5	1.5	1.5	1.5	1.5
319.387735942148	0.0776137732837016	0.0456666162078279	-63.5459643732653	26.7563154919304	0	0	0	0	0	1.5	1.5	1.5	1.5	1.5	1.5
319.477932987034	0.0717863076242428	0.0524043391096577	-63.4558761092211	26.760740512541	0	0	0	0	0	1.5	1.5	1.5	1.5	1.5	1.5
319.568130031921	0.065958841964784	0.0586164418298282	-63.3658183595038	26.7657487513927	0	0	0	0	0	1.5	1.5	1.5	1.5	1.5	1.5
319.658327076807	0.0601313763053252	0.0643029243683396	-63.2757919753804	26.771292679804	0	0	0	0	0	1.5	1.5	1.5	1.5	1.5	1.5
319.748524121693	0.0543039106458663	0.0694637867251919	-63.1857969622963	26.7773247993326	0	0	0	0	0	1.5	1.5	1.5	1.5	1.5	1.5
319.838721166579	0.0484764449864075	0.0740990289003851	-63.0958325549589	26.783797646407	0	0	0	0	0	1.5	1.5	1.5	1.5	1.5	1.5
319.928918211465	0.0461993297598521	0.078261846429465	-63.0058973337189	26.7906643246766	0	0	0	0	0	1.5	1.5	1.5	1.5	1.5	1.5
320.019115256352	0.0510582184577357	0.0826480181505207	-62.9159918613576	26.797910006193	0	0	0	0	0	1.5	1.5	1.5	1.5	1.5	1.5
320.109312301238	0.0559171071556164	0.0874724472735537	-62.8261207259257	26.8055696498311	0	0	0	0	0	1.5	1.5	1.5	1.5	1.5	1.5
320.199509346124	0.060775995853497	0.0927351337985666	-62.7362893817774	26.8136824629004	0	0	0	0	0	1.5	1.5	1.5	1.5	1.5	1.5
320.28970639101	0.0656348845513807	0.0984360777255631	-62.6465038780498	26.8222875887145	0	0	0	0	0	1.5	1.5	1.5	1.5	1.5	1.5
320.379903435897	0.0704937732492613	0.104575279054536	-62.556770909759	26.8314240953586	0	0	0	0	0	1.5	1.5	1.5	1.5	1.5	1.5
320.470100480783	0.0753526619471419	0.111152737785489	-62.4670978686971	26.8411309630445	0	0	0	0	0	1.5	1.5	1.5	1.5	1.5	1.5
320.560297525669	0.0802115506450226	0.118168453918422	-62.3774928940963	26.8514470699442	0	0	0	0	0	1.5	1.5	1.5	1.5	1.5	1.5
320.650494570555	0.0850704393429032	0.125622427453335	-62.2879649230183	26.862411176392	0	0	0	0	0	1.5	1.5	1.5	1.5	1.5	1.5
320.740691615442	0.0899293280407838	0.133514658390227	-62.1985237404226	26.8740619073461	0	0	0	0	0	1.5	1.5	1.5	1.5	1.5	1.5
320.830888660328	0.0947882167386645	0.1418451467291	-62.1091800288638	26.8864377330037	0	0	0	0	0	1.5	1.5	1.5	1.5	1.5	1.5
320.921085705214	0.0996626368052461	0.15061406449563	-62.0199454179507	26.8995769487187	0	0	0	0	0	1.5	1.5	1.5	1.5	1.5	1.5
321.0112827501	0.104584765012762	0.159825320530467	-61.9308325580718	26.9135178090011	0	0	0	0	0	1.5	1.5	1.5	1.5	1.5	1.5
321.101479794987	0.109506893220277	0.169480537984173	-61.8418551995982	26.9282986540957	0	0	0	0	0	1.5	1.5	1.5	1.5	1.5	1.5
321.191676839873	0.114429021427793	0.179579716856748	-61.753028204784	26.9439576051828	0	0	0	0	0	1.5	1.5	1.5	1.5	1.5	1.5
321.281873884759	0.119351149635308	0.190122857148192	-61.6643675906535	26.960532497214	0	0	0	0	0	1.5	1.5	1.5	1.5	1.5	1.5
321.372070929645	0.124273277842827	0.201109958858512	-61.5758905763266	26.9780608456631	0	0	0	0	0	1.5	1.5	1.5	1.5	1.5	1.5
321.462267974531	0.129195406050342	0.212541021987694	-61.4876156294194	26.9965798106599	0	0	0	0	0	1.5	1.5	1.5	1.5	1.5	1.5
321.552465019418	0.134117534257858	0.224416046535745	-61.3995625114122	27.0161261584117	0	0	0	0	0	1.5	1.5	1.5	1.5	1.5	1.5
321.642662064304	0.139039662465376	0.236735032502673	-61.3117523218685	27.0367362198264	0	0	0	0	0	1.5	1.5	1.5	1.5	1.5	1.5
321.73285910919	0.143961790672892	0.249497979888463	-61.2242075413821	27.0584458462518	0	0	0	0	0	1.5	1.5	1.5	1.5	1.5	1.5
321.823056154076	0.148883918880407	0.262704888693121	-61.1369520731168	27.0812903622509	0	0	0	0	0	1.5	1.5	1.5	1.5	1.5	1.5
321.913253198963	0.150493662897332	0.27633205952873	-61.0500112520161	27.1053044065705	0	0	0	0	0	1.5	1.5	1.5	1.5	1.5	1.5
322.003450243849	0.134536940343738	0.289186518585971	-60.9633996160922	27.130480176311	0	0	0	0	0	1.5	1.5	1.5	1.5	1.5	1.5
322.093647288735	0.118580217790144	0.300601728422809	-60.8770997277493	27.1567051226864	0	0	0	0	0	1.5	1.5	1.5	1.5	1.5	1.5
322.183844333621	0.10262349523655	0.310577689039243	-60.7910851509806	27.1838516140985	0	0	0	0	0	1.5	1.5	1.5	1.5	1.5	1.5
322.274041378508	0.0866667726829563	0.319114400435274	-60.7053254372868	27.2117931420368	0	0	0	0	0	1.5	1.5	1.5	1.5	1.5	1.5
322.364238423394	0.0707100501293624	0.326211862610901	-60.6197866827576	27.240404227388	0	0	0	0	0	1.5	1.5	1.5	1.5	1.5	1.5
322.45443546828	0.0547533275757685	0.331870075566124	-60.5344320782699	27.2695603017203	0	0	0	0	0	1.5	1.5	1.5	1.5	1.5	1.5
322.544632513166	0.0387966050221646	0.336089039300946	-60.449222453456	27.2991375675582	0	0	0	0	0	1.5	1.5	1.5	1.5	1.5	1.5
322.634829558053	0.0228398824685707	0.338868753815362	-60.3641168153061	27.3290128416064	0	0	0	0	0	1.5	1.5	1.5	1.5	1.5	1.5
322.725026602939	0.00688315991497684	0.340209219109374	-60.2790728824429	27.3590633848255	0	0	0	0	0	1.5	1.5	1.5	1.5	1.5	1.5
322.815223647825	-0.009073562638617	0.340110435182982	-60.1940476162368	27.3891667232246	0	0	0	0	0	1.5	1.5	1.5	1.5	1.5	1.5
322.905420692711	-0.0229714290172007	0.338579098892031	-60.1089977548513	27.4192004768959	0	0	0	0	0	1.5	1.5	1.5	1.5	1.5	1.5
322.995617737597	-0.0103822751377588	0.337074896116637	-60.0238960875265	27.4490871223451	0	0	0	0	0	1.5	1.5	1.5	1.5	1.5	1.5
323.085814782484	0.00220687874169105	0.336706197818788	-59.9387664626117	27.4788940638411	0	0	0	0	0	1.5	1.5	1.5	1.5	1.5	1.5
323.17601182737	0.014796032621133	0.337473003998482	-59.8536427741759	27.508717949572	0	0	0	0	0	1.5	1.5	1.5	1.5	1.5	1.5
323.266208872256	0.0273851865005749	0.33937531465572	-59.7685589739951	27.5386554074644	0	0	0	0	0	1.5	1.5	1.5	1.5	1.5	1.5
323.356405917142	0.0399743403800168	0.342413129790502	-59.6835494005692	27.5688029291064	0	0	0	0	0	1.5	1.5	1.5	1.5	1.5	1.5
323.446602962029	0.0525634942594588	0.346586449402828	-59.5986491073604	27.599256751477	0	0	0	0	0	1.5	1.5	1.5	1.5	1.5	1.5
323.536800006915	0.0651526481389007	0.351895273492697	-59.513894189576	27.6301127346194	0	0	0	0	0	1.5	1.5	1.5	1.5	1.5	1.5
323.626997051801	0.0777418020183426	0.358339602060109	-59.4293221087811	27.661466233411	0	0	0	0	0	1.5	1.5	1.5	1.5	1.5	1.5
323.717194096687	0.0903309558977845	0.365919435105065	-59.3449720145843	27.6934119615973	0	0	0	0	0	1.5	1.5	1.5	1.5	1.5	1.5
323.807391141574	0.102920109777234	0.374634772627571	-59.260885062577	27.7260438462824	0	0	0	0	0	1.5	1.5	1.5	1.5	1.5	1.5
323.89758818646	0.115509263656676	0.384485614627615	-59.1771047276289	27.7594548710993	0	0	0	0	0	1.5	1.5	1.5	1.5	1.5	1.5
323.987785231346	0.100098662077642	0.394228752502623	-59.0936630422281	27.7937029025623	0	0	0	0	0	1.5	1.5	1.5	1.5	1.5	1.5
324.077982276232	0.0842479998788399	0.40254251457418	-59.0105338759274	27.8287029273303	0	0	0	0	0	1.5	1.5	1.5	1.5	1.5	1.5
324.168179321118	0.0683973376800375	0.409426593755916	-58.9276729945355	27.8643336597011	0	0	0	0	0	1.5	1.5	1.5	1.5	1.5	1.5
324.258376366005	0.0525466754812351	0.41488099004783	-58.8450334422828	27.900474925825	0	0	0	0	0	1.5	1.5	1.5	1.5	1.5	1.5
324.348573410891	0.0366960132824327	0.418905703449922	-58.7625660645141	27.937007479873	0	0	0	0	0	1.5	1.5	1.5	1.5	1.5	1.5
324.438770455777	0.0208453510836204	0.421500733962193	-58.6802200238527	27.9738128042843	0	0	0	0	0	1.5	1.5	1.5	1.5	1.5	1.5
324.528967500663	0.00499468888481798	0.422666081584641	-58.5979433112395	28.0107728979528	0	0	0	0	0	1.5	1.5	1.5	1.5	1.5	1.5
324.61916454555	-0.0108559733139844	0.422401746317266	-58.5156832533103	28.0477700560223	0	0	0	0	0	1.5	1.5	1.5	1.5	1.5	1.5
324.709361590436	-0.0267066355127868	0.42070772816007	-58.433387017667	28.0846866449291	0	0	0	0	0	1.5	1.5	1.5	1.5	1.5	1.5
324.799558635322	-0.0425572977115891	0.417584027113053	-58.3510021176405	28.1214048763074	0	0	0	0	0	1.5	1.5	1.5	1.5	1.5	1.5
324.889755680208	-0.0584079599103915	0.413030643176213	-58.268476918156	28.1578065833668	0	0	0	0	0	1.5	1.5	1.5	1.5	1.5	1.5
324.979952725095	-0.0578023390709622	0.407714020234495	-58.1857682949059	28.1937895144908	0	0	0	0	0	1.5	1.5	1.5	1.5	1.5	1.5
325.070149769981	-0.0553272316446331	0.402612043750599	-58.1028731983838	28.2293407765059	0	0	0	0	0	1.5	1.5	1.5	1.5	1.5	1.5
325.160346814867	-0.052852124218304	0.397733314642332	-58.0198017137378	28.2644779250469	0	0	0	0	0	1.5	1.5	1.5	1.5	1.5	1.5
325.250543859753	-0.0503770167919749	0.393077832909697	-57.936563663763	28.2992186683938	0	0	0	0	0	1.5	1.5	1.5	1.5	1.5	1.5
325.340740904639	-0.0479019093656457	0.388645598552693	-57.8531686095674	28.3335808354248	0	0	0	0	0	1.5	1.5	1.5	1.5	1.5	1.5
325.430937949526	-0.0454268019393166	0.384436611571319	-57.7696258619678	28.3675823680186	0	0	0	0	0	1.5	1.5	1.5	1.5	1.5	1.5
325.521134994412	-0.0429516945129875	0.380450871965576	-57.6859444930206	28.4012413137335	0	0	0	0	0	1.5	1.5	1.5	1.5	1.5	1.5
325.611332039298	-0.0404765870866583	0.376688379735464	-57.6021333476782	28.434575818749	0	0	0	0	0	1.5	1.5	1.5	1.5	1.5	1.5
325.701529084184	-0.0380014796603292	0.373149134880983	-57.5182010555619	28.4676041210587	0	0	0	0	0	1.5	1.5	1.5	1.5	1.5	1.5
325.791726129071	-0.0355263722339985	0.369833137402131	-57.4341560428422	28.5003445439007	0	0	0	0	0	1.5	1.5	1.5	1.5	1.5	1.5
325.881923173957	-0.0330512648076694	0.366740387298912	-57.3500065442199	28.532815489414	0	0	0	0	0	1.5	1.5	1.5	1.5	1.5	1.5
325.972120218843	-0.0362899092405167	0.363661812342609	-57.2657587974939	28.5650306672301	0	0	0	0	0	1.5	1.5	1.5	1.5	1.5	1.5
326.062317263729	-0.0408570076643495	0.360182600379158	-57.1814060408827	28.596969846145	0	0	0	0	0	1.5	1.5	1.5	1.5	1.5	1.5
326.152514308616	-0.0454241060881823	0.356291449634173	-57.0969361663356	28.6285979496809	0	0	0	0	0	1.5	1.5	1.5	1.5	1.5	1.5
326.242711353502	-0.049991204512018	0.35198836010765	-57.012337428881	28.6598797011011	0	0	0	0	0	1.5	1.5	1.5	1.5	1.5	1.5
326.332908398388	-0.0545583029358508	0.347273331799596	-56.9275985137738	28.690779670336	0	0	0	0	0	1.5	1.5	1.5	1.5	1.5	1.5
326.423105443274	-0.0591254013596836	0.342146364710008	-56.8427085809693	28.721262261959	0	0	0	0	0	1.5	1.5	1.5	1.5	1.5	1.5
326.51330248816	-0.0636924997835164	0.336607458838885	-56.7576573099218	28.7512917041465	0	0	0	0	0	1.5	1.5	1.5	1.5	1.5	1.5
326.603499533047	-0.0682595982073493	0.330656614186228	-56.6724349447254	28.7808320387148	0	0	0	0	0	1.5	1.5	1.5	1.5	1.5	1.5
326.693696577933	-0.072826696631182	0.324293830752037	-56.5870323396112	28.8098471123294	0	0	0	0	0	1.5	1.5	1.5	1.5	1.5	1.5
326.783893622819	-0.0773937950550149	0.317519108536312	-56.5014410048124	28.8383005689825	0	0	0	0	0	1.5	1.5	1.5	1.5	1.5	1.5
326.874090667705	-0.0819608934788477	0.310332447539053	-56.4156531528054	28.8661558438346	0	0	0	0	0	1.5	1.5	1.5	1.5	1.5	1.5
326.964287712592	-0.0836413225311273	0.302828185296231	-56.3296623604932	28.8933781194983	0	0	0	0	0	1.5	1.5	1.5	1.5	1.5	1.5
327.054484757478	-0.0842248562732023	0.295257668663984	-56.2434686833262	28.9199510016719	0	0	0	0	0	1.5	1.5	1.5	1.5	1.5	1.5
327.144681802364	-0.0848083900152773	0.287634519012611	-56.157075628415	28.9458683235151	0	0	0	0	0	1.5	1.5	1.5	1.5	1.5	1.5
327.23487884725	-0.0853919237573526	0.279958736342106	-56.0704868522695	28.9711240319421	0	0	0	0	0	1.5	1.5	1.5	1.5	1.5	1.5
327.325075892137	-0.0859754574994276	0.27223032065248	-55.9837061273191	28.9957120816805	0	0	0	0	0	1.5	1.5	1.5	1.5	1.5	1.5
327.415272937023	-0.0865589912415029	0.264449271943722	-55.8967373428009	29.0196264367602	0	0	0	0	0	1.5	1.5	1.5	1.5	1.5	1.5
327.505469981909	-0.0871425249835779	0.256615590215843	-55.8095845056356	29.0428610720333	0	0	0	0	0	1.5	1.5	1.5	1.5	1.5	1.5
327.595667026795	-0.0877260587256529	0.248729275468837	-55.7222517412877	29.0654099747268	0	0	0	0	0	1.5	1.5	1.5	1.5	1.5	1.5
327.685864071682	-0.0883095924677278	0.240790327702704	-55.6347432946128	29.0872671460249	0	0	0	0	0	1.5	1.5	1.5	1.5	1.5	1.5
327.776061116568	-0.0888931262098028	0.232798746917445	-55.5470635306873	29.108426602685	0	0	0	0	0	1.5	1.5	1.5	1.5	1.5	1.5
327.866258161454	-0.0894766599518778	0.22475453311306	-55.4592169356238	29.1288823786842	0	0	0	0	0	1.5	1.5	1.5	1.5	1.5	1.5
327.95645520634	-0.0875201614330267	0.216730749153164	-55.3712084203542	29.1486298948243	0	0	0	0	0	1.5	1.5	1.5	1.5	1.5	1.5
328.046652251226	-0.0841213024240857	0.208989972743235	-55.2830467980297	29.1676823128149	0	0	0	0	0	1.5	1.5	1.5	1.5	1.5	1.5
328.136849296113	-0.0807224434151447	0.201555763371898	-55.1947431376116	29.1860652666829	0	0	0	0	0	1.5	1.5	1.5	1.5	1.5	1.5
328.227046340999	-0.0773235844062038	0.194428121039152	-55.1063079575637	29.2038048098721	0	0	0	0	0	1.5	1.5	1.5	1.5	1.5	1.5
328.317243385885	-0.0739247253972628	0.187607045744998	-55.01775119161	29.2209271509961	0	0	0	0	0	1.5	1.5	1.5	1.5	1.5	1.5
328.407440430771	-0.0705258663883219	0.181092537489435	-54.9290822117778	29.2374586406126	0	0	0	0	0	1.5	1.5	1.5	1.5	1.5	1.5
328.497637475658	-0.0671270073793809	0.174884596272463	-54.8403098517048	29.2534257588465	0	0	0	0	0	1.5	1.5	1.5	1.5	1.5	1.5
328.587834520544	-0.0637281483704378	0.168983222094079	-54.7514424301837	29.2688551038304	0	0	0	0	0	1.5	1.5	1.5	1.5	1.5	1.5
328.67803156543	-0.0603292893614968	0.163388414954291	-54.6624877749245	29.2837733809263	0	0	0	0	0	1.5	1.5	1.5	1.5	1.5	1.5
328.768228610316	-0.0569304303525559	0.158100174853093	-54.5734532465099	29.298207392694	0	0	0	0	0	1.5	1.5	1.5	1.5	1.5	1.5
328.858425655203	-0.0535315713436128	0.153118501790485	-54.4843457625267	29.3121840295708	0	0	0	0	0	1.5	1.5	1.5	1.5	1.5	1.5
328.948622700089	-0.0524014434687856	0.14838698413967	-54.3951716829865	29.3257293364839	0	0	0	0	0	1.5	1.5	1.5	1.5	1.5	1.5
329.038819744975	-0.0531174888726228	0.143628236201298	-54.305934506487	29.3388525176426	0	0	0	0	0	1.5	1.5	1.5	1.5	1.5	1.5
329.129016789861	-0.0538335342764601	0.138804903083495	-54.2166354830141	29.3515480105655	0	0	0	0	0	1.5	1.5	1.5	1.5	1.5	1.5
329.219213834747	-0.0545495796802974	0.133916984786262	-54.1272758702609	29.3638097525766	0	0	0	0	0	1.5	1.5	1.5	1.5	1.5	1.5
329.309410879634	-0.0552656250841346	0.128964481309598	-54.0378570113902	29.3756316794903	0	0	0	0	0	1.5	1.5	1.5	1.5	1.5	1.5
329.39960792452	-0.0559816704879719	0.123947392653504	-53.9483803362156	29.3870077262923	0	0	0	0	0	1.5	1.5	1.5	1.5	1.5	1.5
329.489804969406	-0.0566977158918092	0.118865718817979	-53.8588473623783	29.3979318278488	0	0	0	0	0	1.5	1.5	1.5	1.5	1.5	1.5
329.580002014292	-0.0574137612956464	0.113719459803024	-53.7692596965216	29.4083979196441	0	0	0	0	0	1.5	1.5	1.5	1.5	1.5	1.5
329.670199059179	-0.0581298066994837	0.108508615608639	-53.6796190354603	29.418399938547	0	0	0	0	0	1.5	1.5	1.5	1.5	1.5	1.5
329.760396104065	-0.0588458521033209	0.103233186234822	-53.5899271673469	29.4279318236072	0	0	0	0	0	1.5	1.5	1.5	1.5	1.5	1.5
329.850593148951	-0.0595618975071587	0.0978931716815724	-53.5001859728317	29.4369875168801	0	0	0	0	0	1.5	1.5	1.5	1.5	1.5	1.5
329.940790193837	-0.0599699908386369	0.0924950259925327	-53.410397434604	29.445561054068	0	0	0	0	0	1.5	1.5	1.5	1.5	1.5	1.5
330.030987238724	-0.0600233672067587	0.0870835028416981	-53.3205638477069	29.4536489287995	0	0	0	0	0	1.5	1.5	1.5	1.5	1.5	1.5
330.12118428361	-0.0600767435748805	0.0816671653001921	-53.2306877905652	29.4612503345779	0	0	0	0	0	1.5	1.5	1.5	1.5	1.5	1.5
330.211381328496	-0.0601301199430024	0.0762460133680113	-53.1407718632459	29.4683646157137	0	0	0	0	0	1.5	1.5	1.5	1.5	1.5	1.5
330.301578373382	-0.0601834963111242	0.0708200470451626	-53.050818674022	29.4749911302445	0	0	0	0	0	1.5	1.5	1.5	1.5	1.5	1.5
330.391775418268	-0.060236872679246	0.0653892663316425	-52.9608308393077	29.4811292500176	0	0	0	0	0	1.5	1.5	1.5	1.5	1.5	1.5
330.481972463155	-0.0602902490473678	0.0599536712274511	-52.8708109835915	29.4867783607712	0	0	0	0	0	1.5	1.5	1.5	1.5	1.5	1.5
330.572169508041	-0.0603436254154896	0.0545132617325883	-52.7807617393704	29.4919378622167	0	0	0	0	0	1.5	1.5	1.5	1.5	1.5	1.5
330.662366552927	-0.0603970017836114	0.0490680378470542	-52.6906857470816	29.4966071681196	0	0	0	0	0	1.5	1.5	1.5	1.5	1.5	1.5
330.752563597813	-0.0604503781517333	0.0436179995708488	-52.6005856550346	29.5007857063806	0	0	0	0	0	1.5	1.5	1.5	1.5	1.5	1.5
330.8427606427	-0.0605037545198551	0.038163146903972	-52.5104641193424	29.5044729191167	0	0	0	0	0	1.5	1.5	1.5	1.5	1.5	1.5
330.932957687586	-0.059860184076505	0.032715333252389	-52.4203238083159	29.5076683970666	0	0	0	0	0	1.5	1.5	1.5	1.5	1.5	1.5
331.023154732472	-0.0580654904080212	0.0273970595750294	-52.3301675709323	29.5103777496373	0	0	0	0	0	1.5	1.5	1.5	1.5	1.5	1.5
331.113351777358	-0.0562707967395363	0.0222406619630399	-52.23999837393	29.5126148888908	0	0	0	0	0	1.5	1.5	1.5	1.5	1.5	1.5
331.203548822245	-0.0544761030710525	0.017246140416427	-52.1498189776823	29.5143943513017	0	0	0	0	0	1.5	1.5	1.5	1.5	1.5	1.5
331.293745867131	-0.0526814094025687	0.0124134949351873	-52.0596319205669	29.5157306901085	0	0	0	0	0	1.5	1.5	1.5	1.5	1.5	1.5
331.383942912017	-0.0508867157340849	0.00774272551932088	-51.9694395259554	29.5166384729888	0	0	0	0	0	1.5	1.5	1.5	1.5	1.5	1.5
331.474139956903	-0.0490920220656011	0.00323383216882772	-51.8792439092234	29.5171322799079	0	0	0	0	0	1.5	1.5	1.5	1.5	1.5	1.5
331.56433700179	-0.0472973283971162	-0.00111318511629489	-51.7890469847776	29.5172267011361	0	0	0	0	0	1.5	1.5	1.5	1.5	1.5	1.5
331.654534046676	-0.0455026347286324	-0.00529832633604144	-51.6988504730993	29.5169363354275	0	0	0	0	0	1.5	1.5	1.5	1.5	1.5	1.5
331.744731091562	-0.0437079410601486	-0.00932159149041474	-51.6086559077996	29.5162757883564	0	0	0	0	0	1.5	1.5	1.5	1.5	1.5	1.5
331.834928136448	-0.0419132473916648	-0.0131829805794148	-51.5184646426879	29.5152596708045	0	0	0	0	0	1.5	1.5	1.5	1.5	1.5	1.5
331.925125181334	-0.0416666015223085	-0.0169027843703628	-51.4282778617955	29.5139024203126	0	0	0	0	0	1.5	1.5	1.5	1.5	1.5	1.5
332.015322226221	-0.0451982931043627	-0.0208202627702023	-51.3380968730974	29.5122036624983	0	0	0	0	0	1.5	1.5	1.5	1.5	1.5	1.5
332.105519271107	-0.0487299846864168	-0.0250562893141927	-51.2479235689528	29.5101372744742	0	0	0	0	0	1.5	1.5	1.5	1.5	1.5	1.5
332.195716315993	-0.0522616762684709	-0.0296108640023338	-51.157760228708	29.5076745691942	0	0	0	0	0	1.5	1.5	1.5	1.5	1.5	1.5
332.285913360879	-0.0557933678505273	-0.034483986834629	-51.0676095102507	29.5047868768612	0	0	0	0	0	1.5	1.5	1.5	1.5	1.5	1.5
332.376110405766	-0.0593250594325814	-0.0396756578110721	-50.977474477319	29.5014455492584	0	0	0	0	0	1.5	1.5	1.5	1.5	1.5	1.5
332.466307450652	-0.0628567510146355	-0.045185876931666	-50.8873586267605	29.4976219647276	0	0	0	0	0	1.5	1.5	1.5	1.5	1.5	1.5
332.556504495538	-0.0663884425966897	-0.0510146441964107	-50.7972659157313	29.493287533836	0	0	0	0	0	1.5	1.5	1.5	1.5	1.5	1.5
332.646701540424	-0.0699201341787438	-0.0571619596053063	-50.7072007888208	29.4884137057742	0	0	0	0	0	1.5	1.5	1.5	1.5	1.5	1.5
332.73689858531	-0.0734518257607979	-0.0636278231583527	-50.6171682050894	29.4829719755301	0	0	0	0	0	1.5	1.5	1.5	1.5	1.5	1.5
332.827095630197	-0.0769835173428521	-0.0704122348555499	-50.5271736650013	29.4769338918786	0	0	0	0	0	1.5	1.5	1.5	1.5	1.5	1.5
332.917292675083	-0.0789691516102392	-0.0775009774085043	-50.4372232305193	29.4702711531321	0	0	0	0	0	1.5	1.5	1.5	1.5	1.5	1.5
333.007489719969	-0.0749186172816319	-0.0844410884075991	-50.3473221065148	29.4629730606762	0	0	0	0	0	1.5	1.5	1.5	1.5	1.5	1.5
333.097686764855	-0.0708680829530271	-0.0910158531800392	-50.2574723326245	29.4550676365819	0	0	0	0	0	1.5	1.5	1.5	1.5	1.5	1.5
333.187883809742	-0.0668175486244224	-0.0972252717258289	-50.1676749086822	29.446588048261	0	0	0	0	0	1.5	1.5	1.5	1.5	1.5	1.5
333.278080854628	-0.0627670142958176	-0.103069344044968	-50.0779302030746	29.4375674293425	0	0	0	0	0	1.5	1.5	1.5	1.5	1.5	1.5
333.368277899514	-0.0587164799672129	-0.108548070137457	-49.9882379892789	29.4280388754525	0	0	0	0	0	1.5	1.5	1.5	1.5	1.5	1.5
333.4584749444	-0.0546659456386081	-0.113661450003296	-49.8985974823684	29.4180354410831	0	0	0	0	0	1.5	1.5	1.5	1.5	1.5	1.5
333.548671989287	-0.0506154113100008	-0.118409483642487	-49.8090073754722	29.4075901374849	0	0	0	0	0	1.5	1.5	1.5	1.5	1.5	1.5
333.638869034173	-0.0465648769813961	-0.122792171055025	-49.7194658761813	29.3967359315145	0	0	0	0	0	1.5	1.5	1.5	1.5	1.5	1.5
333.729066079059	-0.0425143426527913	-0.126809512240912	-49.629970742893	29.3855057453711	0	0	0	0	0	1.5	1.5	1.5	1.5	1.5	1.5
333.819263123945	-0.0384638083241866	-0.130461507200149	-49.5405193210899	29.3739324571555	0	0	0	0	0	1.5	1.5	1.5	1.5	1.5	1.5
333.909460168832	-0.0348002982791261	-0.133750209441557	-49.4511085805186	29.3620488949856	0	0	0	0	0	1.5	1.5	1.5	1.5	1.5	1.5
333.999657213718	-0.0340393569692695	-0.136854776178753	-49.361735990397	29.3498817052228	0	0	0	0	0	1.5	1.5	1.5	1.5	1.5	1.5
334.089854258604	-0.0332784156594129	-0.139890708258467	-49.2724011761871	29.3374401768772	0	0	0	0	0	1.5	1.5	1.5	1.5	1.5	1.5
334.18005130349	-0.0325174743495562	-0.142858005680702	-49.1831041075024	29.3247305560671	0	0	0	0	0	1.5	1.5	1.5	1.5	1.5	1.5
334.270248348376	-0.0317565330396996	-0.145756668445455	-49.0938446984147	29.3117590835564	0	0	0	0	0	1.5	1.5	1.5	1.5	1.5	1.5
334.360445393263	-0.0309955917298425	-0.148586696552729	-49.0046228087555	29.2985319946096	0	0	0	0	0	1.5	1.5	1.5	1.5	1.5	1.5
334.450642438149	-0.0302346504199859	-0.15134809000252	-48.9154382454162	29.2850555188651	0	0	0	0	0	1.5	1.5	1.5	1.5	1.5	1.5
334.540839483035	-0.0294737091101293	-0.15404084879483	-48.8262907636461	29.2713358802269	0	0	0	0	0	1.5	1.5	1.5	1.5	1.5	1.5
334.631036527921	-0.0287127678002726	-0.15666497292966	-48.7371800683507	29.2573792967741	0	0	0	0	0	1.5	1.5	1.5	1.5	1.5	1.5
334.721233572808	-0.0279518264904155	-0.15922046240701	-48.6481058153871	29.2431919806881	0	0	0	0	0	1.5	1.5	1.5	1.5	1.5	1.5
334.811430617694	-0.0271908851805589	-0.161707317226877	-48.5590676128596	29.2287801381959	0	0	0	0	0	1.5	1.5	1.5	1.5	1.5	1.5
334.90162766258	-0.0268407025465809	-0.164126108190128	-48.4700650224982	29.214149969009	0	0	0	0	0	1.5	1.5	1.5	1.5	1.5	1.5
334.991824707466	-0.0394104067988646	-0.167113935331825	-48.3811008332341	29.1992881431434	0	0	0	0	0	1.5	1.5	1.5	1.5	1.5	1.5
335.082021752353	-0.0519801110511484	-0.171235512652171	-48.2921900651555	29.1841101757366	0	0	0	0	0	1.5	1.5	1.5	1.5	1.5	1.5
335.172218797239	-0.0645498153034321	-0.176490840151168	-48.2033514745439	29.168515529679	0	0	0	0	0	1.5	1.5	1.5	1.5	1.5	1.5
335.262415842125	-0.0771195195557158	-0.182879917828814	-48.1146052331479	29.1524039234491	0	0	0	0	0	1.5	1.5	1.5	1.5	1.5	1.5
335.352612887011	-0.0896892238079995	-0.19040274568511	-48.0259732676652	29.1356754083107	0	0	0	0	0	1.5	1.5	1.5	1.5	1.5	1.5
335.442809931897	-0.102258928060283	-0.199059323720055	-47.9374795972287	29.1182304554381	0	0	0	0	0	1.5	1.5	1.5	1.5	1.5	1.5
335.533006976784	-0.114828632312567	-0.208849651933651	-47.8491506683314	29.0999700548668	0	0	0	0	0	1.5	1.5	1.5	1.5	1.5	1.5
335.62320402167	-0.127398336564851	-0.219773730325896	-47.76101568653	29.0807958281464	0	0	0	0	0	1.5	1.5	1.5	1.5	1.5	1.5
335.713401066556	-0.139968040817134	-0.231831558896791	-47.6731069441614	29.0606101565437	0	0	0	0	0	1.5	1.5	1.5	1.5	1.5	1.5
335.803598111442	-0.152537745069426	-0.245023137646344	-47.5854601431802	29.0393163266097	0	0	0	0	0	1.5	1.5	1.5	1.5	1.5	1.5
335.893795156329	-0.16510744932171	-0.25934846657454	-47.498114712093	29.0168186948798	0	0	0	0	0	1.5	1.5	1.5	1.5	1.5	1.5
335.983992201215	-0.181874257800671	-0.274986352336514	-47.4111154758869	28.9930179805686	0	0	0	0	0	1.5	1.5	1.5	1.5	1.5	1.5
336.074189246101	-0.198886980768973	-0.292158121599614	-47.3245185492561	28.9677934038596	0	0	0	0	0	1.5	1.5	1.5	1.5	1.5	1.5
336.164386290987	-0.215899703737275	-0.310864388199924	-47.2383882335002	28.9410195667084	0	0	0	0	0	1.5	1.5	1.5	1.5	1.5	1.5
336.254583335874	-0.232912426705577	-0.331105152137442	-47.1527958092148	28.9125737227879	0	0	0	0	0	1.5	1.5	1.5	1.5	1.5	1.5
336.34478038076	-0.249925149673879	-0.352880413412168	-47.0678200467377	28.8823362425066	0	0	0	0	0	1.5	1.5	1.5	1.5	1.5	1.5
336.434977425646	-0.26693787264218	-0.376190172024104	-46.9835476880842	28.8501911326488	0	0	0	0	0	1.5	1.5	1.5	1.5	1.5	1.5
336.525174470532	-0.283950595610482	-0.401034427973248	-46.9000738949587	28.8160266146791	0	0	0	0	0	1.5	1.5	1.5	1.5	1.5	1.5
336.615371515418	-0.300963318578784	-0.427413181259601	-46.817502657096	28.7797357643394	0	0	0	0	0	1.5	1.5	1.5	1.5	1.5	1.5
336.705568560305	-0.317976041547086	-0.455326431883164	-46.7359471545662	28.7412172146646	0	0	0	0	0	1.5	1.5	1.5	1.5	1.5	1.5
336.795765605191	-0.334988764515388	-0.484774179843934	-46.6555300670517	28.7003759239561	0	0	0	0	0	1.5	1.5	1.5	1.5	1.5	1.5
336.885962650077	-0.35200148748369	-0.515756425141914	-46.5763838224756	28.6571240095766	0	0	0	0	0	1.5	1.5	1.5	1.5	1.5	1.5
336.976159694963	-0.348566620912562	-0.547486347164632	-46.4986403821225	28.6113989495186	0	0	0	0	0	1.5	1.5	1.5	1.5	1.5	1.5
337.06635673985	-0.341614708703024	-0.578612505348118	-46.4223725270467	28.5632526685309	0	0	0	0	0	1.5	1.5	1.5	1.5	1.5	1.5
337.156553784736	-0.334662796493481	-0.609111621594013	-46.3476240329679	28.5127795180492	0	0	0	0	0	1.5	1.5	1.5	1.5	1.5	1.5
337.246750829622	-0.327710884283942	-0.638983695902281	-46.2744328058866	28.4600732923478	0	0	0	0	0	1.5	1.5	1.5	1.5	1.5	1.5
337.336947874508	-0.320758972074399	-0.668228728272958	-46.2028311326982	28.4052268934168	0	0	0	0	0	1.5	1.5	1.5	1.5	1.5	1.5
337.427144919395	-0.313807059864861	-0.696846718706007	-46.1328458859327	28.3483321053343	0	0	0	0	0	1.5	1.5	1.5	1.5	1.5	1.5
337.517341964281	-0.306855147655323	-0.724837667201448	-46.0644987320784	28.2894793883242	0	0	0	0	0	1.5	1.5	1.5	1.5	1.5	1.5
337.607539009167	-0.299903235445784	-0.752201573759279	-45.9978063422752	28.2287576919348	0	0	0	0	0	1.5	1.5	1.5	1.5	1.5	1.5
337.697736054053	-0.292951323236246	-0.778938438379502	-45.9327806042521	28.16625428673	0	0	0	0	0	1.5	1.5	1.5	1.5	1.5	1.5
337.78793309894	-0.285999411026707	-0.805048261062116	-45.8694288344738	28.1020546138479	0	0	0	0	0	1.5	1.5	1.5	1.5	1.5	1.5
337.878130143826	-0.279047498817169	-0.830531041807121	-45.8077539895423	28.0362421517579	0	0	0	0	0	1.5	1.5	1.5	1.5	1.5	1.5
337.968327188712	-0.276559564062918	-0.855541569288939	-45.7477575658476	27.9688959398545	0	0	0	0	0	1.5	1.5	1.5	1.5	1.5	1.5
338.058524233598	-0.275413519316709	-0.880434739777729	-45.6894596356854	27.9000741544751	0	0	0	0	0	1.5	1.5	1.5	1.5	1.5	1.5
338.148721278484	-0.274267474570501	-0.905224540417104	-45.6328891398592	27.8298255296654	0	0	0	0	0	1.5	1.5	1.5	1.5	1.5	1.5
338.238918323371	-0.273121429824292	-0.929910971207063	-45.5780735826804	27.7581990789364	0	0	0	0	0	1.5	1.5	1.5	1.5	1.5	1.5
338.329115368257	-0.271975385078084	-0.954494032147607	-45.5250389673297	27.6852441148822	0	0	0	0	0	1.5	1.5	1.5	1.5	1.5	1.5
338.419312413143	-0.270829340331874	-0.97897372323875	-45.4738098043202	27.6110102041601	0	0	0	0	0	1.5	1.5	1.5	1.5	1.5	1.5
338.509509458029	-0.269683295585666	-1.00335004448046	-45.4244091211647	27.5355471233109	0	0	0	0	0	1.5	1.5	1.5	1.5	1.5	1.5
338.599706502916	-0.268537250839457	-1.02762299587276	-45.3768584732031	27.4589048154443	0	0	0	0	0	1.5	1.5	1.5	1.5	1.5	1.5
338.689903547802	-0.267391206093249	-1.05179257741564	-45.3311779555455	27.3811333478101	0	0	0	0	0	1.5	1.5	1.5	1.5	1.5	1.5
338.780100592688	-0.266245161347039	-1.07585878910912	-45.2873862160887	27.3022828702779	0	0	0	0	0	1.5	1.5	1.5	1.5	1.5	1.5
338.870297637574	-0.265099116600831	-1.09982163095318	-45.2455004695605	27.2224035747423	0	0	0	0	0	1.5	1.5	1.5	1.5	1.5	1.5
338.960494682461	-0.268536367958464	-1.12382330150595	-45.205539159413	27.1415443730705	0	0	0	0	0	1.5	1.5	1.5	1.5	1.5	1.5
339.050691727347	-0.274052604301242	-1.14829326244879	-45.1675481709321	27.0597410372082	0	0	0	0	0	1.5	1.5	1.5	1.5	1.5	1.5
339.140888772233	-0.279568840644021	-1.17326077160864	-45.1315906943319	26.977023782871	0	0	0	0	0	1.5	1.5	1.5	1.5	1.5	1.5
339.231085817119	-0.285085076986799	-1.19872582898551	-45.0977302851792	26.8934262950529	0	0	0	0	0	1.5	1.5	1.5	1.5	1.5	1.5
339.321282862005	-0.290601313329578	-1.22468843457938	-45.0660304783104	26.808985948208	0	0	0	0	0	1.5	1.5	1.5	1.5	1.5	1.5
339.411479906892	-0.296117549672356	-1.25114858839027	-45.036554636878	26.7237438986059	0	0	0	0	0	1.5	1.5	1.5	1.5	1.5	1.5
339.501676951778	-0.301633786015135	-1.27810629041818	-45.0093657915509	26.6377451723341	0	0	0	0	0	1.5	1.5	1.5	1.5	1.5	1.5
339.591873996664	-0.307150022357916	-1.30556154066311	-44.9845264697732	26.5510387482888	0	0	0	0	0	1.5	1.5	1.5	1.5	1.5	1.5
339.68207104155	-0.312666258700695	-1.33351433912504	-44.9620985150169	26.4636776354673	0	0	0	0	0	1.5	1.5	1.5	1.5	1.5	1.5
339.772268086437	-0.318182495043473	-1.36196468580398	-44.9421428959984	26.37571894384	0	0	0	0	0	1.5	1.5	1.5	1.5	1.5	1.5
339.862465131323	-0.323698731386252	-1.39091258069993	-44.924719505871	26.2872239480531	0	0	0	0	0	1.5	1.5	1.5	1.5	1.5	1.5
339.952662176209	-0.320153489663828	-1.42011341857868	-44.9098826022964	26.1982588225127	0	0	0	0	0	1.5	1.5	1.5	1.5	1.5	1.5
340.042859221095	-0.310530814362691	-1.44855634881834	-44.8976192251464	26.1089024124213	0	0	0	0	0	1.5	1.5	1.5	1.5	1.5	1.5
340.133056265982	-0.300908139061547	-1.47613134218196	-44.8878630912841	26.0192374289759	0	0	0	0	0	1.5	1.5	1.5	1.5	1.5	1.5
340.223253310868	-0.29128546376041	-1.50283839866949	-44.8805438369662	25.9293405332576	0	0	0	0	0	1.5	1.5	1.5	1.5	1.5	1.5
340.313450355754	-0.281662788459272	-1.52867751828096	-44.8755886965743	25.8392822141229	0	0	0	0	0	1.5	1.5	1.5	1.5	1.5	1.5
340.40364740064	-0.272040113158135	-1.55364870101637	-44.8729228493757	25.7491269180103	0	0	0	0	0	1.5	1.5	1.5	1.5	1.5	1.5
340.493844445526	-0.262417437856997	-1.57775194687572	-44.8724697416943	25.6589331946845	0	0	0	0	0	1.5	1.5	1.5	1.5	1.5	1.5
340.584041490413	-0.25279476255586	-1.600987255859	-44.874151384736	25.5687538568915	0	0	0	0	0	1.5	1.5	1.5	1.5	1.5	1.5
340.674238535299	-0.243172087254723	-1.62335462796622	-44.8778886284366	25.4786361520246	0	0	0	0	0	1.5	1.5	1.5	1.5	1.5	1.5
340.764435580185	-0.233549411953585	-1.64485406319738	-44.8836014118076	25.3886219440425	0	0	0	0	0	1.5	1.5	1.5	1.5	1.5	1.5
340.854632625071	-0.223926736652442	-1.66548556155249	-44.8912089903496	25.298747904012	0	0	0	0	0	1.5	1.5	1.5	1.5	1.5	1.5
340.944829669958	-0.223979670567551	-1.68547178248127	-44.900633535716	25.2090460897134	0	0	0	0	0	1.5	1.5	1.5	1.5	1.5	1.5
341.035026714844	-0.233318719271308	-1.70609526417862	-44.911871201079	25.1195534451857	0	0	0	0	0	1.5	1.5	1.5	1.5	1.5	1.5
341.12522375973	-0.242657767975065	-1.72756110047109	-44.92498956187	25.0303172242785	0	0	0	0	0	1.5	1.5	1.5	1.5	1.5	1.5
341.215420804616	-0.251996816678822	-1.74986929135869	-44.9400577159595	24.9413896118838	0	0	0	0	0	1.5	1.5	1.5	1.5	1.5	1.5
341.305617849503	-0.261335865382579	-1.77301983684142	-44.9571430450751	24.8528275710134	0	0	0	0	0	1.5	1.5	1.5	1.5	1.5	1.5
341.395814894389	-0.270674914086336	-1.79701273691928	-44.9763109627269	24.7646929718752	0	0	0	0	0	1.5	1.5	1.5	1.5	1.5	1.5
341.486011939275	-0.280013962790093	-1.82184799159226	-44.9976246428137	24.6770527083557	0	0	0	0	0	1.5	1.5	1.5	1.5	1.5	1.5
341.576208984161	-0.289353011493856	-1.84752560086039	-45.0211447287304	24.5899788003159	0	0	0	0	0	1.5	1.5	1.5	1.5	1.5	1.5
341.666406029047	-0.298692060197613	-1.87404556472363	-45.0469290229082	24.503548480006	0	0	0	0	0	1.5	1.5	1.5	1.5	1.5	1.5
341.756603073934	-0.30803110890137	-1.901407883182	-45.0750321568411	24.4178442608067	0	0	0	0	0	1.5	1.5	1.5	1.5	1.5	1.5
341.84680011882	-0.317370157605127	-1.92961255623549	-45.1055052417887	24.3329539864078	0	0	0	0	0	1.5	1.5	1.5	1.5	1.5	1.5
341.936997163706	-0.31327096718553	-1.95838612097383	-45.1383920614242	24.2489694669972	0	0	0	0	0	1.5	1.5	1.5	1.5	1.5	1.5
342.027194208592	-0.292828375756421	-1.98572030579427	-45.17363249665	24.1659446992268	0	0	0	0	0	1.5	1.5	1.5	1.5	1.5	1.5
342.117391253479	-0.272385784327326	-2.01121062927797	-45.2110534087651	24.0838792271601	0	0	0	0	0	1.5	1.5	1.5	1.5	1.5	1.5
342.207588298365	-0.25194319289823	-2.03485709142495	-45.2504791904502	24.0027574943806	0	0	0	0	0	1.5	1.5	1.5	1.5	1.5	1.5
342.297785343251	-0.231500601469134	-2.05665969223521	-45.2917382315138	23.9225522817486	0	0	0	0	0	1.5	1.5	1.5	1.5	1.5	1.5
342.387982388137	-0.211058010040038	-2.07661843170875	-45.334663032983	23.8432257526148	0	0	0	0	0	1.5	1.5	1.5	1.5	1.5	1.5
342.478179433024	-0.190615418610943	-2.09473330984557	-45.3790902194102	23.7647304692853	0	0	0	0	0	1.5	1.5	1.5	1.5	1.5	1.5
342.56837647791	-0.170172827181847	-2.11100432664567	-45.4248604594164	23.6870103784964	0	0	0	0	0	1.5	1.5	1.5	1.5	1.5	1.5
342.658573522796	-0.149730235752751	-2.12543148210904	-45.4718183041859	23.6100017648801	0	0	0	0	0	1.5	1.5	1.5	1.5	1.5	1.5
342.748770567682	-0.129287644323655	-2.1380147762357	-45.5198119532816	23.533634172491	0	0	0	0	0	1.5	1.5	1.5	1.5	1.5	1.5
342.838967612568	-0.10884505289456	-2.14875420902563	-45.5686929567943	23.4578312954281	0	0	0	0	0	1.5	1.5	1.5	1.5	1.5	1.5
342.929164657455	-0.0936771368698477	-2.15774474955437	-45.6183168121665	23.3825124699106	0	0	0	0	0	1.5	1.5	1.5	1.5	1.5	1.5
343.019361702341	-0.0864466371901261	-2.16586806562135	-45.6685785428628	23.3076177398451	0	0	0	0	0	1.5	1.5	1.5	1.5	1.5	1.5
343.109558747227	-0.0792161375104046	-2.17333921198417	-45.7194227328452	23.2331171532423	0	0	0	0	0	1.5	1.5	1.5	1.5	1.5	1.5
343.199755792113	-0.071985637830683	-2.18015818864283	-45.7707979516807	23.1589817213151	0	0	0	0	0	1.5	1.5	1.5	1.5	1.5	1.5
343.289952837	-0.0647551381509569	-2.18632499559733	-45.822653455845	23.0851813974211	0	0	0	0	0	1.5	1.5	1.5	1.5	1.5	1.5
343.380149881886	-0.0575246384712353	-2.19183963284767	-45.8749391368403	23.0116851808741	0	0	0	0	0	1.5	1.5	1.5	1.5	1.5	1.5
343.470346926772	-0.0502941387915137	-2.19670210039384	-45.927605466154	22.9384612187534	0	0	0	0	0	1.5	1.5	1.5	1.5	1.5	1.5
343.560543971658	-0.0430636391117922	-2.20091239823585	-45.9806034374056	22.8654769058724	0	0	0	0	0	1.5	1.5	1.5	1.5	1.5	1.5
343.650741016545	-0.0358331394320706	-2.2044705263737	-46.0338845060151	22.7926989830792	0	0	0	0	0	1.5	1.5	1.5	1.5	1.5	1.5
343.740938061431	-0.028602639752349	-2.20737648480739	-46.0874005267222	22.7200936340752	0	0	0	0	0	1.5	1.5	1.5	1.5	1.5	1.5
343.831135106317	-0.0213721400726275	-2.20963027353692	-46.1411036892783	22.6476265809466	0	0	0	0	0	1.5	1.5	1.5	1.5	1.5	1.5
343.921332151203	-0.01593160984846	-2.2112570391375	-46.194946641485	22.5752633193261	0	0	0	0	0	1.5	1.5	1.5	1.5	1.5	1.5
344.011529196089	-0.0144472303883802	-2.21262707994572	-46.2488955623636	22.5029790224871	0	0	0	0	0	1.5	1.5	1.5	1.5	1.5	1.5
344.101726240976	-0.0129628509283004	-2.21386323411314	-46.3029386316825	22.4307650866533	0	0	0	0	0	1.5	1.5	1.5	1.5	1.5	1.5
344.191923285862	-0.0114784714682205	-2.21496550163978	-46.3570660980655	22.3586143869668	0	0	0	0	0	1.5	1.5	1.5	1.5	1.5	1.5
344.282120330748	-0.00999409200813978	-2.21593388252563	-46.4112682354177	22.2865197645827	0	0	0	0	0	1.5	1.5	1.5	1.5	1.5	1.5
344.372317375634	-0.00850971254805996	-2.21676837677069	-46.4655353400857	22.2144740306018	0	0	0	0	0	1.5	1.5	1.5	1.5	1.5	1.5
344.462514420521	-0.00702533308798014	-2.21746898437497	-46.5198577279979	22.1424699699889	0	0	0	0	0	1.5	1.5	1.5	1.5	1.5	1.5
344.552711465407	-0.00554095362789938	-2.21803570533845	-46.5742257317868	22.0705003454778	0	0	0	0	0	1.5	1.5	1.5	1.5	1.5	1.5
344.642908510293	-0.00405657416781956	-2.21846853966114	-46.628629697897	21.9985579014654	0	0	0	0	0	1.5	1.5	1.5	1.5	1.5	1.5
344.733105555179	-0.00257219470773974	-2.21876748734305	-46.68305998368	21.9266353678963	0	0	0	0	0	1.5	1.5	1.5	1.5	1.5	1.5
344.823302600066	-0.00108781524765992	-2.21893254838416	-46.7375069544804	21.8547254641404	0	0	0	0	0	1.5	1.5	1.5	1.5	1.5	1.5
344.913499644952	9.47176434108588e-05	-2.21896678162269	-46.7919609971882	21.7828209153405	0	0	0	0	0	1.5	1.5	1.5	1.5	1.5	1.5
345.003696689838	0.000235780768039359	-2.21895187663266	-46.8464151022758	21.7109164137766	0	0	0	0	0	1.5	1.5	1.5	1.5	1.5	1.5
345.093893734724	0.000376843892667858	-2.21892424816565	-46.9008676781763	21.6390107541698	0	0	0	0	0	1.5	1.5	1.5	1.5	1.5	1.5
345.184090779611	0.000517907017296358	-2.21888389622166	-46.9553178099553	21.5671032437529	0	0	0	0	0	1.5	1.5	1.5	1.5	1.5	1.5
345.274287824497	0.000658970141924858	-2.21883082080068	-47.0097645826076	21.4951931898519	0	0	0	0	0	1.5	1.5	1.5	1.5	1.5	1.5
345.364484869383	0.000800033266553358	-2.21876502190272	-47.0642070810309	21.4232798999209	0	0	0	0	0	1.5	1.5	1.5	1.5	1.5	1.5
345.454681914269	0.000941096391181857	-2.21868649952777	-47.1186443899995	21.3513626815773	0	0	0	0	0	1.5	1.5	1.5	1.5	1.5	1.5
345.544878959155	0.00108215951581036	-2.21859525367584	-47.1730755941378	21.2794408426366	0	0	0	0	0	1.5	1.5	1.5	1.5	1.5	1.5
345.635076004042	0.00122322264043886	-2.21849128434693	-47.2274997778939	21.2075136911473	0	0	0	0	0	1.5	1.5	1.5	1.5	1.5	1.5
345.725273048928	0.00136428576506745	-2.21837459154103	-47.2819160255129	21.1355805354258	0	0	0	0	0	1.5	1.5	1.5	1.5	1.5	1.5
345.815470093814	0.00150534888969595	-2.21824517525815	-47.3363234210111	21.0636406840919	0	0	0	0	0	1.5	1.5	1.5	1.5	1.5	1.5
345.9056671387	0.00170969706037322	-2.21810263598554	-47.3907210468081	20.991693445089	0	0	0	0	0	1.5	1.5	1.5	1.5	1.5	1.5
345.995864183587	0.00230285953006965	-2.21792167561209	-47.4451072658981	20.9197375832216	0	0	0	0	0	1.5	1.5	1.5	1.5	1.5	1.5
346.086061228473	0.00289602199976609	-2.21768721373674	-47.4994785377316	20.8477704263505	0	0	0	0	0	1.5	1.5	1.5	1.5	1.5	1.5
346.176258273359	0.00348918446946252	-2.21739925035948	-47.553831008917	20.7757890695559	0	0	0	0	0	1.5	1.5	1.5	1.5	1.5	1.5
346.266455318245	0.00408234693915895	-2.21705778548032	-47.608160823785	20.7037906109367	0	0	0	0	0	1.5	1.5	1.5	1.5	1.5	1.5
346.356652363132	0.00467550940885539	-2.21666281909926	-47.6624641239235	20.63177215223	0	0	0	0	0	1.5	1.5	1.5	1.5	1.5	1.5
346.446849408018	0.00526867187855182	-2.21621435121629	-47.7167370477142	20.5597307994316	0	0	0	0	0	1.5	1.5	1.5	1.5	1.5	1.5
346.537046452904	0.00586183434824825	-2.21571238183142	-47.7709757298697	20.4876636634167	0	0	0	0	0	1.5	1.5	1.5	1.5	1.5	1.5
346.62724349779	0.00645499681794469	-2.21515691094464	-47.8251763009723	20.4155678605628	0	0	0	0	0	1.5	1.5	1.5	1.5	1.5	1.5
346.717440542676	0.00704815928764112	-2.21454793855596	-47.8793348870136	20.3434405133722	0	0	0	0	0	1.5	1.5	1.5	1.5	1.5	1.5
346.807637587563	0.00764132175733756	-2.21388546466538	-47.9334476089372	20.271278751097	0	0	0	0	0	1.5	1.5	1.5	1.5	1.5	1.5
346.897834632449	0.00816707364761124	-2.2131696519744	-47.9875105823908	20.1990797105216	0	0	0	0	0	1.5	1.5	1.5	1.5	1.5	1.5
346.988031677335	0.00750065298042661	-2.21246306065343	-48.0415215158557	20.1268417313559	0	0	0	0	0	1.5	1.5	1.5	1.5	1.5	1.5
347.078228722221	0.00683423231324199	-2.2118165785073	-48.0954835655003	20.0545672280994	0	0	0	0	0	1.5	1.5	1.5	1.5	1.5	1.5
347.168425767108	0.00616781164605736	-2.21123020553599	-48.1494010530662	19.9822594746587	0	0	0	0	0	1.5	1.5	1.5	1.5	1.5	1.5
347.258622811994	0.00550139097887274	-2.21070394173952	-48.2032783063083	19.9099217369177	0	0	0	0	0	1.5	1.5	1.5	1.5	1.5	1.5
347.34881985688	0.0048349703116877	-2.21023778711788	-48.2571196584012	19.8375572735143	0	0	0	0	0	1.5	1.5	1.5	1.5	1.5	1.5
347.439016901766	0.00416854964450307	-2.20983174167107	-48.3109294473478	19.7651693366193	0	0	0	0	0	1.5	1.5	1.5	1.5	1.5	1.5
347.529213946653	0.00350212897731845	-2.20948580539909	-48.3647120153902	19.6927611727163	0	0	0	0	0	1.5	1.5	1.5	1.5	1.5	1.5
347.619410991539	0.00283570831013382	-2.20919997830194	-48.4184717084221	19.6203360233833	0	0	0	0	0	1.5	1.5	1.5	1.5	1.5	1.5
347.709608036425	0.0021692876429492	-2.20897426037962	-48.4722128754022	19.5478971260751	0	0	0	0	0	1.5	1.5	1.5	1.5	1.5	1.5
347.799805081311	0.00150286697576458	-2.20880865163213	-48.5259398677702	19.4754477149066	0	0	0	0	0	1.5	1.5	1.5	1.5	1.5	1.5
347.890002126197	0.000836446308579952	-2.20870315205948	-48.5796570388621	19.4029910214372	0	0	0	0	0	1.5	1.5	1.5	1.5	1.5	1.5
347.980199171084	0.00218690701255532	-2.2085698277554	-48.6333666899737	19.3305287535218	0	0	0	0	0	1.5	1.5	1.5	1.5	1.5	1.5
348.07039621597	0.00360673781981419	-2.2083085429339	-48.6870620464769	19.2580558927411	0	0	0	0	0	1.5	1.5	1.5	1.5	1.5	1.5
348.160593260856	0.00502656862707395	-2.20791919356935	-48.7407338232925	19.18556556803	0	0	0	0	0	1.5	1.5	1.5	1.5	1.5	1.5
348.250790305742	0.00644639943433282	-2.20740177966174	-48.7943727285514	19.1130509173231	0	0	0	0	0	1.5	1.5	1.5	1.5	1.5	1.5
348.340987350629	0.00786623024159169	-2.20675630121108	-48.8479694610463	19.0405050911894	0	0	0	0	0	1.5	1.5	1.5	1.5	1.5	1.5
348.431184395515	0.00928606104885056	-2.20598275821737	-48.9015147076083	18.9679212564121	0	0	0	0	0	1.5	1.5	1.5	1.5	1.5	1.5
348.521381440401	0.0107058918561094	-2.20508115068061	-48.9549991404927	18.8952925995751	0	0	0	0	0	1.5	1.5	1.5	1.5	1.5	1.5
348.611578485287	0.0121257226633683	-2.20405147860079	-49.0084134147792	18.8226123306593	0	0	0	0	0	1.5	1.5	1.5	1.5	1.5	1.5
348.701775530174	0.0135455534706281	-2.20289374197791	-49.061748165786	18.7498736866496	0	0	0	0	0	1.5	1.5	1.5	1.5	1.5	1.5
348.79197257506	0.0149653842778869	-2.20160794081199	-49.114994006501	18.6770699351548	0	0	0	0	0	1.5	1.5	1.5	1.5	1.5	1.5
348.882169619946	0.0163852150851458	-2.20019407510301	-49.1681415250338	18.6041943780415	0	0	0	0	0	1.5	1.5	1.5	1.5	1.5	1.5
348.972366664832	0.0113360989876102	-2.19890884048304	-49.2211867759987	18.5312443463293	0	0	0	0	0	1.5	1.5	1.5	1.5	1.5	1.5
349.062563709719	0.00540383652754817	-2.19815389412551	-49.2741574255014	18.4582401217403	0	0	0	0	0	1.5	1.5	1.5	1.5	1.5	1.5
349.152760754605	-0.000528425932513833	-2.19793402031137	-49.3270924868686	18.3852100858081	0	0	0	0	0	1.5	1.5	1.5	1.5	1.5	1.5
349.242957799491	-0.00646068839257584	-2.19824921904062	-49.3800310288541	18.3121825731292	0	0	0	0	0	1.5	1.5	1.5	1.5	1.5	1.5
349.333154844377	-0.0123929508526416	-2.19909949031326	-49.4330121161597	18.2391859238859	0	0	0	0	0	1.5	1.5	1.5	1.5	1.5	1.5
349.423351889263	-0.0183252133127036	-2.20048483412928	-49.486074763909	18.1662485465291	0	0	0	0	0	1.5	1.5	1.5	1.5	1.5	1.5
349.51354893415	-0.0242574757727656	-2.20240525048869	-49.5392578919384	18.0933989803281	0	0	0	0	0	1.5	1.5	1.5	1.5	1.5	1.5
349.603745979036	-0.0301897382328276	-2.20486073939148	-49.5926002787392	18.0206659576653	0	0	0	0	0	1.5	1.5	1.5	1.5	1.5	1.5
349.693943023922	-0.0361220006928896	-2.20785130083767	-49.6461405148827	17.9480784659511	0	0	0	0	0	1.5	1.5	1.5	1.5	1.5	1.5
349.784140068808	-0.0420542631529516	-2.21137693482724	-49.6999169557664	17.8756658090342	0	0	0	0	0	1.5	1.5	1.5	1.5	1.5	1.5
349.874337113695	-0.0479865256130136	-2.2154376413602	-49.7539676735151	17.8034576679783	0	0	0	0	0	1.5	1.5	1.5	1.5	1.5	1.5
349.964534158581	-0.0353826843309362	-2.21937057961148	-49.8083178100275	17.731474622024	0	0	0	0	0	1.5	1.5	1.5	1.5	1.5	1.5
350.054731203467	-0.0179378827264988	-2.2217752584016	-49.8628971954617	17.6596651961553	0	0	0	0	0	1.5	1.5	1.5	1.5	1.5	1.5
350.144928248353	-0.00049308112207247	-2.22260646763838	-49.9175927046413	17.5879441554112	0	0	0	0	0	1.5	1.5	1.5	1.5	1.5	1.5
350.23512529324	0.0169517204823539	-2.2218642073218	-49.9722914038403	17.5162255468731	0	0	0	0	0	1.5	1.5	1.5	1.5	1.5	1.5
350.325322338126	0.0343965220867802	-2.21954847745189	-50.0268803707999	17.4444234025535	0	0	0	0	0	1.5	1.5	1.5	1.5	1.5	1.5
350.415519383012	0.0518413236912066	-2.21565927802862	-50.0812462896709	17.3724522730026	0	0	0	0	0	1.5	1.5	1.5	1.5	1.5	1.5
350.505716427898	0.069286125295633	-2.21019660905201	-50.1352750500414	17.3002277640027	0	0	0	0	0	1.5	1.5	1.5	1.5	1.5	1.5
350.595913472785	0.0867309269000703	-2.20316047052205	-50.1888513542884	17.2276670794853	0	0	0	0	0	1.5	1.5	1.5	1.5	1.5	1.5
350.686110517671	0.104175728504497	-2.19455086243875	-50.2418583375593	17.1546895737116	0	0	0	0	0	1.5	1.5	1.5	1.5	1.5	1.5
350.776307562557	0.121620530108923	-2.1843677848021	-50.2941772047899	17.0812173156193	0	0	0	0	0	1.5	1.5	1.5	1.5	1.5	1.5
350.866504607443	0.139065331713349	-2.17261123761211	-50.3456868893002	17.0071756680466	0	0	0	0	0	1.5	1.5	1.5	1.5	1.5	1.5
350.956701652329	0.154880489770276	-2.15933304908187	-50.3962646501834	16.9324944965465	0	0	0	0	0	1.5	1.5	1.5	1.5	1.5	1.5
351.046898697216	0.170014390481941	-2.14468077003317	-50.4457942197615	16.857114240026	0	0	0	0	0	1.5	1.5	1.5	1.5	1.5	1.5
351.137095742102	0.185148291193606	-2.12866345786267	-50.4941619859782	16.7809834831365	0	0	0	0	0	1.5	1.5	1.5	1.5	1.5	1.5
351.227292786988	0.200282191905271	-2.11128111257037	-50.5412516068914	16.7040557921081	0	0	0	0	0	1.5	1.5	1.5	1.5	1.5	1.5
351.317489831874	0.215416092616936	-2.09253373415629	-50.586943838003	16.6262901915787	0	0	0	0	0	1.5	1.5	1.5	1.5	1.5	1.5
351.407686876761	0.230549993328601	-2.0724213226204	-50.6311164644966	16.5476517040744	0	0	0	0	0	1.5	1.5	1.5	1.5	1.5	1.5
351.497883921647	0.245683894040276	-2.05094387796271	-50.6736442761417	16.4681119065053	0	0	0	0	0	1.5	1.5	1.5	1.5	1.5	1.5
351.588080966533	0.260817794751941	-2.02810140018324	-50.7143990889783	16.3876495030029	0	0	0	0	0	1.5	1.5	1.5	1.5	1.5	1.5
351.678278011419	0.275951695463606	-2.00389388928198	-50.7532498180071	16.3062509129629	0	0	0	0	0	1.5	1.5	1.5	1.5	1.5	1.5
351.768475056306	0.291085596175281	-1.97832134525891	-50.7900626052057	16.2239108726491	0	0	0	0	0	1.5	1.5	1.5	1.5	1.5	1.5
351.858672101192	0.306219496886946	-1.95138376811405	-50.8247010072606	16.1406330481654	0	0	0	0	0	1.5	1.5	1.5	1.5	1.5	1.5
351.948869146078	0.312077095741498	-1.92334154306352	-50.8570308131118	16.0564323591244	0	0	0	0	0	1.5	1.5	1.5	1.5	1.5	1.5
352.039066190964	0.312307240323572	-1.89518273207036	-50.8869790279367	15.9713554892774	0	0	0	0	0	1.5	1.5	1.5	1.5	1.5	1.5
352.12926323585	0.312537384905645	-1.867003162716	-50.9145191306079	15.8854688703767	0	0	0	0	0	1.5	1.5	1.5	1.5	1.5	1.5
352.219460280737	0.312767529487719	-1.83880283500045	-50.9396274713783	15.7988401280813	0	0	0	0	0	1.5	1.5	1.5	1.5	1.5	1.5
352.309657325623	0.312997674069792	-1.81058174892369	-50.962282286629	15.7115376291487	0	0	0	0	0	1.5	1.5	1.5	1.5	1.5	1.5
352.399854370509	0.313227818651866	-1.78233990448573	-50.9824637232921	15.6236304292526	0	0	0	0	0	1.5	1.5	1.5	1.5	1.5	1.5
352.490051415395	0.313457963233939	-1.75407730168658	-51.0001538618455	15.5351882199737	0	0	0	0	0	1.5	1.5	1.5	1.5	1.5	1.5
352.580248460282	0.313688107816013	-1.72579394052622	-51.0153367378541	15.446281275	0	0	0	0	0	1.5	1.5	1.5	1.5	1.5	1.5
352.670445505168	0.313918252398086	-1.69748982100466	-51.0279983620279	15.3569803955789	0	0	0	0	0	1.5	1.5	1.5	1.5	1.5	1.5
352.760642550054	0.31414839698016	-1.66916494312191	-51.0381267387715	15.2673568552575	0	0	0	0	0	1.5	1.5	1.5	1.5	1.5	1.5
352.85083959494	0.314378541562233	-1.64081930687794	-51.0457118832005	15.177482343956	0	0	0	0	0	1.5	1.5	1.5	1.5	1.5	1.5
352.941036639827	0.310598271628119	-1.61255076028623	-51.0507474265048	15.0874289838412	0	0	0	0	0	1.5	1.5	1.5	1.5	1.5	1.5
353.031233684713	0.303415504498158	-1.58485964622322	-51.0532594498589	14.9972698090667	0	0	0	0	0	1.5	1.5	1.5	1.5	1.5	1.5
353.121430729599	0.296232737368192	-1.55781639652942	-51.0533034380868	14.9070755234277	0	0	0	0	0	1.5	1.5	1.5	1.5	1.5	1.5
353.211627774485	0.289049970238231	-1.53142101120487	-51.0509377641883	14.816912126451	0	0	0	0	0	1.5	1.5	1.5	1.5	1.5	1.5
353.301824819371	0.28186720310827	-1.50567349024954	-51.0462224631226	14.7268409134877	0	0	0	0	0	1.5	1.5	1.5	1.5	1.5	1.5
353.392021864258	0.274684435978309	-1.48057383366345	-51.0392189894527	14.6369185516538	0	0	0	0	0	1.5	1.5	1.5	1.5	1.5	1.5
353.482218909144	0.267501668848348	-1.45612204144658	-51.0299899890902	14.5471971655917	0	0	0	0	0	1.5	1.5	1.5	1.5	1.5	1.5
353.57241595403	0.260318901718387	-1.43231811359894	-51.0185990850982	14.4577244319509	0	0	0	0	0	1.5	1.5	1.5	1.5	1.5	1.5
353.662612998916	0.253136134588426	-1.40916205012053	-51.0051106774571	14.3685436815421	0	0	0	0	0	1.5	1.5	1.5	1.5	1.5	1.5
353.752810043803	0.245953367458465	-1.38665385101134	-50.9895897566345	14.2796940081764	0	0	0	0	0	1.5	1.5	1.5	1.5	1.5	1.5
353.843007088689	0.238770600328504	-1.36479351627139	-50.972101730758	14.1912103832592	0	0	0	0	0	1.5	1.5	1.5	1.5	1.5	1.5
353.933204133575	0.239775465054879	-1.34341631178641	-50.9527101121855	14.1031242680928	0	0	0	0	0	1.5	1.5	1.5	1.5	1.5	1.5
354.023401178461	0.250945204250673	-1.32128553466844	-50.9314140577027	14.0154792287648	0	0	0	0	0	1.5	1.5	1.5	1.5	1.5	1.5
354.113598223347	0.262114943446468	-1.29814728008285	-50.908139868787	13.9283387900082	0	0	0	0	0	1.5	1.5	1.5	1.5	1.5	1.5
354.203795268234	0.273284682642263	-1.27400154802966	-50.8828122525736	13.8417730722083	0	0	0	0	0	1.5	1.5	1.5	1.5	1.5	1.5
354.29399231312	0.284454421838064	-1.24884833850883	-50.8553588042188	13.7558580785022	0	0	0	0	0	1.5	1.5	1.5	1.5	1.5	1.5
354.384189358006	0.295624161033859	-1.22268765152042	-50.8257103805409	13.6706758391787	0	0	0	0	0	1.5	1.5	1.5	1.5	1.5	1.5
354.474386402892	0.30679390022966	-1.19551948706437	-50.7938015012159	13.586314533359	0	0	0	0	0	1.5	1.5	1.5	1.5	1.5	1.5
354.564583447779	0.317963639425455	-1.16734384514073	-50.759570777533	13.5028685852485	0	0	0	0	0	1.5	1.5	1.5	1.5	1.5	1.5
354.654780492665	0.32913337862125	-1.13816072574948	-50.7229613684887	13.4204387320773	0	0	0	0	0	1.5	1.5	1.5	1.5	1.5	1.5
354.744977537551	0.340303117817044	-1.10797012889062	-50.6839214637495	13.3391320606978	0	0	0	0	0	1.5	1.5	1.5	1.5	1.5	1.5
354.835174582437	0.351472857012839	-1.07677205456415	-50.642404792736	13.2590620096597	0	0	0	0	0	1.5	1.5	1.5	1.5	1.5	1.5
354.925371627324	0.355641637279988	-1.04466960338355	-50.598372035417	13.1803478273997	0	0	0	0	0	1.5	1.5	1.5	1.5	1.5	1.5
355.01556867221	0.34537180386704	-1.01305493297506	-50.5518449238337	13.1030816821909	0	0	0	0	0	1.5	1.5	1.5	1.5	1.5	1.5
355.105765717096	0.335101970454091	-0.982366571191891	-50.5029336998699	13.0273019975663	0	0	0	0	0	1.5	1.5	1.5	1.5	1.5	1.5
355.195962761982	0.324832137041142	-0.952604518034042	-50.4517545885867	12.9530348785957	0	0	0	0	0	1.5	1.5	1.5	1.5	1.5	1.5
355.286159806869	0.314562303628193	-0.923768773501515	-50.3984216883365	12.8802987463086	0	0	0	0	0	1.5	1.5	1.5	1.5	1.5	1.5
355.376356851755	0.304292470215244	-0.895859337594309	-50.3430466963619	12.8091047220718	0	0	0	0	0	1.5	1.5	1.5	1.5	1.5	1.5
355.466553896641	0.294022636802289	-0.868876210312409	-50.2857386726909	12.7394570105739	0	0	0	0	0	1.5	1.5	1.5	1.5	1.5	1.5
355.556750941527	0.28375280338934	-0.842819391655848	-50.2266038404825	12.6713532792435	0	0	0	0	0	1.5	1.5	1.5	1.5	1.5	1.5
355.646947986413	0.273482969976391	-0.817688881624608	-50.1657454209414	12.6047850321838	0	0	0	0	0	1.5	1.5	1.5	1.5	1.5	1.5
355.7371450313	0.263213136563442	-0.793484680218691	-50.1032635009002	12.5397379769506	0	0	0	0	0	1.5	1.5	1.5	1.5	1.5	1.5
355.827342076186	0.252943303150487	-0.77020678743808	-50.0392549311654	12.4761923827316	0	0	0	0	0	1.5	1.5	1.5	1.5	1.5	1.5
355.917539121072	0.246807310523534	-0.747808006599234	-49.9738130090727	12.4141236917417	0	0	0	0	0	1.5	1.5	1.5	1.5	1.5	1.5
356.007736165958	0.25286642948955	-0.72527345922102	-49.9069995110489	12.3535339308988	0	0	0	0	0	1.5	1.5	1.5	1.5	1.5	1.5
356.097933210845	0.258925548455567	-0.702192397217458	-49.8388216615247	12.2944837270823	0	0	0	0	0	1.5	1.5	1.5	1.5	1.5	1.5
356.188130255731	0.264984667421583	-0.678564820588546	-49.7692835260898	12.237041789866	0	0	0	0	0	1.5	1.5	1.5	1.5	1.5	1.5
356.278327300617	0.271043786387599	-0.654390729334286	-49.6983925492082	12.1812781806108	0	0	0	0	0	1.5	1.5	1.5	1.5	1.5	1.5
356.368524345503	0.277102905353615	-0.629670123454677	-49.6261596999055	12.1272642186515	0	0	0	0	0	1.5	1.5	1.5	1.5	1.5	1.5
356.45872139039	0.283162024319631	-0.60440300294972	-49.5525996178258	12.0750723762915	0	0	0	0	0	1.5	1.5	1.5	1.5	1.5	1.5
356.548918435276	0.289221143285647	-0.578589367819413	-49.4777307590958	12.0247761622029	0	0	0	0	0	1.5	1.5	1.5	1.5	1.5	1.5
356.639115480162	0.295280262251663	-0.552229218063758	-49.4015755413862	11.9764499928479	0	0	0	0	0	1.5	1.5	1.5	1.5	1.5	1.5
356.729312525048	0.301339381217683	-0.525322553682738	-49.3241604875108	11.9301690515524	0	0	0	0	0	1.5	1.5	1.5	1.5	1.5	1.5
356.819509569934	0.307398500183699	-0.497869374676385	-49.2455163668548	11.8860091348875	0	0	0	0	0	1.5	1.5	1.5	1.5	1.5	1.5
356.909706614821	0.310410462646661	-0.46989062736311	-49.1656783774286	11.8440464004984	0	0	0	0	0	1.5	1.5	1.5	1.5	1.5	1.5
356.999903659707	0.296478139091813	-0.442520848137139	-49.0847041060839	11.8043202577339	0	0	0	0	0	1.5	1.5	1.5	1.5	1.5	1.5
357.090100704593	0.282545815536965	-0.416407723324213	-49.0026963477934	11.7667733246759	0	0	0	0	0	1.5	1.5	1.5	1.5	1.5	1.5
357.180297749479	0.268613491982117	-0.391551252924334	-48.9197582252937	11.7313282141486	0	0	0	0	0	1.5	1.5	1.5	1.5	1.5	1.5
357.270494794366	0.25468116842726	-0.367951436937486	-48.8359855463179	11.6979026616101	0	0	0	0	0	1.5	1.5	1.5	1.5	1.5	1.5
357.360691839252	0.240748844872412	-0.345608275363699	-48.7514669988497	11.6664100659829	0	0	0	0	0	1.5	1.5	1.5	1.5	1.5	1.5
357.450888884138	0.226816521317564	-0.324521768202958	-48.6662843808247	11.636759989574	0	0	0	0	0	1.5	1.5	1.5	1.5	1.5	1.5
357.541085929024	0.212884197762716	-0.304691915455264	-48.5805128601796	11.6088586177618	0	0	0	0	0	1.5	1.5	1.5	1.5	1.5	1.5
357.631282973911	0.198951874207868	-0.286118717120615	-48.4942212614708	11.5826091794415	0	0	0	0	0	1.5	1.5	1.5	1.5	1.5	1.5
357.721480018797	0.18501955065302	-0.268802173199013	-48.407472375605	11.5579123295037	0	0	0	0	0	1.5	1.5	1.5	1.5	1.5	1.5
357.811677063683	0.171087227098172	-0.252742283690456	-48.3203232895372	11.5346664948612	0	0	0	0	0	1.5	1.5	1.5	1.5	1.5	1.5
357.901874108569	0.157631492469152	-0.237937666356821	-48.2328257324701	11.512768188345	0	0	0	0	0	1.5	1.5	1.5	1.5	1.5	1.5
357.992071153456	0.1511100072979	-0.224013880900457	-48.1450237047104	11.4921240756895	0	0	0	0	0	1.5	1.5	1.5	1.5	1.5	1.5
358.082268198342	0.144588522126648	-0.210678314134809	-48.0569484095305	11.4726785436689	0	0	0	0	0	1.5	1.5	1.5	1.5	1.5	1.5
358.172465243228	0.138067036955396	-0.197930966059877	-47.9686269568	11.4543832512246	0	0	0	0	0	1.5	1.5	1.5	1.5	1.5	1.5
358.262662288114	0.131545551784144	-0.185771836675661	-47.8800844687608	11.437189226618	0	0	0	0	0	1.5	1.5	1.5	1.5	1.5	1.5
358.352859333	0.125024066612892	-0.174200925982161	-47.7913441588253	11.4210469366296	0	0	0	0	0	1.5	1.5	1.5	1.5	1.5	1.5
358.443056377887	0.11850258144164	-0.163218233979378	-47.7024274125264	11.4059063502749	0	0	0	0	0	1.5	1.5	1.5	1.5	1.5	1.5
358.533253422773	0.111981096270389	-0.152823760667311	-47.6133538703655	11.391716997247	0	0	0	0	0	1.5	1.5	1.5	1.5	1.5	1.5
358.623450467659	0.105459611099133	-0.143017506045954	-47.524141512327	11.3784280213114	0	0	0	0	0	1.5	1.5	1.5	1.5	1.5	1.5
358.713647512545	0.0989381259278808	-0.13379947011532	-47.4348067438484	11.3659882288826	0	0	0	0	0	1.5	1.5	1.5	1.5	1.5	1.5
358.803844557432	0.0924166407566289	-0.125169652875402	-47.3453644830526	11.3543461330218	0	0	0	0	0	1.5	1.5	1.5	1.5	1.5	1.5
358.894041602318	0.0858951555853771	-0.117128054326201	-47.255828249072	11.3434499931009	0	0	0	0	0	1.5	1.5	1.5	1.5	1.5	1.5
358.984238647204	0.0738670454211465	-0.109919417470655	-47.1662110584941	11.3332406436869	0	0	0	0	0	1.5	1.5	1.5	1.5	1.5	1.5
359.07443569209	0.0617579895401385	-0.103802928787606	-47.0765277823868	11.323628593125	0	0	0	0	0	1.5	1.5	1.5	1.5	1.5	1.5
359.164632736977	0.0496489336591229	-0.0987786411613824	-46.9867923096057	11.3145162551437	0	0	0	0	0	1.5	1.5	1.5	1.5	1.5	1.5
359.254829781863	0.0375398777781149	-0.0948465545919919	-46.8970168933986	11.3058058558741	0	0	0	0	0	1.5	1.5	1.5	1.5	1.5	1.5
359.345026826749	0.0254308218971069	-0.0920066690794304	-46.8072124709141	11.29739948167	0	0	0	0	0	1.5	1.5	1.5	1.5	1.5	1.5
359.435223871635	0.0133217660160989	-0.090258984623698	-46.7173889835296	11.2891991197231	0	0	0	0	0	1.5	1.5	1.5	1.5	1.5	1.5
359.525420916521	0.0012127101350909	-0.0896035012247947	-46.6275556977436	11.2811066932436	0	0	0	0	0	1.5	1.5	1.5	1.5	1.5	1.5
359.615617961408	-0.0108963457459171	-0.0900402188827205	-46.5377215264279	11.2730240929545	0	0	0	0	0	1.5	1.5	1.5	1.5	1.5	1.5
359.705815006294	-0.0230054016269251	-0.0915691375974753	-46.4478953502594	11.2648532066572	0	0	0	0	0	1.5	1.5	1.5	1.5	1.5	1.5
359.79601205118	-0.0351144575079331	-0.0941902573690592	-46.3580863391688	11.2564959486192	0	0	0	0	0	1.5	1.5	1.5	1.5	1.5	1.5
359.886209096066	-0.0472235133889411	-0.0979035781974722	-46.2683042736423	11.2478542905428	0	0	0	0	0	1.5	1.5	1.5	1.5	1.5	1.5
359.976406140953	-0.0427772251279035	-0.102038179789654	-46.1785580317371	11.2388483292795	0	0	0	0	0	1.5	1.5	1.5	1.5	1.5	1.5
360.066603185839	-0.036462964578253	-0.105611795263516	-46.0888471871138	11.2294961850609	0	0	0	0	0	1.5	1.5	1.5	1.5	1.5	1.5
360.156800230725	-0.0301487040286065	-0.108615883095155	-45.999167571432	11.2198490447878	0	0	0	0	0	1.5	1.5	1.5	1.5	1.5	1.5
360.246997275611	-0.0238344434789599	-0.111050443284575	-45.9095145094251	11.2099580712758	0	0	0	0	0	1.5	1.5	1.5	1.5	1.5	1.5
360.337194320498	-0.0175201829293094	-0.112915475831776	-45.8198829090069	11.1998743839126	0	0	0	0	0	1.5	1.5	1.5	1.5	1.5	1.5
360.427391365384	-0.0112059223796629	-0.114210980736756	-45.7302673487128	11.1896490664173	0	0	0	0	0	1.5	1.5	1.5	1.5	1.5	1.5
360.51758841027	-0.00489166183001639	-0.114936957999516	-45.6406621650425	11.1793331755372	0	0	0	0	0	1.5	1.5	1.5	1.5	1.5	1.5
360.607785455156	0.00142259871963012	-0.115093407620056	-45.5510615397273	11.1689777504342	0	0	0	0	0	1.5	1.5	1.5	1.5	1.5	1.5
360.697982500042	0.00773685926927665	-0.114680329598377	-45.4614595869472	11.158633822512	0	0	0	0	0	1.5	1.5	1.5	1.5	1.5	1.5
360.788179544929	0.0140511198189232	-0.113697723934478	-45.3718504405272	11.1483524254357	0	0	0	0	0	1.5	1.5	1.5	1.5	1.5	1.5
360.878376589815	0.0203653803685697	-0.112145590628359	-45.2822283411388	11.1381846050954	0	0	0	0	0	1.5	1.5	1.5	1.5	1.5	1.5
360.968573634701	0.0188851440110588	-0.110309294436721	-45.1925884921523	11.1281745068022	0	0	0	0	0	1.5	1.5	1.5	1.5	1.5	1.5
361.058770679587	0.0155979251288152	-0.108754158969209	-45.1029317279609	11.1183170273915	0	0	0	0	0	1.5	1.5	1.5	1.5	1.5	1.5
361.148967724474	0.0123107062465715	-0.107495520930769	-45.01326118103	11.1085856942703	0	0	0	0	0	1.5	1.5	1.5	1.5	1.5	1.5
361.23916476936	0.0090234873643279	-0.106533380321402	-44.9235798813527	11.0989539360816	0	0	0	0	0	1.5	1.5	1.5	1.5	1.5	1.5
361.329361814246	0.00573626848208427	-0.105867737141108	-44.833890770366	11.0893951717656	0	0	0	0	0	1.5	1.5	1.5	1.5	1.5	1.5
361.419558859132	0.00244904959983856	-0.105498591389886	-44.7441967245859	11.079882813255	0	0	0	0	0	1.5	1.5	1.5	1.5	1.5	1.5
361.509755904019	-0.000838169282405071	-0.105425943067737	-44.6545005792528	11.0703902680735	0	0	0	0	0	1.5	1.5	1.5	1.5	1.5	1.5
361.599952948905	-0.00412538816465078	-0.105649792174661	-44.5648051519837	11.060890941873	0	0	0	0	0	1.5	1.5	1.5	1.5	1.5	1.5
361.690149993791	-0.00741260704689441	-0.106170138710658	-44.4751132664272	11.0513582409455	0	0	0	0	0	1.5	1.5	1.5	1.5	1.5	1.5
361.780347038677	-0.010699825929138	-0.106986982675727	-44.3854277759174	11.0417655747429	0	0	0	0	0	1.5	1.5	1.5	1.5	1.5	1.5
361.870544083564	-0.0139870448113817	-0.108100324069868	-44.2957515871232	11.0320863584415	0	0	0	0	0	1.5	1.5	1.5	1.5	1.5	1.5
361.96074112845	-0.0131111096675504	-0.109374046787948	-44.2060873603608	11.0222969648312	0	0	0	0	0	1.5	1.5	1.5	1.5	1.5	1.5
362.050938173336	-0.0106558714717508	-0.110445902520264	-44.1164347534323	11.0124017034558	0	0	0	0	0	1.5	1.5	1.5	1.5	1.5	1.5
362.141135218222	-0.00820063327595113	-0.111296303022826	-44.0267916969354	11.0024202788457	0	0	0	0	0	1.5	1.5	1.5	1.5	1.5	1.5
362.231332263108	-0.00574539508015148	-0.111925248295636	-43.9371560467259	10.9923725502965	0	0	0	0	0	1.5	1.5	1.5	1.5	1.5	1.5
362.321529307995	-0.00329015688435184	-0.112332738338693	-43.8475256146052	10.9822783722254	0	0	0	0	0	1.5	1.5	1.5	1.5	1.5	1.5
362.411726352881	-0.000834918688552198	-0.112518773151998	-43.7578981815131	10.972157595599	0	0	0	0	0	1.5	1.5	1.5	1.5	1.5	1.5
362.501923397767	0.00162031950724744	-0.112483352735549	-43.668271510718	10.9620300693963	0	0	0	0	0	1.5	1.5	1.5	1.5	1.5	1.5
362.592120442653	0.00407555770304709	-0.112226477089347	-43.5786433610038	10.9519156420905	0	0	0	0	0	1.5	1.5	1.5	1.5	1.5	1.5
362.68231748754	0.00653079589884673	-0.111748146213393	-43.4890114998571	10.9418341631359	0	0	0	0	0	1.5	1.5	1.5	1.5	1.5	1.5
362.772514532426	0.00898603409464792	-0.111048360107685	-43.399373716655	10.9318054844452	0	0	0	0	0	1.5	1.5	1.5	1.5	1.5	1.5
362.862711577312	0.0114412722904476	-0.110127118772224	-43.309727835856	10.9218494618427	0	0	0	0	0	1.5	1.5	1.5	1.5	1.5	1.5
362.952908622198	0.0127973345308542	-0.109016062493388	-43.2200717963615	10.9119853529076	0	0	0	0	0	1.5	1.5	1.5	1.5	1.5	1.5
363.043105667085	0.0135304807360058	-0.107828716925697	-43.1304044432151	10.9022246290563	0	0	0	0	0	1.5	1.5	1.5	1.5	1.5	1.5
363.133302711971	0.0142636269411569	-0.106575243736832	-43.0407252453711	10.8925733433901	0	0	0	0	0	1.5	1.5	1.5	1.5	1.5	1.5
363.223499756857	0.014996773146308	-0.105255642926793	-42.9510337056478	10.8830374413532	0	0	0	0	0	1.5	1.5	1.5	1.5	1.5	1.5
363.313696801743	0.0157299193514591	-0.10386991449558	-42.8613293497741	10.8736228706459	0	0	0	0	0	1.5	1.5	1.5	1.5	1.5	1.5
363.403893846629	0.0164630655566102	-0.102418058443193	-42.7716117275726	10.8643355812883	0	0	0	0	0	1.5	1.5	1.5	1.5	1.5	1.5
363.494090891516	0.0171962117617613	-0.100900074769631	-42.6818804141431	10.8551815256751	0	0	0	0	0	1.5	1.5	1.5	1.5	1.5	1.5
363.584287936402	0.0179293579669123	-0.0993159634748955	-42.5921350110469	10.8461666586223	0	0	0	0	0	1.5	1.5	1.5	1.5	1.5	1.5
363.674484981288	0.0186625041720635	-0.0976657245589857	-42.5023751474919	10.8372969374051	0	0	0	0	0	1.5	1.5	1.5	1.5	1.5	1.5
363.764682026174	0.0193956503772145	-0.0959493580219016	-42.4126004815185	10.8285783217866	0	0	0	0	0	1.5	1.5	1.5	1.5	1.5	1.5
363.854879071061	0.0201287965823656	-0.0941668638636434	-42.3228107011856	10.8200167740373	0	0	0	0	0	1.5	1.5	1.5	1.5	1.5	1.5
363.945076115947	0.018607959227979	-0.092374291168533	-42.2330056116704	10.8116173337548	0	0	0	0	0	1.5	1.5	1.5	1.5	1.5	1.5
364.035273160833	0.0152532523447429	-0.0908472005584686	-42.1431865934947	10.803368133907	0	0	0	0	0	1.5	1.5	1.5	1.5	1.5	1.5
364.125470205719	0.0118985454615089	-0.0896226945957325	-42.0533563079769	10.7952425143966	0	0	0	0	0	1.5	1.5	1.5	1.5	1.5	1.5
364.215667250606	0.00854383857827488	-0.0887007732803236	-41.9635173512367	10.7872133064176	0	0	0	0	0	1.5	1.5	1.5	1.5	1.5	1.5
364.305864295492	0.00518913169504087	-0.0880814366122419	-41.873672231887	10.7792533331658	0	0	0	0	0	1.5	1.5	1.5	1.5	1.5	1.5
364.396061340378	0.00183442481180474	-0.0877646845914873	-41.7838233956976	10.7713354121909	0	0	0	0	0	1.5	1.5	1.5	1.5	1.5	1.5
364.486258385264	-0.00152028207142928	-0.0877505172180601	-41.6939732502664	10.7634323576525	0	0	0	0	0	1.5	1.5	1.5	1.5	1.5	1.5
364.57645543015	-0.00487498895466329	-0.0880389344919601	-41.6041241896966	10.7555169825192	0	0	0	0	0	1.5	1.5	1.5	1.5	1.5	1.5
364.666652475037	-0.00822969583789731	-0.0886299364131873	-41.5142786192752	10.7475621007462	0	0	0	0	0	1.5	1.5	1.5	1.5	1.5	1.5
364.756849519923	-0.0115844027211313	-0.0895235229817417	-41.4244389801502	10.7395405294712	0	0	0	0	0	1.5	1.5	1.5	1.5	1.5	1.5
364.847046564809	-0.0149391096043653	-0.0907196941976233	-41.3346077740032	10.7314250912635	0	0	0	0	0	1.5	1.5	1.5	1.5	1.5	1.5
364.937243609695	-0.0158316404535328	-0.0921668613361828	-41.2447875215002	10.7231893340245	0	0	0	0	0	1.5	1.5	1.5	1.5	1.5	1.5
365.027440654582	-0.0138867152455544	-0.0935071152676504	-41.1549790174207	10.7148264228651	0	0	0	0	0	1.5	1.5	1.5	1.5	1.5	1.5
365.117637699468	-0.0119417900375759	-0.0946719426928337	-41.065181057029	10.7063510293355	0	0	0	0	0	1.5	1.5	1.5	1.5	1.5	1.5
365.207834744354	-0.00999686482959624	-0.0956613436117332	-40.9753922762788	10.6977789179503	0	0	0	0	0	1.5	1.5	1.5	1.5	1.5	1.5
365.29803178924	-0.0080519396216178	-0.0964753180243476	-40.8856112602122	10.6891258485106	0	0	0	0	0	1.5	1.5	1.5	1.5	1.5	1.5
365.388228834127	-0.00610701441363935	-0.0971138659306777	-40.7958365512579	10.6804075768014	0	0	0	0	0	1.5	1.5	1.5	1.5	1.5	1.5
365.478425879013	-0.0041620892056609	-0.0975769873307233	-40.7060666575263	10.671639855326	0	0	0	0	0	1.5	1.5	1.5	1.5	1.5	1.5
365.568622923899	-0.00221716399768246	-0.0978646822244846	-40.6163000611018	10.6628384340715	0	0	0	0	0	1.5	1.5	1.5	1.5	1.5	1.5
365.658819968785	-0.000272238789704012	-0.0979769506119615	-40.5265352263324	10.6540190612961	0	0	0	0	0	1.5	1.5	1.5	1.5	1.5	1.5
365.749017013671	0.00167268641827443	-0.097913792493154	-40.4367706081188	10.6451974843326	0	0	0	0	0	1.5	1.5	1.5	1.5	1.5	1.5
365.839214058558	0.0036176116262541	-0.0976752078680619	-40.3470046602014	10.6363894504	0	0	0	0	0	1.5	1.5	1.5	1.5	1.5	1.5
365.929411103444	0.00520943828918425	-0.0972672146168244	-40.2572358500912	10.627610639364	0	0	0	0	0	1.5	1.5	1.5	1.5	1.5	1.5
366.01960814833	0.00622001124652724	-0.0967517633304257	-40.1674629548459	10.6188737059625	0	0	0	0	0	1.5	1.5	1.5	1.5	1.5	1.5
366.109805193216	0.00723058420387023	-0.0961451613496327	-40.0776851724592	10.6101871389556	0	0	0	0	0	1.5	1.5	1.5	1.5	1.5	1.5
366.200002238103	0.00824115716121322	-0.0954474086744455	-39.9879017444284	10.6015591248688	0	0	0	0	0	1.5	1.5	1.5	1.5	1.5	1.5
366.290199282989	0.00925173011855621	-0.094658505304864	-39.8981119282648	10.5929978517459	0	0	0	0	0	1.5	1.5	1.5	1.5	1.5	1.5
366.380396327875	0.0102623030758992	-0.0937784512408882	-39.8083149997338	10.5845115093395	0	0	0	0	0	1.5	1.5	1.5	1.5	1.5	1.5
366.470593372761	0.0112728760332428	-0.0928072464825175	-39.7185102550957	10.5761082892938	0	0	0	0	0	1.5	1.5	1.5	1.5	1.5	1.5
366.560790417648	0.0122834489905858	-0.0917448910297531	-39.6286970133478	10.5677963853182	0	0	0	0	0	1.5	1.5	1.5	1.5	1.5	1.5
366.650987462534	0.0132940219479288	-0.0905913848825944	-39.5388746184666	10.5595839933496	0	0	0	0	0	1.5	1.5	1.5	1.5	1.5	1.5
366.74118450742	0.0143045949052718	-0.0893467280410415	-39.4490424416519	10.5514793117043	0	0	0	0	0	1.5	1.5	1.5	1.5	1.5	1.5
366.831381552306	0.0153151678626148	-0.0880109205050943	-39.3591998835712	10.5434905412172	0	0	0	0	0	1.5	1.5	1.5	1.5	1.5	1.5
366.921578597192	0.0149173000892124	-0.0866024590621647	-39.269346390628	10.5356257240322	0	0	0	0	0	1.5	1.5	1.5	1.5	1.5	1.5
367.011775642079	0.0110912397631103	-0.0854295123439221	-39.1794825950994	10.5278794846016	0	0	0	0	0	1.5	1.5	1.5	1.5	1.5	1.5
367.101972686965	0.00726517943700823	-0.0846016649606504	-39.089611092639	10.5202231482878	0	0	0	0	0	1.5	1.5	1.5	1.5	1.5	1.5
367.192169731851	0.00343911911090373	-0.0841189169123493	-38.9997345906016	10.5126257060608	0	0	0	0	0	1.5	1.5	1.5	1.5	1.5	1.5
367.282366776737	-0.000386941215198357	-0.0839812681990195	-38.9098557353723	10.5050561436767	0	0	0	0	0	1.5	1.5	1.5	1.5	1.5	1.5
367.372563821624	-0.00421300154130044	-0.0841887188206605	-38.8199771444729	10.497483444447	0	0	0	0	0	1.5	1.5	1.5	1.5	1.5	1.5
367.46276086651	-0.00803906186740253	-0.0847412687772723	-38.7301014386727	10.4898765919575	0	0	0	0	0	1.5	1.5	1.5	1.5	1.5	1.5
367.552957911396	-0.0118651221935046	-0.085638918068855	-38.6402312740989	10.482204572793	0	0	0	0	0	1.5	1.5	1.5	1.5	1.5	1.5
367.643154956282	-0.0156911825196091	-0.0868816666954094	-38.5503693743414	10.4744363793228	0	0	0	0	0	1.5	1.5	1.5	1.5	1.5	1.5
367.733352001169	-0.0195172428457112	-0.0884695146569339	-38.4605185625481	10.4665410126032	0	0	0	0	0	1.5	1.5	1.5	1.5	1.5	1.5
367.823549046055	-0.0233433031718133	-0.0904024619534293	-38.3706817935044	10.4584874854509	0	0	0	0	0	1.5	1.5	1.5	1.5	1.5	1.5
367.913746090941	-0.0258119581389187	-0.0926679988692457	-38.2808621785888	10.450244902274	0	0	0	0	0	1.5	1.5	1.5	1.5	1.5	1.5
368.003943135827	-0.0229954812823739	-0.0948691422713777	-38.1910615709624	10.4417977435394	0	0	0	0	0	1.5	1.5	1.5	1.5	1.5	1.5
368.094140180714	-0.0201790044258291	-0.0968162477840589	-38.1012786730005	10.4331643450925	0	0	0	0	0	1.5	1.5	1.5	1.5	1.5	1.5
368.1843372256	-0.0173625275692843	-0.0985093154072894	-38.0115116338162	10.4243675480503	0	0	0	0	0	1.5	1.5	1.5	1.5	1.5	1.5
368.274534270486	-0.0145460507127395	-0.099948345141069	-37.9217584779402	10.4154301820033	0	0	0	0	0	1.5	1.5	1.5	1.5	1.5	1.5
368.364731315372	-0.0117295738561947	-0.101133336985398	-37.8320171227382	10.406375066322	0	0	0	0	0	1.5	1.5	1.5	1.5	1.5	1.5
368.454928360258	-0.00891309699964994	-0.102064290940276	-37.7422853958158	10.3972250115995	0	0	0	0	0	1.5	1.5	1.5	1.5	1.5	1.5
368.545125405145	-0.00609662014310516	-0.102741207005703	-37.6525610524122	10.3880028212078	0	0	0	0	0	1.5	1.5	1.5	1.5	1.5	1.5
368.635322450031	-0.00328014328655859	-0.10316408518168	-37.5628417927855	10.378731292947	0	0	0	0	0	1.5	1.5	1.5	1.5	1.5	1.5
368.725519494917	-0.0004636664300138	-0.103332925468206	-37.4731252795908	10.3694332207629	0	0	0	0	0	1.5	1.5	1.5	1.5	1.5	1.5
368.815716539803	0.00235281042653099	-0.10324772786528	-37.383409155253	10.3601313965138	0	0	0	0	0	1.5	1.5	1.5	1.5	1.5	1.5
368.90591358469	0.00496809264278934	-0.102909559482806	-37.2936910597251	10.3508486080086	0	0	0	0	0	1.5	1.5	1.5	1.5	1.5	1.5
368.996110629576	0.00607382174780917	-0.102411585458847	-37.2039689773362	10.3416044385069	0	0	0	0	0	1.5	1.5	1.5	1.5	1.5	1.5
369.086307674462	0.007179550852829	-0.10181387793717	-37.1142418444873	10.3324094238467	0	0	0	0	0	1.5	1.5	1.5	1.5	1.5	1.5
369.176504719348	0.00828527995784884	-0.101116436917776	-37.0245087764804	10.3232725161423	0	0	0	0	0	1.5	1.5	1.5	1.5	1.5	1.5
369.266701764235	0.00939100906286867	-0.100319262400664	-36.9347689060061	10.314202669258	0	0	0	0	0	1.5	1.5	1.5	1.5	1.5	1.5
369.356898809121	0.0104967381678885	-0.0994223543858347	-36.8450213858231	10.3052088390552	0	0	0	0	0	1.5	1.5	1.5	1.5	1.5	1.5
369.447095854007	0.0116024672729083	-0.098425712873288	-36.7552653914402	10.296299983628	0	0	0	0	0	1.5	1.5	1.5	1.5	1.5	1.5
369.537292898893	0.0127081963779282	-0.0973293378630238	-36.6655001237984	10.2874850635283	0	0	0	0	0	1.5	1.5	1.5	1.5	1.5	1.5
369.627489943779	0.013813925482948	-0.0961332293550421	-36.5757248119545	10.2787730419782	0	0	0	0	0	1.5	1.5	1.5	1.5	1.5	1.5
369.717686988666	0.0149196545879678	-0.0948373873493429	-36.485938715766	10.2701728850679	0	0	0	0	0	1.5	1.5	1.5	1.5	1.5	1.5
369.807884033552	0.0160253836929877	-0.0934418118459263	-36.396141128577	10.2616935619389	0	0	0	0	0	1.5	1.5	1.5	1.5	1.5	1.5
369.898081078438	0.0169157860541221	-0.0919468011092272	-36.3063313799318	10.2533440446753	0	0	0	0	0	1.5	1.5	1.5	1.5	1.5	1.5
369.988278123324	0.0110108893332612	-0.090687349312507	-36.2165097827012	10.2451229438637	0	0	0	0	0	1.5	1.5	1.5	1.5	1.5	1.5
370.078475168211	0.00510599261240407	-0.0899605017503674	-36.1266800610262	10.236991053024	0	0	0	0	0	1.5	1.5	1.5	1.5	1.5	1.5
370.168672213097	-0.000798904108456826	-0.0897662584228076	-36.0368466019363	10.2289005335488	0	0	0	0	0	1.5	1.5	1.5	1.5	1.5	1.5
370.258869257983	-0.006703800829314	-0.0901046193298277	-35.94701372636	10.2208035408303	0	0	0	0	0	1.5	1.5	1.5	1.5	1.5	1.5
370.349066302869	-0.0126086975501712	-0.0909755844714275	-35.8571857655685	10.2126522311958	0	0	0	0	0	1.5	1.5	1.5	1.5	1.5	1.5
370.439263347756	-0.0185135942710284	-0.0923791538476069	-35.767367137617	10.2043987688726	0	0	0	0	0	1.5	1.5	1.5	1.5	1.5	1.5
370.529460392642	-0.0244184909918855	-0.094315327458366	-35.6775624237646	10.195995333183	0	0	0	0	0	1.5	1.5	1.5	1.5	1.5	1.5
370.619657437528	-0.0303233877127427	-0.0967841053037048	-35.5877764448541	10.1873941261738	0	0	0	0	0	1.5	1.5	1.5	1.5	1.5	1.5
370.709854482414	-0.0362282844335999	-0.0997854873836233	-35.4980143376288	10.1785473808844	0	0	0	0	0	1.5	1.5	1.5	1.5	1.5	1.5
370.8000515273	-0.0421331811544571	-0.103319473698121	-35.4082816309645	10.1694073704552	0	0	0	0	0	1.5	1.5	1.5	1.5	1.5	1.5
370.890248572187	-0.0480380778753142	-0.107386064247199	-35.3185843219896	10.1599264182799	0	0	0	0	0	1.5	1.5	1.5	1.5	1.5	1.5
370.980445617073	-0.0418409282309643	-0.111470142974201	-35.2289273371626	10.1500714369808	0	0	0	0	0	1.5	1.5	1.5	1.5	1.5	1.5
371.070642661959	-0.034923261676718	-0.11493209451558	-35.1393081647801	10.1398781687177	0	0	0	0	0	1.5	1.5	1.5	1.5	1.5	1.5
371.160839706845	-0.0280055951224717	-0.117770092976257	-35.0497215308273	10.129402651624	0	0	0	0	0	1.5	1.5	1.5	1.5	1.5	1.5
371.251036751732	-0.0210879285682254	-0.119984138356234	-34.9601616322855	10.1187008689854	0	0	0	0	0	1.5	1.5	1.5	1.5	1.5	1.5
371.341233796618	-0.0141702620139748	-0.12157423065551	-34.870622242411	10.107828755641	0	0	0	0	0	1.5	1.5	1.5	1.5	1.5	1.5
371.431430841504	-0.00725259545972849	-0.122540369874083	-34.7810968155375	10.0968422087727	0	0	0	0	0	1.5	1.5	1.5	1.5	1.5	1.5
371.52162788639	-0.000334928905482187	-0.122882556011955	-34.6915785917627	10.0857970996906	0	0	0	0	0	1.5	1.5	1.5	1.5	1.5	1.5
371.611824931277	0.00658273764876847	-0.122600789069126	-34.6020607015564	10.0747492862868	0	0	0	0	0	1.5	1.5	1.5	1.5	1.5	1.5
371.702021976163	0.0135004042030148	-0.121695069045595	-34.5125362703261	10.0637546258305	0	0	0	0	0	1.5	1.5	1.5	1.5	1.5	1.5
371.792219021049	0.0204180707572611	-0.120165395941363	-34.4229985229807	10.05286898778	0	0	0	0	0	1.5	1.5	1.5	1.5	1.5	1.5
371.882416065935	0.0273357373115074	-0.118011769756429	-34.3334408885325	10.0421482662835	0	0	0	0	0	1.5	1.5	1.5	1.5	1.5	1.5
371.972613110821	0.0233339024631633	-0.115656340969725	-34.2438583640602	10.0316375848742	0	0	0	0	0	1.5	1.5	1.5	1.5	1.5	1.5
372.062810155708	0.0175135866346412	-0.113814179565903	-34.1542539142707	10.0213154155129	0	0	0	0	0	1.5	1.5	1.5	1.5	1.5	1.5
372.153007200594	0.011693270806119	-0.112496993450118	-34.0646332644326	10.0111348040659	0	0	0	0	0	1.5	1.5	1.5	1.5	1.5	1.5
372.24320424548	0.00587295497759683	-0.11170478262237	-33.9750019228319	10.0010487205608	0	0	0	0	0	1.5	1.5	1.5	1.5	1.5	1.5
372.333401290366	5.26391490746625e-05	-0.111437547082659	-33.8853652488975	9.9910101180355	0	0	0	0	0	1.5	1.5	1.5	1.5	1.5	1.5
372.423598335253	-0.0057676766794475	-0.111695286830986	-33.7957285272833	9.98097194109383	0	0	0	0	0	1.5	1.5	1.5	1.5	1.5	1.5
372.513795380139	-0.0115879925079733	-0.112478001867351	-33.7060970419728	9.97088713426422	0	0	0	0	0	1.5	1.5	1.5	1.5	1.5	1.5
372.603992425025	-0.0174083083364955	-0.113785692191752	-33.6164761503844	9.96070865035703	0	0	0	0	0	1.5	1.5	1.5	1.5	1.5	1.5
372.694189469911	-0.0232286241650177	-0.115618357804191	-33.526871357454	9.95038945901445	0	0	0	0	0	1.5	1.5	1.5	1.5	1.5	1.5
372.784386514798	-0.0290489399935398	-0.117975998704667	-33.4372883896738	9.93988255564762	0	0	0	0	0	1.5	1.5	1.5	1.5	1.5	1.5
372.874583559684	-0.034869255822062	-0.12085861489318	-33.3477332690614	9.92914097095511	0	0	0	0	0	1.5	1.5	1.5	1.5	1.5	1.5
372.96478060457	-0.0325425531270975	-0.123982889183098	-33.2582115779743	9.91812429954119	0	0	0	0	0	1.5	1.5	1.5	1.5	1.5	1.5
373.054977649456	-0.0277974481197108	-0.126704134083544	-33.1687225784695	9.9068450774333	0	0	0	0	0	1.5	1.5	1.5	1.5	1.5	1.5
373.145174694343	-0.0230523431123241	-0.12899738453465	-33.0792621320153	9.89534151889809	0	0	0	0	0	1.5	1.5	1.5	1.5	1.5	1.5
373.235371739229	-0.0183072381049374	-0.130862640536414	-32.9898257911044	9.88365197357483	0	0	0	0	0	1.5	1.5	1.5	1.5	1.5	1.5
373.325568784115	-0.0135621330975508	-0.132299902088837	-32.9004088693139	9.87181476101536	0	0	0	0	0	1.5	1.5	1.5	1.5	1.5	1.5
373.415765829001	-0.00881702809016408	-0.13330916919192	-32.8110064905598	9.85986817628775	0	0	0	0	0	1.5	1.5	1.5	1.5	1.5	1.5
373.505962873887	-0.00407192308277741	-0.133890441845661	-32.7216136382995	9.84785049598574	0	0	0	0	0	1.5	1.5	1.5	1.5	1.5	1.5
373.596159918774	0.000673181924609273	-0.134043720050061	-32.632225204696	9.83579998453901	0	0	0	0	0	1.5	1.5	1.5	1.5	1.5	1.5
373.68635696366	0.00541828693199595	-0.133769003805119	-32.5428360397556	9.82375490071868	0	0	0	0	0	1.5	1.5	1.5	1.5	1.5	1.5
373.776554008546	0.0101633919393856	-0.133066293110837	-32.4534410004539	9.81175350423315	0	0	0	0	0	1.5	1.5	1.5	1.5	1.5	1.5
373.866751053432	0.0149084969467723	-0.131935587967213	-32.3640349998634	9.79983406230896	0	0	0	0	0	1.5	1.5	1.5	1.5	1.5	1.5
373.956948098319	0.0153299270846754	-0.130510356074483	-32.2746134142955	9.78803213290203	0	0	0	0	0	1.5	1.5	1.5	1.5	1.5	1.5
374.047145143205	0.0137583038482131	-0.129198519838925	-32.1851756290567	9.77635359228893	0	0	0	0	0	1.5	1.5	1.5	1.5	1.5	1.5
374.137342188091	0.0121866806117508	-0.128028439374971	-32.0957234187939	9.76478604903648	0	0	0	0	0	1.5	1.5	1.5	1.5	1.5	1.5
374.227539232977	0.0106150573752886	-0.127000114682621	-32.0062585463388	9.75331683870366	0	0	0	0	0	1.5	1.5	1.5	1.5	1.5	1.5
374.317736277864	0.00904343413882632	-0.126113545761874	-31.9167827327209	9.74193329134236	0	0	0	0	0	1.5	1.5	1.5	1.5	1.5	1.5
374.40793332275	0.00747181090236307	-0.12536873261273	-31.8272976625507	9.73062273227002	0	0	0	0	0	1.5	1.5	1.5	1.5	1.5	1.5
374.498130367636	0.00590018766590081	-0.12476567523519	-31.7378049894056	9.71937248281646	0	0	0	0	0	1.5	1.5	1.5	1.5	1.5	1.5
374.588327412522	0.00432856442943856	-0.124304373629253	-31.648306341219	9.70816986104863	0	0	0	0	0	1.5	1.5	1.5	1.5	1.5	1.5
374.678524457408	0.0027569411929763	-0.12398482779492	-31.5588033256715	9.6970021824774	0	0	0	0	0	1.5	1.5	1.5	1.5	1.5	1.5
374.768721502295	0.00118531795651404	-0.12380703773219	-31.4692975355847	9.68585676074974	0	0	0	0	0	1.5	1.5	1.5	1.5	1.5	1.5
374.858918547181	-0.000386305279948217	-0.123771003441064	-31.3797905543151	9.67472090833056	0	0	0	0	0	1.5	1.5	1.5	1.5	1.5	1.5
374.949115592067	-0.00221097990267389	-0.123883545545456	-31.2902839762906	9.66358181555673	0	0	0	0	0	1.5	1.5	1.5	1.5	1.5	1.5
375.039312636953	-0.00420600781658933	-0.124172942210131	-31.2007796263382	9.6524248361866	0	0	0	0	0	1.5	1.5	1.5	1.5	1.5	1.5
375.12950968184	-0.00620103573050478	-0.124642284497106	-31.1112795159531	9.6412339024655	0	0	0	0	0	1.5	1.5	1.5	1.5	1.5	1.5
375.219706726726	-0.00819606364442022	-0.125291572406382	-31.0217856795758	9.62999291182871	0	0	0	0	0	1.5	1.5	1.5	1.5	1.5	1.5
375.309903771612	-0.0101910915583357	-0.126120805937958	-30.932300178667	9.61868576511699	0	0	0	0	0	1.5	1.5	1.5	1.5	1.5	1.5
375.400100816498	-0.0121861194722511	-0.127129985091835	-30.842825110396	9.60729636771076	0	0	0	0	0	1.5	1.5	1.5	1.5	1.5	1.5
375.490297861385	-0.0141811473861666	-0.128319109868013	-30.7533626163245	9.59580863069654	0	0	0	0	0	1.5	1.5	1.5	1.5	1.5	1.5
375.580494906271	-0.016176175300082	-0.129688180266492	-30.6639148910857	9.58420647207324	0	0	0	0	0	1.5	1.5	1.5	1.5	1.5	1.5
375.670691951157	-0.0181712032139974	-0.131237196287271	-30.5744841910569	9.5724738180062	0	0	0	0	0	1.5	1.5	1.5	1.5	1.5	1.5
375.760888996043	-0.0201662311279142	-0.132966157930352	-30.4850728430239	9.56059460413679	0	0	0	0	0	1.5	1.5	1.5	1.5	1.5	1.5
375.851086040929	-0.0221612590418296	-0.134875065195733	-30.3956832528384	9.54855277695532	0	0	0	0	0	1.5	1.5	1.5	1.5	1.5	1.5
375.941283085816	-0.0207714394759819	-0.136885949911398	-30.3063177509426	9.53633348138491	0	0	0	0	0	1.5	1.5	1.5	1.5	1.5	1.5
376.031480130702	-0.0161393727949159	-0.138550573006991	-30.2169751494881	9.52394782068494	0	0	0	0	0	1.5	1.5	1.5	1.5	1.5	1.5
376.121677175588	-0.01150730611385	-0.139797397376235	-30.1276506682645	9.5114321143748	0	0	0	0	0	1.5	1.5	1.5	1.5	1.5	1.5
376.211874220474	-0.00687523943278114	-0.140626423019132	-30.0383392222898	9.49882370225451	0	0	0	0	0	1.5	1.5	1.5	1.5	1.5	1.5
376.302071265361	-0.00224317275171521	-0.14103764993568	-29.9490356103668	9.48615990791398	0	0	0	0	0	1.5	1.5	1.5	1.5	1.5	1.5
376.392268310247	0.00238889392935073	-0.14103107812588	-29.8597345618772	9.47347804516215	0	0	0	0	0	1.5	1.5	1.5	1.5	1.5	1.5
376.482465355133	0.00702096061041666	-0.140606707589732	-29.7704307835547	9.46081542460121	0	0	0	0	0	1.5	1.5	1.5	1.5	1.5	1.5
376.572662400019	0.0116530272914826	-0.139764538327236	-29.6811190062523	9.44820936024816	0	0	0	0	0	1.5	1.5	1.5	1.5	1.5	1.5
376.662859444906	0.0162850939725485	-0.138504570338391	-29.5917940317157	9.43569717610594	0	0	0	0	0	1.5	1.5	1.5	1.5	1.5	1.5
376.753056489792	0.0209171606536145	-0.136826803623199	-29.5024507793786	9.42331621258642	0	0	0	0	0	1.5	1.5	1.5	1.5	1.5	1.5
376.843253534678	0.0255492273346804	-0.134731238181659	-29.4130843331907	9.4111038326876	0	0	0	0	0	1.5	1.5	1.5	1.5	1.5	1.5
376.933450579564	0.0254109415047852	-0.132309108222515	-29.3236901422082	9.39909627477615	0	0	0	0	0	1.5	1.5	1.5	1.5	1.5	1.5
377.02364762445	0.0187942249135982	-0.130315520532694	-29.2342690385529	9.38729074942662	0	0	0	0	0	1.5	1.5	1.5	1.5	1.5	1.5
377.113844669337	0.012177508322407	-0.128918741126247	-29.1448280433165	9.37563682516803	0	0	0	0	0	1.5	1.5	1.5	1.5	1.5	1.5
377.204041714223	0.00556079173122002	-0.128118770003175	-29.0553742967661	9.36408114706499	0	0	0	0	0	1.5	1.5	1.5	1.5	1.5	1.5
377.294238759109	-0.00105592485996699	-0.127915607163479	-28.9659147632897	9.35257033717204	0	0	0	0	0	1.5	1.5	1.5	1.5	1.5	1.5
377.384435803995	-0.00767264145115816	-0.128309252607158	-28.8764563269473	9.34105100714343	0	0	0	0	0	1.5	1.5	1.5	1.5	1.5	1.5
377.474632848882	-0.0142893580423452	-0.129299706334211	-28.7870058870529	9.32946977060315	0	0	0	0	0	1.5	1.5	1.5	1.5	1.5	1.5
377.564829893768	-0.0209060746335322	-0.130886968344639	-28.6975704537505	9.31777325556045	0	0	0	0	0	1.5	1.5	1.5	1.5	1.5	1.5
377.655026938654	-0.0275227912247192	-0.133071038638442	-28.6081572435472	9.30590811715607	0	0	0	0	0	1.5	1.5	1.5	1.5	1.5	1.5
377.74522398354	-0.0341395078159062	-0.13585191721562	-28.5187737747644	9.29382105102418	0	0	0	0	0	1.5	1.5	1.5	1.5	1.5	1.5
377.835421028427	-0.0407562244070932	-0.139229604076172	-28.4294279628653	9.2814588075546	0	0	0	0	0	1.5	1.5	1.5	1.5	1.5	1.5
377.925618073313	-0.0425037311345265	-0.143130014554126	-28.3401281086523	9.26876895114972	0	0	0	0	0	1.5	1.5	1.5	1.5	1.5	1.5
378.015815118199	-0.0346876351307539	-0.146611231118055	-28.2508767248853	9.25574247118898	0	0	0	0	0	1.5	1.5	1.5	1.5	1.5	1.5
378.106012163085	-0.0268715391269812	-0.149387458919897	-28.161666517727	9.24243681021167	0	0	0	0	0	1.5	1.5	1.5	1.5	1.5	1.5
378.196209207971	-0.0190554431232085	-0.151458697959652	-28.072488809246	9.22891496484232	0	0	0	0	0	1.5	1.5	1.5	1.5	1.5	1.5
378.286406252858	-0.0112393471194359	-0.152824948237319	-27.9833344640697	9.21523986443	0	0	0	0	0	1.5	1.5	1.5	1.5	1.5	1.5
378.376603297744	-0.00342325111566323	-0.153486209752899	-27.8941940226079	9.20147438949727	0	0	0	0	0	1.5	1.5	1.5	1.5	1.5	1.5
378.46680034263	0.00439284488810943	-0.153442482506391	-27.8050578341044	9.18768139133232	0	0	0	0	0	1.5	1.5	1.5	1.5	1.5	1.5
378.556997387516	0.012208940891887	-0.152693766497796	-27.7159161895888	9.17392371225501	0	0	0	0	0	1.5	1.5	1.5	1.5	1.5	1.5
378.647194432403	0.0200250368956597	-0.151240061727114	-27.6267594547945	9.16026420608824	0	0	0	0	0	1.5	1.5	1.5	1.5	1.5	1.5
378.737391477289	0.0278411328994373	-0.149081368194342	-27.5375782031189	9.14676575836587	0	0	0	0	0	1.5	1.5	1.5	1.5	1.5	1.5
378.827588522175	0.0356572289032099	-0.146217685899485	-27.4483633486933	9.13349130580858	0	0	0	0	0	1.5	1.5	1.5	1.5	1.5	1.5
378.917785567061	0.0405110237567832	-0.142682489238602	-27.3591063155453	9.12050360499189	0	0	0	0	0	1.5	1.5	1.5	1.5	1.5	1.5
379.007982611948	0.0365046563805566	-0.139209195859457	-27.269803366941	9.10783545214451	0	0	0	0	0	1.5	1.5	1.5	1.5	1.5	1.5
379.098179656834	0.03249828900433	-0.136097264978376	-27.1804591823189	9.09546140618017	0	0	0	0	0	1.5	1.5	1.5	1.5	1.5	1.5
379.18837670172	0.0284919216281034	-0.133346696595359	-27.0910791022739	9.0833493020401	0	0	0	0	0	1.5	1.5	1.5	1.5	1.5	1.5
379.278573746606	0.0244855542518768	-0.130957490710406	-27.0016681837504	9.07146693344139	0	0	0	0	0	1.5	1.5	1.5	1.5	1.5	1.5
379.368770791493	0.0204791868756502	-0.128929647323517	-26.9122312348507	9.05978205909984	0	0	0	0	0	1.5	1.5	1.5	1.5	1.5	1.5
379.458967836379	0.0164728194994236	-0.127263166434693	-26.8227728497095	9.04826240850367	0	0	0	0	0	1.5	1.5	1.5	1.5	1.5	1.5
379.549164881265	0.012466452123197	-0.125958048043933	-26.7332974434227	9.03687568730089	0	0	0	0	0	1.5	1.5	1.5	1.5	1.5	1.5
379.639361926151	0.00846008474697042	-0.125014292151237	-26.6438092870207	9.02558958236326	0	0	0	0	0	1.5	1.5	1.5	1.5	1.5	1.5
379.729558971037	0.00445371737074383	-0.124431898756605	-26.5543125424762	9.01437176659013	0	0	0	0	0	1.5	1.5	1.5	1.5	1.5	1.5
379.819756015924	0.000447349994514706	-0.124210867860038	-26.4648112977374	9.00318990351513	0	0	0	0	0	1.5	1.5	1.5	1.5	1.5	1.5
379.90995306081	-0.00232802005422685	-0.12434206489688	-26.3753095961745	8.99201169661894	0	0	0	0	0	1.5	1.5	1.5	1.5	1.5	1.5
380.000150105696	0.00114711255467256	-0.124395322080252	-26.2858095095599	8.98082056624031	0	0	0	0	0	1.5	1.5	1.5	1.5	1.5	1.5
380.090347150582	0.00462224516357198	-0.124135132571713	-26.1963082657629	8.9696386961823	0	0	0	0	0	1.5	1.5	1.5	1.5	1.5	1.5
380.180544195469	0.00809737777247358	-0.123561496371264	-26.1068023688537	8.95849414143538	0	0	0	0	0	1.5	1.5	1.5	1.5	1.5	1.5
380.270741240355	0.011572510381373	-0.122674413478904	-26.0172883579934	8.94741496135266	0	0	0	0	0	1.5	1.5	1.5	1.5	1.5	1.5
380.360938285241	0.0150476429902724	-0.121473883894634	-25.927762833823	8.93642922287096	0	0	0	0	0	1.5	1.5	1.5	1.5	1.5	1.5
380.451135330127	0.0185227755991718	-0.119959907618453	-25.8382224848649	8.92556500363573	0	0	0	0	0	1.5	1.5	1.5	1.5	1.5	1.5
380.541332375014	0.0219979082080712	-0.118132484650362	-25.7486641139407	8.91485039498791	0	0	0	0	0	1.5	1.5	1.5	1.5	1.5	1.5
380.6315294199	0.0254730408169707	-0.11599161499036	-25.6590846646102	8.90431350477193	0	0	0	0	0	1.5	1.5	1.5	1.5	1.5	1.5
380.721726464786	0.0289481734258701	-0.113537298638448	-25.569481247635	8.89398245992284	0	0	0	0	0	1.5	1.5	1.5	1.5	1.5	1.5
380.811923509672	0.0324233060347695	-0.110769535594625	-25.4798511674719	8.88388540879135	0	0	0	0	0	1.5	1.5	1.5	1.5	1.5	1.5
380.902120554558	0.036013324310662	-0.107687921377339	-25.3901919486951	8.87405052410895	0	0	0	0	0	1.5	1.5	1.5	1.5	1.5	1.5
380.992317599445	0.0409600756054336	-0.1042165347737	-25.3005011005102	8.86450848627232	0	0	0	0	0	1.5	1.5	1.5	1.5	1.5	1.5
381.082514644331	0.0459068269002082	-0.100298965821484	-25.210775623986	8.8552978749128	0	0	0	0	0	1.5	1.5	1.5	1.5	1.5	1.5
381.172711689217	0.0508535781949798	-0.0959352145206936	-25.1210127925529	8.84645886551342	0	0	0	0	0	1.5	1.5	1.5	1.5	1.5	1.5
381.262908734103	0.0558003294897513	-0.0911252808713282	-25.0312103776978	8.83803167705756	0	0	0	0	0	1.5	1.5	1.5	1.5	1.5	1.5
381.35310577899	0.0607470807845228	-0.0858691648733872	-24.9413667029915	8.83005657270464	0	0	0	0	0	1.5	1.5	1.5	1.5	1.5	1.5
381.443302823876	0.0656938320792943	-0.0801668665268708	-24.8514806981942	8.82257385923241	0	0	0	0	0	1.5	1.5	1.5	1.5	1.5	1.5
381.533499868762	0.070640583374069	-0.0740183858317748	-24.7615519534322	8.81562388512485	0	0	0	0	0	1.5	1.5	1.5	1.5	1.5	1.5
381.623696913648	0.0755873346688405	-0.0674237227881071	-24.6715807734344	8.80924703718449	0	0	0	0	0	1.5	1.5	1.5	1.5	1.5	1.5
381.713893958535	0.0805340859636121	-0.0603828773958639	-24.5815682318112	8.80348373554773	0	0	0	0	0	1.5	1.5	1.5	1.5	1.5	1.5
381.804091003421	0.0854808372583836	-0.0528958496550451	-24.4915162253559	8.7983744269821	0	0	0	0	0	1.5	1.5	1.5	1.5	1.5	1.5
381.894288048307	0.0904275885531551	-0.0449626395656509	-24.4014275283402	8.79395957634412	0	0	0	0	0	1.5	1.5	1.5	1.5	1.5	1.5
381.984485093193	0.087134035986995	-0.0369516433204824	-24.3113062727243	8.79026868452155	0	0	0	0	0	1.5	1.5	1.5	1.5	1.5	1.5
382.074682138079	0.0837682494812441	-0.0292442027637138	-24.221158775176	8.78728618270102	0	0	0	0	0	1.5	1.5	1.5	1.5	1.5	1.5
382.164879182966	0.0804024629754932	-0.0218403462034819	-24.1309912990211	8.78498488190158	0	0	0	0	0	1.5	1.5	1.5	1.5	1.5	1.5
382.255076227852	0.0770366764697403	-0.0147400736397823	-24.0408094883386	8.78333753594176	0	0	0	0	0	1.5	1.5	1.5	1.5	1.5	1.5
382.345273272738	0.0736708899639894	-0.00794338507262395	-23.9506183923848	8.78231685108677	0	0	0	0	0	1.5	1.5	1.5	1.5	1.5	1.5
382.435470317624	0.0703051034582386	-0.00145028050200222	-23.8604224901439	8.78189549478836	0	0	0	0	0	1.5	1.5	1.5	1.5	1.5	1.5
382.525667362511	0.0669393169524877	0.00473924007208284	-23.7702257149827	8.78204610356134	0	0	0	0	0	1.5	1.5	1.5	1.5	1.5	1.5
382.615864407397	0.0635735304467369	0.0106251766496313	-23.6800314793931	8.78274129003334	0	0	0	0	0	1.5	1.5	1.5	1.5	1.5	1.5
382.706061452283	0.060207743940986	0.016207529230643	-23.5898426998059	8.78395364920498	0	0	0	0	0	1.5	1.5	1.5	1.5	1.5	1.5
382.796258497169	0.0568419574352352	0.0214862978151181	-23.4996618214616	8.78565576395765	0	0	0	0	0	1.5	1.5	1.5	1.5	1.5	1.5
382.886455542056	0.0534761709294822	0.0264614824030596	-23.4094908433254	8.78782020984642	0	0	0	0	0	1.5	1.5	1.5	1.5	1.5	1.5
382.976652586942	0.0550062227620306	0.0313329889515383	-23.3193315071194	8.79042499842114	0	0	0	0	0	1.5	1.5	1.5	1.5	1.5	1.5
383.066849631828	0.057047863877584	0.0363864626926974	-23.2291862109695	8.79347707549249	0	0	0	0	0	1.5	1.5	1.5	1.5	1.5	1.5
383.157046676714	0.0590895049931374	0.0416240864291976	-23.1390578198495	8.79699295684991	0	0	0	0	0	1.5	1.5	1.5	1.5	1.5	1.5
383.247243721601	0.0611311461086907	0.047045860161039	-23.0489494546755	8.80098914284296	0	0	0	0	0	1.5	1.5	1.5	1.5	1.5	1.5
383.337440766487	0.0631727872242441	0.0526517838882215	-22.9588645011351	8.80548210908616	0	0	0	0	0	1.5	1.5	1.5	1.5	1.5	1.5
383.427637811373	0.0652144283397975	0.0584418576107451	-22.8688066186454	8.81048830312759	0	0	0	0	0	1.5	1.5	1.5	1.5	1.5	1.5
383.517834856259	0.0672560694553521	0.0644160813286137	-22.7787797492723	8.81602414086664	0	0	0	0	0	1.5	1.5	1.5	1.5	1.5	1.5
383.608031901145	0.0692977105709055	0.0705744550418196	-22.6887881266046	8.82210600271287	0	0	0	0	0	1.5	1.5	1.5	1.5	1.5	1.5
383.698228946032	0.0713393516864589	0.0769169787503668	-22.5988362845785	8.82875022947805	0	0	0	0	0	1.5	1.5	1.5	1.5	1.5	1.5
383.788425990918	0.0733809928020122	0.083443652454255	-22.5089290662474	8.83597311799364	0	0	0	0	0	1.5	1.5	1.5	1.5	1.5	1.5
383.878623035804	0.0754226339175656	0.0901544761534844	-22.4190716324913	8.84379091644594	0	0	0	0	0	1.5	1.5	1.5	1.5	1.5	1.5
383.96882008069	0.0796917981189008	0.0971316550381453	-22.3292696638156	8.85222183265872	0	0	0	0	0	1.5	1.5	1.5	1.5	1.5	1.5
384.059017125577	0.0844555607164513	0.104534458384559	-22.2395306408832	8.86129803859288	0	0	0	0	0	1.5	1.5	1.5	1.5	1.5	1.5
384.149214170463	0.0892193233140017	0.112366939039811	-22.1498633847238	8.87105757166562	0	0	0	0	0	1.5	1.5	1.5	1.5	1.5	1.5
384.239411215349	0.0939830859115522	0.120629097003902	-22.0602775949903	8.88153835896298	0	0	0	0	0	1.5	1.5	1.5	1.5	1.5	1.5
384.329608260235	0.0987468485091056	0.129320932276837	-21.9707838957298	8.89277817562008	0	0	0	0	0	1.5	1.5	1.5	1.5	1.5	1.5
384.419805305122	0.103510611106656	0.138442444858606	-21.8813938827278	8.90481462327947	0	0	0	0	0	1.5	1.5	1.5	1.5	1.5	1.5
384.510002350008	0.108274373704207	0.147993634749212	-21.7921201703622	8.91768510648016	0	0	0	0	0	1.5	1.5	1.5	1.5	1.5	1.5
384.600199394894	0.113038136301757	0.157974501948658	-21.7029764378976	8.93142680688132	0	0	0	0	0	1.5	1.5	1.5	1.5	1.5	1.5
384.69039643978	0.11780189889931	0.168385046456949	-21.613977475145	8.9460766552267	0	0	0	0	0	1.5	1.5	1.5	1.5	1.5	1.5
384.780593484666	0.122565661496861	0.179225268274071	-21.5251392274038	8.96167130095803	0	0	0	0	0	1.5	1.5	1.5	1.5	1.5	1.5
384.870790529553	0.127329424094411	0.190495167400033	-21.4364788395978	8.97824707938869	0	0	0	0	0	1.5	1.5	1.5	1.5	1.5	1.5
384.960987574439	0.124230282370382	0.201935051569734	-21.3480135638157	8.99583437228305	0	0	0	0	0	1.5	1.5	1.5	1.5	1.5	1.5
385.051184619325	0.118257382974171	0.212870886987454	-21.2597508062287	9.01441154773024	0	0	0	0	0	1.5	1.5	1.5	1.5	1.5	1.5
385.141381664211	0.11228448357796	0.223267984530232	-21.1716911764684	9.03392910963117	0	0	0	0	0	1.5	1.5	1.5	1.5	1.5	1.5
385.231578709098	0.106311584181749	0.233126344198069	-21.08383368809	9.05433750863765	0	0	0	0	0	1.5	1.5	1.5	1.5	1.5	1.5
385.321775753984	0.100338684785538	0.242445965990965	-20.9961758940868	9.07558743026647	0	0	0	0	0	1.5	1.5	1.5	1.5	1.5	1.5
385.41197279887	0.0943657853893269	0.251226849908921	-20.9087139689576	9.09762980496784	0	0	0	0	0	1.5	1.5	1.5	1.5	1.5	1.5
385.502169843756	0.0883928859931159	0.259468995951935	-20.8214427903264	9.12041581443826	0	0	0	0	0	1.5	1.5	1.5	1.5	1.5	1.5
385.592366888643	0.082419986596905	0.267172404120009	-20.7343560200626	9.14389689440199	0	0	0	0	0	1.5	1.5	1.5	1.5	1.5	1.5
385.682563933529	0.0764470872006902	0.274337074413146	-20.6474461848658	9.16802473408411	0	0	0	0	0	1.5	1.5	1.5	1.5	1.5	1.5
385.772760978415	0.0704741878044793	0.280963006831337	-20.5607047562879	9.19275127259692	0	0	0	0	0	1.5	1.5	1.5	1.5	1.5	1.5
385.862958023301	0.0645012884082683	0.287050201374587	-20.4741222301813	9.21802869245958	0	0	0	0	0	1.5	1.5	1.5	1.5	1.5	1.5
385.953155068188	0.0639393247801869	0.292756182075711	-20.3876890850157	9.24381233848974	0	0	0	0	0	1.5	1.5	1.5	1.5	1.5	1.5
386.043352113074	0.0663486684214077	0.298631978061181	-20.3014062296415	9.27009450673463	0	0	0	0	0	1.5	1.5	1.5	1.5	1.5	1.5
386.13354915796	0.0687580120626285	0.304725089723204	-20.2152822121335	9.29689255412757	0	0	0	0	0	1.5	1.5	1.5	1.5	1.5	1.5
386.223746202846	0.0711673557038494	0.311035517061782	-20.1293260547703	9.32422420098106	0	0	0	0	0	1.5	1.5	1.5	1.5	1.5	1.5
386.313943247732	0.0735766993450702	0.317563260076912	-20.0435471212337	9.35210703760599	0	0	0	0	0	1.5	1.5	1.5	1.5	1.5	1.5
386.404140292619	0.075986042986291	0.324308318768597	-19.9579551272295	9.3805585160175	0	0	0	0	0	1.5	1.5	1.5	1.5	1.5	1.5
386.494337337505	0.0783953866275118	0.331270693136835	-19.8725601509325	9.40959594126723	0	0	0	0	0	1.5	1.5	1.5	1.5	1.5	1.5
386.584534382391	0.0808047302687326	0.338450383181626	-19.7873726432461	9.43923646239181	0	0	0	0	0	1.5	1.5	1.5	1.5	1.5	1.5
386.674731427277	0.0832140739099534	0.345847388902971	-19.7024034378625	9.46949706296775	0	0	0	0	0	1.5	1.5	1.5	1.5	1.5	1.5
386.764928472164	0.0856234175511743	0.353461710300869	-19.6176637611098	9.50039455126324	0	0	0	0	0	1.5	1.5	1.5	1.5	1.5	1.5
386.85512551705	0.0880327611923951	0.361293347375321	-19.5331652415749	9.5319455499777	0	0	0	0	0	1.5	1.5	1.5	1.5	1.5	1.5
386.945322561936	0.087624733500064	0.369271283207052	-19.4489194899523	9.56416537213391	0	0	0	0	0	1.5	1.5	1.5	1.5	1.5	1.5
387.035519606822	0.0849934024829957	0.377056106086773	-19.3649307907434	9.59704947504388	0	0	0	0	0	1.5	1.5	1.5	1.5	1.5	1.5
387.125716651709	0.0823620714659257	0.38460359068464	-19.2811966389498	9.63057648071781	0	0	0	0	0	1.5	1.5	1.5	1.5	1.5	1.5
387.215913696595	0.0797307404488574	0.391913737000646	-19.1977138490576	9.66472460612039	0	0	0	0	0	1.5	1.5	1.5	1.5	1.5	1.5
387.306110741481	0.0770994094317874	0.3989865450348	-19.1144787794188	9.69947221284701	0	0	0	0	0	1.5	1.5	1.5	1.5	1.5	1.5
387.396307786367	0.0744680784147191	0.405822014787092	-19.0314873487189	9.73479780780734	0	0	0	0	0	1.5	1.5	1.5	1.5	1.5	1.5
387.486504831253	0.0718367473976508	0.412420146257526	-18.9487350523086	9.77068004337401	0	0	0	0	0	1.5	1.5	1.5	1.5	1.5	1.5
387.57670187614	0.0692054163805825	0.418780939446104	-18.8662169783968	9.80709771701597	0	0	0	0	0	1.5	1.5	1.5	1.5	1.5	1.5
387.666898921026	0.0665740853635141	0.424904394352825	-18.7839278241025	9.84402977043708	0	0	0	0	0	1.5	1.5	1.5	1.5	1.5	1.5
387.757095965912	0.0639427543464458	0.430790510977689	-18.7018619113617	9.88145528823993	0	0	0	0	0	1.5	1.5	1.5	1.5	1.5	1.5
387.847293010798	0.0613114233293775	0.436439289320695	-18.6200132026903	9.9193534961345	0	0	0	0	0	1.5	1.5	1.5	1.5	1.5	1.5
387.937490055685	0.0563177925206473	0.441800390175296	-18.5383750114151	9.95770311206265	0	0	0	0	0	1.5	1.5	1.5	1.5	1.5	1.5
388.027687100571	0.0486869684326227	0.446535949743781	-18.4569322275275	9.99646604087268	0	0	0	0	0	1.5	1.5	1.5	1.5	1.5	1.5
388.117884145457	0.041056144344598	0.450583231529479	-18.3756604322428	10.0355862541486	0	0	0	0	0	1.5	1.5	1.5	1.5	1.5	1.5
388.208081190343	0.0334253202565733	0.453942235532391	-18.2945340443857	10.0750071679478	0	0	0	0	0	1.5	1.5	1.5	1.5	1.5	1.5
388.298278235229	0.0257944961685486	0.456612961752516	-18.2135268597734	10.1146724941953	0	0	0	0	0	1.5	1.5	1.5	1.5	1.5	1.5
388.388475280116	0.0181636720805191	0.458595410189856	-18.1326121683716	10.1545261885257	0	0	0	0	0	1.5	1.5	1.5	1.5	1.5	1.5
388.478672325002	0.0105328479924944	0.459889580844408	-18.0517628706211	10.1945123963805	0	0	0	0	0	1.5	1.5	1.5	1.5	1.5	1.5
388.568869369888	0.00290202390446975	0.460495473716174	-17.9709515931147	10.2345753977626	0	0	0	0	0	1.5	1.5	1.5	1.5	1.5	1.5
388.659066414774	-0.00472880018355974	0.460413088805152	-17.8901508038134	10.2746595510474	0	0	0	0	0	1.5	1.5	1.5	1.5	1.5	1.5
388.749263459661	-0.0123596242715844	0.459642426111345	-17.8093329269941	10.3147092362474	0	0	0	0	0	1.5	1.5	1.5	1.5	1.5	1.5
388.839460504547	-0.0199904483596091	0.458183485634751	-17.7284704581216	10.3546687981275	0	0	0	0	0	1.5	1.5	1.5	1.5	1.5	1.5
388.929657549433	-0.024235320237341	0.456095171495285	-17.6475363798541	10.3944831028279	0	0	0	0	0	1.5	1.5	1.5	1.5	1.5	1.5
389.019854594319	-0.0230884937136938	0.45396093740972	-17.566516675314	10.4341228719274	0	0	0	0	0	1.5	1.5	1.5	1.5	1.5	1.5
389.110051639206	-0.0219416671900467	0.451930143687586	-17.4854145946932	10.4735938312401	0	0	0	0	0	1.5	1.5	1.5	1.5	1.5	1.5
389.200248684092	-0.0207948406663995	0.450002790328882	-17.4042345556347	10.5129042070478	0	0	0	0	0	1.5	1.5	1.5	1.5	1.5	1.5
389.290445728978	-0.0196480141427524	0.448178877333608	-17.3229809262563	10.5520622504565	0	0	0	0	0	1.5	1.5	1.5	1.5	1.5	1.5
389.380642773864	-0.0185011876191052	0.446458404701764	-17.2416580276641	10.5910762359472	0	0	0	0	0	1.5	1.5	1.5	1.5	1.5	1.5
389.470839818751	-0.0173543610954581	0.44484137243335	-17.1602701364789	10.6299544599522	0	0	0	0	0	1.5	1.5	1.5	1.5	1.5	1.5
389.561036863637	-0.0162075345718109	0.443327780528366	-17.0788214873739	10.6687052394525	0	0	0	0	0	1.5	1.5	1.5	1.5	1.5	1.5
389.651233908523	-0.0150607080481631	0.441917628986812	-16.9973162756238	10.7073369105985	0	0	0	0	0	1.5	1.5	1.5	1.5	1.5	1.5
389.741430953409	-0.0139138815245159	0.440610917808688	-16.9157586596635	10.7458578273497	0	0	0	0	0	1.5	1.5	1.5	1.5	1.5	1.5
389.831627998295	-0.0127670550008688	0.439407646993995	-16.8341527636562	10.7842763601345	0	0	0	0	0	1.5	1.5	1.5	1.5	1.5	1.5
389.921825043182	-0.01351287999886	0.438282237229229	-16.7525025822414	10.8226006858488	0	0	0	0	0	1.5	1.5	1.5	1.5	1.5	1.5
390.012022088068	-0.018681655352711	0.43683031125413	-16.6708045074741	10.8608228005713	0	0	0	0	0	1.5	1.5	1.5	1.5	1.5	1.5
390.102219132954	-0.0238504307065653	0.434912177016433	-16.5890421486594	10.8989071948878	0	0	0	0	0	1.5	1.5	1.5	1.5	1.5	1.5
390.19241617784	-0.0290192060604164	0.432527834516138	-16.507198057329	10.9368156077244	0	0	0	0	0	1.5	1.5	1.5	1.5	1.5	1.5
390.282613222727	-0.0341879814142674	0.429677283753245	-16.425255031555	10.9745096645757	0	0	0	0	0	1.5	1.5	1.5	1.5	1.5	1.5
390.372810267613	-0.0393567567681184	0.426360524727753	-16.3431961699281	11.0119508541148	0	0	0	0	0	1.5	1.5	1.5	1.5	1.5	1.5
390.463007312499	-0.0445255321219694	0.422577557439664	-16.2610049258495	11.0491005055049	0	0	0	0	0	1.5	1.5	1.5	1.5	1.5	1.5
390.553204357385	-0.0496943074758205	0.418328381888977	-16.1786651621895	11.0859197665417	0	0	0	0	0	1.5	1.5	1.5	1.5	1.5	1.5
390.643401402272	-0.0548630828296715	0.413612998075691	-16.0961612063596	11.1223695827533	0	0	0	0	0	1.5	1.5	1.5	1.5	1.5	1.5
390.733598447158	-0.0600318581835225	0.408431405999808	-16.0134779058429	11.1584106775895	0	0	0	0	0	1.5	1.5	1.5	1.5	1.5	1.5
390.823795492044	-0.0652006335373768	0.402783605661322	-15.9306006842251	11.1940035338306	0	0	0	0	0	1.5	1.5	1.5	1.5	1.5	1.5
390.91399253693	-0.0689528563679762	0.396683199129289	-15.8475156314295	11.2291084566502	0	0	0	0	0	1.5	1.5	1.5	1.5	1.5	1.5
391.004189581816	-0.0674685523853728	0.390530795164905	-15.7642155459947	11.2637000309196	0	0	0	0	0	1.5	1.5	1.5	1.5	1.5	1.5
391.094386626703	-0.0659842484027693	0.384512271033465	-15.6807064928238	11.297784050446	0	0	0	0	0	1.5	1.5	1.5	1.5	1.5	1.5
391.184583671589	-0.0644999444201659	0.378627626734969	-15.596996060377	11.3313704603248	0	0	0	0	0	1.5	1.5	1.5	1.5	1.5	1.5
391.274780716475	-0.0630156404375625	0.372876862269416	-15.5130916443971	11.3644693041735	0	0	0	0	0	1.5	1.5	1.5	1.5	1.5	1.5
391.364977761361	-0.061531336454959	0.367259977636807	-15.4290004513751	11.3970907200374	0	0	0	0	0	1.5	1.5	1.5	1.5	1.5	1.5
391.455174806248	-0.0600470324723546	0.361776972837138	-15.3447295020902	11.4292449364164	0	0	0	0	0	1.5	1.5	1.5	1.5	1.5	1.5
391.545371851134	-0.0585627284897512	0.356427847870416	-15.2602856352209	11.4609422684123	0	0	0	0	0	1.5	1.5	1.5	1.5	1.5	1.5
391.63556889602	-0.0570784245071477	0.351212602736638	-15.1756755110225	11.4921931139927	0	0	0	0	0	1.5	1.5	1.5	1.5	1.5	1.5
391.725765940906	-0.0555941205245443	0.346131237435804	-15.0909056150696	11.5230079503718	0	0	0	0	0	1.5	1.5	1.5	1.5	1.5	1.5
391.815962985793	-0.0541098165419409	0.341183751967913	-15.00598226206	11.5533973305039	0	0	0	0	0	1.5	1.5	1.5	1.5	1.5	1.5
391.906160030679	-0.0534312860414622	0.336365573832057	-14.9209115939646	11.5833718633602	0	0	0	0	0	1.5	1.5	1.5	1.5	1.5	1.5
391.996357075565	-0.0583507333187837	0.331324369923203	-14.8356955636642	11.6129305821141	0	0	0	0	0	1.5	1.5	1.5	1.5	1.5	1.5
392.086554120451	-0.0632701805961083	0.325839446407456	-14.7503251615084	11.642040390492	0	0	0	0	0	1.5	1.5	1.5	1.5	1.5	1.5
392.176751165338	-0.0681896278734298	0.319910803284826	-14.6647900450763	11.6706625310741	0	0	0	0	0	1.5	1.5	1.5	1.5	1.5	1.5
392.266948210224	-0.0731090751507513	0.313538440555307	-14.5790805265227	11.6987580432326	0	0	0	0	0	1.5	1.5	1.5	1.5	1.5	1.5
392.35714525511	-0.0780285224280728	0.3067223582189	-14.4931876256757	11.726287754289	0	0	0	0	0	1.5	1.5	1.5	1.5	1.5	1.5
392.447342299996	-0.0829479697053943	0.299462556275606	-14.4071031235593	11.7532122722564	0	0	0	0	0	1.5	1.5	1.5	1.5	1.5	1.5
392.537539344882	-0.0878674169827158	0.291759034725423	-14.3208196163462	11.779491980286	0	0	0	0	0	1.5	1.5	1.5	1.5	1.5	1.5
392.627736389769	-0.0927868642600373	0.283611793568353	-14.2343305697431	11.8050870329429	0	0	0	0	0	1.5	1.5	1.5	1.5	1.5	1.5
392.717933434655	-0.0977063115373588	0.275020832804394	-14.1476303737999	11.8299573544333	0	0	0	0	0	1.5	1.5	1.5	1.5	1.5	1.5
392.808130479541	-0.10262575881468	0.265986152433547	-14.060714398135	11.8540626389089	0	0	0	0	0	1.5	1.5	1.5	1.5	1.5	1.5
392.898327524427	-0.107288079677452	0.256508206010176	-13.9735790476896	11.8773623534889	0	0	0	0	0	1.5	1.5	1.5	1.5	1.5	1.5
392.988524569314	-0.105633577715862	0.246905753865599	-13.8862242854979	11.89982543244	0	0	0	0	0	1.5	1.5	1.5	1.5	1.5	1.5
393.0787216142	-0.103979075754273	0.237452532908716	-13.7986594566126	11.9214552050629	0	0	0	0	0	1.5	1.5	1.5	1.5	1.5	1.5
393.168918659086	-0.102324573792683	0.228148543139526	-13.7108956143593	11.9422628049264	0	0	0	0	0	1.5	1.5	1.5	1.5	1.5	1.5
393.259115703972	-0.100670071831093	0.218993784558025	-13.6229434615074	11.9622595270421	0	0	0	0	0	1.5	1.5	1.5	1.5	1.5	1.5
393.349312748859	-0.0990155698695031	0.209988257164224	-13.5348133538614	11.9814568198266	0	0	0	0	0	1.5	1.5	1.5	1.5	1.5	1.5
393.439509793745	-0.0973610679079135	0.201131960958116	-13.4465153040166	11.9998662773062	0	0	0	0	0	1.5	1.5	1.5	1.5	1.5	1.5
393.529706838631	-0.0957065659463239	0.192424895939702	-13.3580589852726	12.0174996315604	0	0	0	0	0	1.5	1.5	1.5	1.5	1.5	1.5
393.619903883517	-0.0940520639847343	0.183867062108982	-13.2694537356941	12.034368745404	0	0	0	0	0	1.5	1.5	1.5	1.5	1.5	1.5
393.710100928403	-0.0923975620231448	0.175458459465956	-13.1807085623145	12.0504856053051	0	0	0	0	0	1.5	1.5	1.5	1.5	1.5	1.5
393.80029797329	-0.0907430600615552	0.167199088010623	-13.091832145472	12.0658623145381	0	0	0	0	0	1.5	1.5	1.5	1.5	1.5	1.5
393.890495018176	-0.0890885580999656	0.159088947742985	-13.002832843274	12.0805110865684	0	0	0	0	0	1.5	1.5	1.5	1.5	1.5	1.5
393.980692063062	-0.0929675198576029	0.150890149318378	-12.9137176574662	12.0944375001897	0	0	0	0	0	1.5	1.5	1.5	1.5	1.5	1.5
394.070889107948	-0.097117740319931	0.142317584946156	-12.8244888508026	12.1076161626296	0	0	0	0	0	1.5	1.5	1.5	1.5	1.5	1.5
394.161086152835	-0.101267960782259	0.133370682952607	-12.7351480518336	12.1200127055243	0	0	0	0	0	1.5	1.5	1.5	1.5	1.5	1.5
394.251283197721	-0.10541818124459	0.124049443337723	-12.6456977759075	12.1315926941576	0	0	0	0	0	1.5	1.5	1.5	1.5	1.5	1.5
394.341480242607	-0.109568401706918	0.114353866101516	-12.5561414645045	12.1423216391991	0	0	0	0	0	1.5	1.5	1.5	1.5	1.5	1.5
394.431677287493	-0.113718622169246	0.104283951243981	-12.4664835244162	12.1521650093943	0	0	0	0	0	1.5	1.5	1.5	1.5	1.5	1.5
394.52187433238	-0.117868842631577	0.0938396987651112	-12.3767293668596	12.1610882460719	0	0	0	0	0	1.5	1.5	1.5	1.5	1.5	1.5
394.612071377266	-0.122019063093905	0.0830211086649193	-12.2868854464772	12.1690567795419	0	0	0	0	0	1.5	1.5	1.5	1.5	1.5	1.5
394.702268422152	-0.126169283556233	0.0718281809433991	-12.196959300176	12.1760360474541	0	0	0	0	0	1.5	1.5	1.5	1.5	1.5	1.5
394.792465467038	-0.130319504018562	0.0602609156005506	-12.1069595857482	12.1819915151897	0	0	0	0	0	1.5	1.5	1.5	1.5	1.5	1.5
394.882662511924	-0.13446972448089	0.0483193126363737	-12.0168961202147	12.1868886983548	0	0	0	0	0	1.5	1.5	1.5	1.5	1.5	1.5
394.972859556811	-0.139231891479725	0.0359795082085261	-11.9267798938286	12.1906925675029	0	0	0	0	0	1.5	1.5	1.5	1.5	1.5	1.5
395.063056601697	-0.144089811467557	0.0232021180295373	-11.8366230458747	12.1933644557746	0	0	0	0	0	1.5	1.5	1.5	1.5	1.5	1.5
395.153253646583	-0.148947731455388	0.00998655782335241	-11.746439130582	12.1948644294335	0	0	0	0	0	1.5	1.5	1.5	1.5	1.5	1.5
395.243450691469	-0.15380565144322	-0.00366717241002859	-11.6562432470388	12.1951527151286	0	0	0	0	0	1.5	1.5	1.5	1.5	1.5	1.5
395.333647736356	-0.158663571431051	-0.0177590726706057	-11.5660520891619	12.1941897428783	0	0	0	0	0	1.5	1.5	1.5	1.5	1.5	1.5
395.423844781242	-0.163521491418882	-0.0322891429583789	-11.475883994625	12.1919361901399	0	0	0	0	0	1.5	1.5	1.5	1.5	1.5	1.5
395.514041826128	-0.168379411406714	-0.0472573832733483	-11.3857589927164	12.1883530294311	0	0	0	0	0	1.5	1.5	1.5	1.5	1.5	1.5
395.604238871014	-0.173237331394548	-0.0626637936155236	-11.2956988509711	12.1834015795911	0	0	0	0	0	1.5	1.5	1.5	1.5	1.5	1.5
395.694435915901	-0.17809525138238	-0.0785083739848855	-11.2057271204108	12.1770435607675	0	0	0	0	0	1.5	1.5	1.5	1.5	1.5	1.5
395.784632960787	-0.182953171370211	-0.0947911243814435	-11.115869179215	12.1692411532017	0	0	0	0	0	1.5	1.5	1.5	1.5	1.5	1.5
395.874830005673	-0.187811091358046	-0.111512044805208	-11.0261522746364	12.159957059887	0	0	0	0	0	1.5	1.5	1.5	1.5	1.5	1.5
395.965027050559	-0.185878700835185	-0.128433027392952	-10.9366048676881	12.1491600958462	0	0	0	0	0	1.5	1.5	1.5	1.5	1.5	1.5
396.055224095446	-0.182003532661028	-0.145023972556703	-10.8472509956898	12.1368635170194	0	0	0	0	0	1.5	1.5	1.5	1.5	1.5	1.5
396.145421140332	-0.178128364486871	-0.161265389002708	-10.7581109746241	12.1231018050487	0	0	0	0	0	1.5	1.5	1.5	1.5	1.5	1.5
396.235618185218	-0.174253196312714	-0.177157276730967	-10.6692035120123	12.1079097420466	0	0	0	0	0	1.5	1.5	1.5	1.5	1.5	1.5
396.325815230104	-0.170378028138557	-0.19269963574148	-10.5805457555995	12.0913222358174	0	0	0	0	0	1.5	1.5	1.5	1.5	1.5	1.5
396.41601227499	-0.1665028599644	-0.207892466034247	-10.4921533282925	12.0733742773565	0	0	0	0	0	1.5	1.5	1.5	1.5	1.5	1.5
396.506209319877	-0.162627691790243	-0.222735767609268	-10.4040403638613	12.0541009010378	0	0	0	0	0	1.5	1.5	1.5	1.5	1.5	1.5
396.596406364763	-0.158752523616086	-0.237229540466542	-10.3162195432938	12.0335371474353	0	0	0	0	0	1.5	1.5	1.5	1.5	1.5	1.5
396.686603409649	-0.154877355441929	-0.251373784606071	-10.2287021316988	12.0117180287268	0	0	0	0	0	1.5	1.5	1.5	1.5	1.5	1.5
396.776800454535	-0.151002187267772	-0.265168500027853	-10.1414980156584	11.9886784966215	0	0	0	0	0	1.5	1.5	1.5	1.5	1.5	1.5
396.866997499422	-0.147127019093615	-0.278613686731889	-10.054615740939	11.9644534127526	0	0	0	0	0	1.5	1.5	1.5	1.5	1.5	1.5
396.957194544308	-0.14747058610425	-0.291841037966771	-9.9680633328655	11.9390748948783	0	0	0	0	0	1.5	1.5	1.5	1.5	1.5	1.5
397.047391589194	-0.149690272292862	-0.305242553608408	-9.88185623031221	11.9125471619558	0	0	0	0	0	1.5	1.5	1.5	1.5	1.5	1.5
397.13758863408	-0.151909958481474	-0.318844278384832	-9.79601516097733	11.8848579529587	0	0	0	0	0	1.5	1.5	1.5	1.5	1.5	1.5
397.227785678967	-0.154129644670088	-0.332646212296053	-9.71056154990316	11.8559952068266	0	0	0	0	0	1.5	1.5	1.5	1.5	1.5	1.5
397.317982723853	-0.1563493308587	-0.346648355342052	-9.62551745417175	11.8259473155991	0	0	0	0	0	1.5	1.5	1.5	1.5	1.5	1.5
397.408179768739	-0.158569017047313	-0.360850707522839	-9.54090556346897	11.7947031463919	0	0	0	0	0	1.5	1.5	1.5	1.5	1.5	1.5
397.498376813625	-0.160788703235925	-0.375253268838414	-9.45674919995957	11.7622520638825	0	0	0	0	0	1.5	1.5	1.5	1.5	1.5	1.5
397.588573858511	-0.163008389424537	-0.389856039288776	-9.37307231744268	11.728583953296	0	0	0	0	0	1.5	1.5	1.5	1.5	1.5	1.5
397.678770903398	-0.16522807561315	-0.404659018873926	-9.28989949975822	11.6936892438783	0	0	0	0	0	1.5	1.5	1.5	1.5	1.5	1.5
397.768967948284	-0.167447761801762	-0.419662207593864	-9.2072559584137	11.6575589328456	0	0	0	0	0	1.5	1.5	1.5	1.5	1.5	1.5
397.85916499317	-0.169667447990374	-0.434865605448589	-9.12516752940047	11.6201846097957	0	0	0	0	0	1.5	1.5	1.5	1.5	1.5	1.5
397.949362038056	-0.167775223688459	-0.450156680843594	-9.04365978004216	11.5815603321697	0	0	0	0	0	1.5	1.5	1.5	1.5	1.5	1.5
398.039559082943	-0.163218882606028	-0.465084025974854	-8.96274554997396	11.5417075629903	0	0	0	0	0	1.5	1.5	1.5	1.5	1.5	1.5
398.129756127829	-0.158662541523593	-0.479600402604994	-8.88242673338155	11.5006679267408	0	0	0	0	0	1.5	1.5	1.5	1.5	1.5	1.5
398.219953172715	-0.154106200441162	-0.493705810733995	-8.80270339605861	11.4584830775309	0	0	0	0	0	1.5	1.5	1.5	1.5	1.5	1.5
398.310150217601	-0.14954985935873	-0.507400250361868	-8.72357406984278	11.4151941702349	0	0	0	0	0	1.5	1.5	1.5	1.5	1.5	1.5
398.400347262488	-0.144993518276299	-0.520683721488611	-8.64503581053347	11.3708418410581	0	0	0	0	0	1.5	1.5	1.5	1.5	1.5	1.5
398.490544307374	-0.140437177193867	-0.533556224114226	-8.56708425520539	11.3254661913309	0	0	0	0	0	1.5	1.5	1.5	1.5	1.5	1.5
398.58074135226	-0.135880836111436	-0.546017758238711	-8.48971367884158	11.2791067744035	0	0	0	0	0	1.5	1.5	1.5	1.5	1.5	1.5
398.670938397146	-0.131324495029002	-0.558068323862075	-8.41291705021824	11.231802585516	0	0	0	0	0	1.5	1.5	1.5	1.5	1.5	1.5
398.761135442032	-0.12676815394657	-0.569707920984302	-8.3366860869836	11.183592054519	0	0	0	0	0	1.5	1.5	1.5	1.5	1.5	1.5
398.851332486919	-0.122211812864139	-0.5809365496054	-8.26101130988012	11.1345130413208	0	0	0	0	0	1.5	1.5	1.5	1.5	1.5	1.5
398.941529531805	-0.120424985387744	-0.591818920189555	-8.18588265720264	11.0846019965845	0	0	0	0	0	1.5	1.5	1.5	1.5	1.5	1.5
399.031726576691	-0.121214223948117	-0.602716491494924	-8.1113010166424	11.0338771970737	0	0	0	0	0	1.5	1.5	1.5	1.5	1.5	1.5
399.121923621577	-0.12200346250849	-0.613685249786149	-8.03727840990699	10.9823400354245	0	0	0	0	0	1.5	1.5	1.5	1.5	1.5	1.5
399.212120666464	-0.122792701068863	-0.62472519506323	-7.9638274114437	10.9299914432626	0	0	0	0	0	1.5	1.5	1.5	1.5	1.5	1.5
399.30231771135	-0.123581939629236	-0.635836327326167	-7.89096069975782	10.8768325725482	0	0	0	0	0	1.5	1.5	1.5	1.5	1.5	1.5
399.392514756236	-0.12437117818961	-0.647018646574967	-7.81869105471275	10.8228647994174	0	0	0	0	0	1.5	1.5	1.5	1.5	1.5	1.5
399.482711801122	-0.125160416749983	-0.658272152809616	-7.74703135472385	10.7680897280222	0	0	0	0	0	1.5	1.5	1.5	1.5	1.5	1.5
399.572908846009	-0.125949655310356	-0.66959684603012	-7.67599457384431	10.7125091943664	0	0	0	0	0	1.5	1.5	1.5	1.5	1.5	1.5
399.663105890895	-0.126738893870728	-0.680992726236481	-7.60559377874224	10.6561252701357	0	0	0	0	0	1.5	1.5	1.5	1.5	1.5	1.5
399.753302935781	-0.127528132431101	-0.692459793428698	-7.53584212556741	10.598940266519	0	0	0	0	0	1.5	1.5	1.5	1.5	1.5	1.5
399.843499980667	-0.128317370991474	-0.70399804760677	-7.4667528567064	10.5409567380195	0	0	0	0	0	1.5	1.5	1.5	1.5	1.5	1.5
399.933697025553	-0.129140220487445	-0.715608143350869	-7.39833930299271	10.4821774798315	0	0	0	0	0	1.5	1.5	1.5	1.5	1.5	1.5
400.02389407044	-0.130007291492482	-0.72729531323598	-7.33061505739153	10.422605331457	0	0	0	0	0	1.5	1.5	1.5	1.5	1.5	1.5
400.114091115326	-0.130874362497519	-0.739060690363444	-7.26359401638283	10.3622431485704	0	0	0	0	0	1.5	1.5	1.5	1.5	1.5	1.5
400.204288160212	-0.131741433502556	-0.750904274733269	-7.1972901776476	10.3010940457322	0	0	0	0	0	1.5	1.5	1.5	1.5	1.5	1.5
400.294485205098	-0.132608504507594	-0.762826066345456	-7.1317176235398	10.2391614154257	0	0	0	0	0	1.5	1.5	1.5	1.5	1.5	1.5
400.384682249985	-0.133475575512631	-0.774826065200003	-7.0668905169731	10.1764489323404	0	0	0	0	0	1.5	1.5	1.5	1.5	1.5	1.5
400.474879294871	-0.134342646517668	-0.78690427129691	-7.00282309716873	10.1129605576288	0	0	0	0	0	1.5	1.5	1.5	1.5	1.5	1.5
400.565076339757	-0.135209717522705	-0.799060684636187	-6.93952967526286	10.0487005431376	0	0	0	0	0	1.5	1.5	1.5	1.5	1.5	1.5
400.655273384643	-0.136076788527742	-0.811295305217816	-6.87702462977251	9.98367343560561	0	0	0	0	0	1.5	1.5	1.5	1.5	1.5	1.5
400.74547042953	-0.13694385953278	-0.823608133041807	-6.81532240191817	9.91788408082831	0	0	0	0	0	1.5	1.5	1.5	1.5	1.5	1.5
400.835667474416	-0.137810930537817	-0.835999168108158	-6.75443749080265	9.85133762778353	0	0	0	0	0	1.5	1.5	1.5	1.5	1.5	1.5
400.925864519302	-0.139376265098964	-0.848479258348334	-6.69438453265946	9.7840394583448	0	0	0	0	0	1.5	1.5	1.5	1.5	1.5	1.5
401.016061564188	-0.1422703378949	-0.861181103994479	-6.63518292294733	9.71599118919898	0	0	0	0	0	1.5	1.5	1.5	1.5	1.5	1.5
401.106258609074	-0.145164410690835	-0.874143986454503	-6.57685939999813	9.64718886616299	0	0	0	0	0	1.5	1.5	1.5	1.5	1.5	1.5
401.196455653961	-0.14805848348677	-0.887367905728406	-6.51944172339661	9.57762882904573	0	0	0	0	0	1.5	1.5	1.5	1.5	1.5	1.5
401.286652698847	-0.150952556282706	-0.900852861816188	-6.46295809066027	9.50730825697537	0	0	0	0	0	1.5	1.5	1.5	1.5	1.5	1.5
401.376849743733	-0.153846629078643	-0.914598854717858	-6.40743712816088	9.43622519621201	0	0	0	0	0	1.5	1.5	1.5	1.5	1.5	1.5
401.467046788619	-0.156740701874578	-0.928605884433398	-6.35290788076721	9.36437858827842	0	0	0	0	0	1.5	1.5	1.5	1.5	1.5	1.5
401.557243833506	-0.159634774670513	-0.942873950962817	-6.29939980016742	9.29176829837698	0	0	0	0	0	1.5	1.5	1.5	1.5	1.5	1.5
401.647440878392	-0.162528847466449	-0.957403054306115	-6.24694273183134	9.21839514406017	0	0	0	0	0	1.5	1.5	1.5	1.5	1.5	1.5
401.737637923278	-0.165422920262384	-0.972193194463293	-6.19556690057108	9.14426092411746	0	0	0	0	0	1.5	1.5	1.5	1.5	1.5	1.5
401.827834968164	-0.168316993058321	-0.987244371434358	-6.14530289465984	9.06936844763981	0	0	0	0	0	1.5	1.5	1.5	1.5	1.5	1.5
401.918032013051	-0.169736874904424	-1.00253945056761	-6.09618153663375	8.99372163478266	0	0	0	0	0	1.5	1.5	1.5	1.5	1.5	1.5
402.008229057937	-0.16691096764564	-1.01772177085028	-6.04822133113661	8.91733335476611	0	0	0	0	0	1.5	1.5	1.5	1.5	1.5	1.5
402.098426102823	-0.164085060386855	-1.03264920264909	-6.00141651828819	8.84023169893148	0	0	0	0	0	1.5	1.5	1.5	1.5	1.5	1.5
402.188623147709	-0.16125915312807	-1.04732174596403	-5.95575787893669	8.76244577728941	0	0	0	0	0	1.5	1.5	1.5	1.5	1.5	1.5
402.278820192596	-0.158433245869285	-1.0617394007951	-5.91123541955731	8.68400397344238	0	0	0	0	0	1.5	1.5	1.5	1.5	1.5	1.5
402.369017237482	-0.155607338610501	-1.07590216714231	-5.86783840464101	8.60493394109725	0	0	0	0	0	1.5	1.5	1.5	1.5	1.5	1.5
402.459214282368	-0.152781431351716	-1.08981004500566	-5.82555538838108	8.52526260180059	0	0	0	0	0	1.5	1.5	1.5	1.5	1.5	1.5
402.549411327254	-0.149955524092931	-1.10346303438514	-5.78437424563748	8.44501614384601	0	0	0	0	0	1.5	1.5	1.5	1.5	1.5	1.5
402.63960837214	-0.147129616834147	-1.11686113528075	-5.74428220216115	8.3642200223036	0	0	0	0	0	1.5	1.5	1.5	1.5	1.5	1.5
402.729805417027	-0.144303709575362	-1.1300043476925	-5.70526586406318	8.28289896012278	0	0	0	0	0	1.5	1.5	1.5	1.5	1.5	1.5
402.820002461913	-0.141477802316575	-1.14289267162039	-5.66731124651582	8.2010769502603	0	0	0	0	0	1.5	1.5	1.5	1.5	1.5	1.5
402.910199506799	-0.139600721397141	-1.15553343749203	-5.63040383621324	8.11877724353651	0	0	0	0	0	1.5	1.5	1.5	1.5	1.5	1.5
403.000396551685	-0.142313496610598	-1.16824735217989	-5.5945395313436	8.03601765826319	0	0	0	0	0	1.5	1.5	1.5	1.5	1.5	1.5
403.090593596572	-0.145026271824054	-1.18120595117544	-5.55974048433286	7.95280456201706	0	0	0	0	0	1.5	1.5	1.5	1.5	1.5	1.5
403.180790641458	-0.147739047037509	-1.19440923447868	-5.52603289809298	7.86914341601865	0	0	0	0	0	1.5	1.5	1.5	1.5	1.5	1.5
403.270987686344	-0.150451822250965	-1.20785720208962	-5.49344311753362	7.7850405593373	0	0	0	0	0	1.5	1.5	1.5	1.5	1.5	1.5
403.36118473123	-0.15316459746442	-1.22154985400825	-5.46199761317556	7.70050322999489	0	0	0	0	0	1.5	1.5	1.5	1.5	1.5	1.5
403.451381776117	-0.155877372677876	-1.23548719023458	-5.4317229636038	7.61553958596629	0	0	0	0	0	1.5	1.5	1.5	1.5	1.5	1.5
403.541578821003	-0.158590147891331	-1.2496692107686	-5.40264583673613	7.53015872603919	0	0	0	0	0	1.5	1.5	1.5	1.5	1.5	1.5
403.631775865889	-0.161302923104787	-1.26409591561031	-5.37479296988401	7.44437071049409	0	0	0	0	0	1.5	1.5	1.5	1.5	1.5	1.5
403.721972910775	-0.164015698318243	-1.27876730475972	-5.34819114858319	7.35818658156287	0	0	0	0	0	1.5	1.5	1.5	1.5	1.5	1.5
403.812169955661	-0.166728473531698	-1.29368337821682	-5.32286718417253	7.27161838362269	0	0	0	0	0	1.5	1.5	1.5	1.5	1.5	1.5
403.902367000548	-0.169106502683171	-1.30884283149497	-5.29884788682723	7.1846791839581	0	0	0	0	0	1.5	1.5	1.5	1.5	1.5	1.5
403.992564045434	-0.167945331310037	-1.32404337119481	-5.27615353224932	7.09738475956094	0	0	0	0	0	1.5	1.5	1.5	1.5	1.5	1.5
404.08276109032	-0.166784159936903	-1.33913917666818	-5.25478407903505	7.00975657413503	0	0	0	0	0	1.5	1.5	1.5	1.5	1.5	1.5
404.172958135206	-0.165622988563769	-1.3541302479151	-5.23473522063652	6.92181683439842	0	0	0	0	0	1.5	1.5	1.5	1.5	1.5	1.5
404.263155180093	-0.164461817190635	-1.36901658493554	-5.21600225374635	6.83358740268237	0	0	0	0	0	1.5	1.5	1.5	1.5	1.5	1.5
404.353352224979	-0.163300645817501	-1.38379818772953	-5.19858009036243	6.74508979255066	0	0	0	0	0	1.5	1.5	1.5	1.5	1.5	1.5
404.443549269865	-0.162139474444367	-1.39847505629705	-5.18246326976969	6.65634516476015	0	0	0	0	0	1.5	1.5	1.5	1.5	1.5	1.5
404.533746314751	-0.160978303071233	-1.41304719063811	-5.16764597043146	6.56737432355464	0	0	0	0	0	1.5	1.5	1.5	1.5	1.5	1.5
404.623943359638	-0.159817131698099	-1.4275145907527	-5.15412202178365	6.47819771328376	0	0	0	0	0	1.5	1.5	1.5	1.5	1.5	1.5
404.714140404524	-0.158655960324965	-1.44187725664083	-5.14188491592535	6.38883541534044	0	0	0	0	0	1.5	1.5	1.5	1.5	1.5	1.5
404.80433744941	-0.157494788951831	-1.4561351883025	-5.13092781919958	6.29930714540836	0	0	0	0	0	1.5	1.5	1.5	1.5	1.5	1.5
404.894534494296	-0.156333617578698	-1.4702883857377	-5.12124358365836	6.20963225101204	0	0	0	0	0	1.5	1.5	1.5	1.5	1.5	1.5
404.984731539182	-0.153751501452347	-1.48427310955672	-5.1128228600144	6.11982988061117	0	0	0	0	0	1.5	1.5	1.5	1.5	1.5	1.5
405.074928584069	-0.15116173615777	-1.49802424604628	-5.10564827732039	6.02991934690255	0	0	0	0	0	1.5	1.5	1.5	1.5	1.5	1.5
405.165125628955	-0.148571970863193	-1.51154179335932	-5.09970019287462	5.93991932846727	0	0	0	0	0	1.5	1.5	1.5	1.5	1.5	1.5
405.255322673841	-0.145982205568616	-1.52482575149584	-5.09495867315778	5.84984766110157	0	0	0	0	0	1.5	1.5	1.5	1.5	1.5	1.5
405.345519718727	-0.143392440274039	-1.53787612045585	-5.09140351765779	5.7597213480127	0	0	0	0	0	1.5	1.5	1.5	1.5	1.5	1.5
405.435716763614	-0.14080267497946	-1.55069290023934	-5.08901428177594	5.66955657057768	0	0	0	0	0	1.5	1.5	1.5	1.5	1.5	1.5
405.5259138085	-0.138212909684883	-1.5632760908463	-5.0877702988202	5.579368699626	0	0	0	0	0	1.5	1.5	1.5	1.5	1.5	1.5
405.616110853386	-0.135623144390305	-1.57562569227674	-5.08765070109204	5.48917230720819	0	0	0	0	0	1.5	1.5	1.5	1.5	1.5	1.5
405.706307898272	-0.133033379095728	-1.58774170453067	-5.0886344400748	5.39898117881495	0	0	0	0	0	1.5	1.5	1.5	1.5	1.5	1.5
405.796504943159	-0.130443613801149	-1.59962412760808	-5.09070030573213	5.30880832601113	0	0	0	0	0	1.5	1.5	1.5	1.5	1.5	1.5
405.886701988045	-0.127853848506572	-1.61127296150896	-5.09382694492653	5.21866599945198	0	0	0	0	0	1.5	1.5	1.5	1.5	1.5	1.5
405.976899032931	-0.128948423081899	-1.62283930100382	-5.09799700485996	5.12856590606378	0	0	0	0	0	1.5	1.5	1.5	1.5	1.5	1.5
406.067096077817	-0.130410310863162	-1.63453599668746	-5.1032146957055	5.03852041836288	0	0	0	0	0	1.5	1.5	1.5	1.5	1.5	1.5
406.157293122703	-0.131872198644425	-1.64636455032892	-5.10949117163597	4.94854254386063	0	0	0	0	0	1.5	1.5	1.5	1.5	1.5	1.5
406.24749016759	-0.133334086425688	-1.65832496192821	-5.11683741764622	4.85864569968338	0	0	0	0	0	1.5	1.5	1.5	1.5	1.5	1.5
406.337687212476	-0.134795974206951	-1.67041723148532	-5.12526423529894	4.76884371464091	0	0	0	0	0	1.5	1.5	1.5	1.5	1.5	1.5
406.427884257362	-0.136257861988214	-1.68264135900026	-5.13478223231795	4.67915083124238	0	0	0	0	0	1.5	1.5	1.5	1.5	1.5	1.5
406.518081302248	-0.137719749769477	-1.69499734447303	-5.1454018119405	4.58958170748349	0	0	0	0	0	1.5	1.5	1.5	1.5	1.5	1.5
406.608278347135	-0.139181637550739	-1.70748518790362	-5.15713316203014	4.50015141839474	0	0	0	0	0	1.5	1.5	1.5	1.5	1.5	1.5
406.698475392021	-0.140643525332003	-1.72010488929204	-5.16998624395213	4.41087545734088	0	0	0	0	0	1.5	1.5	1.5	1.5	1.5	1.5
406.788672436907	-0.142105413113266	-1.73285644863828	-5.18397078121374	4.32176973706135	0	0	0	0	0	1.5	1.5	1.5	1.5	1.5	1.5
406.878869481793	-0.143567300894529	-1.74573986594234	-5.19909624787196	4.23285059044078	0	0	0	0	0	1.5	1.5	1.5	1.5	1.5	1.5
406.96906652668	-0.144191964160323	-1.75872416061218	-5.21537110552368	4.14413463021216	0	0	0	0	0	1.5	1.5	1.5	1.5	1.5	1.5
407.059263571566	-0.144633484778492	-1.77174976160329	-5.23279835782149	4.05563783503052	0	0	0	0	0	1.5	1.5	1.5	1.5	1.5	1.5
407.149460616452	-0.145075005396662	-1.78481518644943	-5.25137857974288	3.96737591499128	0	0	0	0	0	1.5	1.5	1.5	1.5	1.5	1.5
407.239657661338	-0.145516526014831	-1.79792043515057	-5.27111211411018	3.8793646765586	0	0	0	0	0	1.5	1.5	1.5	1.5	1.5	1.5
407.329854706225	-0.145958046633001	-1.81106550770672	-5.29199907632091	3.79162002105205	0	0	0	0	0	1.5	1.5	1.5	1.5	1.5	1.5
407.420051751111	-0.14639956725117	-1.82425040411789	-5.31403935122448	3.70415794165955	0	0	0	0	0	1.5	1.5	1.5	1.5	1.5	1.5
407.510248795997	-0.14684108786934	-1.83747512438408	-5.33723259002393	3.61699452037257	0	0	0	0	0	1.5	1.5	1.5	1.5	1.5	1.5
407.600445840883	-0.147282608487509	-1.85073966850528	-5.36157820720451	3.53014592484344	0	0	0	0	0	1.5	1.5	1.5	1.5	1.5	1.5
407.690642885769	-0.147724129105679	-1.86404403648149	-5.38707537749051	3.44362840516465	0	0	0	0	0	1.5	1.5	1.5	1.5	1.5	1.5
407.780839930656	-0.148165649723848	-1.87738822831272	-5.4137230328322	3.35745829056986	0	0	0	0	0	1.5	1.5	1.5	1.5	1.5	1.5
407.871036975542	-0.148607170342018	-1.89077224399898	-5.44151985942452	3.27165198605632	0	0	0	0	0	1.5	1.5	1.5	1.5	1.5	1.5
407.961234020428	-0.149593412746053	-1.90421420370608	-5.47046467479972	3.18622609949614	0	0	0	0	0	1.5	1.5	1.5	1.5	1.5	1.5
408.051431065314	-0.15077343189423	-1.91776030459026	-5.50055947546871	3.10119854233841	0	0	0	0	0	1.5	1.5	1.5	1.5	1.5	1.5
408.141628110201	-0.151953451042407	-1.93141283971451	-5.53180777067078	3.01658811397461	0	0	0	0	0	1.5	1.5	1.5	1.5	1.5	1.5
408.231825155087	-0.153133470190584	-1.94517180907884	-5.56421274028269	2.93241391063739	0	0	0	0	0	1.5	1.5	1.5	1.5	1.5	1.5
408.322022199973	-0.154313489338761	-1.95903721268324	-5.59777720760547	2.84869531591048	0	0	0	0	0	1.5	1.5	1.5	1.5	1.5	1.5
408.412219244859	-0.155493508486937	-1.97300905052771	-5.6325036292495	2.76545199665388	0	0	0	0	0	1.5	1.5	1.5	1.5	1.5	1.5
408.502416289745	-0.156673527635114	-1.98708732261226	-5.66839408495732	2.68270389863269	0	0	0	0	0	1.5	1.5	1.5	1.5	1.5	1.5
408.592613334632	-0.157853546783292	-2.0012720289369	-5.70545026737081	2.60047124184346	0	0	0	0	0	1.5	1.5	1.5	1.5	1.5	1.5
408.682810379518	-0.159033565931469	-2.0155631695016	-5.74367347174905	2.51877451553211	0	0	0	0	0	1.5	1.5	1.5	1.5	1.5	1.5
408.773007424404	-0.160213585079646	-2.02996074430637	-5.78306458564461	2.43763447289651	0	0	0	0	0	1.5	1.5	1.5	1.5	1.5	1.5
408.86320446929	-0.161393604227823	-2.04446475335122	-5.82362407854485	2.3570721254688	0	0	0	0	0	1.5	1.5	1.5	1.5	1.5	1.5
408.953401514177	-0.160015556851028	-2.05900004535208	-5.86535068995908	2.27710804984002	0	0	0	0	0	1.5	1.5	1.5	1.5	1.5	1.5
409.043598559063	-0.157268678395477	-2.07330909555619	-5.90822684501725	2.19775438941697	0	0	0	0	0	1.5	1.5	1.5	1.5	1.5	1.5
409.133795603949	-0.154521799939925	-2.08737038544095	-5.95222430670081	2.11901687468694	0	0	0	0	0	1.5	1.5	1.5	1.5	1.5	1.5
409.223992648835	-0.151774921484374	-2.10118391500636	-5.99731486962005	2.04090017558755	0	0	0	0	0	1.5	1.5	1.5	1.5	1.5	1.5
409.314189693722	-0.149028043028823	-2.11474968425241	-6.04347057734048	1.96340802897731	0	0	0	0	0	1.5	1.5	1.5	1.5	1.5	1.5
409.404386738608	-0.146281164573272	-2.12806769317911	-6.09066373788538	1.88654326296018	0	0	0	0	0	1.5	1.5	1.5	1.5	1.5	1.5
409.494583783494	-0.143534286117721	-2.14113794178646	-6.13886693800515	1.8103078211518	0	0	0	0	0	1.5	1.5	1.5	1.5	1.5	1.5
409.58478082838	-0.14078740766217	-2.15396043007446	-6.18805305624452	1.73470278685358	0	0	0	0	0	1.5	1.5	1.5	1.5	1.5	1.5
409.674977873267	-0.138040529206619	-2.1665351580431	-6.23819527483888	1.65972840710231	0	0	0	0	0	1.5	1.5	1.5	1.5	1.5	1.5
409.765174918153	-0.135293650751068	-2.17886212569239	-6.28926709047149	1.58538411656587	0	0	0	0	0	1.5	1.5	1.5	1.5	1.5	1.5
409.855371963039	-0.132546772295517	-2.19094133302233	-6.3412423239232	1.51166856125686	0	0	0	0	0	1.5	1.5	1.5	1.5	1.5	1.5
409.945569007925	-0.133880552832136	-2.20287581364511	-6.39409652967361	1.43858064433124	0	0	0	0	0	1.5	1.5	1.5	1.5	1.5	1.5
410.035766052811	-0.138422272334136	-2.21515626871719	-6.44783009998597	1.36613681724007	0	0	0	0	0	1.5	1.5	1.5	1.5	1.5	1.5
410.125963097698	-0.142963991836136	-2.22784637346706	-6.50246391697297	1.2943695282522	0	0	0	0	0	1.5	1.5	1.5	1.5	1.5	1.5
410.216160142584	-0.147505711338136	-2.24094612789471	-6.55801857582502	1.22331271686412	0	0	0	0	0	1.5	1.5	1.5	1.5	1.5	1.5
410.30635718747	-0.152047430840139	-2.25445553200015	-6.61451364526322	1.1530013358221	0	0	0	0	0	1.5	1.5	1.5	1.5	1.5	1.5
410.396554232356	-0.156589150342139	-2.26837458578336	-6.67196761123821	1.0834713613427	0	0	0	0	0	1.5	1.5	1.5	1.5	1.5	1.5
410.486751277243	-0.161130869844139	-2.28270328924436	-6.73039781883412	1.01475980079691	0	0	0	0	0	1.5	1.5	1.5	1.5	1.5	1.5
410.576948322129	-0.165672589346139	-2.29744164238314	-6.78982041239614	0.946904697715794	0	0	0	0	0	1.5	1.5	1.5	1.5	1.5	1.5
410.667145367015	-0.17021430884814	-2.3125896451997	-6.85025027391045	0.879945133969734	0	0	0	0	0	1.5	1.5	1.5	1.5	1.5	1.5
410.757342411901	-0.17475602835014	-2.32814729769404	-6.91170095967359	0.813921228970656	0	0	0	0	0	1.5	1.5	1.5	1.5	1.5	1.5
410.847539456788	-0.17929774785214	-2.34411459986617	-6.97418463529781	0.748874135742511	0	0	0	0	0	1.5	1.5	1.5	1.5	1.5	1.5
410.937736501674	-0.180477554662132	-2.36041909990947	-7.03771127475696	0.684845295965409	0	0	0	0	0	1.5	1.5	1.5	1.5	1.5	1.5
411.02793354656	-0.17798392015177	-2.37658518277635	-7.10227081308966	0.621858029489157	0	0	0	0	0	1.5	1.5	1.5	1.5	1.5	1.5
411.118130591446	-0.175490285641408	-2.39252634717938	-7.16783318266133	0.559915230716129	0	0	0	0	0	1.5	1.5	1.5	1.5	1.5	1.5
411.208327636332	-0.172996651131046	-2.40824259311854	-7.23436779224384	0.499017897616842	0	0	0	0	0	1.5	1.5	1.5	1.5	1.5	1.5
411.298524681219	-0.170503016620684	-2.42373392059384	-7.30184451230026	0.439166110175242	0	0	0	0	0	1.5	1.5	1.5	1.5	1.5	1.5
411.388721726105	-0.168009382110321	-2.4390003296053	-7.37023368925239	0.380359058086394	0	0	0	0	0	1.5	1.5	1.5	1.5	1.5	1.5
411.478918770991	-0.165515747599959	-2.45404182015288	-7.43950615851657	0.322595068239358	0	0	0	0	0	1.5	1.5	1.5	1.5	1.5	1.5
411.569115815877	-0.163022113089595	-2.46885839223661	-7.50963325634279	0.265871631951181	0	0	0	0	0	1.5	1.5	1.5	1.5	1.5	1.5
411.659312860764	-0.160528478579233	-2.48345004585646	-7.58058683049088	0.210185431921619	0	0	0	0	0	1.5	1.5	1.5	1.5	1.5	1.5
411.74950990565	-0.158034844068871	-2.49781678101246	-7.65233924977951	0.155532368878264	0	0	0	0	0	1.5	1.5	1.5	1.5	1.5	1.5
411.839706950536	-0.155541209558509	-2.5119585977046	-7.7248634125419	0.101907587885817	0	0	0	0	0	1.5	1.5	1.5	1.5	1.5	1.5
411.929903995422	-0.154382047132652	-2.52589844582113	-7.79813290627046	0.0493057188979665	0	0	0	0	0	1.5	1.5	1.5	1.5	1.5	1.5
412.020101040309	-0.155387870132444	-2.53986861138711	-7.87212838280146	-0.0022698959381115	0	0	0	0	0	1.5	1.5	1.5	1.5	1.5	1.5
412.110298085195	-0.156393693132237	-2.55392949921535	-7.94683941962577	-0.0528033882511278	0	0	0	0	0	1.5	1.5	1.5	1.5	1.5	1.5
412.200495130081	-0.157399516132029	-2.56808110930585	-8.02225582967832	-0.102277990101828	0	0	0	0	0	1.5	1.5	1.5	1.5	1.5	1.5
412.290692174967	-0.158405339131822	-2.58232344165861	-8.0983669973541	-0.150676952303058	0	0	0	0	0	1.5	1.5	1.5	1.5	1.5	1.5
412.380889219853	-0.159411162131614	-2.59665649627363	-8.17516187427883	-0.19798355340385	0	0	0	0	0	1.5	1.5	1.5	1.5	1.5	1.5
412.47108626474	-0.160416985131406	-2.61108027315092	-8.25262897521879	-0.244181108889612	0	0	0	0	0	1.5	1.5	1.5	1.5	1.5	1.5
412.561283309626	-0.161422808131199	-2.62559477229046	-8.33075637413704	-0.289252980598235	0	0	0	0	0	1.5	1.5	1.5	1.5	1.5	1.5
412.651480354512	-0.162428631130991	-2.64019999369226	-8.40953170040343	-0.333182586351768	0	0	0	0	0	1.5	1.5	1.5	1.5	1.5	1.5
412.741677399398	-0.163434454130784	-2.65489593735632	-8.48894213516595	-0.375953409803116	0	0	0	0	0	1.5	1.5	1.5	1.5	1.5	1.5
412.831874444285	-0.164440277130577	-2.66968260328264	-8.56897440789054	-0.417549010496867	0	0	0	0	0	1.5	1.5	1.5	1.5	1.5	1.5
412.922071489171	-0.164416906736522	-2.68454599941809	-8.64961473698742	-0.457953147880957	0	0	0	0	0	1.5	1.5	1.5	1.5	1.5	1.5
413.012268534057	-0.162008640665255	-2.6992673092936	-8.7308446959548	-0.49715842491984	0	0	0	0	0	1.5	1.5	1.5	1.5	1.5	1.5
413.102465578943	-0.159600374593987	-2.71377140068617	-8.81263887874249	-0.535172579487023	0	0	0	0	0	1.5	1.5	1.5	1.5	1.5	1.5
413.19266262383	-0.15719210852272	-2.72805827359582	-8.89497182121374	-0.572005378854387	0	0	0	0	0	1.5	1.5	1.5	1.5	1.5	1.5
413.282859668716	-0.154783842451453	-2.74212792802254	-8.97781871731667	-0.607667186256632	0	0	0	0	0	1.5	1.5	1.5	1.5	1.5	1.5
413.373056713602	-0.152375576380185	-2.75598036396633	-9.06115542066574	-0.642168935312204	0	0	0	0	0	1.5	1.5	1.5	1.5	1.5	1.5
413.463253758488	-0.149967310308918	-2.7696155814272	-9.14495844526883	-0.675522105000901	0	0	0	0	0	1.5	1.5	1.5	1.5	1.5	1.5
413.553450803375	-0.14755904423765	-2.78303358040513	-9.22920496543499	-0.707738695210735	0	0	0	0	0	1.5	1.5	1.5	1.5	1.5	1.5
413.643647848261	-0.145150778166383	-2.79623436090014	-9.31387281489743	-0.738831202865087	0	0	0	0	0	1.5	1.5	1.5	1.5	1.5	1.5
413.733844893147	-0.142742512095115	-2.80921792291222	-9.3989404851855	-0.768812598639641	0	0	0	0	0	1.5	1.5	1.5	1.5	1.5	1.5
413.824041938033	-0.140334246023848	-2.82198426644137	-9.48438712327907	-0.797696304277225	0	0	0	0	0	1.5	1.5	1.5	1.5	1.5	1.5
413.914238982919	-0.138698093832852	-2.83454069926032	-9.57019254254362	-0.825496126562832	0	0	0	0	0	1.5	1.5	1.5	1.5	1.5	1.5
414.004436027806	-0.139968914281416	-2.84710816957992	-9.65633974621537	-0.85221801138505	0	0	0	0	0	1.5	1.5	1.5	1.5	1.5	1.5
414.094633072692	-0.141239734729979	-2.85979026414856	-9.74281742327879	-0.877850202795142	0	0	0	0	0	1.5	1.5	1.5	1.5	1.5	1.5
414.184830117578	-0.142510555178541	-2.87258698296624	-9.82961460261493	-0.902378666793283	0	0	0	0	0	1.5	1.5	1.5	1.5	1.5	1.5
414.275027162464	-0.143781375627104	-2.88549832603296	-9.9167198817275	-0.925789438668056	0	0	0	0	0	1.5	1.5	1.5	1.5	1.5	1.5
414.365224207351	-0.145052196075668	-2.89852429334873	-10.0041214228886	-0.948068632462831	0	0	0	0	0	1.5	1.5	1.5	1.5	1.5	1.5
414.455421252237	-0.146323016524231	-2.91166488491353	-10.0918069494435	-0.969202450690108	0	0	0	0	0	1.5	1.5	1.5	1.5	1.5	1.5
414.545618297123	-0.147593836972794	-2.92492010072738	-10.1797637422843	-0.989177194294092	0	0	0	0	0	1.5	1.5	1.5	1.5	1.5	1.5
414.635815342009	-0.148864657421357	-2.93828994079026	-10.2679786364996	-1.00797927286095	0	0	0	0	0	1.5	1.5	1.5	1.5	1.5	1.5
414.726012386896	-0.15013547786992	-2.95177440510219	-10.3564380182116	-1.0255952150765	0	0	0	0	0	1.5	1.5	1.5	1.5	1.5	1.5
414.816209431782	-0.151406298318483	-2.96537349366316	-10.4451278216078	-1.04201167943059	0	0	0	0	0	1.5	1.5	1.5	1.5	1.5	1.5
414.906406476668	-0.152217960534402	-2.97908463206525	-10.5340335246173	-1.05721547466242	0	0	0	0	0	1.5	1.5	1.5	1.5	1.5	1.5
414.996603521554	-0.149795522520686	-2.99270499390893	-10.6231390720249	-1.07120055802317	0	0	0	0	0	1.5	1.5	1.5	1.5	1.5	1.5
415.08680056644	-0.14737308450697	-3.00610685900235	-10.7124254567037	-1.08398048952484	0	0	0	0	0	1.5	1.5	1.5	1.5	1.5	1.5
415.176997611327	-0.144950646493252	-3.01929022734553	-10.8018738487077	-1.09557248004399	0	0	0	0	0	1.5	1.5	1.5	1.5	1.5	1.5
415.267194656213	-0.142528208479536	-3.03225509893844	-10.8914661680818	-1.10599405664184	0	0	0	0	0	1.5	1.5	1.5	1.5	1.5	1.5
415.357391701099	-0.14010577046582	-3.04500147378109	-10.9811850774017	-1.11526304087322	0	0	0	0	0	1.5	1.5	1.5	1.5	1.5	1.5
415.447588745985	-0.137683332452104	-3.05752935187349	-11.0710139737759	-1.12339752784527	0	0	0	0	0	1.5	1.5	1.5	1.5	1.5	1.5
415.537785790872	-0.135260894438388	-3.06983873321563	-11.1609369803453	-1.13041586602425	0	0	0	0	0	1.5	1.5	1.5	1.5	1.5	1.5
415.627982835758	-0.132838456424672	-3.08192961780751	-11.2509389373096	-1.13633663778715	0	0	0	0	0	1.5	1.5	1.5	1.5	1.5	1.5
415.718179880644	-0.130416018410955	-3.09380200564914	-11.3410053925138	-1.14117864071421	0	0	0	0	0	1.5	1.5	1.5	1.5	1.5	1.5
415.80837692553	-0.127993580397239	-3.10545589674051	-11.4311225916206	-1.14496086961717	0	0	0	0	0	1.5	1.5	1.5	1.5	1.5	1.5
415.898573970417	-0.12560796202237	-3.11689135279248	-11.5212774679034	-1.14770249922848	0	0	0	0	0	1.5	1.5	1.5	1.5	1.5	1.5
415.988771015303	-0.124176264150054	-3.12815625232245	-11.6114576561927	-1.14942136946117	0	0	0	0	0	1.5	1.5	1.5	1.5	1.5	1.5
416.078968060189	-0.122744566277738	-3.13929201693517	-11.7016514504903	-1.15013010502927	0	0	0	0	0	1.5	1.5	1.5	1.5	1.5	1.5
416.169165105075	-0.121312868405422	-3.15029864663064	-11.7918475743911	-1.14984026424813	0	0	0	0	0	1.5	1.5	1.5	1.5	1.5	1.5
416.259362149961	-0.119881170533106	-3.16117614140885	-11.8820351380393	-1.1485635287603	0	0	0	0	0	1.5	1.5	1.5	1.5	1.5	1.5
416.349559194848	-0.11844947266079	-3.17192450126981	-11.9722036349142	-1.1463116950795	0	0	0	0	0	1.5	1.5	1.5	1.5	1.5	1.5
416.439756239734	-0.117017774788473	-3.18254372621353	-12.0623429384653	-1.14309666636845	0	0	0	0	0	1.5	1.5	1.5	1.5	1.5	1.5
416.52995328462	-0.115586076916157	-3.19303381623998	-12.1524432986048	-1.13893044445019	0	0	0	0	0	1.5	1.5	1.5	1.5	1.5	1.5
416.620150329506	-0.114154379043841	-3.20339477134919	-12.2424953380654	-1.13382512205199	0	0	0	0	0	1.5	1.5	1.5	1.5	1.5	1.5
416.710347374393	-0.112722681171525	-3.21362659154114	-12.3324900486297	-1.127792875281	0	0	0	0	0	1.5	1.5	1.5	1.5	1.5	1.5
416.800544419279	-0.111290983299209	-3.22372927681583	-12.4224187872397	-1.12084595633042	0	0	0	0	0	1.5	1.5	1.5	1.5	1.5	1.5
416.890741464165	-0.109859285426893	-3.23370282717328	-12.5122732719931	-1.11299668641492	0	0	0	0	0	1.5	1.5	1.5	1.5	1.5	1.5
416.980938509051	-0.108175029420173	-3.24353641756008	-12.6020456087973	-1.10425775671938	0	0	0	0	0	1.5	1.5	1.5	1.5	1.5	1.5
417.071135553938	-0.106477592736476	-3.25321693365789	-12.6917284186459	-1.0946433409467	0	0	0	0	0	1.5	1.5	1.5	1.5	1.5	1.5
417.161332598824	-0.104780156052778	-3.26274434598295	-12.7813147684206	-1.08416807002977	0	0	0	0	0	1.5	1.5	1.5	1.5	1.5	1.5
417.25152964371	-0.10308271936908	-3.27211865453525	-12.8707981292942	-1.07284661007829	0	0	0	0	0	1.5	1.5	1.5	1.5	1.5	1.5
417.341726688596	-0.101385282685383	-3.2813398593148	-12.9601723702936	-1.06069365551435	0	0	0	0	0	1.5	1.5	1.5	1.5	1.5	1.5
417.431923733483	-0.0996878460016857	-3.2904079603216	-13.049431751785	-1.04772392255658	0	0	0	0	0	1.5	1.5	1.5	1.5	1.5	1.5
417.522120778369	-0.0979904093179883	-3.29932295755565	-13.1385709188879	-1.03395214300495	0	0	0	0	0	1.5	1.5	1.5	1.5	1.5	1.5
417.612317823255	-0.0962929726342899	-3.30808485101695	-13.2275848948234	-1.01939305832158	0	0	0	0	0	1.5	1.5	1.5	1.5	1.5	1.5
417.702514868141	-0.0945955359505926	-3.3166936407055	-13.3164690742041	-1.00406141400335	0	0	0	0	0	1.5	1.5	1.5	1.5	1.5	1.5
417.792711913027	-0.0928980992668953	-3.3251493266213	-13.4052192162744	-0.987971954241307	0	0	0	0	0	1.5	1.5	1.5	1.5	1.5	1.5
417.882908957914	-0.0912006625831979	-3.33345190876434	-13.4938314381051	-0.971139416862434	0	0	0	0	0	1.5	1.5	1.5	1.5	1.5	1.5
417.9731060028	-0.0895647184967491	-3.34160378194028	-13.5823021955043	-0.953578467590209	0	0	0	0	0	1.5	1.5	1.5	1.5	1.5	1.5
418.063303047686	-0.0879384912765056	-3.34960891442997	-13.6706282106049	-0.935303388453493	0	0	0	0	0	1.5	1.5	1.5	1.5	1.5	1.5
418.153500092572	-0.086312264056262	-3.35746736603007	-13.7588065032201	-0.91632830610915	0	0	0	0	0	1.5	1.5	1.5	1.5	1.5	1.5
418.243697137459	-0.0846860368360184	-3.3651791367406	-13.8468344104397	-0.896667326036287	0	0	0	0	0	1.5	1.5	1.5	1.5	1.5	1.5
418.333894182345	-0.0830598096157749	-3.37274422656154	-13.9347095802902	-0.876334529136051	0	0	0	0	0	1.5	1.5	1.5	1.5	1.5	1.5
418.424091227231	-0.0814335823955313	-3.38016263549291	-14.0224299653373	-0.855343968322825	0	0	0	0	0	1.5	1.5	1.5	1.5	1.5	1.5
418.514288272117	-0.0798073551752867	-3.3874343635347	-14.1099938162776	-0.833709665343004	0	0	0	0	0	1.5	1.5	1.5	1.5	1.5	1.5
418.604485317004	-0.0781811279550432	-3.3945594106869	-14.1973996755264	-0.811445607816773	0	0	0	0	0	1.5	1.5	1.5	1.5	1.5	1.5
418.69468236189	-0.0765549007347996	-3.40153777694953	-14.2846463708053	-0.788565746498015	0	0	0	0	0	1.5	1.5	1.5	1.5	1.5	1.5
418.784879406776	-0.074928673514556	-3.40836946232258	-14.3717330087309	-0.765083992747915	0	0	0	0	0	1.5	1.5	1.5	1.5	1.5	1.5
418.875076451662	-0.0733024462943114	-3.41505446680605	-14.4586589684109	-0.741014216217288	0	0	0	0	0	1.5	1.5	1.5	1.5	1.5	1.5
418.965273496548	-0.0716615325951421	-3.42159227595415	-14.5454238983537	-0.716370254282904	0	0	0	0	0	1.5	1.5	1.5	1.5	1.5	1.5
419.055470541435	-0.0700163968315598	-3.4279817412341	-14.6320277337888	-0.691165990435681	0	0	0	0	0	1.5	1.5	1.5	1.5	1.5	1.5
419.145667586321	-0.0683712610679775	-3.43422282012973	-14.7184706782584	-0.665415304033323	0	0	0	0	0	1.5	1.5	1.5	1.5	1.5	1.5
419.235864631207	-0.0667261253043952	-3.44031551264105	-14.8047531850463	-0.639132024901121	0	0	0	0	0	1.5	1.5	1.5	1.5	1.5	1.5
419.326061676093	-0.0650809895408129	-3.44625981876806	-14.8908759506289	-0.612329931720333	0	0	0	0	0	1.5	1.5	1.5	1.5	1.5	1.5
419.41625872098	-0.0634358537772307	-3.45205573851075	-14.9768399082264	-0.585022750875549	0	0	0	0	0	1.5	1.5	1.5	1.5	1.5	1.5
419.506455765866	-0.0617907180136484	-3.45770327186914	-15.062646221379	-0.557224155481315	0	0	0	0	0	1.5	1.5	1.5	1.5	1.5	1.5
419.596652810752	-0.0601455822500661	-3.46320241884321	-15.1482962775486	-0.528947764583103	0	0	0	0	0	1.5	1.5	1.5	1.5	1.5	1.5
419.686849855638	-0.0585004464864828	-3.46855317943298	-15.2337916817494	-0.500207142527691	0	0	0	0	0	1.5	1.5	1.5	1.5	1.5	1.5
419.777046900525	-0.0568553107229015	-3.47375555363842	-15.3191342502071	-0.471015798498216	0	0	0	0	0	1.5	1.5	1.5	1.5	1.5	1.5
419.867243945411	-0.0552101749593182	-3.47880954145957	-15.4043260040499	-0.441387186208604	0	0	0	0	0	1.5	1.5	1.5	1.5	1.5	1.5
419.957440990297	-0.0535680661628529	-3.48371523707212	-15.4893691623757	-0.411334701912617	0	0	0	0	0	1.5	1.5	1.5	1.5	1.5	1.5
420.047638035183	-0.0519273181173075	-3.48847292302773	-15.5742661295697	-0.380871666587095	0	0	0	0	0	1.5	1.5	1.5	1.5	1.5	1.5
420.137835080069	-0.050286570071762	-3.49308261835822	-15.6590194915584	-0.350011333934529	0	0	0	0	0	1.5	1.5	1.5	1.5	1.5	1.5
420.228032124956	-0.0486458220262156	-3.4975443230636	-15.7436320137528	-0.318766902464535	0	0	0	0	0	1.5	1.5	1.5	1.5	1.5	1.5
420.318229169842	-0.0470050739806712	-3.50185803714387	-15.8281066349941	-0.28715151607501	0	0	0	0	0	1.5	1.5	1.5	1.5	1.5	1.5
420.408426214728	-0.0453643259351247	-3.50602376059903	-15.9124464614762	-0.255178264595847	0	0	0	0	0	1.5	1.5	1.5	1.5	1.5	1.5
420.498623259614	-0.0437235778895803	-3.51004149342908	-15.9966547607019	-0.222860184458855	0	0	0	0	0	1.5	1.5	1.5	1.5	1.5	1.5
420.588820304501	-0.0420828298440338	-3.51391123563402	-16.0807349554745	-0.190210259488062	0	0	0	0	0	1.5	1.5	1.5	1.5	1.5	1.5
420.679017349387	-0.0404420817984874	-3.51763298721385	-16.1646906179234	-0.157241421807106	0	0	0	0	0	1.5	1.5	1.5	1.5	1.5	1.5
420.769214394273	-0.038801333752943	-3.52120674816856	-16.2485254635644	-0.123966552858106	0	0	0	0	0	1.5	1.5	1.5	1.5	1.5	1.5
420.859411439159	-0.0371605857073965	-3.52463251849817	-16.3322433453944	-0.090398484527878	0	0	0	0	0	1.5	1.5	1.5	1.5	1.5	1.5
420.949608484046	-0.035520660266769	-3.52791032057422	-16.4158482478658	-0.0565500000016668	0	0	0	0	0	1.5	1.5	1.5	1.5	1.5	1.5
421.039805528932	-0.0338812763287346	-3.53104024536937	-16.4993442789282	-0.022433829917112	0	0	0	0	0	1.5	1.5	1.5	1.5	1.5	1.5
421.130002573818	-0.0322418923907023	-3.53402230257787	-16.5827356646963	0.0119373448774296	0	0	0	0	0	1.5	1.5	1.5	1.5	1.5	1.5
421.220199618704	-0.0306025084526678	-3.53685649219973	-16.6660267453441	0.0465508876705855	0	0	0	0	0	1.5	1.5	1.5	1.5	1.5	1.5
421.31039666359	-0.0289631245146345	-3.53954281423495	-16.749221969412	0.0813942041872793	0	0	0	0	0	1.5	1.5	1.5	1.5	1.5	1.5
421.400593708477	-0.0273237405766011	-3.54208126868352	-16.8323258881025	0.116454740915213	0	0	0	0	0	1.5	1.5	1.5	1.5	1.5	1.5
421.490790753363	-0.0256843566385677	-3.54447185554544	-16.9153431496039	0.151719983354526	0	0	0	0	0	1.5	1.5	1.5	1.5	1.5	1.5
421.580987798249	-0.0240449727005333	-3.54671457482072	-16.998278493442	0.187177454195463	0	0	0	0	0	1.5	1.5	1.5	1.5	1.5	1.5
421.671184843135	-0.0224055887625009	-3.54880942650936	-17.0811367448581	0.222814711427995	0	0	0	0	0	1.5	1.5	1.5	1.5	1.5	1.5
421.761381888022	-0.0207662048244665	-3.55075641061135	-17.163922809213	0.258619346388063	0	0	0	0	0	1.5	1.5	1.5	1.5	1.5	1.5
421.851578932908	-0.0191268208864341	-3.55255552712669	-17.2466416664138	0.294578981743765	0	0	0	0	0	1.5	1.5	1.5	1.5	1.5	1.5
421.941775977794	-0.0174823549396876	-3.55420665774757	-17.3292983661008	0.330681267744726	0	0	0	0	0	1.5	1.5	1.5	1.5	1.5	1.5
422.03197302268	-0.0158331259126054	-3.55570913670849	-17.4118980371368	0.366913845906535	0	0	0	0	0	1.5	1.5	1.5	1.5	1.5	1.5
422.122170067567	-0.0141838968855252	-3.55706286008483	-17.4944458816346	0.403264348410775	0	0	0	0	0	1.5	1.5	1.5	1.5	1.5	1.5
422.212367112453	-0.012534667858443	-3.55826782787658	-17.5769471550447	0.439720428936856	0	0	0	0	0	1.5	1.5	1.5	1.5	1.5	1.5
422.302564157339	-0.0108854388313628	-3.55932404008375	-17.6594071600111	0.476269761770221	0	0	0	0	0	1.5	1.5	1.5	1.5	1.5	1.5
422.392761202225	-0.00923620980428058	-3.56023149670634	-17.7418312408481	0.512900039490419	0	0	0	0	0	1.5	1.5	1.5	1.5	1.5	1.5
422.482958247111	-0.00758698077720042	-3.56099019774434	-17.8242247780285	0.549598970627399	0	0	0	0	0	1.5	1.5	1.5	1.5	1.5	1.5
422.573155291998	-0.00593775175011819	-3.56160014319776	-17.9065931826857	0.58635427729158	0	0	0	0	0	1.5	1.5	1.5	1.5	1.5	1.5
422.663352336884	-0.00428852272303699	-3.5620613330666	-17.9889418911238	0.62315369278046	0	0	0	0	0	1.5	1.5	1.5	1.5	1.5	1.5
422.75354938177	-0.0026392936959558	-3.56237376735085	-18.0712763593382	0.659984959167034	0	0	0	0	0	1.5	1.5	1.5	1.5	1.5	1.5
422.843746426656	-0.000990064668874604	-3.56253744605053	-18.1536020575405	0.696835824873209	0	0	0	0	0	1.5	1.5	1.5	1.5	1.5	1.5
422.933943471543	0.000642841760359336	-3.56255268522812	-18.2359244630227	0.733694045956654	0	0	0	0	0	1.5	1.5	1.5	1.5	1.5	1.5
423.024140516429	0.00225405465808157	-3.56242203947998	-18.3182490015243	0.770547502441674	0	0	0	0	0	1.5	1.5	1.5	1.5	1.5	1.5
423.114337561315	0.00386526755580583	-3.56214606708978	-18.4005810307637	0.807384220749203	0	0	0	0	0	1.5	1.5	1.5	1.5	1.5	1.5
423.204534606201	0.00547648045353009	-3.56172476805752	-18.482925897247	0.844192232777642	0	0	0	0	0	1.5	1.5	1.5	1.5	1.5	1.5
423.294731651088	0.00708769335125232	-3.5611581423832	-18.565288934963	0.880959564833158	0	0	0	0	0	1.5	1.5	1.5	1.5	1.5	1.5
423.384928695974	0.00869890624897658	-3.56044619006683	-18.64767546016	0.917674235311197	0	0	0	0	0	1.5	1.5	1.5	1.5	1.5	1.5
423.47512574086	0.0103101191466988	-3.5595889111084	-18.7300907661159	0.954324252390419	0	0	0	0	0	1.5	1.5	1.5	1.5	1.5	1.5
423.565322785746	0.0119213320444231	-3.55858630550792	-18.8125401179027	0.990897611744031	0	0	0	0	0	1.5	1.5	1.5	1.5	1.5	1.5
423.655519830632	0.0135325449421453	-3.55743837326538	-18.8950287471403	1.02738229427089	0	0	0	0	0	1.5	1.5	1.5	1.5	1.5	1.5
423.745716875519	0.0151437578398696	-3.55614511438077	-18.9775618467406	1.06376626385166	0	0	0	0	0	1.5	1.5	1.5	1.5	1.5	1.5
423.835913920405	0.0167549707375918	-3.55470652885412	-19.0601445656384	1.10003746513243	0	0	0	0	0	1.5	1.5	1.5	1.5	1.5	1.5
423.926110965291	0.0184148951630407	-3.55312186422481	-19.1427820066106	1.13618381423945	0	0	0	0	0	1.5	1.5	1.5	1.5	1.5	1.5
424.016308010177	0.0201683219637746	-3.55138181814129	-19.2254793916298	1.17219280428642	0	0	0	0	0	1.5	1.5	1.5	1.5	1.5	1.5
424.106505055064	0.0219217487645107	-3.54948361814192	-19.3082421425808	1.20805129725754	0	0	0	0	0	1.5	1.5	1.5	1.5	1.5	1.5
424.19670209995	0.0236751755652457	-3.5474272642267	-19.3910756317133	1.24374607442811	0	0	0	0	0	1.5	1.5	1.5	1.5	1.5	1.5
424.286899144836	0.0254286023659818	-3.54521275639562	-19.4739851533206	1.27926388415831	0	0	0	0	0	1.5	1.5	1.5	1.5	1.5	1.5
424.377096189722	0.0271820291667168	-3.5428400946487	-19.556975917382	1.31459143954846	0	0	0	0	0	1.5	1.5	1.5	1.5	1.5	1.5
424.467293234609	0.0289354559674518	-3.54030927898593	-19.6400530431776	1.34971541616183	0	0	0	0	0	1.5	1.5	1.5	1.5	1.5	1.5
424.557490279495	0.0306888827681879	-3.5376203094073	-19.7232215528743	1.38462244981901	0	0	0	0	0	1.5	1.5	1.5	1.5	1.5	1.5
424.647687324381	0.0324423095689218	-3.53477318591282	-19.8064863650817	1.41929913446968	0	0	0	0	0	1.5	1.5	1.5	1.5	1.5	1.5
424.737884369267	0.0341957363696579	-3.5317679085025	-19.8898522883763	1.45373202014701	0	0	0	0	0	1.5	1.5	1.5	1.5	1.5	1.5
424.828081414154	0.0359491631703918	-3.52860447717632	-19.9733240147908	1.48790761100903	0	0	0	0	0	1.5	1.5	1.5	1.5	1.5	1.5
424.91827845904	0.037566880227569	-3.52528445674919	-20.0569061087658	1.5218123746268	0	0	0	0	0	1.5	1.5	1.5	1.5	1.5	1.5
425.008475503926	0.0387895186569505	-3.52184089598043	-20.1406024928129	1.55543400701107	0	0	0	0	0	1.5	1.5	1.5	1.5	1.5	1.5
425.098672548812	0.0400121570863336	-3.51828705683836	-20.22441599367	1.58876260460674	0	0	0	0	0	1.5	1.5	1.5	1.5	1.5	1.5
425.188869593698	0.0412347955157151	-3.51462293932301	-20.3083492278453	1.62178850360775	0	0	0	0	0	1.5	1.5	1.5	1.5	1.5	1.5
425.279066638585	0.0424574339450982	-3.51084854343435	-20.3924047101427	1.65450200454542	0	0	0	0	0	1.5	1.5	1.5	1.5	1.5	1.5
425.369263683471	0.0436800723744798	-3.50696386917241	-20.4765848503201	1.68689337183517	0	0	0	0	0	1.5	1.5	1.5	1.5	1.5	1.5
425.459460728357	0.0449027108038629	-3.50296891653716	-20.5608919497329	1.71895283338266	0	0	0	0	0	1.5	1.5	1.5	1.5	1.5	1.5
425.549657773243	0.046125349233246	-3.49886368552862	-20.6453281979569	1.75067058025003	0	0	0	0	0	1.5	1.5	1.5	1.5	1.5	1.5
425.63985481813	0.0473479876626283	-3.49464817614679	-20.7298956693967	1.78203676638526	0	0	0	0	0	1.5	1.5	1.5	1.5	1.5	1.5
425.730051863016	0.0485706260920106	-3.49032238839167	-20.8145963198749	1.81304150841596	0	0	0	0	0	1.5	1.5	1.5	1.5	1.5	1.5
425.820248907902	0.0497932645213929	-3.48588632226325	-20.8994319832046	1.84367488550954	0	0	0	0	0	1.5	1.5	1.5	1.5	1.5	1.5
425.910445952788	0.0513503903015004	-3.48133743000657	-20.9844043720589	1.87392692710516	0	0	0	0	0	1.5	1.5	1.5	1.5	1.5	1.5
426.000642997675	0.0545534795174082	-3.47656132195673	-21.0695164686893	1.90378362563957	0	0	0	0	0	1.5	1.5	1.5	1.5	1.5	1.5
426.090840042561	0.0577565687333202	-3.4714963047251	-21.1547744360199	1.93322116153027	0	0	0	0	0	1.5	1.5	1.5	1.5	1.5	1.5
426.181037087447	0.060959657949228	-3.4661423783117	-21.24018458907	1.96221414736936	0	0	0	0	0	1.5	1.5	1.5	1.5	1.5	1.5
426.271234132333	0.0641627471651399	-3.46049954271651	-21.3257528534072	1.99073707597625	0	0	0	0	0	1.5	1.5	1.5	1.5	1.5	1.5
426.361431177219	0.0673658363810478	-3.45456779793955	-21.4114847423891	2.01876431741196	0	0	0	0	0	1.5	1.5	1.5	1.5	1.5	1.5
426.451628222106	0.0705689255969597	-3.44834714398079	-21.4973853342492	2.04627011659575	0	0	0	0	0	1.5	1.5	1.5	1.5	1.5	1.5
426.541825266992	0.0737720148128676	-3.44183758084026	-21.5834592490256	2.07322859155726	0	0	0	0	0	1.5	1.5	1.5	1.5	1.5	1.5
426.632022311878	0.0769751040287795	-3.43503910851795	-21.669710625336	2.09961373235943	0	0	0	0	0	1.5	1.5	1.5	1.5	1.5	1.5
426.722219356764	0.0801781932446874	-3.42795172701385	-21.7561430969985	2.12539940072545	0	0	0	0	0	1.5	1.5	1.5	1.5	1.5	1.5
426.812416401651	0.0833812824605993	-3.42057543632797	-21.8427597695061	2.15055933040582	0	0	0	0	0	1.5	1.5	1.5	1.5	1.5	1.5
426.902613446537	0.085966080143897	-3.41291251582495	-21.9295631948551	2.17506713371614	0	0	0	0	0	1.5	1.5	1.5	1.5	1.5	1.5
426.992810491423	0.0816054552793569	-3.40535528717384	-22.0165519469195	2.19890880310862	0	0	0	0	0	1.5	1.5	1.5	1.5	1.5	1.5
427.083007536309	0.0772448304148113	-3.39819137399937	-22.1037138502977	2.22210955115791	0	0	0	0	0	1.5	1.5	1.5	1.5	1.5	1.5
427.173204581196	0.0728842055502684	-3.39142077630153	-22.1910353023205	2.24470246692418	0	0	0	0	0	1.5	1.5	1.5	1.5	1.5	1.5
427.263401626082	0.0685235806857228	-3.38504349408033	-22.2785034097269	2.26672085739324	0	0	0	0	0	1.5	1.5	1.5	1.5	1.5	1.5
427.353598670968	0.0641629558211827	-3.37905952733578	-22.3661059507755	2.28819822757787	0	0	0	0	0	1.5	1.5	1.5	1.5	1.5	1.5
427.443795715854	0.0598023309566371	-3.37346887606786	-22.4538313369191	2.30916826192657	0	0	0	0	0	1.5	1.5	1.5	1.5	1.5	1.5
427.53399276074	0.055441706092097	-3.36827154027659	-22.5416685740836	2.32966480696591	0	0	0	0	0	1.5	1.5	1.5	1.5	1.5	1.5
427.624189805627	0.0510810812275514	-3.36346751996195	-22.6296072235964	2.34972185510368	0	0	0	0	0	1.5	1.5	1.5	1.5	1.5	1.5
427.714386850513	0.0467204563630112	-3.35905681512395	-22.7176373627987	2.3693735295169	0	0	0	0	0	1.5	1.5	1.5	1.5	1.5	1.5
427.804583895399	0.0423598314984656	-3.35503942576259	-22.8057495453808	2.38865407004964	0	0	0	0	0	1.5	1.5	1.5	1.5	1.5	1.5
427.894780940285	0.0379992066339255	-3.35141535187787	-22.8939347614682	2.40759782004313	0	0	0	0	0	1.5	1.5	1.5	1.5	1.5	1.5
427.984977985172	0.0327042520642417	-3.34822656442674	-22.9821841386993	2.4262404440065	0	0	0	0	0	1.5	1.5	1.5	1.5	1.5	1.5
428.075175030058	0.0274056036209923	-3.34551569875106	-23.0704881347884	2.44462266901199	0	0	0	0	0	1.5	1.5	1.5	1.5	1.5	1.5
428.165372074944	0.0221069551777496	-3.34328275550686	-23.1588373088505	2.46278656082579	0	0	0	0	0	1.5	1.5	1.5	1.5	1.5	1.5
428.25556911983	0.0168083067345003	-3.34152773469413	-23.2472225327451	2.48077425141016	0	0	0	0	0	1.5	1.5	1.5	1.5	1.5	1.5
428.345766164717	0.0115096582912576	-3.34025063631287	-23.3356349308045	2.49862792518522	0	0	0	0	0	1.5	1.5	1.5	1.5	1.5	1.5
428.435963209603	0.00621100984800822	-3.33945146036309	-23.4240658194369	2.5163898058942	0	0	0	0	0	1.5	1.5	1.5	1.5	1.5	1.5
428.526160254489	0.000912361404762196	-3.33913020684478	-23.5125066466327	2.53410214392702	0	0	0	0	0	1.5	1.5	1.5	1.5	1.5	1.5
428.616357299375	-0.00438628703848383	-3.33928687575793	-23.6009489314079	2.5518072039586	0	0	0	0	0	1.5	1.5	1.5	1.5	1.5	1.5
428.706554344262	-0.00968493548172986	-3.33992146710256	-23.6893842032131	2.56954725275662	0	0	0	0	0	1.5	1.5	1.5	1.5	1.5	1.5
428.796751389148	-0.0149835839249792	-3.34103398087867	-23.7778039413368	2.58736454701434	0	0	0	0	0	1.5	1.5	1.5	1.5	1.5	1.5
428.886948434034	-0.0202822323682219	-3.34262441708624	-23.8661995143337	2.6053013210635	0	0	0	0	0	1.5	1.5	1.5	1.5	1.5	1.5
428.97714547892	-0.0173465565129721	-3.34435515211451	-23.9545639755441	2.62339073406183	0	0	0	0	0	1.5	1.5	1.5	1.5	1.5	1.5
429.067342523806	-0.0135881826478826	-3.34575026314282	-24.0429000315219	2.64161837240706	0	0	0	0	0	1.5	1.5	1.5	1.5	1.5	1.5
429.157539568693	-0.00982980878278829	-3.34680637995493	-24.1312136841697	2.65995426356975	0	0	0	0	0	1.5	1.5	1.5	1.5	1.5	1.5
429.247736613579	-0.006071434917694	-3.34752350255083	-24.2195110473575	2.67836844860106	0	0	0	0	0	1.5	1.5	1.5	1.5	1.5	1.5
429.337933658465	-0.00231306105260445	-3.34790163093052	-24.3077983145944	2.69683098504098	0	0	0	0	0	1.5	1.5	1.5	1.5	1.5	1.5
429.428130703351	0.00144531281248985	-3.34794076509401	-24.3960817285679	2.71531194067272	0	0	0	0	0	1.5	1.5	1.5	1.5	1.5	1.5
429.518327748238	0.0052036866775794	-3.34764090504128	-24.4843675506978	2.73378138719361	0	0	0	0	0	1.5	1.5	1.5	1.5	1.5	1.5
429.608524793124	0.00896206054267369	-3.34700205077234	-24.5726620306993	2.75220939385453	0	0	0	0	0	1.5	1.5	1.5	1.5	1.5	1.5
429.69872183801	0.0127204344077632	-3.3460242022872	-24.6609713761397	2.77056602111882	0	0	0	0	0	1.5	1.5	1.5	1.5	1.5	1.5
429.788918882896	0.0164788082728575	-3.34470735958584	-24.7493017219828	2.78882131439302	0	0	0	0	0	1.5	1.5	1.5	1.5	1.5	1.5
429.879115927783	0.0202371821379495	-3.34305152266828	-24.837659100105	2.80694529788034	0	0	0	0	0	1.5	1.5	1.5	1.5	1.5	1.5
429.969312972669	0.0188531421071539	-3.34124741004163	-24.926048472163	2.82491259015147	0	0	0	0	0	1.5	1.5	1.5	1.5	1.5	1.5
430.059510017555	0.0163582985085121	-3.33965942609677	-25.0144682631405	2.84272959774336	0	0	0	0	0	1.5	1.5	1.5	1.5	1.5	1.5
430.149707062441	0.0138634549098688	-3.33829646967196	-25.1029142487737	2.86041612571272	0	0	0	0	0	1.5	1.5	1.5	1.5	1.5	1.5
430.239904107327	0.0113686113112287	-3.3371585407672	-25.1913822833172	2.87799204366168	0	0	0	0	0	1.5	1.5	1.5	1.5	1.5	1.5
430.330101152214	0.0088737677125854	-3.33624563938249	-25.2798682956607	2.89547723626001	0	0	0	0	0	1.5	1.5	1.5	1.5	1.5	1.5
430.4202981971	0.00637892411394211	-3.33555776551784	-25.3683682759197	2.91289160041737	0	0	0	0	0	1.5	1.5	1.5	1.5	1.5	1.5
430.510495241986	0.00388408051530197	-3.33509491917323	-25.4568782620149	2.93025504252453	0	0	0	0	0	1.5	1.5	1.5	1.5	1.5	1.5
430.600692286872	0.00138923691665867	-3.33485710034868	-25.5453943262397	2.94758747574851	0	0	0	0	0	1.5	1.5	1.5	1.5	1.5	1.5
430.690889331759	-0.00110560668198147	-3.33484430904417	-25.6339125618191	2.96490881736598	0	0	0	0	0	1.5	1.5	1.5	1.5	1.5	1.5
430.781086376645	-0.00360045028062476	-3.33505654525972	-25.7224290694662	2.98223898612074	0	0	0	0	0	1.5	1.5	1.5	1.5	1.5	1.5
430.871283421531	-0.00609529387926491	-3.33549380899532	-25.8109399439348	2.9995978995891	0	0	0	0	0	1.5	1.5	1.5	1.5	1.5	1.5
430.961480466417	-0.00598306558832592	-3.3360696153635	-25.8994416300594	3.01700359491369	0	0	0	0	0	1.5	1.5	1.5	1.5	1.5	1.5
431.051677511304	-0.00493362854601733	-3.33656194213892	-25.987933927778	3.0344569609577	0	0	0	0	0	1.5	1.5	1.5	1.5	1.5	1.5
431.14187455619	-0.00388419150370742	-3.33695961279433	-26.0764184503202	3.05194970429254	0	0	0	0	0	1.5	1.5	1.5	1.5	1.5	1.5
431.232071601076	-0.00283475446139817	-3.33726262732974	-26.1648968392236	3.06947344649893	0	0	0	0	0	1.5	1.5	1.5	1.5	1.5	1.5
431.322268645962	-0.00178531741908892	-3.33747098574513	-26.2533707448294	3.08701981089504	0	0	0	0	0	1.5	1.5	1.5	1.5	1.5	1.5
431.412465690848	-0.000735880376779664	-3.33758468804051	-26.3418418239033	3.10458042207036	0	0	0	0	0	1.5	1.5	1.5	1.5	1.5	1.5
431.502662735735	0.000313556665530249	-3.33760373421588	-26.4303117372565	3.12214690541645	0	0	0	0	0	1.5	1.5	1.5	1.5	1.5	1.5
431.592859780621	0.00136299370783884	-3.33752812427124	-26.5187821473677	3.13971088665567	0	0	0	0	0	1.5	1.5	1.5	1.5	1.5	1.5
431.683056825507	0.00241243075014875	-3.33735785820659	-26.6072547160055	3.15726399136952	0	0	0	0	0	1.5	1.5	1.5	1.5	1.5	1.5
431.773253870393	0.00346186779245866	-3.33709293602192	-26.6957311018494	3.17479784452673	0	0	0	0	0	1.5	1.5	1.5	1.5	1.5	1.5
431.86345091528	0.00451130483476725	-3.33673335771725	-26.7842129581118	3.19230407001336	0	0	0	0	0	1.5	1.5	1.5	1.5	1.5	1.5
431.953647960166	0.00534634880335402	-3.33628539576541	-26.8727019064818	3.20977441019402	0	0	0	0	0	1.5	1.5	1.5	1.5	1.5	1.5
432.043845005052	0.00606530596490976	-3.33577074699673	-26.9611992652082	3.22720209578384	0	0	0	0	0	1.5	1.5	1.5	1.5	1.5	1.5
432.134042049938	0.0067842631264664	-3.33519125041668	-27.0497061446402	3.24458136423005	0	0	0	0	0	1.5	1.5	1.5	1.5	1.5	1.5
432.224239094825	0.00750322028802214	-3.33454690602526	-27.1382236419384	3.26190647019589	0	0	0	0	0	1.5	1.5	1.5	1.5	1.5	1.5
432.314436139711	0.00822217744957879	-3.33383771382246	-27.2267528437234	3.27917166629966	0	0	0	0	0	1.5	1.5	1.5	1.5	1.5	1.5
432.404633184597	0.00894113461113452	-3.33306367380829	-27.3152948249545	3.29637120291051	0	0	0	0	0	1.5	1.5	1.5	1.5	1.5	1.5
432.494830229483	0.00966009177269117	-3.33222478598275	-27.4038506478109	3.31349932794809	0	0	0	0	0	1.5	1.5	1.5	1.5	1.5	1.5
432.58502727437	0.0103790489342474	-3.33132105034584	-27.4924213605694	3.33055028668608	0	0	0	0	0	1.5	1.5	1.5	1.5	1.5	1.5
432.675224319256	0.0110980060958036	-3.33035246689755	-27.5810079964838	3.34751832156073	0	0	0	0	0	1.5	1.5	1.5	1.5	1.5	1.5
432.765421364142	0.0118169632573597	-3.3293190356379	-27.6696115726611	3.36439767198375	0	0	0	0	0	1.5	1.5	1.5	1.5	1.5	1.5
432.855618409028	0.0125359204189164	-3.32822075656687	-27.7582330889385	3.38118257416079	0	0	0	0	0	1.5	1.5	1.5	1.5	1.5	1.5
432.945815453914	0.0111939729645806	-3.32710985518025	-27.8468733639008	3.39786812805409	0	0	0	0	0	1.5	1.5	1.5	1.5	1.5	1.5
433.036012498801	0.00824521559580858	-3.32623317649868	-27.9355303653297	3.41446458797783	0	0	0	0	0	1.5	1.5	1.5	1.5	1.5	1.5
433.126209543687	0.0052964582270347	-3.32562246701786	-28.0241996863907	3.43099510990334	0	0	0	0	0	1.5	1.5	1.5	1.5	1.5	1.5
433.216406588573	0.00234770085826453	-3.3252777267378	-28.1128768953139	3.44748327057792	0	0	0	0	0	1.5	1.5	1.5	1.5	1.5	1.5
433.306603633459	-0.000601056510509351	-3.32519895565848	-28.2015575941268	3.46395265305765	0	0	0	0	0	1.5	1.5	1.5	1.5	1.5	1.5
433.396800678346	-0.00354981387927952	-3.32538615377991	-28.2902373998395	3.48042684318628	0	0	0	0	0	1.5	1.5	1.5	1.5	1.5	1.5
433.486997723232	-0.0064985712480534	-3.32583932110209	-28.3789119256265	3.49692942609446	0	0	0	0	0	1.5	1.5	1.5	1.5	1.5	1.5
433.577194768118	-0.00944732861682357	-3.32655845762502	-28.4675767620082	3.5134839826934	0	0	0	0	0	1.5	1.5	1.5	1.5	1.5	1.5
433.667391813004	-0.0123960859855974	-3.32754356334871	-28.5562274580399	3.53011408613887	0	0	0	0	0	1.5	1.5	1.5	1.5	1.5	1.5
433.75758885789	-0.0153448433543676	-3.32879463827314	-28.6448595025089	3.54684329823968	0	0	0	0	0	1.5	1.5	1.5	1.5	1.5	1.5
433.847785902777	-0.0182936007231415	-3.33031168239832	-28.7334683051491	3.5636951657863	0	0	0	0	0	1.5	1.5	1.5	1.5	1.5	1.5
433.937982947663	-0.0177596718979069	-3.33202008081502	-28.8220493794128	3.58069217027796	0	0	0	0	0	1.5	1.5	1.5	1.5	1.5	1.5
434.028179992549	-0.0133773926794145	-3.33342431642067	-28.9106033900056	3.59782963728796	0	0	0	0	0	1.5	1.5	1.5	1.5	1.5	1.5
434.118377037435	-0.00899511346092211	-3.33443328339095	-28.9991366615702	3.61507394186547	0	0	0	0	0	1.5	1.5	1.5	1.5	1.5	1.5
434.208574082322	-0.00461283424243249	-3.33504698172585	-29.0876559154955	3.63239007115627	0	0	0	0	0	1.5	1.5	1.5	1.5	1.5	1.5
434.298771127208	-0.000230555023942872	-3.33526541142538	-29.1761679583539	3.6497430288614	0	0	0	0	0	1.5	1.5	1.5	1.5	1.5	1.5
434.388968172094	0.00415172419454674	-3.33508857248954	-29.2646796403925	3.6670978272164	0	0	0	0	0	1.5	1.5	1.5	1.5	1.5	1.5
434.47916521698	0.00853400341303912	-3.33451646491832	-29.3531978140409	3.68441947888415	0	0	0	0	0	1.5	1.5	1.5	1.5	1.5	1.5
434.569362261867	0.012916282631526	-3.33354908871173	-29.4417292924205	3.70167298884344	0	0	0	0	0	1.5	1.5	1.5	1.5	1.5	1.5
434.659559306753	0.0172985618500184	-3.33218644386976	-29.5302808078385	3.7188233463553	0	0	0	0	0	1.5	1.5	1.5	1.5	1.5	1.5
434.749756351639	0.0216808410685052	-3.33042853039242	-29.6188589702506	3.73583551708884	0	0	0	0	0	1.5	1.5	1.5	1.5	1.5	1.5
434.839953396525	0.0260631202869976	-3.32827534827971	-29.7074702256779	3.75267443548934	0	0	0	0	0	1.5	1.5	1.5	1.5	1.5	1.5
434.930150441412	0.0275003140639329	-3.32577846345615	-29.796120704189	3.76930558918077	0	0	0	0	0	1.5	1.5	1.5	1.5	1.5	1.5
435.020347486298	0.0242968995833788	-3.32344248565399	-29.8848117373718	3.78571911527286	0	0	0	0	0	1.5	1.5	1.5	1.5	1.5	1.5
435.110544531184	0.0210934851028288	-3.32139544637152	-29.9735385326116	3.80193823580487	0	0	0	0	0	1.5	1.5	1.5	1.5	1.5	1.5
435.20074157607	0.0178900706222747	-3.31963734560874	-30.062296029326	3.81798851887847	0	0	0	0	0	1.5	1.5	1.5	1.5	1.5	1.5
435.290938620957	0.0146866561417206	-3.31816818336565	-30.1510793131675	3.83389555984357	0	0	0	0	0	1.5	1.5	1.5	1.5	1.5	1.5
435.381135665843	0.0114832416611706	-3.31698795964225	-30.2398835938818	3.84968497679663	0	0	0	0	0	1.5	1.5	1.5	1.5	1.5	1.5
435.471332710729	0.00827982718061654	-3.31609667443854	-30.3287041831335	3.86538240625818	0	0	0	0	0	1.5	1.5	1.5	1.5	1.5	1.5
435.561529755615	0.00507641270006651	-3.31549432775453	-30.4175364723028	3.88101349899728	0	0	0	0	0	1.5	1.5	1.5	1.5	1.5	1.5
435.651726800501	0.00187299821951244	-3.3151809195902	-30.5063759102639	3.89660391597142	0	0	0	0	0	1.5	1.5	1.5	1.5	1.5	1.5
435.741923845388	-0.0013304162610396	-3.31515644994557	-30.5952179811466	3.91217932434919	0	0	0	0	0	1.5	1.5	1.5	1.5	1.5	1.5
435.832120890274	-0.00453383074159367	-3.31542091882063	-30.68405818209	3.92776539358408	0	0	0	0	0	1.5	1.5	1.5	1.5	1.5	1.5
435.92231793516	-0.00667364790307237	-3.31595986552614	-30.772892023726	3.94338766242165	0	0	0	0	0	1.5	1.5	1.5	1.5	1.5	1.5
436.012514980046	-0.00634906878967152	-3.31654717080718	-30.8617167287284	3.95906179568587	0	0	0	0	0	1.5	1.5	1.5	1.5	1.5	1.5
436.102712024933	-0.00602448967627108	-3.31710520001135	-30.9505324432278	3.974786793398	0	0	0	0	0	1.5	1.5	1.5	1.5	1.5	1.5
436.192909069819	-0.00569991056287022	-3.31763395313867	-31.039339599908	3.99056005048173	0	0	0	0	0	1.5	1.5	1.5	1.5	1.5	1.5
436.283106114705	-0.00537533144946978	-3.31813343018913	-31.128138635694	4.00637896259799	0	0	0	0	0	1.5	1.5	1.5	1.5	1.5	1.5
436.373303159591	-0.00505075233606893	-3.31860363116272	-31.2169299915227	4.02224092610884	0	0	0	0	0	1.5	1.5	1.5	1.5	1.5	1.5
436.463500204477	-0.00472617322266848	-3.31904455605946	-31.3057141121138	4.03814333804064	0	0	0	0	0	1.5	1.5	1.5	1.5	1.5	1.5
436.553697249364	-0.00440159410926763	-3.31945620487933	-31.3944914457413	4.05408359604685	0	0	0	0	0	1.5	1.5	1.5	1.5	1.5	1.5
436.64389429425	-0.00407701499586678	-3.31983857762235	-31.4832624440043	4.07005909836995	0	0	0	0	0	1.5	1.5	1.5	1.5	1.5	1.5
436.734091339136	-0.00375243588246634	-3.3201916742885	-31.5720275615982	4.08606724380332	0	0	0	0	0	1.5	1.5	1.5	1.5	1.5	1.5
436.824288384022	-0.00342785676906548	-3.32051549487779	-31.6607872560863	4.10210543165237	0	0	0	0	0	1.5	1.5	1.5	1.5	1.5	1.5
436.914485428909	-0.00273077691336535	-3.32080643358559	-31.7495419918188	4.11817103879844	0	0	0	0	0	1.5	1.5	1.5	1.5	1.5	1.5
437.004682473795	-0.000670738610286289	-3.32095983690977	-31.838292971298	4.13425738491415	0	0	0	0	0	1.5	1.5	1.5	1.5	1.5	1.5
437.094879518681	0.00138929969279147	-3.32092743086667	-31.9270429774958	4.15034910032908	0	0	0	0	0	1.5	1.5	1.5	1.5	1.5	1.5
437.185076563567	0.00344933799587053	-3.32070921545627	-32.0157949992892	4.16642969425874	0	0	0	0	0	1.5	1.5	1.5	1.5	1.5	1.5
437.275273608454	0.005509376298947	-3.32030519067859	-32.1045520193553	4.18248267479584	0	0	0	0	0	1.5	1.5	1.5	1.5	1.5	1.5
437.36547065334	0.00756941460202606	-3.31971535653361	-32.1933170049784	4.19849154725139	0	0	0	0	0	1.5	1.5	1.5	1.5	1.5	1.5
437.455667698226	0.00962945290510252	-3.31893971302134	-32.2820928988527	4.21443981250963	0	0	0	0	0	1.5	1.5	1.5	1.5	1.5	1.5
437.545864743112	0.0116894912081816	-3.31797826014179	-32.3708826098831	4.23031096540616	0	0	0	0	0	1.5	1.5	1.5	1.5	1.5	1.5
437.636061787998	0.013749529511258	-3.31683099789494	-32.4596890039781	4.24608849313733	0	0	0	0	0	1.5	1.5	1.5	1.5	1.5	1.5
437.726258832885	0.0158095678143371	-3.3154979262808	-32.548514894838	4.26175587370972	0	0	0	0	0	1.5	1.5	1.5	1.5	1.5	1.5
437.816455877771	0.0178696061174162	-3.31397904529938	-32.6373630347322	4.27729657443782	0	0	0	0	0	1.5	1.5	1.5	1.5	1.5	1.5
437.906652922657	0.0191729157088024	-3.31227871796473	-32.7262361024194	4.29269406702565	0	0	0	0	0	1.5	1.5	1.5	1.5	1.5	1.5
437.996849967543	0.0153138479222961	-3.31072341588112	-32.815134766485	4.30794309296951	0	0	0	0	0	1.5	1.5	1.5	1.5	1.5	1.5
438.08704701243	0.0114547801357948	-3.30951619030788	-32.90405441223	4.32306931250267	0	0	0	0	0	1.5	1.5	1.5	1.5	1.5	1.5
438.177244057316	0.00759571234928856	-3.30865704124498	-32.992989641396	4.33810365377905	0	0	0	0	0	1.5	1.5	1.5	1.5	1.5	1.5
438.267441102202	0.00373664456278719	-3.30814596869245	-33.0819351516462	4.35307706134267	0	0	0	0	0	1.5	1.5	1.5	1.5	1.5	1.5
438.357638147088	-0.000122423223719033	-3.30798297265028	-33.1708857042663	4.36802049051501	0	0	0	0	0	1.5	1.5	1.5	1.5	1.5	1.5
438.447835191975	-0.00398149101022283	-3.30816805311846	-33.2598360918438	4.38296490189258	0	0	0	0	0	1.5	1.5	1.5	1.5	1.5	1.5
438.538032236861	-0.00784055879672662	-3.308701210097	-33.3487811059412	4.39794125589943	0	0	0	0	0	1.5	1.5	1.5	1.5	1.5	1.5
438.628229281747	-0.0116996265832304	-3.3095824435859	-33.4377155047672	4.41298050733751	0	0	0	0	0	1.5	1.5	1.5	1.5	1.5	1.5
438.718426326633	-0.0155586943697366	-3.31081175358516	-33.5266339808587	4.42811359987925	0	0	0	0	0	1.5	1.5	1.5	1.5	1.5	1.5
438.80862337152	-0.019417762156238	-3.31238914009478	-33.615531128782	4.44337146044564	0	0	0	0	0	1.5	1.5	1.5	1.5	1.5	1.5
438.898820416406	-0.0229652222541122	-3.31431402682584	-33.7044014129861	4.45878499271413	0	0	0	0	0	1.5	1.5	1.5	1.5	1.5	1.5
438.989017461292	-0.0192256062421881	-3.31621677085167	-33.7932411502918	4.47437362722388	0	0	0	0	0	1.5	1.5	1.5	1.5	1.5	1.5
439.079214506178	-0.0154859902302687	-3.31778221256422	-33.882053726226	4.49011629534054	0	0	0	0	0	1.5	1.5	1.5	1.5	1.5	1.5
439.169411551065	-0.0117463742183446	-3.31901035196348	-33.9708442298057	4.50598300124995	0	0	0	0	0	1.5	1.5	1.5	1.5	1.5	1.5
439.259608595951	-0.00800675820642524	-3.31990118904946	-34.0596178756094	4.52194377120632	0	0	0	0	0	1.5	1.5	1.5	1.5	1.5	1.5
439.349805640837	-0.00426714219450115	-3.32045472382216	-34.1483799734226	4.53796864839813	0	0	0	0	0	1.5	1.5	1.5	1.5	1.5	1.5
439.440002685723	-0.00052752618258177	-3.32067095628157	-34.2371358979089	4.55402768765304	0	0	0	0	0	1.5	1.5	1.5	1.5	1.5	1.5
439.530199730609	0.00321208982934232	-3.3205498864277	-34.3258910583036	4.57009095003379	0	0	0	0	0	1.5	1.5	1.5	1.5	1.5	1.5
439.620396775496	0.0069517058412617	-3.32009151426054	-34.4146508681149	4.58612849737536	0	0	0	0	0	1.5	1.5	1.5	1.5	1.5	1.5
439.710593820382	0.0106913218531858	-3.3192958397801	-34.503420714829	4.60211038681533	0	0	0	0	0	1.5	1.5	1.5	1.5	1.5	1.5
439.800790865268	0.0144309378651075	-3.31816286298637	-34.5922059296052	4.61800666536775	0	0	0	0	0	1.5	1.5	1.5	1.5	1.5	1.5
439.890987910154	0.0181705538770293	-3.31669258387936	-34.6810117569553	4.63378736459232	0	0	0	0	0	1.5	1.5	1.5	1.5	1.5	1.5
439.981184955041	0.0160569748017727	-3.31513688979671	-34.7698420745727	4.64942961301693	0	0	0	0	0	1.5	1.5	1.5	1.5	1.5	1.5
440.071381999927	0.0136626161743285	-3.31379658015607	-34.8586949557356	4.66494319406177	0	0	0	0	0	1.5	1.5	1.5	1.5	1.5	1.5
440.161579044813	0.0112682575468872	-3.31267223458803	-34.9475668892114	4.68034726783807	0	0	0	0	0	1.5	1.5	1.5	1.5	1.5	1.5
440.251776089699	0.00887389891944297	-3.31176385309258	-35.0364544345472	4.69566100776172	0	0	0	0	0	1.5	1.5	1.5	1.5	1.5	1.5
440.341973134586	0.00647954029199871	-3.31107143566973	-35.1253542097989	4.71090359746404	0	0	0	0	0	1.5	1.5	1.5	1.5	1.5	1.5
440.432170179472	0.00408518166455748	-3.31059498231946	-35.2142628791115	4.7260942285514	0	0	0	0	0	1.5	1.5	1.5	1.5	1.5	1.5
440.522367224358	0.00169082303711322	-3.31033449304179	-35.3031771402899	4.74125209841461	0	0	0	0	0	1.5	1.5	1.5	1.5	1.5	1.5
440.612564269244	-0.000703535590328017	-3.31028996783672	-35.3920937123631	4.75639640807446	0	0	0	0	0	1.5	1.5	1.5	1.5	1.5	1.5
440.70276131413	-0.00309789421777227	-3.31046140670423	-35.481009323146	4.77154636005044	0	0	0	0	0	1.5	1.5	1.5	1.5	1.5	1.5
440.792958359017	-0.00549225284521351	-3.31084880964434	-35.5699206967973	4.78672115623866	0	0	0	0	0	1.5	1.5	1.5	1.5	1.5	1.5
440.883155403903	-0.00788661147265777	-3.31145217665705	-35.6588245413807	4.80193999578616	0	0	0	0	0	1.5	1.5	1.5	1.5	1.5	1.5
440.973352448789	-0.00640517129503174	-3.31211988506096	-35.7477182071501	4.81721817588859	0	0	0	0	0	1.5	1.5	1.5	1.5	1.5	1.5
441.063549493675	-0.00433145353129536	-3.31260409097666	-35.8366030346541	4.83254769598703	0	0	0	0	0	1.5	1.5	1.5	1.5	1.5	1.5
441.153746538562	-0.0022577357675603	-3.31290125367813	-35.9254818669131	4.84791194091559	0	0	0	0	0	1.5	1.5	1.5	1.5	1.5	1.5
441.243943583448	-0.000184018003825229	-3.31301137316539	-36.0143575688197	4.86329428495695	0	0	0	0	0	1.5	1.5	1.5	1.5	1.5	1.5
441.334140628334	0.00188969975990984	-3.31293444943844	-36.1032330154227	4.87867810414842	0	0	0	0	0	1.5	1.5	1.5	1.5	1.5	1.5
441.42433767322	0.00396341752364621	-3.31267048249726	-36.1921110825988	4.89404677467051	0	0	0	0	0	1.5	1.5	1.5	1.5	1.5	1.5
441.514534718107	0.00603713528738128	-3.31221947234187	-36.280994637724	4.90938367123454	0	0	0	0	0	1.5	1.5	1.5	1.5	1.5	1.5
441.604731762993	0.00811085305111634	-3.31158141897226	-36.369886530344	4.92467216547847	0	0	0	0	0	1.5	1.5	1.5	1.5	1.5	1.5
441.694928807879	0.0101845708148527	-3.31075632238843	-36.4587895828415	4.93989562437913	0	0	0	0	0	1.5	1.5	1.5	1.5	1.5	1.5
441.785125852765	0.0122582885785865	-3.30974418259039	-36.5477065810993	4.95503740868998	0	0	0	0	0	1.5	1.5	1.5	1.5	1.5	1.5
441.875322897651	0.0143320063423229	-3.30854499957813	-36.6366402651576	4.97008087141308	0	0	0	0	0	1.5	1.5	1.5	1.5	1.5	1.5
441.965519942538	0.0123955362908464	-3.30730002907046	-36.7255927721081	4.98501262785634	0	0	0	0	0	1.5	1.5	1.5	1.5	1.5	1.5
442.055716987424	0.00933490134050741	-3.30632001844125	-36.8145619080021	4.99984499491292	0	0	0	0	0	1.5	1.5	1.5	1.5	1.5	1.5
442.14591403231	0.00627426639017225	-3.30561606804003	-36.9035435026457	5.01460244672777	0	0	0	0	0	1.5	1.5	1.5	1.5	1.5	1.5
442.236111077196	0.00321363143983323	-3.3051881778668	-36.9925334357399	5.02930953988404	0	0	0	0	0	1.5	1.5	1.5	1.5	1.5	1.5
442.326308122083	0.000152996489498066	-3.30503634792157	-37.0815276286879	5.04399083789345	0	0	0	0	0	1.5	1.5	1.5	1.5	1.5	1.5
442.416505166969	-0.00290763846084095	-3.30516057820434	-37.1705220242553	5.0586709078013	0	0	0	0	0	1.5	1.5	1.5	1.5	1.5	1.5
442.506702211855	-0.00596827341117611	-3.30556086871511	-37.2595125662241	5.07337431682079	0	0	0	0	0	1.5	1.5	1.5	1.5	1.5	1.5
442.596899256741	-0.00902890836151514	-3.30623721945386	-37.3484951790489	5.088125628969	0	0	0	0	0	1.5	1.5	1.5	1.5	1.5	1.5
442.687096301628	-0.0120895433118542	-3.30718963042062	-37.4374657475147	5.10294940167592	0	0	0	0	0	1.5	1.5	1.5	1.5	1.5	1.5
442.777293346514	-0.0151501782621912	-3.30841810161537	-37.5264200964057	5.11787018233893	0	0	0	0	0	1.5	1.5	1.5	1.5	1.5	1.5
442.8674903914	-0.0182108132125283	-3.30992263303812	-37.6153539701876	5.13291250479441	0	0	0	0	0	1.5	1.5	1.5	1.5	1.5	1.5
442.957687436286	-0.0174192058656068	-3.31158256136555	-37.7042634383681	5.14809840221108	0	0	0	0	0	1.5	1.5	1.5	1.5	1.5	1.5
443.047884481173	-0.0149334020609318	-3.31304161618022	-37.7931489762075	5.16342376111001	0	0	0	0	0	1.5	1.5	1.5	1.5	1.5	1.5
443.138081526059	-0.0124475982562599	-3.31427645883754	-37.8820137931855	5.17886883072206	0	0	0	0	0	1.5	1.5	1.5	1.5	1.5	1.5
443.228278570945	-0.00996179445158489	-3.31528708933751	-37.9708612152778	5.19441366268529	0	0	0	0	0	1.5	1.5	1.5	1.5	1.5	1.5
443.318475615831	-0.00747599064691301	-3.31607350768013	-38.0596946355867	5.21003832020355	0	0	0	0	0	1.5	1.5	1.5	1.5	1.5	1.5
443.408672660717	-0.004990186842238	-3.31663571386541	-38.1485175009213	5.2257228758274	0	0	0	0	0	1.5	1.5	1.5	1.5	1.5	1.5
443.498869705604	-0.00250438303756612	-3.31697370789333	-38.2373332983854	5.24144740917451	0	0	0	0	0	1.5	1.5	1.5	1.5	1.5	1.5
443.58906675049	-1.85792328911034e-05	-3.31708748976391	-38.326145541976	5.25719200460509	0	0	0	0	0	1.5	1.5	1.5	1.5	1.5	1.5
443.679263795376	0.00246722457178078	-3.31697705947714	-38.4149577591845	5.27293674886697	0	0	0	0	0	1.5	1.5	1.5	1.5	1.5	1.5
443.769460840262	0.00495302837645579	-3.31664241703302	-38.5037734776029	5.28866172872576	0	0	0	0	0	1.5	1.5	1.5	1.5	1.5	1.5
443.859657885149	0.0074388321811308	-3.31608356243155	-38.592596211528	5.30434702859471	0	0	0	0	0	1.5	1.5	1.5	1.5	1.5	1.5
443.949854930035	0.00831812981300199	-3.31534452382971	-38.6814293094158	5.31997352048166	0	0	0	0	0	1.5	1.5	1.5	1.5	1.5	1.5
444.040051974921	0.00816032837566615	-3.31460136971326	-38.7702740690796	5.33553357228341	0	0	0	0	0	1.5	1.5	1.5	1.5	1.5	1.5
444.130249019807	0.00800252693833042	-3.31387244882014	-38.8591302575357	5.35102822681452	0	0	0	0	0	1.5	1.5	1.5	1.5	1.5	1.5
444.220446064693	0.00784472550099468	-3.31315776115034	-38.9479976070278	5.36645874055078	0	0	0	0	0	1.5	1.5	1.5	1.5	1.5	1.5
444.31064310958	0.00768692406365895	-3.31245730670387	-39.0368758525325	5.38182637047798	0	0	0	0	0	1.5	1.5	1.5	1.5	1.5	1.5
444.400840154466	0.00752912262632312	-3.31177108548073	-39.1257647317062	5.39713237407867	0	0	0	0	0	1.5	1.5	1.5	1.5	1.5	1.5
444.491037199352	0.00737132118898748	-3.31109909748091	-39.2146639848311	5.41237800931907	0	0	0	0	0	1.5	1.5	1.5	1.5	1.5	1.5
444.581234244238	0.00721351975165165	-3.31044134270442	-39.303573354763	5.42756453463629	0	0	0	0	0	1.5	1.5	1.5	1.5	1.5	1.5
444.671431289125	0.00705571831431601	-3.30979782115126	-39.3924925868767	5.44269320892551	0	0	0	0	0	1.5	1.5	1.5	1.5	1.5	1.5
444.761628334011	0.00689791687698018	-3.30916853282142	-39.4814214290134	5.45776529152758	0	0	0	0	0	1.5	1.5	1.5	1.5	1.5	1.5
444.851825378897	0.00674011543964455	-3.30855347771491	-39.5703596314265	5.4727820422166	0	0	0	0	0	1.5	1.5	1.5	1.5	1.5	1.5
444.942022423783	0.00591318533354821	-3.30796837476898	-39.6593069059437	5.48774496396165	0	0	0	0	0	1.5	1.5	1.5	1.5	1.5	1.5
445.032219468669	0.00447081202449421	-3.30750007183108	-39.7482621171063	5.50266063237897	0	0	0	0	0	1.5	1.5	1.5	1.5	1.5	1.5
445.122416513556	0.00302843871543839	-3.30716186670328	-39.8372233362286	5.51754042810195	0	0	0	0	0	1.5	1.5	1.5	1.5	1.5	1.5
445.212613558442	0.00158606540638257	-3.30695375938558	-39.9261886168042	5.5323959230035	0	0	0	0	0	1.5	1.5	1.5	1.5	1.5	1.5
445.302810603328	0.000143692097328571	-3.30687574987798	-40.0151560218108	5.54723869054428	0	0	0	0	0	1.5	1.5	1.5	1.5	1.5	1.5
445.393007648215	-0.00129868121172725	-3.30692783818047	-40.1041236191937	5.56208030501473	0	0	0	0	0	1.5	1.5	1.5	1.5	1.5	1.5
445.483204693101	-0.00274105452078125	-3.30711002429307	-40.193089477348	5.57693234078037	0	0	0	0	0	1.5	1.5	1.5	1.5	1.5	1.5
445.573401737987	-0.00418342782983707	-3.30742230821577	-40.2820516606016	5.59180637152754	0	0	0	0	0	1.5	1.5	1.5	1.5	1.5	1.5
445.663598782873	-0.00562580113889198	-3.30786468994856	-40.371008224698	5.60671396950621	0	0	0	0	0	1.5	1.5	1.5	1.5	1.5	1.5
445.753795827759	-0.0070681744479478	-3.30843716949146	-40.459957212281	5.62166670476749	0	0	0	0	0	1.5	1.5	1.5	1.5	1.5	1.5
445.843992872646	-0.0085105477570018	-3.30913974684445	-40.5488966483794	5.63667614439245	0	0	0	0	0	1.5	1.5	1.5	1.5	1.5	1.5
445.934189917532	-0.00883276946958723	-3.3099504946816	-40.6378245838218	5.65175356959535	0	0	0	0	0	1.5	1.5	1.5	1.5	1.5	1.5
446.024386962418	-0.00769448601692424	-3.31069584948408	-40.726740585956	5.666901212775	0	0	0	0	0	1.5	1.5	1.5	1.5	1.5	1.5
446.114584007304	-0.00655620256425982	-3.31133853448289	-40.8156460544395	5.68211056186695	0	0	0	0	0	1.5	1.5	1.5	1.5	1.5	1.5
446.204781052191	-0.00541791911159682	-3.31187854967803	-40.9045425137783	5.69737248263113	0	0	0	0	0	1.5	1.5	1.5	1.5	1.5	1.5
446.294978097077	-0.0042796356589324	-3.31231589506949	-40.9934315046745	5.71267784358307	0	0	0	0	0	1.5	1.5	1.5	1.5	1.5	1.5
446.385175141963	-0.00314135220626797	-3.31265057065728	-41.0823145812122	5.72801751552744	0	0	0	0	0	1.5	1.5	1.5	1.5	1.5	1.5
446.475372186849	-0.00200306875360498	-3.31288257644139	-41.1711933080443	5.74338237108483	0	0	0	0	0	1.5	1.5	1.5	1.5	1.5	1.5
446.565569231736	-0.000864785300940554	-3.31301191242184	-41.2600692575812	5.75876328421315	0	0	0	0	0	1.5	1.5	1.5	1.5	1.5	1.5
446.655766276622	0.000273498151722437	-3.31303857859861	-41.3489440071792	5.77415112972485	0	0	0	0	0	1.5	1.5	1.5	1.5	1.5	1.5
446.745963321508	0.00141178160438686	-3.3129625749717	-41.43781913633	5.78953678280187	0	0	0	0	0	1.5	1.5	1.5	1.5	1.5	1.5
446.836160366394	0.00255006505704986	-3.31278390154112	-41.5266962238498	5.80491111850923	0	0	0	0	0	1.5	1.5	1.5	1.5	1.5	1.5
446.92635741128	0.00338489702213938	-3.31250731011834	-41.6155768366306	5.82026506019262	0	0	0	0	0	1.5	1.5	1.5	1.5	1.5	1.5
447.016554456167	0.00364924040161653	-3.31219008091387	-41.7044620768496	5.83559219003421	0	0	0	0	0	1.5	1.5	1.5	1.5	1.5	1.5
447.106751501053	0.00391358378109368	-3.31184900871773	-41.793352357131	5.85089006239699	0	0	0	0	0	1.5	1.5	1.5	1.5	1.5	1.5
447.196948545939	0.00417792716057083	-3.31148409352993	-41.8822480318643	5.86615655608841	0	0	0	0	0	1.5	1.5	1.5	1.5	1.5	1.5
447.287145590825	0.00444227054004815	-3.31109533535046	-41.971149453194	5.881389549534	0	0	0	0	0	1.5	1.5	1.5	1.5	1.5	1.5
447.377342635712	0.00470661391952514	-3.31068273417934	-42.0600569708672	5.89658692075299	0	0	0	0	0	1.5	1.5	1.5	1.5	1.5	1.5
447.467539680598	0.00497095729900246	-3.31024629001654	-42.1489709320824	5.91174654733442	0	0	0	0	0	1.5	1.5	1.5	1.5	1.5	1.5
447.557736725484	0.00523530067847978	-3.30978600286208	-42.2378916813369	5.92686630641316	0	0	0	0	0	1.5	1.5	1.5	1.5	1.5	1.5
447.64793377037	0.00549964405795676	-3.30930187271596	-42.3268195602748	5.94194407464658	0	0	0	0	0	1.5	1.5	1.5	1.5	1.5	1.5
447.738130815257	0.00576398743743408	-3.30879389957818	-42.4157549075354	5.95697772819158	0	0	0	0	0	1.5	1.5	1.5	1.5	1.5	1.5
447.828327860143	0.00602833081691107	-3.30826208344873	-42.5046980586002	5.97196514268165	0	0	0	0	0	1.5	1.5	1.5	1.5	1.5	1.5
447.918524905029	0.00612670713511802	-3.30770837320071	-42.5936493431186	5.9869042082511	0	0	0	0	0	1.5	1.5	1.5	1.5	1.5	1.5
448.008721949915	0.00575363510140543	-3.30717258731973	-42.6826088118922	6.0017944610053	0	0	0	0	0	1.5	1.5	1.5	1.5	1.5	1.5
448.098918994801	0.00538056306769238	-3.30667045143371	-42.7715759962744	6.01663854529356	0	0	0	0	0	1.5	1.5	1.5	1.5	1.5	1.5
448.189116039688	0.00500749103397979	-3.30620196554267	-42.8605503742961	6.03143945111225	0	0	0	0	0	1.5	1.5	1.5	1.5	1.5	1.5
448.279313084574	0.00463441900026673	-3.30576712964659	-42.9495314283453	6.04620016919428	0	0	0	0	0	1.5	1.5	1.5	1.5	1.5	1.5
448.36951012946	0.00426134696655391	-3.30536594374549	-43.0385186448657	6.06092369095467	0	0	0	0	0	1.5	1.5	1.5	1.5	1.5	1.5
448.459707174346	0.00388827493284109	-3.30499840783936	-43.1275115140548	6.0756130084372	0	0	0	0	0	1.5	1.5	1.5	1.5	1.5	1.5
448.549904219233	0.00351520289912827	-3.30466452192819	-43.2165095295623	6.0902711142614	0	0	0	0	0	1.5	1.5	1.5	1.5	1.5	1.5
448.640101264119	0.00314213086541521	-3.304364286012	-43.3055121881879	6.1049010015702	0	0	0	0	0	1.5	1.5	1.5	1.5	1.5	1.5
448.730298309005	0.00276905883170215	-3.30409770009078	-43.3945189895795	6.11950566397816	0	0	0	0	0	1.5	1.5	1.5	1.5	1.5	1.5
448.820495353891	0.00239598679798956	-3.30386476416453	-43.4835294359312	6.13408809552008	0	0	0	0	0	1.5	1.5	1.5	1.5	1.5	1.5
448.910692398778	0.00199775412822769	-3.3036656752557	-43.5725430315152	6.14865129161528	0	0	0	0	0	1.5	1.5	1.5	1.5	1.5	1.5
449.000889443664	0.00147977493784908	-3.30350884383306	-43.6615592319917	6.16319855741396	0	0	0	0	0	1.5	1.5	1.5	1.5	1.5	1.5
449.09108648855	0.000961795747469817	-3.30339873260272	-43.7505773733646	6.1777339419803	0	0	0	0	0	1.5	1.5	1.5	1.5	1.5	1.5
449.181283533436	0.00044381655709121	-3.30333534156465	-43.8395967753936	6.19226160407212	0	0	0	0	0	1.5	1.5	1.5	1.5	1.5	1.5
449.271480578322	-7.41626332880509e-05	-3.30331867071887	-43.9286167589212	6.20678570262408	0	0	0	0	0	1.5	1.5	1.5	1.5	1.5	1.5
449.361677623209	-0.000592141823666658	-3.30334872006538	-44.0176366452891	6.22131039665226	0	0	0	0	0	1.5	1.5	1.5	1.5	1.5	1.5
449.451874668095	-0.00111012101404592	-3.30342548960417	-44.1066557557558	6.23583984515922	0	0	0	0	0	1.5	1.5	1.5	1.5	1.5	1.5
449.542071712981	-0.00162810020442453	-3.30354897933525	-44.195673410913	6.25037820703871	0	0	0	0	0	1.5	1.5	1.5	1.5	1.5	1.5
449.632268757867	-0.00214607939480379	-3.30371918925861	-44.2846889301037	6.26492964098037	0	0	0	0	0	1.5	1.5	1.5	1.5	1.5	1.5
449.722465802754	-0.00266405858518272	-3.30393611937425	-44.3737016308383	6.27949830537411	0	0	0	0	0	1.5	1.5	1.5	1.5	1.5	1.5
449.81266284764	-0.00318203777556165	-3.30419976968218	-44.4627108282124	6.29408835821407	0	0	0	0	0	1.5	1.5	1.5	1.5	1.5	1.5
449.902859892526	-0.00372093215093807	-3.30451022211708	-44.5517158342894	6.30870395721329	0	0	0	0	0	1.5	1.5	1.5	1.5	1.5	1.5
449.993056937412	-0.0044796899616911	-3.30488005805748	-44.6407158895971	6.3233496722405	0	0	0	0	0	1.5	1.5	1.5	1.5	1.5	1.5
450.083253982299	-0.00523844777244366	-3.30531833171019	-44.7297100197634	6.33803134693659	0	0	0	0	0	1.5	1.5	1.5	1.5	1.5	1.5
450.173451027185	-0.00599720558319621	-3.30582504307521	-44.8186972027748	6.35275506901245	0	0	0	0	0	1.5	1.5	1.5	1.5	1.5	1.5
450.263648072071	-0.00675596339394925	-3.30640019215255	-44.9076764079869	6.36752692474286	0	0	0	0	0	1.5	1.5	1.5	1.5	1.5	1.5
450.353845116957	-0.00751472120470132	-3.3070437789422	-44.9966465948748	6.38235299875019	0	0	0	0	0	1.5	1.5	1.5	1.5	1.5	1.5
450.444042161844	-0.00827347901545436	-3.30775580344416	-45.0856067117856	6.3972393737846	0	0	0	0	0	1.5	1.5	1.5	1.5	1.5	1.5
450.53423920673	-0.00903223682620643	-3.30853626565844	-45.1745556946903	6.41219213050065	0	0	0	0	0	1.5	1.5	1.5	1.5	1.5	1.5
450.624436251616	-0.00979099463695947	-3.30938516558503	-45.2634924659374	6.42721734722942	0	0	0	0	0	1.5	1.5	1.5	1.5	1.5	1.5
450.714633296502	-0.0105497524477115	-3.31030250322394	-45.3524159330063	6.44232109974594	0	0	0	0	0	1.5	1.5	1.5	1.5	1.5	1.5
450.804830341388	-0.0113085102584646	-3.31128827857516	-45.4413249872629	6.457509461032	0	0	0	0	0	1.5	1.5	1.5	1.5	1.5	1.5
450.895027386275	-0.0120672680692171	-3.3123424916387	-45.5302185027145	6.47278850103293	0	0	0	0	0	1.5	1.5	1.5	1.5	1.5	1.5
