# Description
# The file describes the Fiorano circuit starting from Google Earth kml files.
# Distance (widths) from reference line of left/right borders
#  both with and witout kerbs are included.
# Generation date:       18-Jan-2024
# Names of source data files:
# - Barcellona_no_kerbs.kml
# - Barcellona_no_kerbs.kml
# Finish line origin local coordinates (ENU)
#! x0     =   0.00000000
#! y0     =   0.00000000
#! z0     =   0.00000000
#! theta0 =   1.0471975511966
# Finish line origin geodesic coordinates
#! FinishLineLatitude  =        41.57002161792151
#! FinishLineLongitude =        2.261219488424878
#! FinishLineAltitude  =   -0.0003639594013644755
abscissa	curvature	dir_mid_line	x_mid_line	y_mid_line	elevation	slope	banking	torsion	upsilon	width_no_kerbs_L	width_no_kerbs_R	width_kerbs_L	width_kerbs_R	width_kerbsMod_and_Constraint_MLT_L	width_kerbsMod_and_Constraint_MLT_R
0	0.0298033352818078	-2.18956035817772	0	0	0	0	0	0	0	1.5	1.5	1.5	1.5	1.5	1.5
0.239388407261693	0.0261711657690315	-2.18286053485081	-0.138183718840582	-0.1954785281173	0	0	0	0	0	1.5	1.5	1.5	1.5	1.5	1.5
0.478776814523386	0.0225389962562553	-2.17703021079846	-0.275140108558372	-0.391819034514832	0	0	0	0	0	1.5	1.5	1.5	1.5	1.5	1.5
0.71816522178508	0.018906826743479	-2.17206938602069	-0.411035193186614	-0.588895714818258	0	0	0	0	0	1.5	1.5	1.5	1.5	1.5	1.5
0.957553629046773	0.0152746572307028	-2.16797806051748	-0.546036949345491	-0.786585510627808	0	0	0	0	0	1.5	1.5	1.5	1.5	1.5	1.5
1.19694203630847	0.0116424877179265	-2.16475623428883	-0.680314972434642	-0.984767680399027	0	0	0	0	0	1.5	1.5	1.5	1.5	1.5	1.5
1.43633044357016	0.0080103182051503	-2.16240390733476	-0.814040152837414	-1.18332336319869	0	0	0	0	0	1.5	1.5	1.5	1.5	1.5	1.5
1.67571885083185	0.00258776251586883	-2.16107833813655	-0.947392010021122	-1.38213001055118	0	0	0	0	0	1.5	1.5	1.5	1.5	1.5	1.5
1.91510725809355	-0.00348419715130655	-2.16118563616635	-1.08062105974423	-1.58101899872805	0	0	0	0	0	1.5	1.5	1.5	1.5	1.5	1.5
2.15449566535524	-0.00955615681848194	-2.16274649094982	-1.21401593824002	-1.77979677444671	0	0	0	0	0	1.5	1.5	1.5	1.5	1.5	1.5
2.39388407261693	-0.0156281164856573	-2.16576090248698	-1.34786516083286	-1.97826881676097	0	0	0	0	0	1.5	1.5	1.5	1.5	1.5	1.5
2.63327247987863	-0.0217000761528327	-2.17022887077783	-1.48245590559036	-2.17623862621533	0	0	0	0	0	1.5	1.5	1.5	1.5	1.5	1.5
2.87266088714032	-0.0277720358200081	-2.17615039582235	-1.6180731474009	-2.37350647872641	0	0	0	0	0	1.5	1.5	1.5	1.5	1.5	1.5
3.11204929440201	-0.032628413485155	-2.18345741912774	-1.75499668910656	-2.56986965454976	0	0	0	0	0	1.5	1.5	1.5	1.5	1.5	1.5
3.35143770166371	-0.0361016541933607	-2.19168400984401	-1.89344667090262	-2.76515941061128	0	0	0	0	0	1.5	1.5	1.5	1.5	1.5	1.5
3.5908261089254	-0.0395748949015663	-2.20074205412146	-2.03357913349092	-2.95924524363298	0	0	0	0	0	1.5	1.5	1.5	1.5	1.5	1.5
3.83021451618709	-0.043048135609772	-2.21063155196008	-2.17554391156925	-3.15199467736006	0	0	0	0	0	1.5	1.5	1.5	1.5	1.5	1.5
4.06960292344879	-0.0465213763179777	-2.22135250335988	-2.31948733982045	-3.34327078680313	0	0	0	0	0	1.5	1.5	1.5	1.5	1.5	1.5
4.30899133071048	-0.0499946170261834	-2.23290490832085	-2.46555186555776	-3.5329318699548	0	0	0	0	0	1.5	1.5	1.5	1.5	1.5	1.5
4.54837973797217	-0.0527576339922631	-2.24527169957148	-2.61387542853427	-3.7208313071555	0	0	0	0	0	1.5	1.5	1.5	1.5	1.5	1.5
4.78776814523386	-0.0526933507018797	-2.25789357120654	-2.76454674587055	-3.90685335655815	0	0	0	0	0	1.5	1.5	1.5	1.5	1.5	1.5
5.02715655249556	-0.0526290674114963	-2.27050005416709	-2.91755253150589	-4.09096006514837	0	0	0	0	0	1.5	1.5	1.5	1.5	1.5	1.5
5.26654495975725	-0.0525647841211129	-2.28309114845315	-3.0728656366906	-4.27312452873949	0	0	0	0	0	1.5	1.5	1.5	1.5	1.5	1.5
5.50593336701894	-0.0525005008307295	-2.29566685406471	-3.23045863609944	-4.45332025794626	0	0	0	0	0	1.5	1.5	1.5	1.5	1.5	1.5
5.74532177428064	-0.0524362175403461	-2.30822717100177	-3.39030383429113	-4.63152118036057	0	0	0	0	0	1.5	1.5	1.5	1.5	1.5	1.5
5.98471018154233	-0.0523719342499627	-2.32077209926433	-3.55237327216894	-4.80770164262919	0	0	0	0	0	1.5	1.5	1.5	1.5	1.5	1.5
6.22409858880402	-0.0563246389837341	-2.33375033249204	-3.71666295839897	-4.98181340079135	0	0	0	0	0	1.5	1.5	1.5	1.5	1.5	1.5
6.46348699606572	-0.0605648712347737	-2.34774132933044	-3.8832850881802	-5.15369400037958	0	0	0	0	0	1.5	1.5	1.5	1.5	1.5	1.5
6.70287540332741	-0.0648051034858132	-2.36274738861384	-4.05238142667417	-5.32314063621027	0	0	0	0	0	1.5	1.5	1.5	1.5	1.5	1.5
6.9422638105891	-0.0690453357368527	-2.37876851034224	-4.22408581218996	-5.48994347695116	0	0	0	0	0	1.5	1.5	1.5	1.5	1.5	1.5
7.1816522178508	-0.0732855679878923	-2.39580469451563	-4.39852340056881	-5.6538853910635	0	0	0	0	0	1.5	1.5	1.5	1.5	1.5	1.5
7.42104062511249	-0.0775258002389318	-2.41385594113402	-4.5758098849104	-5.81474171151515	0	0	0	0	0	1.5	1.5	1.5	1.5	1.5	1.5
7.66042903237418	-0.0820131655334858	-2.43294191382519	-4.75605136266927	-5.97227926240405	0	0	0	0	0	1.5	1.5	1.5	1.5	1.5	1.5
7.89981743963588	-0.0866251650183318	-2.45312694450223	-4.93935059603561	-6.12624761880389	0	0	0	0	0	1.5	1.5	1.5	1.5	1.5	1.5
8.13920584689757	-0.0912371645031778	-2.47441603439023	-5.12580268563747	-6.27638176995496	0	0	0	0	0	1.5	1.5	1.5	1.5	1.5	1.5
8.37859425415926	-0.0958491639880237	-2.4968091834892	-5.31548876101524	-6.42240782091453	0	0	0	0	0	1.5	1.5	1.5	1.5	1.5	1.5
8.61798266142096	-0.10046116347287	-2.52030639179915	-5.50847479792138	-6.56404313558391	0	0	0	0	0	1.5	1.5	1.5	1.5	1.5	1.5
8.85737106868265	-0.105073162957716	-2.54490765932006	-5.70481048786234	-6.70099647094953	0	0	0	0	0	1.5	1.5	1.5	1.5	1.5	1.5
9.09675947594434	-0.107786532913973	-2.57052345799377	-5.90452654669146	-6.83297057359056	0	0	0	0	0	1.5	1.5	1.5	1.5	1.5	1.5
9.33614788320604	-0.107579116382355	-2.59630147787573	-6.10757557209743	-6.95975673012337	0	0	0	0	0	1.5	1.5	1.5	1.5	1.5	1.5
9.57553629046773	-0.107371699850737	-2.62202984464455	-6.3138220768979	-7.08127227512489	0	0	0	0	0	1.5	1.5	1.5	1.5	1.5	1.5
9.81492469772942	-0.107164283319119	-2.64770855830023	-6.52312351285363	-7.19744701211833	0	0	0	0	0	1.5	1.5	1.5	1.5	1.5	1.5
10.0543131049911	-0.106956866787501	-2.67333761884276	-6.73533610887477	-7.3082147279215	0	0	0	0	0	1.5	1.5	1.5	1.5	1.5	1.5
10.2937015122528	-0.106749450255883	-2.69891702627215	-6.95031498328591	-7.41351320119303	0	0	0	0	0	1.5	1.5	1.5	1.5	1.5	1.5
10.5330899195145	-0.105860851885613	-2.72443687052866	-7.16791421646767	-7.51328429572989	0	0	0	0	0	1.5	1.5	1.5	1.5	1.5	1.5
10.7724783267762	-0.100049114797164	-2.74908310001041	-7.38795781609657	-7.60754310350793	0	0	0	0	0	1.5	1.5	1.5	1.5	1.5	1.5
11.0118667340379	-0.0942373777087144	-2.77233806700713	-7.61019626292268	-7.6965054527368	0	0	0	0	0	1.5	1.5	1.5	1.5	1.5	1.5
11.2512551412996	-0.088425640620265	-2.79420177151882	-7.83438550858972	-7.78043225844614	0	0	0	0	0	1.5	1.5	1.5	1.5	1.5	1.5
11.4906435485613	-0.0826139035318155	-2.81467421354549	-8.06030151848816	-7.85959515592167	0	0	0	0	0	1.5	1.5	1.5	1.5	1.5	1.5
11.730031955823	-0.0768021664433661	-2.83375539308713	-8.2877393585143	-7.93427513703761	0	0	0	0	0	1.5	1.5	1.5	1.5	1.5	1.5
11.9694203630847	-0.0709904293549166	-2.85144531014374	-8.51651220209334	-8.00476131298823	0	0	0	0	0	1.5	1.5	1.5	1.5	1.5	1.5
12.2088087703464	-0.0481349863818469	-2.86600773710668	-8.7464179392717	-8.07146319104125	0	0	0	0	0	1.5	1.5	1.5	1.5	1.5	1.5
12.448197177608	-0.0222972348973159	-2.87443806574264	-8.97707819578312	-8.13551249354724	0	0	0	0	0	1.5	1.5	1.5	1.5	1.5	1.5
12.6875855848697	0.00354051658721527	-2.8766831362035	-9.20807767623928	-8.19832986729667	0	0	0	0	0	1.5	1.5	1.5	1.5	1.5	1.5
12.9269739921314	0.0293782680717462	-2.87274294848925	-9.43902373143851	-8.26134297651349	0	0	0	0	0	1.5	1.5	1.5	1.5	1.5	1.5
13.1663623993931	0.0552160195562772	-2.86261750259989	-9.66952008380688	-8.32597848083931	0	0	0	0	0	1.5	1.5	1.5	1.5	1.5	1.5
13.4057508066548	0.0810537710408084	-2.84630679853543	-9.89914040418908	-8.3936545067103	0	0	0	0	0	1.5	1.5	1.5	1.5	1.5	1.5
13.6451392139165	0.0886832872631399	-2.82508572066507	-10.1274205270703	-8.4657155881098	0	0	0	0	0	1.5	1.5	1.5	1.5	1.5	1.5
13.8845276211782	0.0833939835842934	-2.80448906876801	-10.354126646046	-8.54258638328081	0	0	0	0	0	1.5	1.5	1.5	1.5	1.5	1.5
14.1239160284399	0.0781046799054467	-2.78515861485416	-10.5792535523861	-8.62396759117485	0	0	0	0	0	1.5	1.5	1.5	1.5	1.5	1.5
14.3633044357016	0.0728153762266002	-2.76709435892351	-10.8028200250999	-8.70954377564512	0	0	0	0	0	1.5	1.5	1.5	1.5	1.5	1.5
14.6026928429633	0.0675260725477536	-2.75029630097607	-11.0248613259115	-8.79900394893861	0	0	0	0	0	1.5	1.5	1.5	1.5	1.5	1.5
14.842081250225	0.062236768868907	-2.73476444101183	-11.2454279361755	-8.89204172512668	0	0	0	0	0	1.5	1.5	1.5	1.5	1.5	1.5
15.0814696574867	0.0633285025857719	-2.72025742048895	-11.4645818330427	-8.98836093158498	0	0	0	0	0	1.5	1.5	1.5	1.5	1.5	1.5
15.3208580647484	0.0782318353325341	-2.7033134685761	-11.6822239735143	-9.08804712004055	0	0	0	0	0	1.5	1.5	1.5	1.5	1.5	1.5
15.5602464720101	0.0931351680792963	-2.68280183157412	-11.8979599537973	-9.19179096875644	0	0	0	0	0	1.5	1.5	1.5	1.5	1.5	1.5
15.7996348792718	0.108038500826059	-2.658722509483	-12.1113280748774	-9.30031785270156	0	0	0	0	0	1.5	1.5	1.5	1.5	1.5	1.5
16.0390232865334	0.122941833572821	-2.63107550230274	-12.3218166844271	-9.41432532448595	0	0	0	0	0	1.5	1.5	1.5	1.5	1.5	1.5
16.2784116937951	0.137845166319583	-2.59986081003334	-12.5288574766579	-9.53447633744139	0	0	0	0	0	1.5	1.5	1.5	1.5	1.5	1.5
16.5178001010568	0.151576616147087	-2.56508466392154	-12.7318194884781	-9.66139147895209	0	0	0	0	0	1.5	1.5	1.5	1.5	1.5	1.5
16.7571885083185	0.140100445265161	-2.53017261033842	-12.9301667875681	-9.79540393137099	0	0	0	0	0	1.5	1.5	1.5	1.5	1.5	1.5
16.9965769155802	0.128624274383236	-2.49800781902418	-13.1239103080769	-9.93599310835452	0	0	0	0	0	1.5	1.5	1.5	1.5	1.5	1.5
17.2359653228419	0.11714810350131	-2.46859028997883	-13.3132351070077	-10.0824813223052	0	0	0	0	0	1.5	1.5	1.5	1.5	1.5	1.5
17.4753537301036	0.105671932619384	-2.44192002320237	-13.4983790893312	-10.2342216199998	0	0	0	0	0	1.5	1.5	1.5	1.5	1.5	1.5
17.7147421373653	0.0941957617374584	-2.41799701869479	-13.6796267762849	-10.3905972953813	0	0	0	0	0	1.5	1.5	1.5	1.5	1.5	1.5
17.954130544627	0.0827195908555325	-2.3968212764561	-13.8573034279538	-10.5510207194574	0	0	0	0	0	1.5	1.5	1.5	1.5	1.5	1.5
18.1935189518887	0.0951242083693624	-2.37618760673169	-14.0316759497745	-10.7150299304802	0	0	0	0	0	1.5	1.5	1.5	1.5	1.5	1.5
18.4329073591504	0.114602586022689	-2.35108452509688	-14.2022648664644	-10.8829680737728	0	0	0	0	0	1.5	1.5	1.5	1.5	1.5	1.5
18.6722957664121	0.134080963676015	-2.3213185456596	-14.3681810953457	-11.055520621428	0	0	0	0	0	1.5	1.5	1.5	1.5	1.5	1.5
18.9116841736738	0.153559341329341	-2.28688966841985	-14.5284723234133	-11.2333066431558	0	0	0	0	0	1.5	1.5	1.5	1.5	1.5	1.5
19.1510725809355	0.173037718982668	-2.24779789337763	-14.6821190664892	-11.4168609638648	0	0	0	0	0	1.5	1.5	1.5	1.5	1.5	1.5
19.3904609881972	0.192516096635994	-2.20404322053294	-14.8280304227639	-11.6066174968413	0	0	0	0	0	1.5	1.5	1.5	1.5	1.5	1.5
19.6298493954588	0.190445851058178	-2.15690575230313	-14.9650844375507	-11.8028628771684	0	0	0	0	0	1.5	1.5	1.5	1.5	1.5	1.5
19.8692378027205	0.166506464342156	-2.1141806291771	-15.0930992624781	-12.0051258113742	0	0	0	0	0	1.5	1.5	1.5	1.5	1.5	1.5
20.1086262099822	0.142567077626133	-2.07718631770784	-15.2129546797107	-12.2123333171121	0	0	0	0	0	1.5	1.5	1.5	1.5	1.5	1.5
20.3480146172439	0.11862769091011	-2.04592281789535	-15.3256717461814	-12.4235133406124	0	0	0	0	0	1.5	1.5	1.5	1.5	1.5	1.5
20.5874030245056	0.0946883041940869	-2.02039012973964	-15.4323485084614	-12.6378116422748	0	0	0	0	0	1.5	1.5	1.5	1.5	1.5	1.5
20.8267914317673	0.070748917478064	-2.00058825324069	-15.5341418245888	-12.8544751028889	0	0	0	0	0	1.5	1.5	1.5	1.5	1.5	1.5
21.066179839029	0.0542326397080982	-1.98632041156033	-15.6322488161034	-13.0728345992551	0	0	0	0	0	1.5	1.5	1.5	1.5	1.5	1.5
21.3055682462907	0.0638106906809674	-1.97219130913548	-15.7273741332128	-13.2925094266937	0	0	0	0	0	1.5	1.5	1.5	1.5	1.5	1.5
21.5449566535524	0.0733887416538364	-1.95576933234356	-15.8191325633692	-13.5136110136132	0	0	0	0	0	1.5	1.5	1.5	1.5	1.5	1.5
21.7843450608141	0.0829667926267055	-1.93705448118457	-15.9069923340384	-13.7362896996355	0	0	0	0	0	1.5	1.5	1.5	1.5	1.5	1.5
22.0237334680758	0.0925448435995748	-1.91604675565852	-15.9904120648833	-13.9606685089615	0	0	0	0	0	1.5	1.5	1.5	1.5	1.5	1.5
22.2631218753375	0.102122894572444	-1.8927461557654	-16.0688404751192	-14.1868392428913	0	0	0	0	0	1.5	1.5	1.5	1.5	1.5	1.5
22.5025102825992	0.111700945545313	-1.86715268150522	-16.1417164559427	-14.4148584799738	0	0	0	0	0	1.5	1.5	1.5	1.5	1.5	1.5
22.7418986898609	0.102614942983458	-1.8413944552054	-16.2086252041779	-14.6446994224895	0	0	0	0	0	1.5	1.5	1.5	1.5	1.5	1.5
22.9812870971226	0.0926005562619386	-1.81802829148682	-16.2698686505012	-14.8761155888454	0	0	0	0	0	1.5	1.5	1.5	1.5	1.5	1.5
23.2206755043842	0.0825861695404195	-1.79705945585521	-16.3259678008441	-15.1088334322875	0	0	0	0	0	1.5	1.5	1.5	1.5	1.5	1.5
23.4600639116459	0.0725717828189004	-1.77848794831057	-16.3774556195422	-15.3426157381215	0	0	0	0	0	1.5	1.5	1.5	1.5	1.5	1.5
23.6994523189076	0.0625573960973812	-1.76231376885289	-16.4248745740491	-15.5772580244432	0	0	0	0	0	1.5	1.5	1.5	1.5	1.5	1.5
23.9388407261693	0.0525430093758621	-1.74853691748219	-16.4687745849834	-15.812584800882	0	0	0	0	0	1.5	1.5	1.5	1.5	1.5	1.5
24.178229133431	0.0408165283880997	-1.73729737591796	-16.5097188422276	-16.0484444453202	0	0	0	0	0	1.5	1.5	1.5	1.5	1.5	1.5
24.4176175406927	0.0282957026567476	-1.72902504246189	-16.548357441949	-16.2846933408294	0	0	0	0	0	1.5	1.5	1.5	1.5	1.5	1.5
24.6570059479544	0.0157748769253955	-1.72375004953526	-16.58539495975	-16.521198939513	0	0	0	0	0	1.5	1.5	1.5	1.5	1.5	1.5
24.8963943552161	0.00325405119404334	-1.72147239713805	-16.6215391282483	-16.7578429403362	0	0	0	0	0	1.5	1.5	1.5	1.5	1.5	1.5
25.1357827624778	-0.00926677453730879	-1.72219208527028	-16.6574989513518	-16.9945150710679	0	0	0	0	0	1.5	1.5	1.5	1.5	1.5	1.5
25.3751711697395	-0.0217876002686611	-1.72590911393193	-16.6939836889229	-17.2311067166514	0	0	0	0	0	1.5	1.5	1.5	1.5	1.5	1.5
25.6145595770012	-0.0260597437020862	-1.73221177130098	-16.7316883434698	-17.4675067380922	0	0	0	0	0	1.5	1.5	1.5	1.5	1.5	1.5
25.8539479842629	-0.0187995378840543	-1.73758116728588	-16.7708301000461	-17.7036731931648	0	0	0	0	0	1.5	1.5	1.5	1.5	1.5	1.5
26.0933363915246	-0.0115393320660225	-1.74121255416362	-16.8110343243435	-17.9396612578296	0	0	0	0	0	1.5	1.5	1.5	1.5	1.5	1.5
26.3327247987863	-0.0042791262479906	-1.74310593193418	-16.8518903000167	-18.175537457186	0	0	0	0	0	1.5	1.5	1.5	1.5	1.5	1.5
26.5721132060479	0.00298107957004124	-1.74326130059757	-16.8929878855682	-18.411371716015	0	0	0	0	0	1.5	1.5	1.5	1.5	1.5	1.5
26.8115016133096	0.0102412853880732	-1.7416786601538	-16.9339171566488	-18.6472352191224	0	0	0	0	0	1.5	1.5	1.5	1.5	1.5	1.5
27.0508900205713	0.0137038113480985	-1.73842664849472	-16.9742688528212	-18.8831981354748	0	0	0	0	0	1.5	1.5	1.5	1.5	1.5	1.5
27.290278427833	-0.00418644011272101	-1.73728747432405	-17.0139912369959	-19.1192679007341	0	0	0	0	0	1.5	1.5	1.5	1.5	1.5	1.5
27.5296668350947	-0.0220766915735403	-1.74043101895609	-17.0539501725108	-19.3552976538425	0	0	0	0	0	1.5	1.5	1.5	1.5	1.5	1.5
27.7690552423564	-0.0399669430343598	-1.74785728239084	-17.0951558610002	-19.5911124878509	0	0	0	0	0	1.5	1.5	1.5	1.5	1.5	1.5
28.0084436496181	-0.0578571944951799	-1.75956626462832	-17.1386156679873	-19.8265214904814	0	0	0	0	0	1.5	1.5	1.5	1.5	1.5	1.5
28.2478320568798	-0.0757474459559991	-1.7755579656685	-17.1853314663312	-20.0613048395282	0	0	0	0	0	1.5	1.5	1.5	1.5	1.5	1.5
28.4872204641415	-0.0936376974168187	-1.79583238551141	-17.2362963619375	-20.2952010227104	0	0	0	0	0	1.5	1.5	1.5	1.5	1.5	1.5
28.7266088714032	-0.085175006697895	-1.81759938397665	-17.292299379786	-20.5279416520384	0	0	0	0	0	1.5	1.5	1.5	1.5	1.5	1.5
28.9659972786649	-0.0732728702166062	-1.83656467642093	-17.353035857225	-20.759493312639	0	0	0	0	0	1.5	1.5	1.5	1.5	1.5	1.5
29.2053856859266	-0.0613707337353175	-1.85268073536995	-17.4178246254024	-20.9899450083768	0	0	0	0	0	1.5	1.5	1.5	1.5	1.5	1.5
29.4447740931883	-0.0494685972540288	-1.86594756082369	-17.4859921854395	-21.2194208286879	0	0	0	0	0	1.5	1.5	1.5	1.5	1.5	1.5
29.68416250045	-0.0375664607727402	-1.87636515278217	-17.5568726019745	-21.4480739659167	0	0	0	0	0	1.5	1.5	1.5	1.5	1.5	1.5
29.9235509077117	-0.0256643242914515	-1.88393351124538	-17.6298065523167	-21.6760809268376	0	0	0	0	0	1.5	1.5	1.5	1.5	1.5	1.5
30.1629393149734	-0.0292491848412338	-1.8897960524454	-17.7041935058304	-21.9036182547039	0	0	0	0	0	1.5	1.5	1.5	1.5	1.5	1.5
30.402327722235	-0.0424545324714134	-1.89837857178651	-17.780184482287	-22.1306244847228	0	0	0	0	0	1.5	1.5	1.5	1.5	1.5	1.5
30.6417161294967	-0.055659880101593	-1.91012229826414	-17.858478377078	-22.3568460932275	0	0	0	0	0	1.5	1.5	1.5	1.5	1.5	1.5
30.8811045367584	-0.0688652277317724	-1.9250272318783	-17.9397791986385	-22.5820036474677	0	0	0	0	0	1.5	1.5	1.5	1.5	1.5	1.5
31.1204929440201	-0.082070575361952	-1.94309337262899	-18.0247802786207	-22.8057894076917	0	0	0	0	0	1.5	1.5	1.5	1.5	1.5	1.5
31.3598813512818	-0.095275922992132	-1.9643207205162	-18.1141608701989	-23.0278609428899	0	0	0	0	0	1.5	1.5	1.5	1.5	1.5	1.5
31.5992697585435	-0.0993946349442054	-1.98832932870327	-18.2085725150255	-23.2478392620462	0	0	0	0	0	1.5	1.5	1.5	1.5	1.5	1.5
31.8386581658052	-0.0865890143887329	-2.01059049349854	-18.3081292267582	-23.465538374111	0	0	0	0	0	1.5	1.5	1.5	1.5	1.5	1.5
32.0780465730669	-0.0737833938332604	-2.02978614118503	-18.4121773344885	-23.6811283562892	0	0	0	0	0	1.5	1.5	1.5	1.5	1.5	1.5
32.3174349803286	-0.0609777732777878	-2.04591627176275	-18.5200174427505	-23.894847979468	0	0	0	0	0	1.5	1.5	1.5	1.5	1.5	1.5
32.5568233875903	-0.048172152722315	-2.0589808852317	-18.6309661094623	-24.1069714977994	0	0	0	0	0	1.5	1.5	1.5	1.5	1.5	1.5
32.796211794852	-0.0353665321668425	-2.06897998159187	-18.7443538564643	-24.31780211736	0	0	0	0	0	1.5	1.5	1.5	1.5	1.5	1.5
33.0356002021137	-0.0239653508596849	-2.07592720599304	-18.8595228080493	-24.5276656245736	0	0	0	0	0	1.5	1.5	1.5	1.5	1.5	1.5
33.2749886093754	-0.0284619064199397	-2.08220244480168	-18.9760059020602	-24.7368026853584	0	0	0	0	0	1.5	1.5	1.5	1.5	1.5	1.5
33.5143770166371	-0.0329584619801947	-2.08955410688404	-19.0939111542369	-24.945141118788	0	0	0	0	0	1.5	1.5	1.5	1.5	1.5	1.5
33.7537654238987	-0.0374550175404495	-2.09798219224014	-19.21345639889	-25.1525426730243	0	0	0	0	0	1.5	1.5	1.5	1.5	1.5	1.5
33.9931538311604	-0.0419515731007043	-2.10748670086998	-19.3348563395539	-25.3588638606009	0	0	0	0	0	1.5	1.5	1.5	1.5	1.5	1.5
34.2325422384221	-0.0464481286609591	-2.11806763277354	-19.4583220382105	-25.5639552939722	0	0	0	0	0	1.5	1.5	1.5	1.5	1.5	1.5
34.4719306456838	-0.050944684221214	-2.12972498795084	-19.5840603732593	-25.7676610414869	0	0	0	0	0	1.5	1.5	1.5	1.5	1.5	1.5
34.7113190529455	-0.0474035055001063	-2.14167504882029	-19.7122305390842	-25.9698454448629	0	0	0	0	0	1.5	1.5	1.5	1.5	1.5	1.5
34.9507074602072	-0.0420331589519105	-2.15238009914727	-19.8426864148661	-26.1705629742539	0	0	0	0	0	1.5	1.5	1.5	1.5	1.5	1.5
35.1900958674689	-0.0366628124037146	-2.16179955076764	-19.9751554653141	-26.369957899859	0	0	0	0	0	1.5	1.5	1.5	1.5	1.5	1.5
35.4294842747306	-0.0312924658555188	-2.16993340368139	-20.1093695374226	-26.5681827123801	0	0	0	0	0	1.5	1.5	1.5	1.5	1.5	1.5
35.6688726819923	-0.025922119307323	-2.17678165788853	-20.2450648514722	-26.7653967260245	0	0	0	0	0	1.5	1.5	1.5	1.5	1.5	1.5
35.908261089254	-0.020551772759127	-2.18234431338905	-20.381981438697	-26.9617650273656	0	0	0	0	0	1.5	1.5	1.5	1.5	1.5	1.5
36.1476494965157	-0.0207450025655541	-2.1869863250273	-20.5198755733213	-27.1574482344211	0	0	0	0	0	1.5	1.5	1.5	1.5	1.5	1.5
36.3870379037774	-0.0255264335537441	-2.19252474772446	-20.6587470230815	-27.3524389608219	0	0	0	0	0	1.5	1.5	1.5	1.5	1.5	1.5
36.6264263110391	-0.0303078645419341	-2.1992077895703	-20.7988073271143	-27.5465773325318	0	0	0	0	0	1.5	1.5	1.5	1.5	1.5	1.5
36.8658147183008	-0.0350892955301242	-2.20703545056485	-20.9402723766144	-27.7396942830764	0	0	0	0	0	1.5	1.5	1.5	1.5	1.5	1.5
37.1052031255625	-0.0398707265183144	-2.21600773070809	-21.0833544782684	-27.9316159784953	0	0	0	0	0	1.5	1.5	1.5	1.5	1.5	1.5
37.3445915328241	-0.0446521575065045	-2.22612463000002	-21.2282617167361	-28.1221631193323	0	0	0	0	0	1.5	1.5	1.5	1.5	1.5	1.5
37.5839799400858	-0.0469527732959351	-2.23730251636291	-21.3751958081534	-28.3111514283649	0	0	0	0	0	1.5	1.5	1.5	1.5	1.5	1.5
37.8233683473475	-0.0429259658742106	-2.24806048047123	-21.5242204510487	-28.4984957973084	0	0	0	0	0	1.5	1.5	1.5	1.5	1.5	1.5
38.0627567546092	-0.0388991584524861	-2.25785447356451	-21.6751624632698	-28.6842990812461	0	0	0	0	0	1.5	1.5	1.5	1.5	1.5	1.5
38.3021451618709	-0.0348723510307616	-2.26668449564275	-21.8278282219646	-28.8686888945028	0	0	0	0	0	1.5	1.5	1.5	1.5	1.5	1.5
38.5415335691326	-0.0308455436090372	-2.27455054670596	-21.9820280395026	-29.0517979610236	0	0	0	0	0	1.5	1.5	1.5	1.5	1.5	1.5
38.7809219763943	-0.0268187361873127	-2.28145262675413	-22.1375758225584	-29.2337635323338	0	0	0	0	0	1.5	1.5	1.5	1.5	1.5	1.5
39.020310383656	-0.0228450106279919	-2.28739083136441	-22.294288709022	-29.4147268222068	0	0	0	0	0	1.5	1.5	1.5	1.5	1.5	1.5
39.2596987909177	-0.0223468757000385	-2.29280003820902	-22.45201317187	-29.5948092022966	0	0	0	0	0	1.5	1.5	1.5	1.5	1.5	1.5
39.4990871981794	-0.0218487407720852	-2.29808999732663	-22.6106987473176	-29.7740452590409	0	0	0	0	0	1.5	1.5	1.5	1.5	1.5	1.5
39.7384756054411	-0.0213506058441318	-2.30326070871723	-22.770319620925	-29.9524488984609	0	0	0	0	0	1.5	1.5	1.5	1.5	1.5	1.5
39.9778640127028	-0.0208524709161785	-2.30831217238082	-22.9308502504313	-30.1300343839631	0	0	0	0	0	1.5	1.5	1.5	1.5	1.5	1.5
40.2172524199645	-0.0203543359882252	-2.31324438831742	-23.0922653624732	-30.306816325803	0	0	0	0	0	1.5	1.5	1.5	1.5	1.5	1.5
40.4566408272262	-0.0198562010602718	-2.318057356527	-23.2545399490851	-30.4828096706936	0	0	0	0	0	1.5	1.5	1.5	1.5	1.5	1.5
40.6960292344879	-0.0214052750653187	-2.32293458346128	-23.4176572791854	-30.6580222075597	0	0	0	0	0	1.5	1.5	1.5	1.5	1.5	1.5
40.9354176417495	-0.0236408103323057	-2.32832633877963	-23.5816705477793	-30.8323962836235	0	0	0	0	0	1.5	1.5	1.5	1.5	1.5	1.5
41.1748060490112	-0.0258763455992926	-2.33425325532493	-23.7466679844272	-31.0058393222574	0	0	0	0	0	1.5	1.5	1.5	1.5	1.5	1.5
41.4141944562729	-0.0281118808662795	-2.34071533309717	-23.9127365951222	-31.1782569159952	0	0	0	0	0	1.5	1.5	1.5	1.5	1.5	1.5
41.6535828635346	-0.0303474161332665	-2.34771257209635	-24.0799616979074	-31.349552977506	0	0	0	0	0	1.5	1.5	1.5	1.5	1.5	1.5
41.8929712707963	-0.0325829514002534	-2.35524497232247	-24.2484267573012	-31.5196296141167	0	0	0	0	0	1.5	1.5	1.5	1.5	1.5	1.5
42.132359678058	-0.0317399538703976	-2.36313469909832	-24.4182084008469	-31.6883918793635	0	0	0	0	0	1.5	1.5	1.5	1.5	1.5	1.5
42.3717480853197	-0.027596611991594	-2.37023694209536	-24.5892616030311	-31.8558653715569	0	0	0	0	0	1.5	1.5	1.5	1.5	1.5	1.5
42.6111364925814	-0.0234532701127902	-2.37634731707929	-24.7614175401562	-32.0222052779592	0	0	0	0	0	1.5	1.5	1.5	1.5	1.5	1.5
42.8505248998431	-0.0193099282339866	-2.38146582405012	-24.9345047449448	-32.1875760851651	0	0	0	0	0	1.5	1.5	1.5	1.5	1.5	1.5
43.0899133071048	-0.0151665863551831	-2.38559246300784	-25.1083546027801	-32.3521450830347	0	0	0	0	0	1.5	1.5	1.5	1.5	1.5	1.5
43.3293017143665	-0.0110232444763794	-2.38872723395245	-25.2828008672828	-32.5160818492758	0	0	0	0	0	1.5	1.5	1.5	1.5	1.5	1.5
43.5686901216282	-0.0068335880508845	-2.39086893727175	-25.4576791503135	-32.6795577608242	0	0	0	0	0	1.5	1.5	1.5	1.5	1.5	1.5
43.8080785288899	-0.00247621990367833	-2.39198326732082	-25.6328239804084	-32.8427481159489	0	0	0	0	0	1.5	1.5	1.5	1.5	1.5	1.5
44.0474669361516	0.00188114824352771	-2.39205449394929	-25.808065524463	-33.0058346287505	0	0	0	0	0	1.5	1.5	1.5	1.5	1.5	1.5
44.2868553434133	0.00623851639073376	-2.39108261715714	-25.9832336019474	-33.1690000342886	0	0	0	0	0	1.5	1.5	1.5	1.5	1.5	1.5
44.5262437506749	0.0105958845379398	-2.38906763694438	-26.1581577856066	-33.3324268375564	0	0	0	0	0	1.5	1.5	1.5	1.5	1.5	1.5
44.7656321579366	0.0149532526851458	-2.38600955331101	-26.3326668312004	-33.4962967792484	0	0	0	0	0	1.5	1.5	1.5	1.5	1.5	1.5
45.0050205651983	0.0193106208323519	-2.38190836625702	-26.5065881112363	-33.6607902972715	0	0	0	0	0	1.5	1.5	1.5	1.5	1.5	1.5
45.24440897246	0.0179361676824836	-2.37741613355016	-26.6797812437034	-33.8260502499051	0	0	0	0	0	1.5	1.5	1.5	1.5	1.5	1.5
45.4837973797217	0.0162627718772517	-2.37332271871454	-26.8522632330274	-33.992052336813	0	0	0	0	0	1.5	1.5	1.5	1.5	1.5	1.5
45.7231857869834	0.0145893760720199	-2.36962989543545	-27.0240976733289	-34.1587246786118	0	0	0	0	0	1.5	1.5	1.5	1.5	1.5	1.5
45.9625741942451	0.012915980266788	-2.3663376637129	-27.1953489790472	-34.3259961586881	0	0	0	0	0	1.5	1.5	1.5	1.5	1.5	1.5
46.2019626015068	0.0112425844615561	-2.36344602354687	-27.3660822919243	-34.4937963537453	0	0	0	0	0	1.5	1.5	1.5	1.5	1.5	1.5
46.4413510087685	0.0095691886563243	-2.36095497493738	-27.5363633941935	-34.662055457792	0	0	0	0	0	1.5	1.5	1.5	1.5	1.5	1.5
46.6807394160302	0.00539576353898758	-2.35906930112637	-27.706266506195	-34.8306962731762	0	0	0	0	0	1.5	1.5	1.5	1.5	1.5	1.5
46.9201278232919	6.92059411971785e-05	-2.35841517595657	-27.8759524426898	-34.9995556534735	0	0	0	0	0	1.5	1.5	1.5	1.5	1.5	1.5
47.1595162305536	-0.00525735165659338	-2.3590361669263	-28.0456355819499	-35.1684178452487	0	0	0	0	0	1.5	1.5	1.5	1.5	1.5	1.5
47.3989046378153	-0.0105839092543838	-2.36093227403555	-28.2155310853971	-35.3370663262412	0	0	0	0	0	1.5	1.5	1.5	1.5	1.5	1.5
47.638293045077	-0.0159104668521742	-2.36410349728432	-28.3858532959953	-35.5052837627708	0	0	0	0	0	1.5	1.5	1.5	1.5	1.5	1.5
47.8776814523386	-0.0212370244499646	-2.36854983667261	-28.5568149038648	-35.6728511928518	0	0	0	0	0	1.5	1.5	1.5	1.5	1.5	1.5
48.1170698596003	-0.018827221489013	-2.37388391084476	-28.7286171171956	-35.839556520712	0	0	0	0	0	1.5	1.5	1.5	1.5	1.5	1.5
48.356458266862	-0.00566076036985591	-2.37681498033189	-28.9011449840581	-36.005511041195	0	0	0	0	0	1.5	1.5	1.5	1.5	1.5	1.5
48.5958466741237	0.0075057007493012	-2.37659415166242	-29.0738976422809	-36.1712316723327	0	0	0	0	0	1.5	1.5	1.5	1.5	1.5	1.5
48.8352350813854	0.0206721618684583	-2.37322142483637	-29.2463521772836	-36.3372623555637	0	0	0	0	0	1.5	1.5	1.5	1.5	1.5	1.5
49.0746234886471	0.0338386229876154	-2.36669679985373	-29.4179827488846	-36.5041442069837	0	0	0	0	0	1.5	1.5	1.5	1.5	1.5	1.5
49.3140118959088	0.0470050841067726	-2.3570202767145	-29.5882555031155	-36.6724105159938	0	0	0	0	0	1.5	1.5	1.5	1.5	1.5	1.5
49.5534003031705	0.0561412947839904	-2.34426532430255	-29.7566242465966	-36.8425809942464	0	0	0	0	0	1.5	1.5	1.5	1.5	1.5	1.5
49.7927887104322	0.042845080723999	-2.33241722891582	-29.9228018545035	-37.0148921690925	0	0	0	0	0	1.5	1.5	1.5	1.5	1.5	1.5
50.0321771176939	0.0295488666640072	-2.32375209303551	-30.0872038705055	-37.1888991439205	0	0	0	0	0	1.5	1.5	1.5	1.5	1.5	1.5
50.2715655249556	0.0162526526040155	-2.31826991666165	-30.2503712244057	-37.3640650076615	0	0	0	0	0	1.5	1.5	1.5	1.5	1.5	1.5
50.5109539322173	0.00295643854402328	-2.31597069979421	-30.4128559955208	-37.5398645600929	0	0	0	0	0	1.5	1.5	1.5	1.5	1.5	1.5
50.750342339479	-0.0103397755159685	-2.3168544424332	-30.5752163365672	-37.7157790980097	0	0	0	0	0	1.5	1.5	1.5	1.5	1.5	1.5
50.9897307467407	-0.0236359895759603	-2.32092114457863	-30.7380115005095	-37.8912911042751	0	0	0	0	0	1.5	1.5	1.5	1.5	1.5	1.5
51.2291191540024	-0.0221671591409573	-2.32660478611642	-30.9017162495518	-38.0659548075822	0	0	0	0	0	1.5	1.5	1.5	1.5	1.5	1.5
51.468507561264	-0.0188006759403935	-2.33150839851097	-31.066345440464	-38.2397475696547	0	0	0	0	0	1.5	1.5	1.5	1.5	1.5	1.5
51.7078959685257	-0.0154341927398297	-2.33560611385405	-31.2317551941756	-38.4127976857161	0	0	0	0	0	1.5	1.5	1.5	1.5	1.5	1.5
51.9472843757874	-0.0120677095392659	-2.33889793214568	-31.397803238432	-38.5852355143091	0	0	0	0	0	1.5	1.5	1.5	1.5	1.5	1.5
52.1866727830491	-0.00870122633870205	-2.34138385338585	-31.5643487718536	-38.7571929662118	0	0	0	0	0	1.5	1.5	1.5	1.5	1.5	1.5
52.4260611903108	-0.00533474313813824	-2.34306387757457	-31.731252149742	-38.9288031595281	0	0	0	0	0	1.5	1.5	1.5	1.5	1.5	1.5
52.6654495975725	-0.00320866440514335	-2.34403005905009	-31.8983778248923	-39.1001968988628	0	0	0	0	0	1.5	1.5	1.5	1.5	1.5	1.5
52.9048380048342	-0.00184275926941217	-2.34463468518402	-32.0656358549525	-39.271461487022	0	0	0	0	0	1.5	1.5	1.5	1.5	1.5	1.5
53.1442264120959	-0.00047685413368099	-2.34491232946303	-32.2329694215868	-39.4426522771717	0	0	0	0	0	1.5	1.5	1.5	1.5	1.5	1.5
53.3836148193576	0.000889051002050232	-2.34486299188714	-32.4003225296538	-39.6138239650511	0	0	0	0	0	1.5	1.5	1.5	1.5	1.5	1.5
53.6230032266193	0.00225495613778141	-2.34448667245632	-32.5676392027464	-39.7850312655721	0	0	0	0	0	1.5	1.5	1.5	1.5	1.5	1.5
53.862391633881	0.0036208612735126	-2.3437833711706	-32.734863429532	-39.9563288578978	0	0	0	0	0	1.5	1.5	1.5	1.5	1.5	1.5
54.1017800411427	0.00352021160364204	-2.34281523812564	-32.9019403681695	-40.1277701055175	0	0	0	0	0	1.5	1.5	1.5	1.5	1.5	1.5
54.3411684484044	0.000743946799278577	-2.34230484308145	-33.068880421734	-40.2993446571503	0	0	0	0	0	1.5	1.5	1.5	1.5	1.5	1.5
54.5805568556661	-0.00203231800508489	-2.34245905364691	-33.2357899182014	-40.4709489384825	0	0	0	0	0	1.5	1.5	1.5	1.5	1.5	1.5
54.8199452629278	-0.00480858280944835	-2.34327786982202	-33.4027828781898	-40.6424719911857	0	0	0	0	0	1.5	1.5	1.5	1.5	1.5	1.5
55.0593336701894	-0.00758484761381174	-2.34476129160679	-33.5699731602777	-40.8138026906026	0	0	0	0	0	1.5	1.5	1.5	1.5	1.5	1.5
55.2987220774511	-0.0103611124181752	-2.34690931900121	-33.737474239113	-40.9848295190552	0	0	0	0	0	1.5	1.5	1.5	1.5	1.5	1.5
55.5381104847128	-0.0126392301801745	-2.34971670007171	-33.9053989559439	-41.1554403663626	0	0	0	0	0	1.5	1.5	1.5	1.5	1.5	1.5
55.7774988919745	-0.00976002102058221	-2.35239776060611	-34.073810013629	-41.3255711713794	0	0	0	0	0	1.5	1.5	1.5	1.5	1.5	1.5
56.0168872992362	-0.00688081186099009	-2.35438957184562	-34.242618133652	-41.4953080535283	0	0	0	0	0	1.5	1.5	1.5	1.5	1.5	1.5
56.2562757064979	-0.00400160270139797	-2.35569213379025	-34.411705628855	-41.6647666630968	0	0	0	0	0	1.5	1.5	1.5	1.5	1.5	1.5
56.4956641137596	-0.00112239354180594	-2.35630544643999	-34.5809553864868	-41.8340632290358	0	0	0	0	0	1.5	1.5	1.5	1.5	1.5	1.5
56.7350525210213	0.00175681561778618	-2.35622950979484	-34.7502506285773	-42.0033143160972	0	0	0	0	0	1.5	1.5	1.5	1.5	1.5	1.5
56.974440928283	0.0046360247773783	-2.3554643238548	-34.9194746711546	-42.1726365831241	0	0	0	0	0	1.5	1.5	1.5	1.5	1.5	1.5
57.2138293355447	0.00374852822414523	-2.35438053597377	-35.0885279058884	-42.3421293782962	0	0	0	0	0	1.5	1.5	1.5	1.5	1.5	1.5
57.4532177428064	0.00204594298403696	-2.35368697135705	-35.2574291571595	-42.5117736370848	0	0	0	0	0	1.5	1.5	1.5	1.5	1.5	1.5
57.6926061500681	0.000343357743928679	-2.35340098590918	-35.426247303462	-42.6815006019622	0	0	0	0	0	1.5	1.5	1.5	1.5	1.5	1.5
57.9319945573298	-0.00135922749617965	-2.35352257963017	-35.5950514988111	-42.8512414428933	0	0	0	0	0	1.5	1.5	1.5	1.5	1.5	1.5
58.1713829645915	-0.00306181273628792	-2.35405175252001	-35.7639109141928	-43.0209273468975	0	0	0	0	0	1.5	1.5	1.5	1.5	1.5	1.5
58.4107713718532	-0.0047643979763962	-2.35498850457871	-35.9328946533981	-43.1904894334962	0	0	0	0	0	1.5	1.5	1.5	1.5	1.5	1.5
58.6501597791148	-0.00557169568525832	-2.356273239825	-36.1020697984517	-43.3598605402339	0	0	0	0	0	1.5	1.5	1.5	1.5	1.5	1.5
58.8895481863765	-0.00566444647624812	-2.3576181409129	-36.2714697490876	-43.5290068012565	0	0	0	0	0	1.5	1.5	1.5	1.5	1.5	1.5
59.1289365936382	-0.00575719726723793	-2.35898524546494	-36.4410989062931	-43.6979231996067	0	0	0	0	0	1.5	1.5	1.5	1.5	1.5	1.5
59.3683250008999	-0.00584994805822773	-2.36037455348109	-36.6109607035321	-43.8666056532061	0	0	0	0	0	1.5	1.5	1.5	1.5	1.5	1.5
59.6077134081616	-0.00594269884921754	-2.36178606496138	-36.7810585582435	-44.0350500649244	0	0	0	0	0	1.5	1.5	1.5	1.5	1.5	1.5
59.8471018154233	-0.00603544964020734	-2.3632197799058	-36.9513958715471	-44.2032523223749	0	0	0	0	0	1.5	1.5	1.5	1.5	1.5	1.5
60.086490222685	-0.00587180401100545	-2.36466679374543	-37.1219758833898	-44.3712084447091	0	0	0	0	0	1.5	1.5	1.5	1.5	1.5	1.5
60.3258786299467	-0.00508089696141208	-2.36597776856593	-37.2927897005591	-44.5389267835542	0	0	0	0	0	1.5	1.5	1.5	1.5	1.5	1.5
60.5652670372084	-0.00428998991181873	-2.36709940940754	-37.4638073917375	-44.7064372394201	0	0	0	0	0	1.5	1.5	1.5	1.5	1.5	1.5
60.8046554444701	-0.00349908286222538	-2.36803171627025	-37.6349970243336	-44.8737719789966	0	0	0	0	0	1.5	1.5	1.5	1.5	1.5	1.5
61.0440438517318	-0.00270817581263203	-2.36877468915407	-37.8063267653709	-45.0409632668329	0	0	0	0	0	1.5	1.5	1.5	1.5	1.5	1.5
61.2834322589935	-0.00191726876303868	-2.36932832805899	-37.9777648632466	-45.2080434471698	0	0	0	0	0	1.5	1.5	1.5	1.5	1.5	1.5
61.5228206662552	-0.00115579133961322	-2.36969271815645	-38.1492796295295	-45.3750449257308	0	0	0	0	0	1.5	1.5	1.5	1.5	1.5	1.5
61.7622090735168	-0.00158204710030641	-2.37002042154819	-38.3208481294298	-45.5419912010998	0	0	0	0	0	1.5	1.5	1.5	1.5	1.5	1.5
62.0015974807785	-0.00200830286099961	-2.37045016562756	-38.4924798429887	-45.7088724868971	0	0	0	0	0	1.5	1.5	1.5	1.5	1.5	1.5
62.2409858880402	-0.00243455862169281	-2.37098195039457	-38.6641917665926	-45.8756712383078	0	0	0	0	0	1.5	1.5	1.5	1.5	1.5	1.5
62.4803742953019	-0.00286081438238604	-2.37161577584923	-38.8360008713424	-46.0423698859839	0	0	0	0	0	1.5	1.5	1.5	1.5	1.5	1.5
62.7197627025636	-0.00328707014307924	-2.37235164199152	-39.0079240976601	-46.2089508308636	0	0	0	0	0	1.5	1.5	1.5	1.5	1.5	1.5
62.9591511098253	-0.00371332590377244	-2.37318954882144	-39.1799783498808	-46.3753964390074	0	0	0	0	0	1.5	1.5	1.5	1.5	1.5	1.5
63.198539517087	-0.00535543525313013	-2.37423983943543	-39.3521851267967	-46.5416842325939	0	0	0	0	0	1.5	1.5	1.5	1.5	1.5	1.5
63.4379279243487	-0.00738527058410144	-2.37576482807431	-39.5246050892298	-46.7077509509967	0	0	0	0	0	1.5	1.5	1.5	1.5	1.5	1.5
63.6773163316104	-0.00941510591507276	-2.37777573576008	-39.6973183670335	-46.8735125686034	0	0	0	0	0	1.5	1.5	1.5	1.5	1.5	1.5
63.9167047388721	-0.0114449412460441	-2.38027256249273	-39.8704047947137	-47.0388844776262	0	0	0	0	0	1.5	1.5	1.5	1.5	1.5	1.5
64.1560931461338	-0.0134747765770154	-2.38325530827226	-40.0439436366273	-47.2037815284569	0	0	0	0	0	1.5	1.5	1.5	1.5	1.5	1.5
64.3954815533955	-0.0155046119079866	-2.38672397309868	-40.2180134613223	-47.3681179157401	0	0	0	0	0	1.5	1.5	1.5	1.5	1.5	1.5
64.6348699606572	-0.0162055334620226	-2.39060026378161	-40.3926899149278	-47.5318093131266	0	0	0	0	0	1.5	1.5	1.5	1.5	1.5	1.5
64.8742583679189	-0.015535499517476	-2.39439948144652	-40.5679977860324	-47.6948243152805	0	0	0	0	0	1.5	1.5	1.5	1.5	1.5	1.5
65.1136467751806	-0.0148654655729294	-2.39803830075262	-40.7439107079418	-47.8571862264582	0	0	0	0	0	1.5	1.5	1.5	1.5	1.5	1.5
65.3530351824423	-0.0141954316283828	-2.40151672169993	-40.9204003075317	-48.0189211113294	0	0	0	0	0	1.5	1.5	1.5	1.5	1.5	1.5
65.592423589704	-0.0135253976838362	-2.40483474428844	-41.0974385060695	-48.1800553200258	0	0	0	0	0	1.5	1.5	1.5	1.5	1.5	1.5
65.8318119969656	-0.0128553637392896	-2.40799236851816	-41.2749975075039	-48.3406154736245	0	0	0	0	0	1.5	1.5	1.5	1.5	1.5	1.5
66.0712004042273	-0.01070010035501	-2.41094939453072	-41.4530493023776	-48.5006289900086	0	0	0	0	0	1.5	1.5	1.5	1.5	1.5	1.5
66.310588811489	-0.00346202783407331	-2.41264451918603	-41.6314910492068	-48.6602076181469	0	0	0	0	0	1.5	1.5	1.5	1.5	1.5	1.5
66.5499772187507	0.00377604468686291	-2.41260693318891	-41.8100650099799	-48.8196383235314	0	0	0	0	0	1.5	1.5	1.5	1.5	1.5	1.5
66.7893656260124	0.0110141172077996	-2.41083663653936	-41.9884947585247	-48.9792303633084	0	0	0	0	0	1.5	1.5	1.5	1.5	1.5	1.5
67.0287540332741	0.0182521897287362	-2.40733362923738	-42.166503030908	-49.1392922440115	0	0	0	0	0	1.5	1.5	1.5	1.5	1.5	1.5
67.2681424405358	0.0254902622496724	-2.40209791128296	-42.3438101260543	-49.3001302755582	0	0	0	0	0	1.5	1.5	1.5	1.5	1.5	1.5
67.5075308477975	0.0327283347706091	-2.39512948267611	-42.5201323254571	-49.4620471041885	0	0	0	0	0	1.5	1.5	1.5	1.5	1.5	1.5
67.7469192550592	0.0225654083662091	-2.38842807040877	-42.6952850387936	-49.6252283571981	0	0	0	0	0	1.5	1.5	1.5	1.5	1.5	1.5
67.9863076623209	0.0116796178604823	-2.38432913926625	-42.8695539245039	-49.7893535661963	0	0	0	0	0	1.5	1.5	1.5	1.5	1.5	1.5
68.2256960695826	0.000793827354756055	-2.38283614017468	-43.043363346828	-49.9539654827065	0	0	0	0	0	1.5	1.5	1.5	1.5	1.5	1.5
68.4650844768443	-0.0100919631509708	-2.38394907313406	-43.2171414914788	-50.1186104325756	0	0	0	0	0	1.5	1.5	1.5	1.5	1.5	1.5
68.704472884106	-0.020977753656697	-2.38766793814439	-43.3913168027895	-50.2828349857786	0	0	0	0	0	1.5	1.5	1.5	1.5	1.5	1.5
68.9438612913677	-0.0318635441624238	-2.39399273520567	-43.566314431493	-50.4461826147847	0	0	0	0	0	1.5	1.5	1.5	1.5	1.5	1.5
69.1832496986293	-0.0278316276841056	-2.40168404864926	-43.7425063142149	-50.6082410568842	0	0	0	0	0	1.5	1.5	1.5	1.5	1.5	1.5
69.422638105891	-0.017226237170717	-2.40707721390037	-43.919770291376	-50.7691265830081	0	0	0	0	0	1.5	1.5	1.5	1.5	1.5	1.5
69.6620265131527	-0.00662084665732845	-2.40993157160808	-44.0976963681912	-50.9292798886223	0	0	0	0	0	1.5	1.5	1.5	1.5	1.5	1.5
69.9014149204144	0.00398454385605951	-2.41024712177241	-44.2758761167736	-51.0891510421738	0	0	0	0	0	1.5	1.5	1.5	1.5	1.5	1.5
70.1408033276761	0.0145899343694481	-2.40802386439335	-44.4539032547215	-51.2491920480671	0	0	0	0	0	1.5	1.5	1.5	1.5	1.5	1.5
70.3801917349378	0.0251953248828361	-2.4032617994709	-44.6313702078287	-51.4098537462917	0	0	0	0	0	1.5	1.5	1.5	1.5	1.5	1.5
70.6195801421995	0.0288995187166122	-2.39631459703965	-44.8078728763895	-51.5715738104791	0	0	0	0	0	1.5	1.5	1.5	1.5	1.5	1.5
70.8589685494612	0.0233864448416603	-2.39005627027047	-44.9832721881271	-51.7344900582627	0	0	0	0	0	1.5	1.5	1.5	1.5	1.5	1.5
71.0983569567229	0.0178733709667084	-2.38511770947533	-45.1577567858871	-51.8983858119116	0	0	0	0	0	1.5	1.5	1.5	1.5	1.5	1.5
71.3377453639846	0.0123602970917562	-2.38149891465424	-45.3315386132932	-52.0630267039062	0	0	0	0	0	1.5	1.5	1.5	1.5	1.5	1.5
71.5771337712463	0.00684722321680394	-2.37919988580718	-45.5048325791794	-52.2281811332706	0	0	0	0	0	1.5	1.5	1.5	1.5	1.5	1.5
71.816522178508	0.0013341493418517	-2.37822062293416	-45.6778556313776	-52.393619424549	0	0	0	0	0	1.5	1.5	1.5	1.5	1.5	1.5
72.0559105857697	-0.00326335936242941	-2.37854336603142	-45.8508256844292	-52.5591131392705	0	0	0	0	0	1.5	1.5	1.5	1.5	1.5	1.5
72.2952989930314	-0.0031269517193389	-2.3793082492273	-46.0239030361499	-52.7244946287384	0	0	0	0	0	1.5	1.5	1.5	1.5	1.5	1.5
72.5346874002931	-0.0029905440762484	-2.38004047801477	-46.1971041370259	-52.8897465141318	0	0	0	0	0	1.5	1.5	1.5	1.5	1.5	1.5
72.7740758075547	-0.0028541364331579	-2.38074005239382	-46.3704234979318	-53.0548743625681	0	0	0	0	0	1.5	1.5	1.5	1.5	1.5	1.5
73.0134642148164	-0.00271772879006739	-2.38140697236445	-46.5438556418323	-53.2198837528137	0	0	0	0	0	1.5	1.5	1.5	1.5	1.5	1.5
73.2528526220781	-0.00258132114697689	-2.38204123792667	-46.7173951032437	-53.384780274739	0	0	0	0	0	1.5	1.5	1.5	1.5	1.5	1.5
73.4922410293398	-0.00244491350388639	-2.38264284908046	-46.8910364276937	-53.5495695287757	0	0	0	0	0	1.5	1.5	1.5	1.5	1.5	1.5
73.7316294366015	-0.00321508909076276	-2.38330904318756	-47.0647789535147	-53.7142520783565	0	0	0	0	0	1.5	1.5	1.5	1.5	1.5	1.5
73.9710178438632	-0.00409038975267066	-2.38418346665986	-47.2386481817377	-53.8788008472776	0	0	0	0	0	1.5	1.5	1.5	1.5	1.5	1.5
74.2104062511249	-0.00496569041457856	-2.3852674269635	-47.4126784484248	-54.0431792831915	0	0	0	0	0	1.5	1.5	1.5	1.5	1.5	1.5
74.4497946583866	-0.00584099107648641	-2.38656092409846	-47.586903989858	-54.2073507248308	0	0	0	0	0	1.5	1.5	1.5	1.5	1.5	1.5
74.6891830656483	-0.00671629173839431	-2.38806395806476	-47.76135891191	-54.3712783884849	0	0	0	0	0	1.5	1.5	1.5	1.5	1.5	1.5
74.92857147291	-0.00759159240030216	-2.38977652886238	-47.936077166746	-54.5349253467475	0	0	0	0	0	1.5	1.5	1.5	1.5	1.5	1.5
75.1679598801717	-0.00421527191821273	-2.39137797796401	-48.1110815358669	-54.6982663009239	0	0	0	0	0	1.5	1.5	1.5	1.5	1.5	1.5
75.4073482874334	0.00165687380400101	-2.39168420338886	-48.2862484370653	-54.8614329815016	0	0	0	0	0	1.5	1.5	1.5	1.5	1.5	1.5
75.6467366946951	0.00752901952621509	-2.39058470520206	-48.4613505985095	-55.0246691192236	0	0	0	0	0	1.5	1.5	1.5	1.5	1.5	1.5
75.8861251019568	0.0134011652484288	-2.38807948340362	-48.6361582285129	-55.1882205542356	0	0	0	0	0	1.5	1.5	1.5	1.5	1.5	1.5
76.1255135092185	0.0192733109706429	-2.38416853799352	-48.810440207704	-55.3523318824816	0	0	0	0	0	1.5	1.5	1.5	1.5	1.5	1.5
76.3649019164802	0.025145456692857	-2.37885186897177	-48.9839630627838	-55.5172454754576	0	0	0	0	0	1.5	1.5	1.5	1.5	1.5	1.5
76.6042903237418	0.0255524768664921	-2.37236764763346	-49.1564947666921	-55.6831955096149	0	0	0	0	0	1.5	1.5	1.5	1.5	1.5	1.5
76.8436787310035	0.0164145086813557	-2.36734444271952	-49.3280339825955	-55.8501715140521	0	0	0	0	0	1.5	1.5	1.5	1.5	1.5	1.5
77.0830671382652	0.0072765404962198	-2.36450876145503	-49.4989158755684	-56.0178204013245	0	0	0	0	0	1.5	1.5	1.5	1.5	1.5	1.5
77.3224555455269	-0.0018614276889166	-2.36386060383999	-49.6695055327543	-56.1857667499164	0	0	0	0	0	1.5	1.5	1.5	1.5	1.5	1.5
77.5618439527886	-0.0109993958740525	-2.3653999698744	-49.8401699967371	-56.3536370527323	0	0	0	0	0	1.5	1.5	1.5	1.5	1.5	1.5
77.8012323600503	-0.0201373640591883	-2.36912685955825	-50.011275810404	-56.5210573124041	0	0	0	0	0	1.5	1.5	1.5	1.5	1.5	1.5
78.040620767312	-0.0288140197895463	-2.37503585151971	-50.1831865269899	-56.6876506726655	0	0	0	0	0	1.5	1.5	1.5	1.5	1.5	1.5
78.2800091745737	-0.0332535414978422	-2.38246497883931	-50.3562193751326	-56.8530779356323	0	0	0	0	0	1.5	1.5	1.5	1.5	1.5	1.5
78.5193975818354	-0.0376930632061386	-2.39095687618967	-50.5305634897188	-57.0171224258602	0	0	0	0	0	1.5	1.5	1.5	1.5	1.5	1.5
78.7587859890971	-0.0421325849144345	-2.40051154357077	-50.7063805659992	-57.1795869732587	0	0	0	0	0	1.5	1.5	1.5	1.5	1.5	1.5
78.9981743963588	-0.0465721066227307	-2.41112898098264	-50.8838271391993	-57.3402698433891	0	0	0	0	0	1.5	1.5	1.5	1.5	1.5	1.5
79.2375628036205	-0.0510116283310267	-2.42280918842525	-51.0630538952457	-57.4989642914455	0	0	0	0	0	1.5	1.5	1.5	1.5	1.5	1.5
79.4769512108821	-0.0554511500393226	-2.43555216589861	-51.2442049558809	-57.6554581482038	0	0	0	0	0	1.5	1.5	1.5	1.5	1.5	1.5
79.7163396181438	-0.056402899087702	-2.44901073788513	-51.4274023776869	-57.8095511327944	0	0	0	0	0	1.5	1.5	1.5	1.5	1.5	1.5
79.9557280254055	-0.0566484986334914	-2.46254233490472	-51.6126634972871	-57.9611567153919	0	0	0	0	0	1.5	1.5	1.5	1.5	1.5	1.5
80.1951164326672	-0.0568940981792808	-2.4761327256084	-51.7999634292539	-58.1102361002193	0	0	0	0	0	1.5	1.5	1.5	1.5	1.5	1.5
80.4345048399289	-0.0571396977250703	-2.48978190999618	-51.9892763436933	-58.2567507420598	0	0	0	0	0	1.5	1.5	1.5	1.5	1.5	1.5
80.6738932471906	-0.0573852972708597	-2.50348988806804	-52.1805755849601	-58.4006622164351	0	0	0	0	0	1.5	1.5	1.5	1.5	1.5	1.5
80.9132816544523	-0.0576308968166491	-2.517256659824	-52.3738336666381	-58.5419322356119	0	0	0	0	0	1.5	1.5	1.5	1.5	1.5	1.5
81.152670061714	-0.0620445529874871	-2.53136384153586	-52.5690295583176	-58.6805122849715	0	0	0	0	0	1.5	1.5	1.5	1.5	1.5	1.5
81.3920584689757	-0.06967399794375	-2.54712978859299	-52.7662650201886	-58.8161728717933	0	0	0	0	0	1.5	1.5	1.5	1.5	1.5	1.5
81.6314468762374	-0.0773034429000125	-2.56472213632648	-52.96573513946	-58.9485246863075	0	0	0	0	0	1.5	1.5	1.5	1.5	1.5	1.5
81.8708352834991	-0.0849328878562755	-2.58414088473635	-53.167619639338	-59.0771623836954	0	0	0	0	0	1.5	1.5	1.5	1.5	1.5	1.5
82.1102236907608	-0.092562332812538	-2.60538603382258	-53.3720770544718	-59.2016686855934	0	0	0	0	0	1.5	1.5	1.5	1.5	1.5	1.5
82.3496120980225	-0.100191777768801	-2.62845758358519	-53.5792422078251	-59.3216139503169	0	0	0	0	0	1.5	1.5	1.5	1.5	1.5	1.5
82.5890005052842	-0.102138841996907	-2.6531540879963	-53.7892213496035	-59.4365601690546	0	0	0	0	0	1.5	1.5	1.5	1.5	1.5	1.5
82.8283889125459	-0.0905827009525638	-2.67622173960215	-54.0019194081172	-59.5463955172504	0	0	0	0	0	1.5	1.5	1.5	1.5	1.5	1.5
83.0677773198076	-0.0790265599082202	-2.6965229850093	-54.2169500688475	-59.6515936906664	0	0	0	0	0	1.5	1.5	1.5	1.5	1.5	1.5
83.3071657270692	-0.0674704188638773	-2.71405782421775	-54.4339332228823	-59.7527057644054	0	0	0	0	0	1.5	1.5	1.5	1.5	1.5	1.5
83.5465541343309	-0.0559142778195337	-2.7288262572275	-54.652521943053	-59.8503005325083	0	0	0	0	0	1.5	1.5	1.5	1.5	1.5	1.5
83.7859425415926	-0.0443581367751908	-2.74082828403856	-54.8723980497178	-59.9449610772426	0	0	0	0	0	1.5	1.5	1.5	1.5	1.5	1.5
84.0253309488543	-0.033343394588483	-2.75006571323304	-55.0932674668994	-60.0372817256845	0	0	0	0	0	1.5	1.5	1.5	1.5	1.5	1.5
84.264719356116	-0.0411858164077196	-2.75898642779047	-55.3149311233741	-60.1276789193049	0	0	0	0	0	1.5	1.5	1.5	1.5	1.5	1.5
84.5041077633777	-0.0490282382269561	-2.76978452721627	-55.537474911208	-60.2158861464651	0	0	0	0	0	1.5	1.5	1.5	1.5	1.5	1.5
84.7434961706394	-0.0568706600461931	-2.78246001151046	-55.7610382068385	-60.3014752510365	0	0	0	0	0	1.5	1.5	1.5	1.5	1.5	1.5
84.9828845779011	-0.0647130818654297	-2.79701288067303	-55.9857454951084	-60.3840127119736	0	0	0	0	0	1.5	1.5	1.5	1.5	1.5	1.5
85.2222729851628	-0.0725555036846671	-2.81344313470398	-56.2117038556995	-60.4630591499793	0	0	0	0	0	1.5	1.5	1.5	1.5	1.5	1.5
85.4616613924245	-0.0803979255039037	-2.83175077360332	-56.4390004002123	-60.5381689995063	0	0	0	0	0	1.5	1.5	1.5	1.5	1.5	1.5
85.7010497996862	-0.10095017269587	-2.85309517874832	-56.667720041924	-60.6088228764224	0	0	0	0	0	1.5	1.5	1.5	1.5	1.5	1.5
85.9404382069479	-0.125469903170916	-2.88019634941523	-56.8980780549776	-60.6739265258559	0	0	0	0	0	1.5	1.5	1.5	1.5	1.5	1.5
86.1798266142096	-0.149989633645961	-2.91316725930705	-57.1302839155418	-60.732081954398	0	0	0	0	0	1.5	1.5	1.5	1.5	1.5	1.5
86.4192150214713	-0.174509364121008	-2.95200790842377	-57.364423664211	-60.7818632846614	0	0	0	0	0	1.5	1.5	1.5	1.5	1.5	1.5
86.6586034287329	-0.199029094596053	-2.9967182967654	-57.6004333459663	-60.821821901932	0	0	0	0	0	1.5	1.5	1.5	1.5	1.5	1.5
86.8979918359946	-0.2235488250711	-3.04729842433194	-57.8380727787774	-60.8504940179184	0	0	0	0	0	1.5	1.5	1.5	1.5	1.5	1.5
87.1373802432563	-0.218303797613228	-3.10200921959565	-58.0768963302125	-60.8664811356144	0	0	0	0	0	1.5	1.5	1.5	1.5	1.5	1.5
87.376768650518	-0.181847324061871	-3.14990498943654	-58.3162352441732	-60.8700495243078	0	0	0	0	0	1.5	1.5	1.5	1.5	1.5	1.5
87.6161570577797	-0.145390850510513	-3.18907350213959	-58.5555102807596	-60.8631986727102	0	0	0	0	0	1.5	1.5	1.5	1.5	1.5	1.5
87.8555454650414	-0.108934376959157	-3.21951475770481	-58.7944080578076	-60.8480253292221	0	0	0	0	0	1.5	1.5	1.5	1.5	1.5	1.5
88.0949338723031	-0.0724779034077993	-3.24122875613219	-59.0328334911648	-60.8266275591509	0	0	0	0	0	1.5	1.5	1.5	1.5	1.5	1.5
88.3343222795648	-0.0360214298564436	-3.25421549742173	-59.2708548011297	-60.8010961265455	0	0	0	0	0	1.5	1.5	1.5	1.5	1.5	1.5
88.5737106868265	-0.0123075274110871	-3.25880144689865	-59.5086479446681	-60.7735074735304	0	0	0	0	0	1.5	1.5	1.5	1.5	1.5	1.5
88.8130990940882	-0.0353830151305323	-3.26450972840889	-59.7463258647967	-60.7449442493309	0	0	0	0	0	1.5	1.5	1.5	1.5	1.5	1.5
89.0524875013499	-0.0584585028499789	-3.27574201417108	-59.9837523973295	-60.7143689938336	0	0	0	0	0	1.5	1.5	1.5	1.5	1.5	1.5
89.2918759086116	-0.0815339905694241	-3.29249830418521	-60.220726289897	-60.6804744440512	0	0	0	0	0	1.5	1.5	1.5	1.5	1.5	1.5
89.5312643158733	-0.104609478288871	-3.31477859845129	-60.4569914001642	-60.6419616647999	0	0	0	0	0	1.5	1.5	1.5	1.5	1.5	1.5
89.770652723135	-0.127684966008317	-3.34258289696931	-60.6922153722152	-60.5975454709126	0	0	0	0	0	1.5	1.5	1.5	1.5	1.5	1.5
90.0100411303967	-0.150760453727763	-3.37591119973927	-60.9259687517383	-60.5459619437344	0	0	0	0	0	1.5	1.5	1.5	1.5	1.5	1.5
90.2494295376584	-0.128274351587287	-3.4095996339388	-61.1578058689784	-60.4863554555517	0	0	0	0	0	1.5	1.5	1.5	1.5	1.5	1.5
90.48881794492	-0.103233196037113	-3.43730974548623	-61.3877071628259	-60.4196581172868	0	0	0	0	0	1.5	1.5	1.5	1.5	1.5	1.5
90.7282063521817	-0.0781920404869378	-3.45902529469052	-61.6158929620843	-60.3472993187019	0	0	0	0	0	1.5	1.5	1.5	1.5	1.5	1.5
90.9675947594434	-0.0531508849367638	-3.47474628155165	-61.8426865558936	-60.2706814865134	0	0	0	0	0	1.5	1.5	1.5	1.5	1.5	1.5
91.2069831667051	-0.0281097293865899	-3.48447270606964	-62.0684883907113	-60.1911837740877	0	0	0	0	0	1.5	1.5	1.5	1.5	1.5	1.5
91.4463715739668	-0.00306857383641446	-3.48820456824448	-62.2937509230536	-60.1101681479063	0	0	0	0	0	1.5	1.5	1.5	1.5	1.5	1.5
91.6857599812285	-0.00256414090464738	-3.48793247111942	-62.5189174829687	-60.0288857479215	0	0	0	0	0	1.5	1.5	1.5	1.5	1.5	1.5
91.9251483884902	-0.0137240683032112	-3.48988207534913	-62.7440301388113	-59.9474542859982	0	0	0	0	0	1.5	1.5	1.5	1.5	1.5	1.5
92.1645367957519	-0.024883995701775	-3.49450323682394	-62.968873882253	-59.8652837437368	0	0	0	0	0	1.5	1.5	1.5	1.5	1.5	1.5
92.4039252030136	-0.0360439231003389	-3.50179595554384	-63.1932238567764	-59.7817753973727	0	0	0	0	0	1.5	1.5	1.5	1.5	1.5	1.5
92.6433136102753	-0.0472038504989021	-3.51176023150884	-63.4168445076589	-59.6963345446563	0	0	0	0	0	1.5	1.5	1.5	1.5	1.5	1.5
92.882702017537	-0.0583637778974652	-3.52439606471894	-63.6394848556575	-59.6083724964606	0	0	0	0	0	1.5	1.5	1.5	1.5	1.5	1.5
93.1220904247987	-0.0569171148872533	-3.53908240216818	-63.8608817256355	-59.5173275902145	0	0	0	0	0	1.5	1.5	1.5	1.5	1.5	1.5
93.3614788320604	-0.0374475543117879	-3.55037730609885	-64.081041842367	-59.4233290712722	0	0	0	0	0	1.5	1.5	1.5	1.5	1.5	1.5
93.6008672393221	-0.0179779937363214	-3.55701142293327	-64.3003512370866	-59.3273603940363	0	0	0	0	0	1.5	1.5	1.5	1.5	1.5	1.5
93.8402556465837	0.00149156683914405	-3.55898475267145	-64.5192459453464	-59.2304485995942	0	0	0	0	0	1.5	1.5	1.5	1.5	1.5	1.5
94.0796440538454	0.0209611274146106	-3.55629729531338	-64.7381752129821	-59.1336149841313	0	0	0	0	0	1.5	1.5	1.5	1.5	1.5	1.5
94.3190324611071	0.0404306879900772	-3.54894905085906	-64.9575871913908	-59.0378813240702	0	0	0	0	0	1.5	1.5	1.5	1.5	1.5	1.5
94.5584208683688	0.0564404150100105	-3.53700036860552	-65.1779143511049	-58.9442754281597	0	0	0	0	0	1.5	1.5	1.5	1.5	1.5	1.5
94.7978092756305	0.0521683027095772	-3.52400053463071	-65.3994323051054	-58.8535241281265	0	0	0	0	0	1.5	1.5	1.5	1.5	1.5	1.5
95.0371976828922	0.0478961904091442	-3.51202339481514	-65.6220665390192	-58.7655461634034	0	0	0	0	0	1.5	1.5	1.5	1.5	1.5	1.5
95.2765860901539	0.0436240781087109	-3.50106894915882	-65.8456950723817	-58.6801265201767	0	0	0	0	0	1.5	1.5	1.5	1.5	1.5	1.5
95.5159744974156	0.0393519658082779	-3.49113719766173	-66.0702036409329	-58.5970467931901	0	0	0	0	0	1.5	1.5	1.5	1.5	1.5	1.5
95.7553629046773	0.0350798535078446	-3.48222814032389	-66.2954850615779	-58.5160856178142	0	0	0	0	0	1.5	1.5	1.5	1.5	1.5	1.5
95.994751311939	0.0308077412074115	-3.4743417771453	-66.5214385808863	-58.4370190664432	0	0	0	0	0	1.5	1.5	1.5	1.5	1.5	1.5
96.2341397192007	0.0411077937981408	-3.46594459021915	-66.748003752846	-58.3597229036883	0	0	0	0	0	1.5	1.5	1.5	1.5	1.5	1.5
96.4735281264624	0.0534098756410708	-3.45463137304658	-66.9753181324249	-58.2846604599447	0	0	0	0	0	1.5	1.5	1.5	1.5	1.5	1.5
96.7129165337241	0.065711957484	-3.44037318009563	-67.2035729161082	-58.2125106732562	0	0	0	0	0	1.5	1.5	1.5	1.5	1.5	1.5
96.9523049409858	0.0780140393269299	-3.42317001136629	-67.4329334920298	-58.1439605328962	0	0	0	0	0	1.5	1.5	1.5	1.5	1.5	1.5
97.1916933482475	0.0903161211698591	-3.40302186685858	-67.6635331584303	-58.0797058514132	0	0	0	0	0	1.5	1.5	1.5	1.5	1.5	1.5
97.4310817555092	0.102618203012789	-3.37992874657248	-67.8954668177515	-58.0204518238095	0	0	0	0	0	1.5	1.5	1.5	1.5	1.5	1.5
97.6704701627708	0.0967127294536559	-3.35522450630123	-68.128770540226	-57.9668493972264	0	0	0	0	0	1.5	1.5	1.5	1.5	1.5	1.5
97.9098585700325	0.079266143605499	-3.33416085523456	-68.3632510095292	-57.9186456745656	0	0	0	0	0	1.5	1.5	1.5	1.5	1.5	1.5
98.1492469772942	0.0618195577573431	-3.31727371456623	-68.59860545005	-57.8748994334913	0	0	0	0	0	1.5	1.5	1.5	1.5	1.5	1.5
98.3886353845559	0.0443729719091873	-3.30456308429625	-68.8345827062925	-57.8346406314466	0	0	0	0	0	1.5	1.5	1.5	1.5	1.5	1.5
98.6280237918176	0.0269263860610304	-3.29602896442462	-69.0709751594166	-57.7968905527782	0	0	0	0	0	1.5	1.5	1.5	1.5	1.5	1.5
98.8674121990793	0.00947980021287344	-3.29167135495132	-69.3076065626715	-57.7606649202164	0	0	0	0	0	1.5	1.5	1.5	1.5	1.5	1.5
99.106800606341	0.00305427504595923	-3.29103571022133	-69.5443216152903	-57.7249887111085	0	0	0	0	0	1.5	1.5	1.5	1.5	1.5	1.5
99.3461890136027	0.017592397622486	-3.28856442317866	-69.7810753717335	-57.6895706618732	0	0	0	0	0	1.5	1.5	1.5	1.5	1.5	1.5
99.5855774208644	0.0321305201990128	-3.28261287812781	-70.0179758989888	-57.6551500343548	0	0	0	0	0	1.5	1.5	1.5	1.5	1.5	1.5
99.8249658281261	0.0466686427755405	-3.27318107506879	-70.2551336391297	-57.6225526413528	0	0	0	0	0	1.5	1.5	1.5	1.5	1.5	1.5
100.064354235388	0.0612067653520673	-3.26026901400161	-70.4926399780767	-57.5926068345885	0	0	0	0	0	1.5	1.5	1.5	1.5	1.5	1.5
100.303742642649	0.075744887928595	-3.24387669492625	-70.7305585676678	-57.5661442180893	0	0	0	0	0	1.5	1.5	1.5	1.5	1.5	1.5
100.543131049911	0.0884561284964038	-3.22402130343024	-70.9689165895261	-57.5439997707134	0	0	0	0	0	1.5	1.5	1.5	1.5	1.5	1.5
100.782519457173	0.0797492412819765	-3.20388809564819	-71.207677488904	-57.5267340132002	0	0	0	0	0	1.5	1.5	1.5	1.5	1.5	1.5
101.021907864435	0.0710423540675491	-3.1858392157286	-71.4467252732494	-57.5140292777339	0	0	0	0	0	1.5	1.5	1.5	1.5	1.5	1.5
101.261296271696	0.0623354668531223	-3.16987466367148	-71.6859552508151	-57.5053915757502	0	0	0	0	0	1.5	1.5	1.5	1.5	1.5	1.5
101.500684678958	0.053628579638695	-3.15599443947683	-71.9252881039807	-57.500324572373	0	0	0	0	0	1.5	1.5	1.5	1.5	1.5	1.5
101.74007308622	0.0449216924242681	-3.14419854314465	-72.164666816998	-57.4983304672588	0	0	0	0	0	1.5	1.5	1.5	1.5	1.5	1.5
101.979461493481	0.0362148052098408	-3.13448697467494	-72.4040535797417	-57.4989106435057	0	0	0	0	0	1.5	1.5	1.5	1.5	1.5	1.5
102.218849900743	0.0386128793542126	-3.12578172544252	-72.643425724851	-57.5016358748249	0	0	0	0	0	1.5	1.5	1.5	1.5	1.5	1.5
102.458238308005	0.0435985626903217	-3.11594149235765	-72.8827622187458	-57.5065744667775	0	0	0	0	0	1.5	1.5	1.5	1.5	1.5	1.5
102.697626715266	0.0485842460264306	-3.10490774447985	-73.1220338857249	-57.5140106893793	0	0	0	0	0	1.5	1.5	1.5	1.5	1.5	1.5
102.937015122528	0.0535699293625397	-3.0926804818091	-73.3612026081697	-57.5242291848579	0	0	0	0	0	1.5	1.5	1.5	1.5	1.5	1.5
103.17640352979	0.0585556126986485	-3.07925970434541	-73.6002203211192	-57.5375138435775	0	0	0	0	0	1.5	1.5	1.5	1.5	1.5	1.5
103.415791937051	0.0635412960347576	-3.06464541208878	-73.8390280069954	-57.5541475033576	0	0	0	0	0	1.5	1.5	1.5	1.5	1.5	1.5
103.655180344313	0.0587101975572146	-3.04947712524559	-74.0775572056718	-57.5743839223765	0	0	0	0	0	1.5	1.5	1.5	1.5	1.5	1.5
103.894568751575	0.045659179076918	-3.03698471582592	-74.3157808218563	-57.597954500939	0	0	0	0	0	1.5	1.5	1.5	1.5	1.5	1.5
104.133957158837	0.0326081605966206	-3.02761656893339	-74.5537332570904	-57.6241275444681	0	0	0	0	0	1.5	1.5	1.5	1.5	1.5	1.5
104.373345566098	0.019557142116324	-3.021372684568	-74.7914746207433	-57.652157289069	0	0	0	0	0	1.5	1.5	1.5	1.5	1.5	1.5
104.61273397336	0.00650612363602661	-3.01825306272975	-75.0290824406607	-57.6812998042739	0	0	0	0	0	1.5	1.5	1.5	1.5	1.5	1.5
104.852122380622	-0.00654489484427	-3.01825770341865	-75.2666446795449	-57.7108123678799	0	0	0	0	0	1.5	1.5	1.5	1.5	1.5	1.5
105.091510787883	-0.0173146569690286	-3.02131073071916	-75.5042525670443	-57.7399543479281	0	0	0	0	0	1.5	1.5	1.5	1.5	1.5	1.5
105.330899195145	-0.0221561631334934	-3.02603515909799	-75.7419756046675	-57.7681405185784	0	0	0	0	0	1.5	1.5	1.5	1.5	1.5	1.5
105.570287602407	-0.0269976692979586	-3.03191858792628	-75.9798446734085	-57.7950654188723	0	0	0	0	0	1.5	1.5	1.5	1.5	1.5	1.5
105.809676009668	-0.0318391754624234	-3.03896101720402	-76.2178826382587	-57.820452420795	0	0	0	0	0	1.5	1.5	1.5	1.5	1.5	1.5
106.04906441693	-0.0366806816268885	-3.04716244693123	-76.4561070095715	-57.8440243769412	0	0	0	0	0	1.5	1.5	1.5	1.5	1.5	1.5
106.288452824192	-0.0415221877913534	-3.05652287710789	-76.6945289756614	-57.8655036014943	0	0	0	0	0	1.5	1.5	1.5	1.5	1.5	1.5
106.527841231453	-0.0462483251448521	-3.06704214575908	-76.9331524329218	-57.88461188805	0	0	0	0	0	1.5	1.5	1.5	1.5	1.5	1.5
106.767229638715	-0.041254202493598	-3.07751569112045	-77.1719665711201	-57.9011676411119	0	0	0	0	0	1.5	1.5	1.5	1.5	1.5	1.5
107.006618045977	-0.0362600798423442	-3.08679370141467	-77.4109327969243	-57.9153641637745	0	0	0	0	0	1.5	1.5	1.5	1.5	1.5	1.5
107.246006453239	-0.0312659571910902	-3.09487617664173	-77.650013454608	-57.9274859032983	0	0	0	0	0	1.5	1.5	1.5	1.5	1.5	1.5
107.4853948605	-0.0262718345398364	-3.10176311680164	-77.8891783207438	-57.9378178788699	0	0	0	0	0	1.5	1.5	1.5	1.5	1.5	1.5
107.724783267762	-0.0212777118885823	-3.1074545218944	-78.128403586011	-57.946645516432	0	0	0	0	0	1.5	1.5	1.5	1.5	1.5	1.5
107.964171675024	-0.0162835892373285	-3.11195039192	-78.3676708339302	-57.9542545218161	0	0	0	0	0	1.5	1.5	1.5	1.5	1.5	1.5
108.203560082285	-0.0108419297607202	-3.11521080465691	-78.6069659536999	-57.9609331593914	0	0	0	0	0	1.5	1.5	1.5	1.5	1.5	1.5
108.442948489547	-0.00524730301514659	-3.11713659256105	-78.8462776682046	-57.9669907974131	0	0	0	0	0	1.5	1.5	1.5	1.5	1.5	1.5
108.682336896809	0.000347323730427994	-3.11772309167934	-79.0855968367167	-57.9727478216859	0	0	0	0	0	1.5	1.5	1.5	1.5	1.5	1.5
108.92172530407	0.00594195047600158	-3.11697030201178	-79.3249155235115	-57.978524744143	0	0	0	0	0	1.5	1.5	1.5	1.5	1.5	1.5
109.161113711332	0.0115365772215762	-3.11487822355838	-79.5642257129174	-57.9846420747197	0	0	0	0	0	1.5	1.5	1.5	1.5	1.5	1.5
109.400502118594	0.0171312039671504	-3.11144685631913	-79.8035180215941	-57.9914202874524	0	0	0	0	0	1.5	1.5	1.5	1.5	1.5	1.5
109.639890525856	0.0160378883897744	-3.10705988145363	-80.0427809123142	-57.9991651116926	0	0	0	0	0	1.5	1.5	1.5	1.5	1.5	1.5
109.879278933117	0.00767886968527799	-3.10422112298313	-80.2820131054501	-58.0078096762158	0	0	0	0	0	1.5	1.5	1.5	1.5	1.5	1.5
110.118667340379	-0.000680149019217383	-3.10338341668657	-80.52122907701	-58.0168939930303	0	0	0	0	0	1.5	1.5	1.5	1.5	1.5	1.5
110.358055747641	-0.00903916772371424	-3.10454676256395	-80.7604465180106	-58.025939360385	0	0	0	0	0	1.5	1.5	1.5	1.5	1.5	1.5
110.597444154902	-0.0173981864282096	-3.10771116061527	-80.999682885639	-58.0344670679816	0	0	0	0	0	1.5	1.5	1.5	1.5	1.5	1.5
110.836832562164	-0.0257572051327065	-3.11287661084053	-81.2389525292771	-58.0419982979539	0	0	0	0	0	1.5	1.5	1.5	1.5	1.5	1.5
111.076220969426	-0.0303272483049644	-3.11994635697672	-81.4782637792805	-58.0480557037404	0	0	0	0	0	1.5	1.5	1.5	1.5	1.5	1.5
111.315609376687	-0.0209264848386895	-3.12608113174846	-81.7176113258311	-58.05245813011	0	0	0	0	0	1.5	1.5	1.5	1.5	1.5	1.5
111.554997783949	-0.0115257213724153	-3.12996547272696	-81.9569781480904	-58.0556614838935	0	0	0	0	0	1.5	1.5	1.5	1.5	1.5	1.5
111.794386191211	-0.00212495790614212	-3.13159937991223	-82.1963530215288	-58.0582043848831	0	0	0	0	0	1.5	1.5	1.5	1.5	1.5	1.5
112.033774598472	0.0072758055601327	-3.13098285330426	-82.4357291803811	-58.0606255181082	0	0	0	0	0	1.5	1.5	1.5	1.5	1.5	1.5
112.273163005734	0.0166765690264059	-3.12811589290305	-82.6751006809602	-58.063463578387	0	0	0	0	0	1.5	1.5	1.5	1.5	1.5	1.5
112.512551412996	0.0260773324926807	-3.12299849870862	-82.9144587648409	-58.0672572241284	0	0	0	0	0	1.5	1.5	1.5	1.5	1.5	1.5
112.751939820258	0.0222955322259108	-3.11712552807308	-83.1537908896034	-58.0724320232451	0	0	0	0	0	1.5	1.5	1.5	1.5	1.5	1.5
112.991328227519	0.017781618769737	-3.11232852540086	-83.3930921016784	-58.0788841117585	0	0	0	0	0	1.5	1.5	1.5	1.5	1.5	1.5
113.230716634781	0.0132677053135635	-3.10861210128144	-83.632363772841	-58.0863547782764	0	0	0	0	0	1.5	1.5	1.5	1.5	1.5	1.5
113.470105042043	0.00875379185738965	-3.1059762557148	-83.8716105777599	-58.0945853672785	0	0	0	0	0	1.5	1.5	1.5	1.5	1.5	1.5
113.709493449304	0.00423987840121559	-3.10442098870096	-84.110839654863	-58.1033172946351	0	0	0	0	0	1.5	1.5	1.5	1.5	1.5	1.5
113.948881856566	-0.00027403505495768	-3.1039463002399	-84.3500597678953	-58.1122920304591	0	0	0	0	0	1.5	1.5	1.5	1.5	1.5	1.5
114.188270263828	-0.00338354022491595	-3.10443766085406	-84.5892802358943	-58.1212572954431	0	0	0	0	0	1.5	1.5	1.5	1.5	1.5	1.5
114.427658671089	-0.00583614702195081	-3.1055412039768	-84.8285078541633	-58.1300294300433	0	0	0	0	0	1.5	1.5	1.5	1.5	1.5	1.5
114.667047078351	-0.00828875381898597	-3.10723187273432	-85.0677474782015	-58.138467329288	0	0	0	0	0	1.5	1.5	1.5	1.5	1.5	1.5
114.906435485613	-0.010741360616021	-3.10950966712662	-85.3070033507831	-58.146430504645	0	0	0	0	0	1.5	1.5	1.5	1.5	1.5	1.5
115.145823892874	-0.0131939674130561	-3.11237458715371	-85.5462788784425	-58.1537784411172	0	0	0	0	0	1.5	1.5	1.5	1.5	1.5	1.5
115.385212300136	-0.0156465742100911	-3.11582663281557	-85.7855763839077	-58.1603705935274	0	0	0	0	0	1.5	1.5	1.5	1.5	1.5	1.5
115.624600707398	-0.0106979253173787	-3.11949789701578	-86.024896586816	-58.1660785750874	0	0	0	0	0	1.5	1.5	1.5	1.5	1.5	1.5
115.86398911466	0.00467103008153771	-3.1202192814414	-86.2642300327744	-58.1712076699813	0	0	0	0	0	1.5	1.5	1.5	1.5	1.5	1.5
116.103377521921	0.0200399854804532	-3.11726151611279	-86.5035575117547	-58.1766043801266	0	0	0	0	0	1.5	1.5	1.5	1.5	1.5	1.5
116.342765929183	0.0354089408793696	-3.11062460102997	-86.7428559950171	-58.1831491494346	0	0	0	0	0	1.5	1.5	1.5	1.5	1.5	1.5
116.582154336445	0.0507778962782851	-3.10030853619292	-86.9820897836873	-58.1917220481646	0	0	0	0	0	1.5	1.5	1.5	1.5	1.5	1.5
116.821542743706	0.0661468516772014	-3.08631332160165	-87.2212008003975	-58.2032022387718	0	0	0	0	0	1.5	1.5	1.5	1.5	1.5	1.5
117.060931150968	0.0771144606353015	-3.06871767262563	-87.4600989694015	-58.2184660941937	0	0	0	0	0	1.5	1.5	1.5	1.5	1.5	1.5
117.30031955823	0.0630266754602586	-3.05194359094475	-87.6986891393203	-58.237964703279	0	0	0	0	0	1.5	1.5	1.5	1.5	1.5	1.5
117.539707965491	0.0489388902852166	-3.03854196171876	-87.9369589823219	-58.2610608682809	0	0	0	0	0	1.5	1.5	1.5	1.5	1.5	1.5
117.779096372753	0.0348511051101737	-3.02851278494768	-88.1749426830361	-58.2869468968392	0	0	0	0	0	1.5	1.5	1.5	1.5	1.5	1.5
118.018484780015	0.0207633199351317	-3.0218560606315	-88.4127026955202	-58.3148175530039	0	0	0	0	0	1.5	1.5	1.5	1.5	1.5	1.5
118.257873187276	0.00667553476008884	-3.01857178877021	-88.6503215724396	-58.3438696862521	0	0	0	0	0	1.5	1.5	1.5	1.5	1.5	1.5
118.497261594538	-0.00741225041495402	-3.01865996936382	-88.8878938260323	-58.3733015212577	0	0	0	0	0	1.5	1.5	1.5	1.5	1.5	1.5
118.7366500018	-0.0103071938803379	-3.02093809194815	-89.1255077719283	-58.4023944258107	0	0	0	0	0	1.5	1.5	1.5	1.5	1.5	1.5
118.976038409062	-0.0117141148773325	-3.02357391496281	-89.3631927389594	-58.4309011406539	0	0	0	0	0	1.5	1.5	1.5	1.5	1.5	1.5
119.215426816323	-0.0131210358743271	-3.02654653855408	-89.6009566918292	-58.4587412203726	0	0	0	0	0	1.5	1.5	1.5	1.5	1.5	1.5
119.454815223585	-0.0145279568713218	-3.02985596272196	-89.8388068970496	-58.4858343393421	0	0	0	0	0	1.5	1.5	1.5	1.5	1.5	1.5
119.694203630847	-0.0159348778683163	-3.03350218746646	-90.076749865537	-58.5121000923059	0	0	0	0	0	1.5	1.5	1.5	1.5	1.5	1.5
119.933592038108	-0.017341798865311	-3.03748521278758	-90.3147912710992	-58.5374579904513	0	0	0	0	0	1.5	1.5	1.5	1.5	1.5	1.5
120.17298044537	-0.00722987709957815	-3.04095493424725	-90.5529316628856	-58.5618690727052	0	0	0	0	0	1.5	1.5	1.5	1.5	1.5	1.5
120.412368852632	0.0100449940628645	-3.0406179810642	-90.7911130646433	-58.585877976984	0	0	0	0	0	1.5	1.5	1.5	1.5	1.5	1.5
120.651757259893	0.0273198652253071	-3.03614562398792	-91.02923584737	-58.6104595350286	0	0	0	0	0	1.5	1.5	1.5	1.5	1.5	1.5
120.891145667155	0.0445947363877488	-3.02753786301842	-91.2671922375796	-58.6365978343364	0	0	0	0	0	1.5	1.5	1.5	1.5	1.5	1.5
121.130534074417	0.0618696075501914	-3.01479469815568	-91.5048551610248	-58.6652747849727	0	0	0	0	0	1.5	1.5	1.5	1.5	1.5	1.5
121.369922481678	0.0791444787126331	-2.99791612939972	-91.7420660921701	-58.6974682910812	0	0	0	0	0	1.5	1.5	1.5	1.5	1.5	1.5
121.60931088894	0.0834740385754701	-2.97744538060431	-91.9786254540126	-58.7341347766124	0	0	0	0	0	1.5	1.5	1.5	1.5	1.5	1.5
121.848699296202	0.0638240134348707	-2.95981465757256	-92.2144227729035	-58.7754257894425	0	0	0	0	0	1.5	1.5	1.5	1.5	1.5	1.5
122.088087703464	0.0441739882942702	-2.94688792276187	-92.4495631288291	-58.8203147946685	0	0	0	0	0	1.5	1.5	1.5	1.5	1.5	1.5
122.327476110725	0.024523963153672	-2.93866517617223	-92.684216629569	-58.8676879882304	0	0	0	0	0	1.5	1.5	1.5	1.5	1.5	1.5
122.566864517987	0.00487393801307037	-2.93514641780366	-92.918588511256	-58.916438062232	0	0	0	0	0	1.5	1.5	1.5	1.5	1.5	1.5
122.806252925249	-0.0147760871275301	-2.93633164765615	-93.1529034607545	-58.9654615821286	0	0	0	0	0	1.5	1.5	1.5	1.5	1.5	1.5
123.04564133251	-0.0313598126968902	-2.942190041461	-93.3873899850966	-59.0136561083113	0	0	0	0	0	1.5	1.5	1.5	1.5	1.5	1.5
123.285029739772	-0.0145000337752592	-2.94767919926311	-93.6221796141085	-59.0603518731239	0	0	0	0	0	1.5	1.5	1.5	1.5	1.5	1.5
123.524418147034	0.00235974514636977	-2.9491323214424	-93.8571301901553	-59.1062324241896	0	0	0	0	0	1.5	1.5	1.5	1.5	1.5	1.5
123.763806554295	0.0192195240680018	-2.94654940799885	-94.0920547663602	-59.1522456817337	0	0	0	0	0	1.5	1.5	1.5	1.5	1.5	1.5
124.003194961557	0.0360793029896308	-2.93993045893246	-94.326764789778	-59.1993392473486	0	0	0	0	0	1.5	1.5	1.5	1.5	1.5	1.5
124.242583368819	0.0529390819112628	-2.92927547424325	-94.5610586377971	-59.2484580711666	0	0	0	0	0	1.5	1.5	1.5	1.5	1.5	1.5
124.48197177608	0.0697988608328917	-2.9145844539312	-94.794710209483	-59.3005418555809	0	0	0	0	0	1.5	1.5	1.5	1.5	1.5	1.5
124.721360183342	0.0615331917396437	-2.8983180370573	-95.0274959540163	-59.3563659516349	0	0	0	0	0	1.5	1.5	1.5	1.5	1.5	1.5
124.960748590604	0.0476848785516469	-2.88524526711169	-95.2594355329942	-59.4156114091245	0	0	0	0	0	1.5	1.5	1.5	1.5	1.5	1.5
125.200136997866	0.0338365653636517	-2.87548762280341	-95.490684445267	-59.477500782535	0	0	0	0	0	1.5	1.5	1.5	1.5	1.5	1.5
125.439525405127	0.019988252175654	-2.86904510413247	-95.7214249841733	-59.5412613828076	0	0	0	0	0	1.5	1.5	1.5	1.5	1.5	1.5
125.678913812389	0.00613993898765884	-2.86591771109886	-95.9518580957141	-59.6061254179451	0	0	0	0	0	1.5	1.5	1.5	1.5	1.5	1.5
125.918302219651	-0.00770837420033882	-2.86610544370259	-96.1821957127896	-59.67132810691	0	0	0	0	0	1.5	1.5	1.5	1.5	1.5	1.5
126.157690626912	-0.00787847525217646	-2.86870508189002	-96.4126424209142	-59.736143901357	0	0	0	0	0	1.5	1.5	1.5	1.5	1.5	1.5
126.397079034174	0.00306673321605391	-2.86928101952112	-96.6432052935173	-59.8005455253877	0	0	0	0	0	1.5	1.5	1.5	1.5	1.5	1.5
126.636467441436	0.0140119416842836	-2.86723680112985	-96.8737207872096	-59.8651163872093	0	0	0	0	0	1.5	1.5	1.5	1.5	1.5	1.5
126.875855848697	0.024957150152514	-2.86257242671623	-97.1040182260344	-59.930460053747	0	0	0	0	0	1.5	1.5	1.5	1.5	1.5	1.5
127.115244255959	0.035902358620745	-2.85528789628025	-97.3339208645383	-59.9971783599433	0	0	0	0	0	1.5	1.5	1.5	1.5	1.5	1.5
127.354632663221	0.046847567088974	-2.84538320982191	-97.5632411709606	-60.0658699718927	0	0	0	0	0	1.5	1.5	1.5	1.5	1.5	1.5
127.594021070483	0.0542715292686662	-2.83297888536138	-97.7917769858225	-60.1371261882339	0	0	0	0	0	1.5	1.5	1.5	1.5	1.5	1.5
127.833409477744	0.0529023184819962	-2.82015079700482	-98.0193809670587	-60.2113046985036	0	0	0	0	0	1.5	1.5	1.5	1.5	1.5	1.5
128.072797885006	0.0515331076953261	-2.80765048183767	-98.2460273886383	-60.2883596327499	0	0	0	0	0	1.5	1.5	1.5	1.5	1.5	1.5
128.312186292268	0.050163896908656	-2.79547793985996	-98.4717060815282	-60.3682046670489	0	0	0	0	0	1.5	1.5	1.5	1.5	1.5	1.5
128.551574699529	0.0487946861219858	-2.78363317107167	-98.6964097675487	-60.4507540038693	0	0	0	0	0	1.5	1.5	1.5	1.5	1.5	1.5
128.790963106791	0.0474254753353159	-2.77211617547281	-98.92013396835	-60.535922413884	0	0	0	0	0	1.5	1.5	1.5	1.5	1.5	1.5
129.030351514053	0.0460965825092585	-2.76092686037474	-99.1428769146051	-60.6236252731512	0	0	0	0	0	1.5	1.5	1.5	1.5	1.5	1.5
129.269739921314	0.0468265231628224	-2.74980450324241	-99.3646314080549	-60.7137982369252	0	0	0	0	0	1.5	1.5	1.5	1.5	1.5	1.5
129.509128328576	0.0475564638163864	-2.73850740677964	-99.5853611398913	-60.8064512753862	0	0	0	0	0	1.5	1.5	1.5	1.5	1.5	1.5
129.748516735838	0.0482864044699502	-2.72703557098641	-99.8050217489179	-60.9016111298133	0	0	0	0	0	1.5	1.5	1.5	1.5	1.5	1.5
129.987905143099	0.0490163451235141	-2.71538899586273	-100.023567698507	-60.9993036560319	0	0	0	0	0	1.5	1.5	1.5	1.5	1.5	1.5
130.227293550361	0.0497462857770781	-2.70356768140859	-100.240952273422	-61.0995537870376	0	0	0	0	0	1.5	1.5	1.5	1.5	1.5	1.5
130.466681957623	0.0504762264306419	-2.69157162762401	-100.457127577719	-61.2023854947681	0	0	0	0	0	1.5	1.5	1.5	1.5	1.5	1.5
130.706070364885	0.0460894428170684	-2.67986168273345	-100.672056812329	-61.3077969529181	0	0	0	0	0	1.5	1.5	1.5	1.5	1.5	1.5
130.945458772146	0.0400195350900399	-2.6695549371974	-100.885810679117	-61.4155725832546	0	0	0	0	0	1.5	1.5	1.5	1.5	1.5	1.5
131.184847179408	0.0339496273630107	-2.66070125720434	-101.098522485853	-61.525391171362	0	0	0	0	0	1.5	1.5	1.5	1.5	1.5	1.5
131.42423558667	0.027879719635983	-2.65330064275428	-101.310334974208	-61.6369349636011	0	0	0	0	0	1.5	1.5	1.5	1.5	1.5	1.5
131.663623993931	0.0218098119089538	-2.64735309384722	-101.521398468883	-61.7498900062117	0	0	0	0	0	1.5	1.5	1.5	1.5	1.5	1.5
131.903012401193	0.0157399041819246	-2.64285861048316	-101.731869482518	-61.8639455423096	0	0	0	0	0	1.5	1.5	1.5	1.5	1.5	1.5
132.142400808455	0.0146168006195947	-2.63952939209759	-101.941903976338	-61.978803151427	0	0	0	0	0	1.5	1.5	1.5	1.5	1.5	1.5
132.381789215716	0.0187241539228572	-2.63553867309534	-102.151528869278	-62.0944065149558	0	0	0	0	0	1.5	1.5	1.5	1.5	1.5	1.5
132.621177622978	0.0228315072261192	-2.63056470132776	-102.360633407126	-62.2109482823885	0	0	0	0	0	1.5	1.5	1.5	1.5	1.5	1.5
132.86056603024	0.0269388605293816	-2.62460747679485	-102.569097761063	-62.3286311320923	0	0	0	0	0	1.5	1.5	1.5	1.5	1.5	1.5
133.099954437501	0.0310462138326431	-2.61766699949661	-102.7767987566	-62.4476558180512	0	0	0	0	0	1.5	1.5	1.5	1.5	1.5	1.5
133.339342844763	0.0351535671359056	-2.60974326943304	-102.983609294258	-62.5682207844895	0	0	0	0	0	1.5	1.5	1.5	1.5	1.5	1.5
133.578731252025	0.0395424655998878	-2.60082886700034	-103.189397714847	-62.6905218731574	0	0	0	0	0	1.5	1.5	1.5	1.5	1.5	1.5
133.818119659287	0.044928577417458	-2.59071817277652	-103.394016028822	-62.814770280788	0	0	0	0	0	1.5	1.5	1.5	1.5	1.5	1.5
134.057508066548	0.0503146892350288	-2.57931810582335	-103.597285959922	-62.941212061352	0	0	0	0	0	1.5	1.5	1.5	1.5	1.5	1.5
134.29689647381	0.0557008010525989	-2.56662866614084	-103.799017962094	-63.0700927803593	0	0	0	0	0	1.5	1.5	1.5	1.5	1.5	1.5
134.536284881072	0.0610869128701691	-2.55264985372898	-103.999013283308	-63.2016516938445	0	0	0	0	0	1.5	1.5	1.5	1.5	1.5	1.5
134.775673288333	0.0664730246877392	-2.53738166858779	-104.197063126508	-63.3361208566581	0	0	0	0	0	1.5	1.5	1.5	1.5	1.5	1.5
135.015061695595	0.07185913650531	-2.52082411071725	-104.392947860078	-63.4737241681382	0	0	0	0	0	1.5	1.5	1.5	1.5	1.5	1.5
135.254450102857	0.0683942962203147	-2.50398750180723	-104.586481826471	-63.614614406415	0	0	0	0	0	1.5	1.5	1.5	1.5	1.5	1.5
135.493838510118	0.0644994368590605	-2.48808089225876	-104.777683436877	-63.7586544888063	0	0	0	0	0	1.5	1.5	1.5	1.5	1.5	1.5
135.73322691738	0.0606045774978062	-2.4731066668893	-104.966638531946	-63.9056296931927	0	0	0	0	0	1.5	1.5	1.5	1.5	1.5	1.5
135.972615324642	0.0567097181365515	-2.45906482569883	-105.15344170567	-64.0553308693429	0	0	0	0	0	1.5	1.5	1.5	1.5	1.5	1.5
136.212003731903	0.0528148587752973	-2.44595536868736	-105.338195632581	-64.2075543078759	0	0	0	0	0	1.5	1.5	1.5	1.5	1.5	1.5
136.451392139165	0.0489199994140431	-2.43377829585489	-105.521010422643	-64.3621015623767	0	0	0	0	0	1.5	1.5	1.5	1.5	1.5	1.5
136.690780546427	0.0476303396843075	-2.42231955386728	-105.701995291402	-64.5187880712611	0	0	0	0	0	1.5	1.5	1.5	1.5	1.5	1.5
136.930168953689	0.0475306669657117	-2.4109293329596	-105.88118113804	-64.6775288106132	0	0	0	0	0	1.5	1.5	1.5	1.5	1.5	1.5
137.16955736095	0.0474309942471159	-2.39956297254526	-106.058549230324	-64.8382980626417	0	0	0	0	0	1.5	1.5	1.5	1.5	1.5	1.5
137.408945768212	0.0473313215285201	-2.38822047262428	-106.234080489252	-65.0010708253673	0	0	0	0	0	1.5	1.5	1.5	1.5	1.5	1.5
137.648334175474	0.0472316488099243	-2.37690183319666	-106.407756216037	-65.1658219699894	0	0	0	0	0	1.5	1.5	1.5	1.5	1.5	1.5
137.887722582735	0.0471319760913285	-2.36560705426238	-106.579558091714	-65.3325262465348	0	0	0	0	0	1.5	1.5	1.5	1.5	1.5	1.5
138.127110989997	0.0481867619000748	-2.35427810512291	-106.749466800638	-65.5011596636013	0	0	0	0	0	1.5	1.5	1.5	1.5	1.5	1.5
138.366499397259	0.0508360717950214	-2.34242564590251	-106.917415263303	-65.6717452799803	0	0	0	0	0	1.5	1.5	1.5	1.5	1.5	1.5
138.60588780452	0.0534853816899683	-2.32993897260601	-107.083275281281	-65.8443619632624	0	0	0	0	0	1.5	1.5	1.5	1.5	1.5	1.5
138.845276211782	0.0561346915849149	-2.31681808523341	-107.246911507727	-66.0190879565996	0	0	0	0	0	1.5	1.5	1.5	1.5	1.5	1.5
139.084664619044	0.0587840014798615	-2.30306298378473	-107.408184948913	-66.1959969250612	0	0	0	0	0	1.5	1.5	1.5	1.5	1.5	1.5
139.324053026305	0.0614333113748084	-2.28867366825995	-107.566952886309	-66.3751576427661	0	0	0	0	0	1.5	1.5	1.5	1.5	1.5	1.5
139.563441433567	0.0630351615765697	-2.27366935227962	-107.723068994537	-66.5566335176563	0	0	0	0	0	1.5	1.5	1.5	1.5	1.5	1.5
139.802829840829	0.0588494709780771	-2.25908046825115	-107.876459493208	-66.7404191209162	0	0	0	0	0	1.5	1.5	1.5	1.5	1.5	1.5
140.042218248091	0.0546637803795845	-2.24549359002835	-108.027245883844	-66.9263475810035	0	0	0	0	0	1.5	1.5	1.5	1.5	1.5	1.5
140.281606655352	0.0504780897810914	-2.23290871761121	-108.17558655921	-67.1142334429984	0	0	0	0	0	1.5	1.5	1.5	1.5	1.5	1.5
140.520995062614	0.0462923991825987	-2.22132585099973	-108.321646218759	-67.3038982647324	0	0	0	0	0	1.5	1.5	1.5	1.5	1.5	1.5
140.760383469876	0.0421067085841061	-2.21074499019392	-108.465595246296	-67.4951701975336	0	0	0	0	0	1.5	1.5	1.5	1.5	1.5	1.5
140.999771877137	0.037921017985613	-2.20116613519377	-108.60760911931	-67.6878835368347	0	0	0	0	0	1.5	1.5	1.5	1.5	1.5	1.5
141.239160284399	0.0438923133236491	-2.1915115012068	-108.747805940903	-67.8819227510531	0	0	0	0	0	1.5	1.5	1.5	1.5	1.5	1.5
141.478548691661	0.0511636189605369	-2.18013385709166	-108.88595588991	-68.0774241134047	0	0	0	0	0	1.5	1.5	1.5	1.5	1.5	1.5
141.717937098922	0.0584349245974247	-2.16701554670138	-109.021700799384	-68.2746024768705	0	0	0	0	0	1.5	1.5	1.5	1.5	1.5	1.5
141.957325506184	0.0657062302343134	-2.15215657003598	-109.154673989967	-68.4736599697974	0	0	0	0	0	1.5	1.5	1.5	1.5	1.5	1.5
142.196713913446	0.0729775358712004	-2.13555692709546	-109.284499527306	-68.6747838700628	0	0	0	0	0	1.5	1.5	1.5	1.5	1.5	1.5
142.436102320707	0.0802488415080891	-2.11721661787981	-109.410791482756	-68.8781444978991	0	0	0	0	0	1.5	1.5	1.5	1.5	1.5	1.5
142.675490727969	0.0830080148819068	-2.09747065711901	-109.533167656529	-69.0838846507495	0	0	0	0	0	1.5	1.5	1.5	1.5	1.5	1.5
142.914879135231	0.0830053278328476	-2.07759982227068	-109.651434935807	-69.2920138764129	0	0	0	0	0	1.5	1.5	1.5	1.5	1.5	1.5
143.154267542493	0.0830026407837883	-2.05772963067073	-109.765543505422	-69.5024518919552	0	0	0	0	0	1.5	1.5	1.5	1.5	1.5	1.5
143.393655949754	0.082999953734729	-2.03786008231919	-109.875448449324	-69.7151155406421	0	0	0	0	0	1.5	1.5	1.5	1.5	1.5	1.5
143.633044357016	0.0829972666856698	-2.01799117721603	-109.981106515345	-69.9299207951726	0	0	0	0	0	1.5	1.5	1.5	1.5	1.5	1.5
143.872432764278	0.0829945796366105	-1.99812291536127	-110.082476132	-70.1467827909912	0	0	0	0	0	1.5	1.5	1.5	1.5	1.5	1.5
144.111821171539	0.0808993847584367	-1.97834354877926	-110.179519701095	-70.3656148725682	0	0	0	0	0	1.5	1.5	1.5	1.5	1.5	1.5
144.351209578801	0.0749581175012702	-1.9596883091664	-110.272321728535	-70.5862796207935	0	0	0	0	0	1.5	1.5	1.5	1.5	1.5	1.5
144.590597986063	0.069016850244103	-1.94245534005934	-110.361149585833	-70.80857447662	0	0	0	0	0	1.5	1.5	1.5	1.5	1.5	1.5
144.829986393324	0.0630755829869372	-1.92664464145809	-110.446292934857	-71.0323069635537	0	0	0	0	0	1.5	1.5	1.5	1.5	1.5	1.5
145.069374800586	0.05713431572977	-1.91225621336265	-110.528048589703	-71.257299927015	0	0	0	0	0	1.5	1.5	1.5	1.5	1.5	1.5
145.308763207848	0.0511930484726028	-1.89929005577301	-110.606719526564	-71.483390373947	0	0	0	0	0	1.5	1.5	1.5	1.5	1.5	1.5
145.548151615109	0.0465575854587124	-1.88773285246912	-110.682613905993	-71.710428291288	0	0	0	0	0	1.5	1.5	1.5	1.5	1.5	1.5
145.787540022371	0.0559430058477601	-1.875464125821	-110.755866471066	-71.9383321131451	0	0	0	0	0	1.5	1.5	1.5	1.5	1.5	1.5
146.026928429633	0.0653284262368068	-1.86094863833447	-110.826060270252	-72.1671959012009	0	0	0	0	0	1.5	1.5	1.5	1.5	1.5	1.5
146.266316836895	0.0747138466258545	-1.84418639000951	-110.892666266185	-72.3971287362693	0	0	0	0	0	1.5	1.5	1.5	1.5	1.5	1.5
146.505705244156	0.0840992670149	-1.82517738084615	-110.955149125667	-72.6282152477883	0	0	0	0	0	1.5	1.5	1.5	1.5	1.5	1.5
146.745093651418	0.0934846874039478	-1.80392161084437	-111.012967095732	-72.8605118983478	0	0	0	0	0	1.5	1.5	1.5	1.5	1.5	1.5
146.98448205868	0.102870107792994	-1.78041908000417	-111.065572199909	-73.094043211703	0	0	0	0	0	1.5	1.5	1.5	1.5	1.5	1.5
147.223870465941	0.0973337262917304	-1.75613166618098	-111.112504563243	-73.3287799458835	0	0	0	0	0	1.5	1.5	1.5	1.5	1.5	1.5
147.463258873203	0.0884883951663895	-1.73388983533605	-111.153956377028	-73.5645471910189	0	0	0	0	0	1.5	1.5	1.5	1.5	1.5	1.5
147.702647280465	0.0796430640410476	-1.71376547422092	-111.190405120579	-73.801140437409	0	0	0	0	0	1.5	1.5	1.5	1.5	1.5	1.5
147.942035687726	0.0707977329157067	-1.6957585828356	-111.222336822153	-74.0383863586741	0	0	0	0	0	1.5	1.5	1.5	1.5	1.5	1.5
148.181424094988	0.0619524017903659	-1.67986916118007	-111.250243332796	-74.2761400760856	0	0	0	0	0	1.5	1.5	1.5	1.5	1.5	1.5
148.42081250225	0.0531070706650239	-1.66609720925433	-111.274620916668	-74.5142821278506	0	0	0	0	0	1.5	1.5	1.5	1.5	1.5	1.5
148.660200909512	0.0534235685397104	-1.65383898315162	-111.295942680533	-74.7527176295798	0	0	0	0	0	1.5	1.5	1.5	1.5	1.5	1.5
148.899589316773	0.0612194405586766	-1.64011687947574	-111.314199016821	-74.9914070014089	0	0	0	0	0	1.5	1.5	1.5	1.5	1.5	1.5
149.138977724035	0.0690153125776427	-1.62452853441403	-111.328955437953	-75.2303377379262	0	0	0	0	0	1.5	1.5	1.5	1.5	1.5	1.5
149.378366131297	0.0768111845966098	-1.60707394796648	-111.339762511054	-75.4694790382135	0	0	0	0	0	1.5	1.5	1.5	1.5	1.5	1.5
149.617754538558	0.084607056615576	-1.5877531201331	-111.346170726538	-75.7087779336519	0	0	0	0	0	1.5	1.5	1.5	1.5	1.5	1.5
149.85714294582	0.0924029286345422	-1.56656605091388	-111.347731206658	-75.9481567766486	0	0	0	0	0	1.5	1.5	1.5	1.5	1.5	1.5
150.096531353082	0.094184253270991	-1.54371690043372	-111.344001262809	-76.1875108674821	0	0	0	0	0	1.5	1.5	1.5	1.5	1.5	1.5
150.335919760343	0.0807717159021265	-1.52277568503308	-111.334950490221	-76.4267237392216	0	0	0	0	0	1.5	1.5	1.5	1.5	1.5	1.5
150.575308167605	0.0673591785332619	-1.50504527559051	-111.321276251884	-76.6657181380045	0	0	0	0	0	1.5	1.5	1.5	1.5	1.5	1.5
150.814696574867	0.0539466411643974	-1.49052567210601	-111.303750096542	-76.9044620087467	0	0	0	0	0	1.5	1.5	1.5	1.5	1.5	1.5
151.054084982128	0.0405341037955312	-1.47921687457959	-111.283142231019	-77.14296046545	0	0	0	0	0	1.5	1.5	1.5	1.5	1.5	1.5
151.29347338939	0.0271215664266667	-1.47111888301123	-111.260221067911	-77.3812483497908	0	0	0	0	0	1.5	1.5	1.5	1.5	1.5	1.5
151.532861796652	0.013895274460653	-1.46623134098135	-111.235753250665	-77.619382808799	0	0	0	0	0	1.5	1.5	1.5	1.5	1.5	1.5
151.772250203914	0.0121315768329227	-1.46311607774274	-111.210388018794	-77.8574234947815	0	0	0	0	0	1.5	1.5	1.5	1.5	1.5	1.5
152.011638611175	0.0103678792051921	-1.46042302327013	-111.184331584234	-78.095389536687	0	0	0	0	0	1.5	1.5	1.5	1.5	1.5	1.5
152.251027018437	0.00860418157746181	-1.45815217756352	-111.15768460837	-78.3332901957193	0	0	0	0	0	1.5	1.5	1.5	1.5	1.5	1.5
152.490415425699	0.00684048394973148	-1.4563035406229	-111.130547673592	-78.5711354814991	0	0	0	0	0	1.5	1.5	1.5	1.5	1.5	1.5
152.72980383296	0.00507678632200094	-1.45487711244827	-111.103021294388	-78.808936024493	0	0	0	0	0	1.5	1.5	1.5	1.5	1.5	1.5
152.969192240222	0.00331308869427062	-1.45387289303963	-111.075205929737	-79.0467029485814	0	0	0	0	0	1.5	1.5	1.5	1.5	1.5	1.5
153.208580647484	-0.000803422330787689	-1.45350208995957	-111.047214549404	-79.2844492237536	0	0	0	0	0	1.5	1.5	1.5	1.5	1.5	1.5
153.447969054745	-0.00570429407966573	-1.45428102589277	-111.019269360965	-79.5222009282003	0	0	0	0	0	1.5	1.5	1.5	1.5	1.5	1.5
153.687357462007	-0.0106051658285443	-1.45623317370814	-110.991648862074	-79.7599905395454	0	0	0	0	0	1.5	1.5	1.5	1.5	1.5	1.5
153.926745869269	-0.0155060375774224	-1.45935853340566	-110.964632147519	-79.9978494471129	0	0	0	0	0	1.5	1.5	1.5	1.5	1.5	1.5
154.16613427653	-0.0204069093263004	-1.46365710498534	-110.938498550635	-80.2358069145186	0	0	0	0	0	1.5	1.5	1.5	1.5	1.5	1.5
154.405522683792	-0.0253077810751791	-1.46912888844717	-110.913527737358	-80.473889095548	0	0	0	0	0	1.5	1.5	1.5	1.5	1.5	1.5
154.644911091054	-0.030997991521985	-1.47581962882674	-110.890001541292	-80.7121182173558	0	0	0	0	0	1.5	1.5	1.5	1.5	1.5	1.5
154.884299498316	-0.0375291197681134	-1.48402192683974	-110.868245918876	-80.9505153250178	0	0	0	0	0	1.5	1.5	1.5	1.5	1.5	1.5
155.123687905577	-0.0440602480142418	-1.49378770124119	-110.848632936813	-81.1890979832836	0	0	0	0	0	1.5	1.5	1.5	1.5	1.5	1.5
155.363076312839	-0.050591376260371	-1.50511695203111	-110.831537476122	-81.4278739067137	0	0	0	0	0	1.5	1.5	1.5	1.5	1.5	1.5
155.602464720101	-0.0571225045064986	-1.51800967920948	-110.817335033439	-81.6668389798031	0	0	0	0	0	1.5	1.5	1.5	1.5	1.5	1.5
155.841853127362	-0.0636536327526278	-1.53246588277632	-110.806401555837	-81.905975489781	0	0	0	0	0	1.5	1.5	1.5	1.5	1.5	1.5
156.081241534624	-0.0700941235793095	-1.54848319283035	-110.799113127901	-82.1452503584024	0	0	0	0	0	1.5	1.5	1.5	1.5	1.5	1.5
156.320629941886	-0.0762103379789708	-1.56599498884421	-110.795838618206	-82.3846133097379	0	0	0	0	0	1.5	1.5	1.5	1.5	1.5	1.5
156.560018349147	-0.0823265523786307	-1.58497093568167	-110.796931315645	-82.6239956310901	0	0	0	0	0	1.5	1.5	1.5	1.5	1.5	1.5
156.799406756409	-0.088442766778292	-1.60541103334274	-110.802741233608	-82.8633093561899	0	0	0	0	0	1.5	1.5	1.5	1.5	1.5	1.5
157.038795163671	-0.0945589811779534	-1.62731528182742	-110.813616234391	-83.1024458286416	0	0	0	0	0	1.5	1.5	1.5	1.5	1.5	1.5
157.278183570932	-0.100675195577613	-1.65068368113569	-110.82990111246	-83.3412742279214	0	0	0	0	0	1.5	1.5	1.5	1.5	1.5	1.5
157.517571978194	-0.106791409977275	-1.67551623126758	-110.851936517146	-83.5796401346308	0	0	0	0	0	1.5	1.5	1.5	1.5	1.5	1.5
157.756960385456	-0.0997565605972078	-1.700315750412	-110.879944950863	-83.8173782238467	0	0	0	0	0	1.5	1.5	1.5	1.5	1.5	1.5
157.996348792718	-0.0920460175229113	-1.72327340725443	-110.913622287081	-84.0543806064248	0	0	0	0	0	1.5	1.5	1.5	1.5	1.5	1.5
158.235737199979	-0.0843354744486166	-1.74438524947118	-110.952513445266	-84.2905842443924	0	0	0	0	0	1.5	1.5	1.5	1.5	1.5	1.5
158.475125607241	-0.0766249313743201	-1.76365127706225	-110.996165189279	-84.525955359724	0	0	0	0	0	1.5	1.5	1.5	1.5	1.5	1.5
158.714514014503	-0.0689143883000245	-1.78107149002765	-111.044126923597	-84.7604868759516	0	0	0	0	0	1.5	1.5	1.5	1.5	1.5	1.5
158.953902421764	-0.0612038452257289	-1.79664588836737	-111.095951225483	-84.9941958672912	0	0	0	0	0	1.5	1.5	1.5	1.5	1.5	1.5
159.193290829026	-0.0684882923042632	-1.81160109824629	-111.151259164853	-85.2271052708483	0	0	0	0	0	1.5	1.5	1.5	1.5	1.5	1.5
159.432679236288	-0.0827185899698702	-1.82969968560359	-111.210384297169	-85.4590739391507	0	0	0	0	0	1.5	1.5	1.5	1.5	1.5	1.5
159.672067643549	-0.096948887635479	-1.85120484125393	-111.274090593275	-85.689825120975	0	0	0	0	0	1.5	1.5	1.5	1.5	1.5	1.5
159.911456050811	-0.111179185301084	-1.87611656519729	-111.343134172132	-85.9190342595344	0	0	0	0	0	1.5	1.5	1.5	1.5	1.5	1.5
160.150844458073	-0.125409482966693	-1.90443485743369	-111.418252413756	-86.1463231260352	0	0	0	0	0	1.5	1.5	1.5	1.5	1.5	1.5
160.390232865334	-0.1396397806323	-1.93615971796311	-111.500158652896	-86.3712528268505	0	0	0	0	0	1.5	1.5	1.5	1.5	1.5	1.5
160.629621272596	-0.143689601566554	-1.97078311357936	-111.589520277558	-86.5933238232781	0	0	0	0	0	1.5	1.5	1.5	1.5	1.5	1.5
160.869009679858	-0.133501496564675	-2.00396128132374	-111.686424422761	-86.8122099557591	0	0	0	0	0	1.5	1.5	1.5	1.5	1.5	1.5
161.10839808712	-0.123313391562795	-2.0347005348387	-111.790273887484	-87.027889313684	0	0	0	0	0	1.5	1.5	1.5	1.5	1.5	1.5
161.347786494381	-0.113125286560915	-2.06300087412425	-111.900444654303	-87.2404108102502	0	0	0	0	0	1.5	1.5	1.5	1.5	1.5	1.5
161.587174901643	-0.102937181559038	-2.08886229918038	-112.01633022931	-87.4498723787328	0	0	0	0	0	1.5	1.5	1.5	1.5	1.5	1.5
161.826563308905	-0.092749076557158	-2.1122848100071	-112.137342250583	-87.656416029979	0	0	0	0	0	1.5	1.5	1.5	1.5	1.5	1.5
162.065951716166	-0.0844960979458769	-2.13330238328166	-112.262910871252	-87.8602228650781	0	0	0	0	0	1.5	1.5	1.5	1.5	1.5	1.5
162.305340123428	-0.087500000343601	-2.15388931929403	-112.392641893868	-88.0614059839017	0	0	0	0	0	1.5	1.5	1.5	1.5	1.5	1.5
162.54472853069	-0.090503902741325	-2.17519535471696	-112.526558060512	-88.2598275098988	0	0	0	0	0	1.5	1.5	1.5	1.5	1.5	1.5
162.784116937951	-0.0935078051390495	-2.19722048955046	-112.664741201165	-88.4553010695117	0	0	0	0	0	1.5	1.5	1.5	1.5	1.5	1.5
163.023505345213	-0.0965117075367735	-2.21996472379451	-112.807264780637	-88.6476324721096	0	0	0	0	0	1.5	1.5	1.5	1.5	1.5	1.5
163.262893752475	-0.0995156099344976	-2.24342805744912	-112.954193307772	-88.8366197424974	0	0	0	0	0	1.5	1.5	1.5	1.5	1.5	1.5
163.502282159736	-0.102519512332222	-2.2676104905143	-113.105581723447	-89.0220531926609	0	0	0	0	0	1.5	1.5	1.5	1.5	1.5	1.5
163.741670566998	-0.0993829494445394	-2.29186582173335	-113.261440565608	-89.203745292342	0	0	0	0	0	1.5	1.5	1.5	1.5	1.5	1.5
163.98105897426	-0.0954027931210047	-2.31518054606838	-113.4215777665	-89.3816786801894	0	0	0	0	0	1.5	1.5	1.5	1.5	1.5	1.5
164.220447381522	-0.0914226367974701	-2.33754246712046	-113.585736850856	-89.5559090348161	0	0	0	0	0	1.5	1.5	1.5	1.5	1.5	1.5
164.459835788783	-0.087442480473935	-2.3589515848896	-113.753669731883	-89.7265055414617	0	0	0	0	0	1.5	1.5	1.5	1.5	1.5	1.5
164.699224196045	-0.0834623241504003	-2.37940789937579	-113.925136894396	-89.8935499166399	0	0	0	0	0	1.5	1.5	1.5	1.5	1.5	1.5
164.938612603307	-0.0794821678268657	-2.39891141057904	-114.099907420725	-90.0571355396191	0	0	0	0	0	1.5	1.5	1.5	1.5	1.5	1.5
165.178001010568	-0.0861004891775275	-2.4182384008173	-114.277784138494	-90.2173382866929	0	0	0	0	0	1.5	1.5	1.5	1.5	1.5	1.5
165.41738941783	-0.0994400344094361	-2.44044652602929	-114.458930234264	-90.373832840694	0	0	0	0	0	1.5	1.5	1.5	1.5	1.5	1.5
165.656777825092	-0.112779579641343	-2.46584798372794	-114.643748805105	-90.5259703551325	0	0	0	0	0	1.5	1.5	1.5	1.5	1.5	1.5
165.896166232353	-0.12611912487325	-2.49444277391326	-114.83260559456	-90.6730622213338	0	0	0	0	0	1.5	1.5	1.5	1.5	1.5	1.5
166.135554639615	-0.139458670105159	-2.52623089658524	-115.025815007386	-90.8143849231193	0	0	0	0	0	1.5	1.5	1.5	1.5	1.5	1.5
166.374943046877	-0.152798215337066	-2.56121235174387	-115.223632154623	-90.9491786223214	0	0	0	0	0	1.5	1.5	1.5	1.5	1.5	1.5
166.614331454138	-0.155635506687407	-2.59895378552992	-115.426238221909	-91.0766569398842	0	0	0	0	0	1.5	1.5	1.5	1.5	1.5	1.5
166.8537198614	-0.138510452183507	-2.6341613518282	-115.633412810516	-91.1965718205742	0	0	0	0	0	1.5	1.5	1.5	1.5	1.5	1.5
167.093108268662	-0.121385397679605	-2.66526937860453	-115.844451296694	-91.3095538737222	0	0	0	0	0	1.5	1.5	1.5	1.5	1.5	1.5
167.332496675924	-0.104260343175705	-2.6922778658589	-116.058685416694	-91.4163577431676	0	0	0	0	0	1.5	1.5	1.5	1.5	1.5	1.5
167.571885083185	-0.0871352886718057	-2.71518681359131	-116.275520072526	-91.5177827595832	0	0	0	0	0	1.5	1.5	1.5	1.5	1.5	1.5
167.811273490447	-0.0700102341679059	-2.73399622180176	-116.494424606008	-91.6146637374281	0	0	0	0	0	1.5	1.5	1.5	1.5	1.5	1.5
168.050661897709	-0.0547950921674194	-2.7487231368124	-116.714923312071	-91.707862960375	0	0	0	0	0	1.5	1.5	1.5	1.5	1.5	1.5
168.29005030497	-0.0632835638738799	-2.76285646751306	-116.936698757261	-91.7979823655845	0	0	0	0	0	1.5	1.5	1.5	1.5	1.5	1.5
168.529438712232	-0.0717720355803403	-2.77902183993562	-117.159813379837	-91.8847315814814	0	0	0	0	0	1.5	1.5	1.5	1.5	1.5	1.5
168.768827119494	-0.0802605072868018	-2.79721925408008	-117.38438481714	-91.9676345208624	0	0	0	0	0	1.5	1.5	1.5	1.5	1.5	1.5
169.008215526755	-0.0887489789932613	-2.81744870994643	-117.61050682128	-92.0462073798117	0	0	0	0	0	1.5	1.5	1.5	1.5	1.5	1.5
169.247603934017	-0.0972374506997228	-2.83971020753468	-117.838246167882	-92.119958533042	0	0	0	0	0	1.5	1.5	1.5	1.5	1.5	1.5
169.486992341279	-0.105725922406183	-2.86400374684482	-118.067639502362	-92.1883887086123	0	0	0	0	0	1.5	1.5	1.5	1.5	1.5	1.5
169.726380748541	-0.101790699108155	-2.88912729912499	-118.298670418095	-92.2510664597588	0	0	0	0	0	1.5	1.5	1.5	1.5	1.5	1.5
169.965769155802	-0.0949096677468133	-2.91267119288959	-118.531160416661	-92.3080977035	0	0	0	0	0	1.5	1.5	1.5	1.5	1.5	1.5
170.205157563064	-0.0880286363854702	-2.93456784751628	-118.764886793839	-92.3598326071244	0	0	0	0	0	1.5	1.5	1.5	1.5	1.5	1.5
170.444545970326	-0.0811476050241272	-2.95481726300507	-118.999652087024	-92.4066311999395	0	0	0	0	0	1.5	1.5	1.5	1.5	1.5	1.5
170.683934377587	-0.0742665736627859	-2.97341943935594	-119.235282756968	-92.4488608598277	0	0	0	0	0	1.5	1.5	1.5	1.5	1.5	1.5
170.923322784849	-0.0673855423014428	-2.9903743765689	-119.471627508809	-92.4868949862658	0	0	0	0	0	1.5	1.5	1.5	1.5	1.5	1.5
171.162711192111	-0.0757374858894052	-3.00666951404827	-119.708561402328	-92.5210695842857	0	0	0	0	0	1.5	1.5	1.5	1.5	1.5	1.5
171.402099599372	-0.0969840185159558	-3.02734327696799	-119.946077485726	-92.5509171391242	0	0	0	0	0	1.5	1.5	1.5	1.5	1.5	1.5
171.641488006634	-0.118230551142501	-3.05310321349301	-120.184220119238	-92.5752425312668	0	0	0	0	0	1.5	1.5	1.5	1.5	1.5	1.5
171.880876413896	-0.139477083769052	-3.08394932362334	-120.422952901967	-92.5928187139632	0	0	0	0	0	1.5	1.5	1.5	1.5	1.5	1.5
172.120264821157	-0.1607236163956	-3.11988160735897	-120.662135983389	-92.6024153501282	0	0	0	0	0	1.5	1.5	1.5	1.5	1.5	1.5
172.359653228419	-0.181970149022148	-3.1609000646999	-120.901507288132	-92.6028044909548	0	0	0	0	0	1.5	1.5	1.5	1.5	1.5	1.5
172.599041635681	-0.189930759703075	-3.20656561792519	-121.140664641554	-92.5927790178159	0	0	0	0	0	1.5	1.5	1.5	1.5	1.5	1.5
172.838430042943	-0.163058456510264	-3.24881638105012	-121.379137497165	-92.5720672123005	0	0	0	0	0	1.5	1.5	1.5	1.5	1.5	1.5
173.077818450204	-0.136186153317449	-3.28463422631428	-121.61662540216	-92.5420642987861	0	0	0	0	0	1.5	1.5	1.5	1.5	1.5	1.5
173.317206857466	-0.109313850124641	-3.31401915371764	-121.853013279453	-92.5043356061605	0	0	0	0	0	1.5	1.5	1.5	1.5	1.5	1.5
173.556595264728	-0.0824415469318265	-3.33697116326024	-122.088336335391	-92.4604340129984	0	0	0	0	0	1.5	1.5	1.5	1.5	1.5	1.5
173.795983671989	-0.055569243739015	-3.35349025494205	-122.322749678878	-92.4118965276286	0	0	0	0	0	1.5	1.5	1.5	1.5	1.5	1.5
174.035372079251	-0.0288878009869995	-3.36357653483197	-122.556498291459	-92.3602447461199	0	0	0	0	0	1.5	1.5	1.5	1.5	1.5	1.5
174.274760486513	-0.0431226062623553	-3.37219576318081	-122.789797939435	-92.3066002862009	0	0	0	0	0	1.5	1.5	1.5	1.5	1.5	1.5
174.514148893774	-0.0573574115377128	-3.3842226388922	-123.022530709744	-92.2505505273328	0	0	0	0	0	1.5	1.5	1.5	1.5	1.5	1.5
174.753537301036	-0.0715922168130686	-3.39965716196614	-123.25447105905	-92.1913107997604	0	0	0	0	0	1.5	1.5	1.5	1.5	1.5	1.5
174.992925708298	-0.0858270220884244	-3.41849933240263	-123.485361001132	-92.1281052002057	0	0	0	0	0	1.5	1.5	1.5	1.5	1.5	1.5
175.232314115559	-0.100061827363782	-3.44074915020167	-123.714902341504	-92.0601698078045	0	0	0	0	0	1.5	1.5	1.5	1.5	1.5	1.5
175.471702522821	-0.114296632639138	-3.46640661536325	-123.942749138034	-91.9867565787183	0	0	0	0	0	1.5	1.5	1.5	1.5	1.5	1.5
175.711090930083	-0.107664850580563	-3.49362546157825	-124.168537579027	-91.9072404281513	0	0	0	0	0	1.5	1.5	1.5	1.5	1.5	1.5
175.950479337345	-0.0936715570086646	-3.51772426254654	-124.392205089802	-91.8219357981817	0	0	0	0	0	1.5	1.5	1.5	1.5	1.5	1.5
176.189867744606	-0.0796782634367648	-3.5384732312543	-124.613905056446	-91.7316369749224	0	0	0	0	0	1.5	1.5	1.5	1.5	1.5	1.5
176.429256151868	-0.0656849698648668	-3.55587236770155	-124.833843606002	-91.6371256138872	0	0	0	0	0	1.5	1.5	1.5	1.5	1.5	1.5
176.66864455913	-0.0516916762929687	-3.56992167188827	-125.052269868693	-91.5391672870554	0	0	0	0	0	1.5	1.5	1.5	1.5	1.5	1.5
176.908032966391	-0.0376983827210706	-3.58062114381447	-125.269468015186	-91.4385132901192	0	0	0	0	0	1.5	1.5	1.5	1.5	1.5	1.5
177.147421373653	-0.0425420896997185	-3.58903512361437	-125.485732223008	-91.3358668729344	0	0	0	0	0	1.5	1.5	1.5	1.5	1.5	1.5
177.386809780915	-0.0684527731421051	-3.60232056532933	-125.700914309503	-91.2309734354667	0	0	0	0	0	1.5	1.5	1.5	1.5	1.5	1.5
177.626198188176	-0.0943634565844917	-3.62180872428463	-125.914346906982	-91.1225690115693	0	0	0	0	0	1.5	1.5	1.5	1.5	1.5	1.5
177.865586595438	-0.120274140026881	-3.64749960048027	-126.125273992908	-91.0093726380143	0	0	0	0	0	1.5	1.5	1.5	1.5	1.5	1.5
178.1049750027	-0.146184823469268	-3.67939319391625	-126.332851841099	-90.8901527325402	0	0	0	0	0	1.5	1.5	1.5	1.5	1.5	1.5
178.344363409961	-0.172095506911655	-3.71748950459255	-126.536127677508	-90.7637454138509	0	0	0	0	0	1.5	1.5	1.5	1.5	1.5	1.5
178.583751817223	-0.187077173426849	-3.76151572212534	-126.734023235179	-90.6290798001756	0	0	0	0	0	1.5	1.5	1.5	1.5	1.5	1.5
178.823140224485	-0.160582652360186	-3.80312858810736	-126.925841809308	-90.4858870213506	0	0	0	0	0	1.5	1.5	1.5	1.5	1.5	1.5
179.062528631747	-0.134088131293526	-3.83839897289007	-127.112019246038	-90.3354249735689	0	0	0	0	0	1.5	1.5	1.5	1.5	1.5	1.5
179.301917039008	-0.107593610226867	-3.86732687647347	-127.293274978664	-90.1790626714497	0	0	0	0	0	1.5	1.5	1.5	1.5	1.5	1.5
179.54130544627	-0.0810990891602041	-3.88991229885756	-127.470446078114	-90.0180820146385	0	0	0	0	0	1.5	1.5	1.5	1.5	1.5	1.5
179.780693853532	-0.0546045680935445	-3.90615524004234	-127.644460464333	-89.8536905921836	0	0	0	0	0	1.5	1.5	1.5	1.5	1.5	1.5
180.020082260793	-0.0281100470268849	-3.91605570002781	-127.816312357196	-89.6870374639393	0	0	0	0	0	1.5	1.5	1.5	1.5	1.5	1.5
180.259470668055	-0.0378958627574915	-3.92368447897303	-127.986825620399	-89.5190143727772	0	0	0	0	0	1.5	1.5	1.5	1.5	1.5	1.5
180.498859075317	-0.0501035687769334	-3.93421750085051	-128.155807173911	-89.3494516598853	0	0	0	0	0	1.5	1.5	1.5	1.5	1.5	1.5
180.738247482578	-0.0623112747963738	-3.94767290602831	-128.322742362439	-89.177874892573	0	0	0	0	0	1.5	1.5	1.5	1.5	1.5	1.5
180.97763588984	-0.0745189808158142	-3.96405069450641	-128.487099135817	-89.0038278329947	0	0	0	0	0	1.5	1.5	1.5	1.5	1.5	1.5
181.217024297102	-0.0867266868352547	-3.98335086628483	-128.648324400609	-88.8268774332109	0	0	0	0	0	1.5	1.5	1.5	1.5	1.5	1.5
181.456412704363	-0.0989343928546966	-4.00557342136356	-128.805840655869	-88.6466190635202	0	0	0	0	0	1.5	1.5	1.5	1.5	1.5	1.5
181.695801111625	-0.0928044939359503	-4.0292435009534	-128.959104223032	-88.4627322057561	0	0	0	0	0	1.5	1.5	1.5	1.5	1.5	1.5
181.935189518887	-0.0777219255099463	-4.049654524927	-129.108253152449	-88.2754906082771	0	0	0	0	0	1.5	1.5	1.5	1.5	1.5	1.5
182.174577926149	-0.0626393570839404	-4.06645495686768	-129.253893517151	-88.0855054910958	0	0	0	0	0	1.5	1.5	1.5	1.5	1.5	1.5
182.41396633341	-0.0475567886579381	-4.07964479677544	-129.396669406627	-87.8933570509034	0	0	0	0	0	1.5	1.5	1.5	1.5	1.5	1.5
182.653354740672	-0.0324742202319322	-4.08922404465028	-129.537249050291	-87.6995949956224	0	0	0	0	0	1.5	1.5	1.5	1.5	1.5	1.5
182.892743147934	-0.0173916518059282	-4.09519270049221	-129.676318489686	-87.5047454911542	0	0	0	0	0	1.5	1.5	1.5	1.5	1.5	1.5
183.132131555195	-0.0153962612271149	-4.09818488219456	-129.814558937291	-87.3093066225382	0	0	0	0	0	1.5	1.5	1.5	1.5	1.5	1.5
183.371519962457	-0.032642904861003	-4.10393489192257	-129.952024678362	-87.113322387678	0	0	0	0	0	1.5	1.5	1.5	1.5	1.5	1.5
183.610908369719	-0.0498895484948953	-4.1138135482007	-130.087954386494	-86.9162704742495	0	0	0	0	0	1.5	1.5	1.5	1.5	1.5	1.5
183.85029677698	-0.0671361921287855	-4.12782085102897	-130.221520520846	-86.7176100631278	0	0	0	0	0	1.5	1.5	1.5	1.5	1.5	1.5
184.089685184242	-0.0843828357626757	-4.14595680040735	-130.351876026636	-86.5168298859253	0	0	0	0	0	1.5	1.5	1.5	1.5	1.5	1.5
184.329073591504	-0.101629479396568	-4.16822139633587	-130.478148521577	-86.3134590474851	0	0	0	0	0	1.5	1.5	1.5	1.5	1.5	1.5
184.568461998765	-0.114609925809171	-4.19454298598458	-130.599436025362	-86.10707874849	0	0	0	0	0	1.5	1.5	1.5	1.5	1.5	1.5
184.807850406027	-0.101453206149508	-4.22040449049836	-130.715177938797	-85.8975377637048	0	0	0	0	0	1.5	1.5	1.5	1.5	1.5	1.5
185.047238813289	-0.0882964864898482	-4.24311642884802	-130.825797861058	-85.6852465057784	0	0	0	0	0	1.5	1.5	1.5	1.5	1.5	1.5
185.286627220551	-0.0751397668301851	-4.26267880103357	-130.931906762529	-85.4706634629979	0	0	0	0	0	1.5	1.5	1.5	1.5	1.5	1.5
185.526015627812	-0.0619830471705235	-4.27909160705501	-131.034139357813	-85.2542055715469	0	0	0	0	0	1.5	1.5	1.5	1.5	1.5	1.5
185.765404035074	-0.048826327510862	-4.29235484691233	-131.13314939556	-85.0362537853991	0	0	0	0	0	1.5	1.5	1.5	1.5	1.5	1.5
186.004792442336	-0.0356696078512004	-4.30246852060553	-131.229605503962	-84.8171589670671	0	0	0	0	0	1.5	1.5	1.5	1.5	1.5	1.5
186.244180849597	-0.0344336610069591	-4.31067716632067	-131.324107852711	-84.5972139843639	0	0	0	0	0	1.5	1.5	1.5	1.5	1.5	1.5
186.483569256859	-0.0349439577500913	-4.31898126514761	-131.416793742268	-84.3764974102378	0	0	0	0	0	1.5	1.5	1.5	1.5	1.5	1.5
186.722957664121	-0.0354542544932234	-4.3274075230991	-131.507630069223	-84.1550132524245	0	0	0	0	0	1.5	1.5	1.5	1.5	1.5	1.5
186.962346071382	-0.0359645512363557	-4.33595594017517	-131.596583328586	-83.9327661417504	0	0	0	0	0	1.5	1.5	1.5	1.5	1.5	1.5
187.201734478644	-0.0364748479794878	-4.34462651637581	-131.683619871467	-83.7097614541037	0	0	0	0	0	1.5	1.5	1.5	1.5	1.5	1.5
187.441122885906	-0.03698514472262	-4.35341925170102	-131.768705913472	-83.4860053239585	0	0	0	0	0	1.5	1.5	1.5	1.5	1.5	1.5
187.680511293167	-0.0311906957591118	-4.36187684096063	-131.851828304424	-83.2615122726699	0	0	0	0	0	1.5	1.5	1.5	1.5	1.5	1.5
187.919899700429	-0.0212969495058756	-4.36815930786108	-131.933278001994	-83.0364065922393	0	0	0	0	0	1.5	1.5	1.5	1.5	1.5	1.5
188.159288107691	-0.0114032032526406	-4.37207332660412	-132.013579083415	-82.8108883618277	0	0	0	0	0	1.5	1.5	1.5	1.5	1.5	1.5
188.398676514953	-0.00150945699940568	-4.37361889718974	-132.093264290888	-82.5851516448609	0	0	0	0	0	1.5	1.5	1.5	1.5	1.5	1.5
188.638064922214	0.00838428925383046	-4.37279601961795	-132.172867929665	-82.3593861325597	0	0	0	0	0	1.5	1.5	1.5	1.5	1.5	1.5
188.877453329476	0.0182780355070654	-4.36960469388875	-132.252924510409	-82.1337809368586	0	0	0	0	0	1.5	1.5	1.5	1.5	1.5	1.5
189.116841736738	0.0281044348474634	-4.36404766214994	-132.333967328434	-81.9085283604035	0	0	0	0	0	1.5	1.5	1.5	1.5	1.5	1.5
189.356230143999	0.0378002027763621	-4.35615925903398	-132.416523154567	-81.683826229782	0	0	0	0	0	1.5	1.5	1.5	1.5	1.5	1.5
189.595618551261	0.0474959707052619	-4.34594980147634	-132.501108738859	-81.4598807224316	0	0	0	0	0	1.5	1.5	1.5	1.5	1.5	1.5
189.835006958523	0.0571917386341606	-4.33341928947702	-132.588234866245	-81.2369118968002	0	0	0	0	0	1.5	1.5	1.5	1.5	1.5	1.5
190.074395365784	0.0668875065630592	-4.31856772303602	-132.67840516884	-81.0151573651712	0	0	0	0	0	1.5	1.5	1.5	1.5	1.5	1.5
190.313783773046	0.0765832744919579	-4.30139510215335	-132.772114224753	-80.794875696287	0	0	0	0	0	1.5	1.5	1.5	1.5	1.5	1.5
190.553172180308	0.0855575943542114	-4.28190792533826	-132.86984538125	-80.5763496895465	0	0	0	0	0	1.5	1.5	1.5	1.5	1.5	1.5
190.79256058757	0.0856666537298299	-4.26141337532155	-132.971965812892	-80.3598405185271	0	0	0	0	0	1.5	1.5	1.5	1.5	1.5	1.5
191.031948994831	0.0857757131054484	-4.24089271775462	-133.078504539636	-80.1454709817826	0	0	0	0	0	1.5	1.5	1.5	1.5	1.5	1.5
191.271337402093	0.085884772481067	-4.22034595263745	-133.189422294948	-79.9333341273298	0	0	0	0	0	1.5	1.5	1.5	1.5	1.5	1.5
191.510725809355	0.0859938318566855	-4.19977307997007	-133.304677791163	-79.7235224047642	0	0	0	0	0	1.5	1.5	1.5	1.5	1.5	1.5
191.750114216616	0.0861028912323041	-4.17917409975245	-133.424227725009	-79.5161276205527	0	0	0	0	0	1.5	1.5	1.5	1.5	1.5	1.5
191.989502623878	0.0862119506079226	-4.15854901198461	-133.548026784103	-79.3112408932409	0	0	0	0	0	1.5	1.5	1.5	1.5	1.5	1.5
192.22889103114	0.085670837680685	-4.1379607587857	-133.676024235131	-79.1089504154954	0	0	0	0	0	1.5	1.5	1.5	1.5	1.5	1.5
192.468279438401	0.0849760217496804	-4.11753531884408	-133.808143166343	-78.9093272574895	0	0	0	0	0	1.5	1.5	1.5	1.5	1.5	1.5
192.707667845663	0.0842812058186757	-4.09727620978152	-133.944295309961	-78.7124327595959	0	0	0	0	0	1.5	1.5	1.5	1.5	1.5	1.5
192.947056252925	0.083586389887671	-4.07718343159802	-134.084392044839	-78.5183250924606	0	0	0	0	0	1.5	1.5	1.5	1.5	1.5	1.5
193.186444660186	0.0828915739566664	-4.05725698429359	-134.228344534362	-78.3270593241913	0	0	0	0	0	1.5	1.5	1.5	1.5	1.5	1.5
193.425833067448	0.0821967580256617	-4.03749686786822	-134.376063815862	-78.1386874612495	0	0	0	0	0	1.5	1.5	1.5	1.5	1.5	1.5
193.66522147471	0.0820987829192077	-4.01786434182215	-134.527462178101	-77.9532595606749	0	0	0	0	0	1.5	1.5	1.5	1.5	1.5	1.5
193.904609881972	0.0825045554208948	-3.99816227632455	-134.682476122122	-77.7708434622221	0	0	0	0	0	1.5	1.5	1.5	1.5	1.5	1.5
194.143998289233	0.0829103279225819	-3.97836307359407	-134.841062406653	-77.5915243950507	0	0	0	0	0	1.5	1.5	1.5	1.5	1.5	1.5
194.383386696495	0.0833161004242689	-3.95846673363069	-135.003176280069	-77.4153880526212	0	0	0	0	0	1.5	1.5	1.5	1.5	1.5	1.5
194.622775103757	0.0837218729259559	-3.93847325643442	-135.168770673759	-77.2425199024222	0	0	0	0	0	1.5	1.5	1.5	1.5	1.5	1.5
194.862163511018	0.084127645427643	-3.91838264200527	-135.337796182307	-77.0730051259541	0	0	0	0	0	1.5	1.5	1.5	1.5	1.5	1.5
195.10155191828	0.0842976306484033	-3.89820267807789	-135.510200927118	-76.9069284328927	0	0	0	0	0	1.5	1.5	1.5	1.5	1.5	1.5
195.340940325542	0.0838489215372261	-3.87807651042076	-135.685919661998	-76.744362134526	0	0	0	0	0	1.5	1.5	1.5	1.5	1.5	1.5
195.580328732803	0.0834002124260489	-3.85805775852307	-135.86486591773	-76.5853554261622	0	0	0	0	0	1.5	1.5	1.5	1.5	1.5	1.5
195.819717140065	0.0829515033148717	-3.83814642238484	-136.046950907969	-76.4299528117781	0	0	0	0	0	1.5	1.5	1.5	1.5	1.5	1.5
196.059105547327	0.0825027942036945	-3.81834250200605	-136.232085756468	-76.2781963474312	0	0	0	0	0	1.5	1.5	1.5	1.5	1.5	1.5
196.298493954588	0.0820540850925173	-3.79864599738672	-136.420181559105	-76.1301256687251	0	0	0	0	0	1.5	1.5	1.5	1.5	1.5	1.5
196.53788236185	0.0816586686036079	-3.77905684483242	-136.611149444336	-75.9857780195443	0	0	0	0	0	1.5	1.5	1.5	1.5	1.5	1.5
196.777270769112	0.0865470678510678	-3.75892359316134	-136.80493126151	-75.8452309419685	0	0	0	0	0	1.5	1.5	1.5	1.5	1.5	1.5
197.016659176374	0.0914354670985289	-3.73762011538035	-137.00158278965	-75.7087288591974	0	0	0	0	0	1.5	1.5	1.5	1.5	1.5	1.5
197.256047583635	0.0963238663459894	-3.71514641148945	-137.201174384379	-75.5765638381331	0	0	0	0	0	1.5	1.5	1.5	1.5	1.5	1.5
197.495435990897	0.10121226559345	-3.69150248148864	-137.403759762534	-75.4490361771388	0	0	0	0	0	1.5	1.5	1.5	1.5	1.5	1.5
197.734824398159	0.106100664840911	-3.66668832537792	-137.609374765116	-75.3264542058839	0	0	0	0	0	1.5	1.5	1.5	1.5	1.5	1.5
197.97421280542	0.110989064088371	-3.64070394315729	-137.81803608867	-75.2091339725855	0	0	0	0	0	1.5	1.5	1.5	1.5	1.5	1.5
198.213601212682	0.0986561570359766	-3.61508186085684	-138.029698203612	-75.0973180626902	0	0	0	0	0	1.5	1.5	1.5	1.5	1.5	1.5
198.452989619944	0.080381415744321	-3.59365210116291	-138.243941958995	-74.9905274815737	0	0	0	0	0	1.5	1.5	1.5	1.5	1.5	1.5
198.692378027205	0.0621066744526611	-3.5765971026799	-138.460202346691	-74.8878782553153	0	0	0	0	0	1.5	1.5	1.5	1.5	1.5	1.5
198.931766434467	0.0438319331610033	-3.56391686540782	-138.677966106565	-74.7884549932395	0	0	0	0	0	1.5	1.5	1.5	1.5	1.5	1.5
199.171154841729	0.0255571918693456	-3.55561138934667	-138.896761930452	-74.6913217546698	0	0	0	0	0	1.5	1.5	1.5	1.5	1.5	1.5
199.41054324899	0.00728245057768785	-3.55168067449645	-139.116148415483	-74.5955287256496	0	0	0	0	0	1.5	1.5	1.5	1.5	1.5	1.5
199.649931656252	0.00174170383378318	-3.55139926641305	-139.335712689899	-74.5001435139246	0	0	0	0	0	1.5	1.5	1.5	1.5	1.5	1.5
199.889320063514	0.0102211824953494	-3.54996737826076	-139.555331332606	-74.4048836000684	0	0	0	0	0	1.5	1.5	1.5	1.5	1.5	1.5
200.128708470776	0.0187006611569136	-3.54650560121726	-139.775182311716	-74.3101613800893	0	0	0	0	0	1.5	1.5	1.5	1.5	1.5	1.5
200.368096878037	0.0271801398184798	-3.54101393528257	-139.995454964579	-74.2164243885626	0	0	0	0	0	1.5	1.5	1.5	1.5	1.5	1.5
200.607485285299	0.0356596184800449	-3.53349238045667	-140.216332617394	-74.124122701044	0	0	0	0	0	1.5	1.5	1.5	1.5	1.5	1.5
200.846873692561	0.0441390971416101	-3.52394093673957	-140.437989826014	-74.0337100061587	0	0	0	0	0	1.5	1.5	1.5	1.5	1.5	1.5
201.086262099822	0.0478073836789168	-3.51248063693315	-140.660588844078	-73.9456426969507	0	0	0	0	0	1.5	1.5	1.5	1.5	1.5	1.5
201.325650507084	0.0333953001112805	-3.5027611463642	-140.88414300524	-73.8600278940744	0	0	0	0	0	1.5	1.5	1.5	1.5	1.5	1.5
201.565038914346	0.0189832165436458	-3.49649174152582	-141.108374973774	-73.7762028073413	0	0	0	0	0	1.5	1.5	1.5	1.5	1.5	1.5
201.804427321607	0.00457113297601112	-3.49367242241802	-141.332985850655	-73.6933974656538	0	0	0	0	0	1.5	1.5	1.5	1.5	1.5	1.5
202.043815728869	-0.00984095059162525	-3.49430318904081	-141.557687275647	-73.6108379338585	0	0	0	0	0	1.5	1.5	1.5	1.5	1.5	1.5
202.283204136131	-0.0242530341592599	-3.49838404139416	-141.782193430709	-73.5277493341943	0	0	0	0	0	1.5	1.5	1.5	1.5	1.5	1.5
202.522592543392	-0.0386651177268946	-3.5059149794781	-142.006213026988	-73.4433588239404	0	0	0	0	0	1.5	1.5	1.5	1.5	1.5	1.5
202.761980950654	-0.0325353262074227	-3.51457423173676	-142.229504878012	-73.3570616636518	0	0	0	0	0	1.5	1.5	1.5	1.5	1.5	1.5
203.001369357916	-0.0251936764035282	-3.52148405873068	-142.45211809788	-73.2690279450388	0	0	0	0	0	1.5	1.5	1.5	1.5	1.5	1.5
203.240757765178	-0.0178520265996346	-3.52663637987138	-142.674196530619	-73.179653159872	0	0	0	0	0	1.5	1.5	1.5	1.5	1.5	1.5
203.480146172439	-0.010510376795741	-3.53003119515884	-142.895891126093	-73.0893300698794	0	0	0	0	0	1.5	1.5	1.5	1.5	1.5	1.5
203.719534579701	-0.00316872699184743	-3.53166850459308	-143.117357843166	-72.9984494354615	0	0	0	0	0	1.5	1.5	1.5	1.5	1.5	1.5
203.958922986963	0.00417292281204704	-3.53154830817409	-143.338755583029	-72.9074008220732	0	0	0	0	0	1.5	1.5	1.5	1.5	1.5	1.5
204.198311394224	0.00415778478121469	-3.53026776362148	-143.56023188667	-72.8165435282955	0	0	0	0	0	1.5	1.5	1.5	1.5	1.5	1.5
204.437699801486	0.000651163440581956	-3.52969216039377	-143.781797218779	-72.7259035178132	0	0	0	0	0	1.5	1.5	1.5	1.5	1.5	1.5
204.677088208748	-0.0028554579000512	-3.52995600166366	-144.003376679666	-72.6352980452648	0	0	0	0	0	1.5	1.5	1.5	1.5	1.5	1.5
204.916476616009	-0.00636207924068393	-3.53105928743116	-144.224894143603	-72.5445411346005	0	0	0	0	0	1.5	1.5	1.5	1.5	1.5	1.5
205.155865023271	-0.00986870058131667	-3.53300201769626	-144.446273103594	-72.4534469661568	0	0	0	0	0	1.5	1.5	1.5	1.5	1.5	1.5
205.395253430533	-0.0133753219219494	-3.53578419245897	-144.667436203811	-72.3618300702674	0	0	0	0	0	1.5	1.5	1.5	1.5	1.5	1.5
205.634641837795	-0.0165621860949188	-3.53939003236578	-144.888304974406	-72.2695060030977	0	0	0	0	0	1.5	1.5	1.5	1.5	1.5	1.5
205.874030245056	-0.0192932312044946	-3.54368171798529	-145.108806500019	-72.1763083703984	0	0	0	0	0	1.5	1.5	1.5	1.5	1.5	1.5
206.113418652318	-0.0220242763140704	-3.54862718414373	-145.328875179666	-72.0820933560073	0	0	0	0	0	1.5	1.5	1.5	1.5	1.5	1.5
206.35280705958	-0.0247553214236463	-3.55422643084112	-145.548444004708	-71.9867194033506	0	0	0	0	0	1.5	1.5	1.5	1.5	1.5	1.5
206.592195466841	-0.0274863665332224	-3.56047945807745	-145.767443707727	-71.890045969312	0	0	0	0	0	1.5	1.5	1.5	1.5	1.5	1.5
206.831583874103	-0.0302174116427983	-3.56738626585272	-145.985802493024	-71.7919336736112	0	0	0	0	0	1.5	1.5	1.5	1.5	1.5	1.5
207.070972281365	-0.0306828624524234	-3.57490720429024	-146.203445965207	-71.6922448762781	0	0	0	0	0	1.5	1.5	1.5	1.5	1.5	1.5
207.310360688626	-0.017918765392244	-3.58072453743027	-146.42039050938	-71.5910435327575	0	0	0	0	0	1.5	1.5	1.5	1.5	1.5	1.5
207.549749095888	-0.00515466833206607	-3.58348629370493	-146.636899187782	-71.4889124183013	0	0	0	0	0	1.5	1.5	1.5	1.5	1.5	1.5
207.78913750315	0.00760942872811184	-3.58319247311422	-146.853281742861	-71.3865141847553	0	0	0	0	0	1.5	1.5	1.5	1.5	1.5	1.5
208.028525910411	0.0203735257882898	-3.57984307565814	-147.069850367919	-71.2845103326012	0	0	0	0	0	1.5	1.5	1.5	1.5	1.5	1.5
208.267914317673	0.0331376228484692	-3.5734381013367	-147.286913637424	-71.1835640602155	0	0	0	0	0	1.5	1.5	1.5	1.5	1.5	1.5
208.507302724935	0.0459017199086456	-3.56397755014988	-147.504770411562	-71.0843430577584	0	0	0	0	0	1.5	1.5	1.5	1.5	1.5	1.5
208.746691132197	0.0342094264977726	-3.55403871221685	-147.723630897697	-70.9873563528542	0	0	0	0	0	1.5	1.5	1.5	1.5	1.5	1.5
208.986079539458	0.0191959356773552	-3.54764639992168	-147.94327864948	-70.8921645543497	0	0	0	0	0	1.5	1.5	1.5	1.5	1.5	1.5
209.22546794672	0.0041824448569396	-3.54484814328145	-148.163361816897	-70.7979829715995	0	0	0	0	0	1.5	1.5	1.5	1.5	1.5	1.5
209.464856353982	-0.010831045963476	-3.54564394229615	-148.383539237321	-70.7040217614432	0	0	0	0	0	1.5	1.5	1.5	1.5	1.5	1.5
209.704244761243	-0.0258445367838917	-3.5500337969658	-148.603472121989	-70.6094900592699	0	0	0	0	0	1.5	1.5	1.5	1.5	1.5	1.5
209.943633168505	-0.0408580276043073	-3.55801770729038	-148.822815538203	-70.51359965381	0	0	0	0	0	1.5	1.5	1.5	1.5	1.5	1.5
210.183021575767	-0.0368915430382844	-3.56819946493302	-149.041238209329	-70.4156311359449	0	0	0	0	0	1.5	1.5	1.5	1.5	1.5	1.5
210.422409983028	-0.0210224106705998	-3.57513142950132	-149.25879476156	-70.3157525822499	0	0	0	0	0	1.5	1.5	1.5	1.5	1.5	1.5
210.66179839029	-0.00515327830291514	-3.57826450774749	-149.475846265829	-70.2147802791214	0	0	0	0	0	1.5	1.5	1.5	1.5	1.5	1.5
210.901186797552	0.0107158540647695	-3.57759869967154	-149.692773126717	-70.1135402510152	0	0	0	0	0	1.5	1.5	1.5	1.5	1.5	1.5
211.140575204813	0.0265849864324561	-3.57313400527347	-149.909958803298	-70.0128571090441	0	0	0	0	0	1.5	1.5	1.5	1.5	1.5	1.5
211.379963612075	0.0424541188001407	-3.56487042455326	-150.127780399804	-69.913558396208	0	0	0	0	0	1.5	1.5	1.5	1.5	1.5	1.5
211.619352019337	0.0492712300786075	-3.55318605581469	-150.346594979919	-69.816469166276	0	0	0	0	0	1.5	1.5	1.5	1.5	1.5	1.5
211.858740426599	0.0392009876232594	-3.54259644417341	-150.566512738545	-69.7219046222855	0	0	0	0	0	1.5	1.5	1.5	1.5	1.5	1.5
212.09812883386	0.0291307451679125	-3.53441753183426	-150.787308635448	-69.6294078033105	0	0	0	0	0	1.5	1.5	1.5	1.5	1.5	1.5
212.337517241122	0.0190605027125656	-3.52864931879723	-151.008744501001	-69.5384528275154	0	0	0	0	0	1.5	1.5	1.5	1.5	1.5	1.5
212.576905648384	0.00899026025721873	-3.52529180506232	-151.230593278479	-69.4485090941821	0	0	0	0	0	1.5	1.5	1.5	1.5	1.5	1.5
212.816294055645	-0.00107998219812935	-3.52434499062954	-151.452635211696	-69.3590429850637	0	0	0	0	0	1.5	1.5	1.5	1.5	1.5	1.5
213.055682462907	-0.00992850673025363	-3.52579678127772	-151.674654025736	-69.269519551926	0	0	0	0	0	1.5	1.5	1.5	1.5	1.5	1.5
213.295070870169	-0.00522682384406186	-3.52761078650158	-151.896500367494	-69.1795695971505	0	0	0	0	0	1.5	1.5	1.5	1.5	1.5	1.5
213.53445927743	-0.00052514095786952	-3.52829926334786	-152.118234012569	-69.0893421190261	0	0	0	0	0	1.5	1.5	1.5	1.5	1.5	1.5
213.773847684692	0.00417654192832226	-3.52786221181656	-152.33995631577	-68.9990867658249	0	0	0	0	0	1.5	1.5	1.5	1.5	1.5	1.5
214.013236091954	0.00887822481451404	-3.52629963190769	-152.561768726056	-68.9090531475842	0	0	0	0	0	1.5	1.5	1.5	1.5	1.5	1.5
214.252624499215	0.0135799077007058	-3.52361152362125	-152.783771943388	-68.8194911778825	0	0	0	0	0	1.5	1.5	1.5	1.5	1.5	1.5
214.492012906477	0.0182815905868981	-3.51979788695723	-153.006065073885	-68.7306514113968	0	0	0	0	0	1.5	1.5	1.5	1.5	1.5	1.5
214.731401313739	0.024364759627396	-3.51472364128632	-153.228748000919	-68.6427935681762	0	0	0	0	0	1.5	1.5	1.5	1.5	1.5	1.5
214.970789721001	0.0307575574197215	-3.50812581944508	-153.451939450541	-68.5562361983318	0	0	0	0	0	1.5	1.5	1.5	1.5	1.5	1.5
215.210178128262	0.037150355212047	-3.49999763592239	-153.675761956374	-68.4713245988944	0	0	0	0	0	1.5	1.5	1.5	1.5	1.5	1.5
215.449566535524	0.0435431530043733	-3.49033909071824	-153.900330496122	-68.388406960234	0	0	0	0	0	1.5	1.5	1.5	1.5	1.5	1.5
215.688954942786	0.0499359507966988	-3.47915018383265	-154.125750831269	-68.3078347318414	0	0	0	0	0	1.5	1.5	1.5	1.5	1.5	1.5
215.928343350047	0.0563287485890243	-3.4664309152656	-154.352117859744	-68.2299630092567	0	0	0	0	0	1.5	1.5	1.5	1.5	1.5	1.5
216.167731757309	0.0580994915246738	-3.45248637684196	-154.579509812305	-68.1551380627093	0	0	0	0	0	1.5	1.5	1.5	1.5	1.5	1.5
216.407120164571	0.0561109631847623	-3.43881604741919	-154.807918355398	-68.0834759771087	0	0	0	0	0	1.5	1.5	1.5	1.5	1.5	1.5
216.646508571832	0.0541224348448508	-3.42562174862852	-155.037268974167	-68.0148882827881	0	0	0	0	0	1.5	1.5	1.5	1.5	1.5	1.5
216.885896979094	0.0521339065049396	-3.41290348046993	-155.267489078276	-67.9492777599061	0	0	0	0	0	1.5	1.5	1.5	1.5	1.5	1.5
217.125285386356	0.0501453781650277	-3.40066124294342	-155.498510182487	-67.8865454460603	0	0	0	0	0	1.5	1.5	1.5	1.5	1.5	1.5
217.364673793617	0.0481568498251162	-3.38889503604901	-155.730267786582	-67.8265907855802	0	0	0	0	0	1.5	1.5	1.5	1.5	1.5	1.5
217.604062200879	0.0507217963355168	-3.3774490627252	-155.962702083978	-67.7693152242967	0	0	0	0	0	1.5	1.5	1.5	1.5	1.5	1.5
217.843450608141	0.0646626798813794	-3.36363820973306	-156.195826680162	-67.7149201839446	0	0	0	0	0	1.5	1.5	1.5	1.5	1.5	1.5
218.082839015403	0.078603563427247	-3.34649007083304	-156.42976431391	-67.6641403860138	0	0	0	0	0	1.5	1.5	1.5	1.5	1.5	1.5
218.322227422664	0.0925444469731112	-3.32600464602517	-156.664614760547	-67.6177715138279	0	0	0	0	0	1.5	1.5	1.5	1.5	1.5	1.5
218.561615829926	0.106485330518974	-3.30218193530943	-156.90043329906	-67.5766167406853	0	0	0	0	0	1.5	1.5	1.5	1.5	1.5	1.5
218.801004237188	0.120426214064841	-3.27502193868582	-157.137222521739	-67.5414862698118	0	0	0	0	0	1.5	1.5	1.5	1.5	1.5	1.5
219.040392644449	0.133902333864999	-3.24452592535671	-157.374924071948	-67.5131959861852	0	0	0	0	0	1.5	1.5	1.5	1.5	1.5	1.5
219.279781051711	0.127472480762059	-3.21324087507077	-157.613393976544	-67.4923575603948	0	0	0	0	0	1.5	1.5	1.5	1.5	1.5	1.5
219.519169458973	0.12104262765912	-3.18349505707807	-157.852389589566	-67.478804666377	0	0	0	0	0	1.5	1.5	1.5	1.5	1.5	1.5
219.758557866234	0.114612774556178	-3.1552884713786	-158.091678422655	-67.4721816530177	0	0	0	0	0	1.5	1.5	1.5	1.5	1.5	1.5
219.997946273496	0.108182921453238	-3.12862111797237	-158.331059729685	-67.4721256688607	0	0	0	0	0	1.5	1.5	1.5	1.5	1.5	1.5
220.237334680758	0.101753068350299	-3.10349299685938	-158.570363010189	-67.4782684650734	0	0	0	0	0	1.5	1.5	1.5	1.5	1.5	1.5
220.476723088019	0.0953232152473576	-3.07990410803963	-158.809446432964	-67.490237970093	0	0	0	0	0	1.5	1.5	1.5	1.5	1.5	1.5
220.716111495281	0.0928925293190156	-3.0574928473295	-159.048193460674	-67.5076813741944	0	0	0	0	0	1.5	1.5	1.5	1.5	1.5	1.5
220.955499902543	0.0917566134901523	-3.03539141522984	-159.286493653555	-67.5304298884054	0	0	0	0	0	1.5	1.5	1.5	1.5	1.5	1.5
221.194888309805	0.090620697661289	-3.01356190821124	-159.52423683771	-67.5584068836165	0	0	0	0	0	1.5	1.5	1.5	1.5	1.5	1.5
221.434276717066	0.0894847818324253	-2.99200432627368	-159.761317325872	-67.5915344000663	0	0	0	0	0	1.5	1.5	1.5	1.5	1.5	1.5
221.673665124328	0.0883488660035619	-2.97071866941719	-159.997633943621	-67.6297325940479	0	0	0	0	0	1.5	1.5	1.5	1.5	1.5	1.5
221.91305353159	0.0872129501746986	-2.94970493764175	-160.233090002945	-67.6729199174611	0	0	0	0	0	1.5	1.5	1.5	1.5	1.5	1.5
222.152441938851	0.087120260988924	-2.92890201045589	-160.467592772227	-67.7210156266279	0	0	0	0	0	1.5	1.5	1.5	1.5	1.5	1.5
222.391830346113	0.088115640433607	-2.90792728878758	-160.701040877371	-67.7739938372855	0	0	0	0	0	1.5	1.5	1.5	1.5	1.5	1.5
222.631218753375	0.0891110198782898	-2.88671428481939	-160.933319518421	-67.8318841949089	0	0	0	0	0	1.5	1.5	1.5	1.5	1.5	1.5
222.870607160636	0.0901063993229725	-2.86526299855132	-161.164310381372	-67.8947159804939	0	0	0	0	0	1.5	1.5	1.5	1.5	1.5	1.5
223.109995567898	0.0911017787676555	-2.84357342998337	-161.393892206598	-67.9625153055812	0	0	0	0	0	1.5	1.5	1.5	1.5	1.5	1.5
223.34938397516	0.0920971582123382	-2.82164557911553	-161.621940839805	-68.0353049629302	0	0	0	0	0	1.5	1.5	1.5	1.5	1.5	1.5
223.588772382421	0.092723896444971	-2.79948933207189	-161.848329348459	-68.1131041090229	0	0	0	0	0	1.5	1.5	1.5	1.5	1.5	1.5
223.828160789683	0.0920739390073037	-2.77737010232473	-162.072937877092	-68.1959019467812	0	0	0	0	0	1.5	1.5	1.5	1.5	1.5	1.5
224.067549196945	0.0914239815696361	-2.75540646485335	-162.295667076114	-68.2836299909241	0	0	0	0	0	1.5	1.5	1.5	1.5	1.5	1.5
224.306937604207	0.0907740241319688	-2.73359841965777	-162.516423148593	-68.3762112785181	0	0	0	0	0	1.5	1.5	1.5	1.5	1.5	1.5
224.546326011468	0.0901240666943015	-2.71194596673798	-162.735115507712	-68.4735674426996	0	0	0	0	0	1.5	1.5	1.5	1.5	1.5	1.5
224.78571441873	0.089474109256634	-2.69044910609398	-162.951656769587	-68.575618824894	0	0	0	0	0	1.5	1.5	1.5	1.5	1.5	1.5
225.025102825992	0.0888241518189666	-2.66910783772577	-163.165962742869	-68.6822845848492	0	0	0	0	0	1.5	1.5	1.5	1.5	1.5	1.5
225.264491233253	0.0920929692880407	-2.64747254014907	-163.377936268062	-68.793513173406	0	0	0	0	0	1.5	1.5	1.5	1.5	1.5	1.5
225.503879640515	0.095531160713138	-2.62501501932665	-163.587406019364	-68.9093873478222	0	0	0	0	0	1.5	1.5	1.5	1.5	1.5	1.5
225.743268047777	0.098969352138236	-2.6017344353351	-163.794170971477	-69.0300209907796	0	0	0	0	0	1.5	1.5	1.5	1.5	1.5	1.5
225.982656455038	0.102407543563333	-2.57763078817446	-163.998019765938	-69.1555188154256	0	0	0	0	0	1.5	1.5	1.5	1.5	1.5	1.5
226.2220448623	0.10584573498843	-2.55270407784469	-164.198730676589	-69.2859755999528	0	0	0	0	0	1.5	1.5	1.5	1.5	1.5	1.5
226.461433269562	0.109283926413527	-2.52695430434581	-164.396071624997	-69.4214753903029	0	0	0	0	0	1.5	1.5	1.5	1.5	1.5	1.5
226.700821676824	0.106709063396063	-2.50088072714307	-164.589816674966	-69.5620684445087	0	0	0	0	0	1.5	1.5	1.5	1.5	1.5	1.5
226.940210084085	0.101478891929193	-2.47596183562488	-164.779909400156	-69.7075627739629	0	0	0	0	0	1.5	1.5	1.5	1.5	1.5	1.5
227.179598491347	0.0962487204623223	-2.45229498652385	-164.966412382601	-69.8576319983434	0	0	0	0	0	1.5	1.5	1.5	1.5	1.5	1.5
227.418986898609	0.0910185489954505	-2.42988017983997	-165.149408888611	-70.0119585640321	0	0	0	0	0	1.5	1.5	1.5	1.5	1.5	1.5
227.65837530587	0.0857883775285805	-2.40871741557326	-165.329000043358	-70.1702358137458	0	0	0	0	0	1.5	1.5	1.5	1.5	1.5	1.5
227.897763713132	0.0805582060617099	-2.38880669372371	-165.505303434512	-70.3321679924141	0	0	0	0	0	1.5	1.5	1.5	1.5	1.5	1.5
228.137152120394	0.0809622606186238	-2.36985964185101	-165.678444924599	-70.4974772075427	0	0	0	0	0	1.5	1.5	1.5	1.5	1.5	1.5
228.376540527655	0.0889082199519508	-2.34952712995872	-165.848333131856	-70.6661272358063	0	0	0	0	0	1.5	1.5	1.5	1.5	1.5	1.5
228.615928934917	0.0968541792852749	-2.32729244751747	-166.01459309245	-70.8383540450874	0	0	0	0	0	1.5	1.5	1.5	1.5	1.5	1.5
228.855317342179	0.1048001386186	-2.30315559452724	-166.176814916845	-71.0143884360472	0	0	0	0	0	1.5	1.5	1.5	1.5	1.5	1.5
229.09470574944	0.112746097951925	-2.27711657098805	-166.334569188344	-71.1944360996221	0	0	0	0	0	1.5	1.5	1.5	1.5	1.5	1.5
229.334094156702	0.120692057285251	-2.24917537689988	-166.48740643412	-71.3786746876242	0	0	0	0	0	1.5	1.5	1.5	1.5	1.5	1.5
229.573482563964	0.126372428138568	-2.21937659176019	-166.634857350984	-71.5672503676678	0	0	0	0	0	1.5	1.5	1.5	1.5	1.5	1.5
229.812870971225	0.120536775858798	-2.1898229912186	-166.776598851853	-71.7601544510233	0	0	0	0	0	1.5	1.5	1.5	1.5	1.5	1.5
230.052259378487	0.114701123579028	-2.16166637818159	-166.912716310362	-71.9570682923849	0	0	0	0	0	1.5	1.5	1.5	1.5	1.5	1.5
230.291647785749	0.108865471299259	-2.13490675264918	-167.043376672676	-72.1576456079042	0	0	0	0	0	1.5	1.5	1.5	1.5	1.5	1.5
230.531036193011	0.10302981901949	-2.10954411462135	-167.168766366674	-72.3615602030977	0	0	0	0	0	1.5	1.5	1.5	1.5	1.5	1.5
230.770424600272	0.0971941667397205	-2.08557846409811	-167.28908940049	-72.5685056889222	0	0	0	0	0	1.5	1.5	1.5	1.5	1.5	1.5
231.009813007534	0.0913585144599504	-2.06300980107945	-167.404565580888	-72.7781950514776	0	0	0	0	0	1.5	1.5	1.5	1.5	1.5	1.5
231.249201414796	0.0839406767906179	-2.0420080509566	-167.515439667452	-72.990354518607	0	0	0	0	0	1.5	1.5	1.5	1.5	1.5	1.5
231.488589822057	0.0763417108153821	-2.02282317821605	-167.622028775477	-73.2046995993707	0	0	0	0	0	1.5	1.5	1.5	1.5	1.5	1.5
231.727978229319	0.0687427448401454	-2.00545740983715	-167.724683361708	-73.4209573276503	0	0	0	0	0	1.5	1.5	1.5	1.5	1.5	1.5
231.967366636581	0.0611437788649096	-1.98991074581989	-167.823765672359	-73.6388755479639	0	0	0	0	0	1.5	1.5	1.5	1.5	1.5	1.5
232.206755043842	0.0535448128896739	-1.97618318616428	-167.919648002565	-73.8582211385094	0	0	0	0	0	1.5	1.5	1.5	1.5	1.5	1.5
232.446143451104	0.0459458469144381	-1.96427473087032	-168.012711140511	-74.0787781252434	0	0	0	0	0	1.5	1.5	1.5	1.5	1.5	1.5
232.685531858366	0.0439547733882069	-1.95376213817646	-168.103323225861	-74.3003537049504	0	0	0	0	0	1.5	1.5	1.5	1.5	1.5	1.5
232.924920265628	0.0452495377678538	-1.9430848991922	-168.191594862389	-74.5228719812319	0	0	0	0	0	1.5	1.5	1.5	1.5	1.5	1.5
233.164308672889	0.0465443021475007	-1.93209770862531	-168.277450977564	-74.7463332989454	0	0	0	0	0	1.5	1.5	1.5	1.5	1.5	1.5
233.403697080151	0.0478390665271476	-1.9208005664758	-168.360811947719	-74.9707372844208	0	0	0	0	0	1.5	1.5	1.5	1.5	1.5	1.5
233.643085487413	0.0491338309067947	-1.90919347274367	-168.441597582866	-75.1960811267905	0	0	0	0	0	1.5	1.5	1.5	1.5	1.5	1.5
233.882473894674	0.0504285952864416	-1.89727642742892	-168.519727157319	-75.4223594972012	0	0	0	0	0	1.5	1.5	1.5	1.5	1.5	1.5
234.121862301936	0.051175813991435	-1.88507335015502	-168.595120106625	-75.6495642516564	0	0	0	0	0	1.5	1.5	1.5	1.5	1.5	1.5
234.361250709198	0.0509703427065512	-1.8728470472751	-168.667727501502	-75.8776744484477	0	0	0	0	0	1.5	1.5	1.5	1.5	1.5	1.5
234.600639116459	0.0507648714216675	-1.86066993183881	-168.737546229769	-76.1066535885161	0	0	0	0	0	1.5	1.5	1.5	1.5	1.5	1.5
234.840027523721	0.0505594001367838	-1.84854200384615	-168.804577200411	-76.3364642847144	0	0	0	0	0	1.5	1.5	1.5	1.5	1.5	1.5
235.079415930983	0.0503539288519	-1.83646326329711	-168.868821856828	-76.5670694384302	0	0	0	0	0	1.5	1.5	1.5	1.5	1.5	1.5
235.318804338244	0.0501484575670163	-1.8244337101917	-168.93028216782	-76.7984322458002	0	0	0	0	0	1.5	1.5	1.5	1.5	1.5	1.5
235.558192745506	0.0493966493777742	-1.81245981861292	-168.988960668217	-77.0305161914571	0	0	0	0	0	1.5	1.5	1.5	1.5	1.5	1.5
235.797581152768	0.0436727430928292	-1.80131995179874	-169.044928269656	-77.2632689451283	0	0	0	0	0	1.5	1.5	1.5	1.5	1.5	1.5
236.03696956003	0.0379488368078842	-1.79155032179344	-169.09845954921	-77.4965943738441	0	0	0	0	0	1.5	1.5	1.5	1.5	1.5	1.5
236.276357967291	0.0322249305229385	-1.783150928597	-169.149869054786	-77.7303967160132	0	0	0	0	0	1.5	1.5	1.5	1.5	1.5	1.5
236.515746374553	0.0265010242379934	-1.77612177220942	-169.199473476757	-77.9645888908333	0	0	0	0	0	1.5	1.5	1.5	1.5	1.5	1.5
236.755134781815	0.0207771179530484	-1.77046285263072	-169.247591221299	-78.1990912130231	0	0	0	0	0	1.5	1.5	1.5	1.5	1.5	1.5
236.994523189076	0.0150532116681027	-1.76617416986089	-169.294542034212	-78.4338300950019	0	0	0	0	0	1.5	1.5	1.5	1.5	1.5	1.5
237.233911596338	0.0160088791735805	-1.76258992328587	-169.340603242559	-78.6687452155941	0	0	0	0	0	1.5	1.5	1.5	1.5	1.5	1.5
237.4733000036	0.018305934394545	-1.75848263900309	-169.385763480528	-78.9038351597667	0	0	0	0	0	1.5	1.5	1.5	1.5	1.5	1.5
237.712688410861	0.0206029896155094	-1.75382546632958	-169.429893061459	-79.1391207012172	0	0	0	0	0	1.5	1.5	1.5	1.5	1.5	1.5
237.952076818123	0.0229000448364742	-1.74861840526532	-169.472861644854	-79.3746209790644	0	0	0	0	0	1.5	1.5	1.5	1.5	1.5	1.5
238.191465225385	0.0251971000574386	-1.74286145581033	-169.514538564832	-79.6103532118507	0	0	0	0	0	1.5	1.5	1.5	1.5	1.5	1.5
238.430853632646	0.0274941552784031	-1.7365546179646	-169.554792812371	-79.846332480238	0	0	0	0	0	1.5	1.5	1.5	1.5	1.5	1.5
238.670242039908	0.0253018740191395	-1.73000249994592	-169.593506626207	-80.0825693137353	0	0	0	0	0	1.5	1.5	1.5	1.5	1.5	1.5
238.90963044717	0.0196794646967851	-1.72461849443007	-169.63079495178	-80.3190354883383	0	0	0	0	0	1.5	1.5	1.5	1.5	1.5	1.5
239.149018854432	0.0140570553744308	-1.72058042852687	-169.666968886215	-80.5556748299202	0	0	0	0	0	1.5	1.5	1.5	1.5	1.5	1.5
239.388407261693	0.00843464605207644	-1.71788830223632	-169.702346316571	-80.7924346495632	0	0	0	0	0	1.5	1.5	1.5	1.5	1.5	1.5
239.627795668955	0.00281223672972143	-1.71654211555842	-169.737245627916	-81.0292654727268	0	0	0	0	0	1.5	1.5	1.5	1.5	1.5	1.5
239.867184076217	-0.00281017259263291	-1.71654186849318	-169.771985495483	-81.2661197549101	0	0	0	0	0	1.5	1.5	1.5	1.5	1.5	1.5
240.106572483478	-0.00568860002965985	-1.71778875763992	-169.806882343592	-81.5029509425291	0	0	0	0	0	1.5	1.5	1.5	1.5	1.5	1.5
240.34596089074	-0.00218956302510795	-1.71873172809284	-169.842072220925	-81.7397387753296	0	0	0	0	0	1.5	1.5	1.5	1.5	1.5	1.5
240.585349298002	0.00130947397944437	-1.71883706965028	-169.877386208473	-81.9765081392809	0	0	0	0	0	1.5	1.5	1.5	1.5	1.5	1.5
240.824737705263	0.00480851098399628	-1.71810478231226	-169.91262597274	-82.2132885563955	0	0	0	0	0	1.5	1.5	1.5	1.5	1.5	1.5
241.064126112525	0.00830754798854818	-1.71653486607876	-169.94759315255	-82.450109362157	0	0	0	0	0	1.5	1.5	1.5	1.5	1.5	1.5
241.303514519787	0.0118065849931005	-1.7141273209498	-169.982089285933	-82.6869992069724	0	0	0	0	0	1.5	1.5	1.5	1.5	1.5	1.5
241.542902927048	0.0150325720479416	-1.71088328737818	-170.015915743014	-82.923985556763	0	0	0	0	0	1.5	1.5	1.5	1.5	1.5	1.5
241.78229133431	0.0107066873587807	-1.70780244722145	-170.048955700899	-83.1610828475557	0	0	0	0	0	1.5	1.5	1.5	1.5	1.5	1.5
242.021679741572	0.00638080266961986	-1.70575717371045	-170.081387864269	-83.3982640952297	0	0	0	0	0	1.5	1.5	1.5	1.5	1.5	1.5
242.261068148834	0.00205491798045848	-1.70474746684518	-170.113457702144	-83.6354946372682	0	0	0	0	0	1.5	1.5	1.5	1.5	1.5	1.5
242.500456556095	-0.00227096670870239	-1.70477332662566	-170.145410838211	-83.8727409365822	0	0	0	0	0	1.5	1.5	1.5	1.5	1.5	1.5
242.739844963357	-0.00659685139786325	-1.70583475305186	-170.177492945359	-84.1099698186067	0	0	0	0	0	1.5	1.5	1.5	1.5	1.5	1.5
242.979233370619	-0.0109227360870246	-1.70793174612381	-170.209949642086	-84.3471477081402	0	0	0	0	0	1.5	1.5	1.5	1.5	1.5	1.5
243.21862177788	-0.0102730457314358	-1.71060636555106	-170.242998561134	-84.5842437723806	0	0	0	0	0	1.5	1.5	1.5	1.5	1.5	1.5
243.458010185142	-0.00812823696113021	-1.71280889242874	-170.276629706266	-84.8212579753739	0	0	0	0	0	1.5	1.5	1.5	1.5	1.5	1.5
243.697398592404	-0.00598342819082459	-1.71449797695101	-170.310721973866	-85.0582063097751	0	0	0	0	0	1.5	1.5	1.5	1.5	1.5	1.5
243.936786999665	-0.00383861942051872	-1.71567361911787	-170.345153604595	-85.2951055831281	0	0	0	0	0	1.5	1.5	1.5	1.5	1.5	1.5
244.176175406927	-0.0016938106502131	-1.71633581892933	-170.379802913833	-85.5319731258297	0	0	0	0	0	1.5	1.5	1.5	1.5	1.5	1.5
244.415563814189	0.00045099812009252	-1.71648457638538	-170.414548265551	-85.7688266036143	0	0	0	0	0	1.5	1.5	1.5	1.5	1.5	1.5
244.65495222145	0.00107306822279997	-1.71621156187575	-170.449271685588	-86.005683297021	0	0	0	0	0	1.5	1.5	1.5	1.5	1.5	1.5
244.894340628712	0.000190302803736522	-1.71606034368684	-170.483937774231	-86.242548388828	0	0	0	0	0	1.5	1.5	1.5	1.5	1.5	1.5
245.133729035974	-0.000692462615326719	-1.71612044930558	-170.518593072172	-86.4794150598375	0	0	0	0	0	1.5	1.5	1.5	1.5	1.5	1.5
245.373117443236	-0.00157522803438986	-1.71639187873198	-170.553287634336	-86.7162759821782	0	0	0	0	0	1.5	1.5	1.5	1.5	1.5	1.5
245.612505850497	-0.00245799345345331	-1.71687463196604	-170.588071512001	-86.9531238030873	0	0	0	0	0	1.5	1.5	1.5	1.5	1.5	1.5
245.851894257759	-0.00334075887251655	-1.71756870900774	-170.622994748118	-87.1899511131811	0	0	0	0	0	1.5	1.5	1.5	1.5	1.5	1.5
246.091282665021	-0.00347033883122983	-1.71845274482571	-170.658106972938	-87.426750474159	0	0	0	0	0	1.5	1.5	1.5	1.5	1.5	1.5
246.330671072282	-0.00117496121223142	-1.71900876031504	-170.693402572883	-87.6635225769402	0	0	0	0	0	1.5	1.5	1.5	1.5	1.5	1.5
246.570059479544	0.00112041640676781	-1.71901528901209	-170.728764769271	-87.9002847457377	0	0	0	0	0	1.5	1.5	1.5	1.5	1.5	1.5
246.809447886806	0.00341579402576649	-1.71847233091686	-170.76406346086	-88.1370563877717	0	0	0	0	0	1.5	1.5	1.5	1.5	1.5	1.5
247.048836294067	0.0057111716447649	-1.71737988602936	-170.799168530831	-88.3738568055717	0	0	0	0	0	1.5	1.5	1.5	1.5	1.5	1.5
247.288224701329	0.00800654926376358	-1.71573795434959	-170.833949815159	-88.6107049824553	0	0	0	0	0	1.5	1.5	1.5	1.5	1.5	1.5
247.527613108591	0.0103019268827628	-1.71354653587753	-170.868277071869	-88.8476193678782	0	0	0	0	0	1.5	1.5	1.5	1.5	1.5	1.5
247.767001515853	0.00581512792691693	-1.71159389982308	-170.902080424567	-89.08460908191	0	0	0	0	0	1.5	1.5	1.5	1.5	1.5	1.5
248.006389923114	0.00112598271350934	-1.71076308911266	-170.935553843315	-89.3216456537127	0	0	0	0	0	1.5	1.5	1.5	1.5	1.5	1.5
248.245778330376	-0.00356316249989991	-1.7110548054063	-170.968963369144	-89.558691245548	0	0	0	0	0	1.5	1.5	1.5	1.5	1.5	1.5
248.485166737638	-0.00825230771330805	-1.71246904870399	-171.002575075212	-89.7957082345902	0	0	0	0	0	1.5	1.5	1.5	1.5	1.5	1.5
248.724555144899	-0.0129414529267156	-1.71500581900574	-171.036654937763	-90.03265831724	0	0	0	0	0	1.5	1.5	1.5	1.5	1.5	1.5
248.963943552161	-0.0176305981401238	-1.71866511631155	-171.071468704868	-90.2695016137547	0	0	0	0	0	1.5	1.5	1.5	1.5	1.5	1.5
249.203331959423	-0.0157474044657539	-1.72289224035999	-171.107250903313	-90.5062004867205	0	0	0	0	0	1.5	1.5	1.5	1.5	1.5	1.5
249.442720366684	-0.011115718403486	-1.72610760045886	-171.143922896507	-90.7427632161946	0	0	0	0	0	1.5	1.5	1.5	1.5	1.5	1.5
249.682108773946	-0.00648403234121871	-1.72821418860835	-171.181224255595	-90.979227583174	0	0	0	0	0	1.5	1.5	1.5	1.5	1.5	1.5
249.921497181208	-0.00185234627894975	-1.72921200480845	-171.218892615507	-91.215633799971	0	0	0	0	0	1.5	1.5	1.5	1.5	1.5	1.5
250.160885588469	0.00277933978331811	-1.72910104905918	-171.256665802921	-91.4520232999223	0	0	0	0	0	1.5	1.5	1.5	1.5	1.5	1.5
250.400273995731	0.00741102584558542	-1.72788132136052	-171.294281699877	-91.6884378650931	0	0	0	0	0	1.5	1.5	1.5	1.5	1.5	1.5
250.639662402993	0.00935722580053659	-1.72569397957146	-171.331482992542	-91.924917990137	0	0	0	0	0	1.5	1.5	1.5	1.5	1.5	1.5
250.879050810255	0.00787366664016844	-1.72363154162292	-171.368164657896	-92.1614792816335	0	0	0	0	0	1.5	1.5	1.5	1.5	1.5	1.5
251.118439217516	0.00639010747980083	-1.72192425053886	-171.404400374392	-92.3981093060414	0	0	0	0	0	1.5	1.5	1.5	1.5	1.5	1.5
251.357827624778	0.00490654831943304	-1.72057210631928	-171.440274073131	-92.6347944946968	0	0	0	0	0	1.5	1.5	1.5	1.5	1.5	1.5
251.59721603204	0.00342298915906525	-1.71957510896417	-171.475869744918	-92.8715216645029	0	0	0	0	0	1.5	1.5	1.5	1.5	1.5	1.5
251.836604439301	0.00193942999869711	-1.71893325847355	-171.511271425728	-93.1082779285165	0	0	0	0	0	1.5	1.5	1.5	1.5	1.5	1.5
252.075992846563	0.000553113059675036	-1.71864453934607	-171.546563155164	-93.345050610557	0	0	0	0	0	1.5	1.5	1.5	1.5	1.5	1.5
252.315381253825	-0.000368881439305276	-1.71862248788898	-171.581820534783	-93.5818284108414	0	0	0	0	0	1.5	1.5	1.5	1.5	1.5	1.5
252.554769661086	-0.00129087593828581	-1.71882115122651	-171.617098823093	-93.8186030963819	0	0	0	0	0	1.5	1.5	1.5	1.5	1.5	1.5
252.794158068348	-0.00221287043726601	-1.71924052935866	-171.652450277805	-94.0553668675491	0	0	0	0	0	1.5	1.5	1.5	1.5	1.5	1.5
253.03354647561	-0.00313486493624632	-1.71988062228542	-171.687927149386	-94.2921118762685	0	0	0	0	0	1.5	1.5	1.5	1.5	1.5	1.5
253.272934882871	-0.00405685943522663	-1.7207414300068	-171.723581675837	-94.5288301914288	0	0	0	0	0	1.5	1.5	1.5	1.5	1.5	1.5
253.512323290133	-0.00497885393420716	-1.72182295252279	-171.759466077368	-94.7655137643025	0	0	0	0	0	1.5	1.5	1.5	1.5	1.5	1.5
253.751711697395	-0.00329592165149391	-1.72284233054483	-171.795612310403	-95.002157493071	0	0	0	0	0	1.5	1.5	1.5	1.5	1.5	1.5
253.991100104657	-0.0013465160154107	-1.72339800342427	-171.831945224804	-95.238772639185	0	0	0	0	0	1.5	1.5	1.5	1.5	1.5	1.5
254.230488511918	0.000602889620672961	-1.72348701119339	-171.868354408375	-95.4753760644092	0	0	0	0	0	1.5	1.5	1.5	1.5	1.5	1.5
254.46987691918	0.00255229525675593	-1.72310935385218	-171.904729443624	-95.7119847405887	0	0	0	0	0	1.5	1.5	1.5	1.5	1.5	1.5
254.709265326442	0.00450170089283914	-1.72226503140064	-171.940959905721	-95.9486155917594	0	0	0	0	0	1.5	1.5	1.5	1.5	1.5	1.5
254.948653733703	0.00645110652892234	-1.72095404383877	-171.976935338901	-96.1852853395384	0	0	0	0	0	1.5	1.5	1.5	1.5	1.5	1.5
255.188042140965	0.00544316702506436	-1.71940337376356	-172.01255671933	-96.4220086270599	0	0	0	0	0	1.5	1.5	1.5	1.5	1.5	1.5
255.427430548227	0.00278062273387849	-1.71841903379754	-172.047871625873	-96.658777844332	0	0	0	0	0	1.5	1.5	1.5	1.5	1.5	1.5
255.666818955488	0.000118078442692305	-1.71807207606865	-172.08302892069	-96.8955705248463	0	0	0	0	0	1.5	1.5	1.5	1.5	1.5	1.5
255.90620736275	-0.00254446584849388	-1.71836250057688	-172.11817952222	-97.1323641993992	0	0	0	0	0	1.5	1.5	1.5	1.5	1.5	1.5
256.145595770012	-0.00520701013968038	-1.71929030732225	-172.153474350805	-97.3691364115846	0	0	0	0	0	1.5	1.5	1.5	1.5	1.5	1.5
256.384984177273	-0.00786955443086657	-1.72085549630475	-172.189064285595	-97.6058644292364	0	0	0	0	0	1.5	1.5	1.5	1.5	1.5	1.5
256.624372584535	-0.00942449651493357	-1.72300831444942	-172.225098647817	-97.8425251816224	0	0	0	0	0	1.5	1.5	1.5	1.5	1.5	1.5
256.863760991797	-0.00913569011391551	-1.7252298612072	-172.261660059563	-98.0791050817267	0	0	0	0	0	1.5	1.5	1.5	1.5	1.5	1.5
257.103149399059	-0.00884688371289752	-1.72738227106063	-172.298738779039	-98.3156044600945	0	0	0	0	0	1.5	1.5	1.5	1.5	1.5	1.5
257.34253780632	-0.00855807731187953	-1.72946554400972	-172.33631828362	-98.5520247841791	0	0	0	0	0	1.5	1.5	1.5	1.5	1.5	1.5
257.581926213582	-0.00826927091086161	-1.73147968005446	-172.374382064829	-98.7883676256567	0	0	0	0	0	1.5	1.5	1.5	1.5	1.5	1.5
257.821314620844	-0.00798046450984355	-1.73342467919485	-172.412913628221	-99.0246346569739	0	0	0	0	0	1.5	1.5	1.5	1.5	1.5	1.5
258.060703028105	-0.00852054103301287	-1.73531139353541	-172.451896586682	-99.2608276323898	0	0	0	0	0	1.5	1.5	1.5	1.5	1.5	1.5
258.300091435367	-0.0158095764883562	-1.73822356757638	-172.491411652046	-99.4969321185773	0	0	0	0	0	1.5	1.5	1.5	1.5	1.5	1.5
258.539479842629	-0.0230986119436996	-1.74288065220547	-172.531819978001	-99.732885234488	0	0	0	0	0	1.5	1.5	1.5	1.5	1.5	1.5
258.77886824989	-0.0303876473990446	-1.74928264742269	-172.573532358175	-99.9686111153332	0	0	0	0	0	1.5	1.5	1.5	1.5	1.5	1.5
259.018256657152	-0.037676682854388	-1.75742955322805	-172.616958349874	-100.204027078195	0	0	0	0	0	1.5	1.5	1.5	1.5	1.5	1.5
259.257645064414	-0.0449657183097296	-1.76732136962152	-172.662505788295	-100.439041488102	0	0	0	0	0	1.5	1.5	1.5	1.5	1.5	1.5
259.497033471675	-0.0522547537650747	-1.77895809660313	-172.710580222797	-100.673551640043	0	0	0	0	0	1.5	1.5	1.5	1.5	1.5	1.5
259.736421878937	-0.048929742133933	-1.79126747029678	-172.761513755012	-100.907457300624	0	0	0	0	0	1.5	1.5	1.5	1.5	1.5	1.5
259.975810286199	-0.0436430400668239	-1.80234789574019	-172.815183138829	-101.140750721712	0	0	0	0	0	1.5	1.5	1.5	1.5	1.5	1.5
260.215198693461	-0.0383563379997149	-1.81216274599609	-172.871286976224	-101.373470958903	0	0	0	0	0	1.5	1.5	1.5	1.5	1.5	1.5
260.454587100722	-0.0330696359326046	-1.82071202106448	-172.929525326733	-101.605666468954	0	0	0	0	0	1.5	1.5	1.5	1.5	1.5	1.5
260.693975507984	-0.0277829338654956	-1.82799572094535	-172.989600056125	-101.837393858224	0	0	0	0	0	1.5	1.5	1.5	1.5	1.5	1.5
260.933363915246	-0.0224962317983878	-1.83401384563871	-173.051214687222	-102.068716735774	0	0	0	0	0	1.5	1.5	1.5	1.5	1.5	1.5
261.172752322507	-0.0271646391871359	-1.83945510748407	-173.114104840221	-102.299696178371	0	0	0	0	0	1.5	1.5	1.5	1.5	1.5	1.5
261.412140729769	-0.0391016720919977	-1.84738680084018	-173.178507504019	-102.530258112216	0	0	0	0	0	1.5	1.5	1.5	1.5	1.5	1.5
261.651529137031	-0.0510387049968596	-1.85817608149081	-173.245065338458	-102.76020660132	0	0	0	0	0	1.5	1.5	1.5	1.5	1.5	1.5
261.890917544292	-0.0629757379017215	-1.87182294943597	-173.314427460987	-102.98932407219	0	0	0	0	0	1.5	1.5	1.5	1.5	1.5	1.5
262.130305951554	-0.0749127708065862	-1.88832740467566	-173.387235406665	-103.217369048212	0	0	0	0	0	1.5	1.5	1.5	1.5	1.5	1.5
262.369694358816	-0.0868498037114481	-1.90768944720987	-173.464120684769	-103.444070774294	0	0	0	0	0	1.5	1.5	1.5	1.5	1.5	1.5
262.609082766077	-0.0950488248566793	-1.92976839478633	-173.54569861424	-103.669125231235	0	0	0	0	0	1.5	1.5	1.5	1.5	1.5	1.5
262.848471173339	-0.0950976842921637	-1.95252782977208	-173.63234157805	-103.892278390951	0	0	0	0	0	1.5	1.5	1.5	1.5	1.5	1.5
263.087859580601	-0.0951465437276481	-1.97529896114028	-173.724041795164	-104.113401441551	0	0	0	0	0	1.5	1.5	1.5	1.5	1.5	1.5
263.327247987863	-0.0951954031631325	-1.99808178889092	-173.820754304278	-104.332378658088	0	0	0	0	0	1.5	1.5	1.5	1.5	1.5	1.5
263.566636395124	-0.0952442625986168	-2.020876313024	-173.922431468584	-104.549095252963	0	0	0	0	0	1.5	1.5	1.5	1.5	1.5	1.5
263.806024802386	-0.0952931220341012	-2.04368253353952	-174.029022993816	-104.763437438352	0	0	0	0	0	1.5	1.5	1.5	1.5	1.5	1.5
264.045413209648	-0.0959415833347427	-2.06650406858541	-174.140475960559	-104.975292481405	0	0	0	0	0	1.5	1.5	1.5	1.5	1.5	1.5
264.284801616909	-0.107884026927707	-2.09090081268534	-174.256849490208	-105.184484183227	0	0	0	0	0	1.5	1.5	1.5	1.5	1.5	1.5
264.524190024171	-0.119826470520673	-2.11815643933581	-174.37858548587	-105.390599705949	0	0	0	0	0	1.5	1.5	1.5	1.5	1.5	1.5
264.763578431433	-0.131768914113643	-2.14827094853681	-174.506182155605	-105.59313752464	0	0	0	0	0	1.5	1.5	1.5	1.5	1.5	1.5
265.002966838694	-0.143711357706609	-2.18124434028835	-174.640102126826	-105.791548860424	0	0	0	0	0	1.5	1.5	1.5	1.5	1.5	1.5
265.242355245956	-0.155653801299576	-2.21707661459041	-174.780766267622	-105.98523488738	0	0	0	0	0	1.5	1.5	1.5	1.5	1.5	1.5
265.481743653218	-0.167596244892543	-2.25576777144301	-174.928546859789	-106.173544623627	0	0	0	0	0	1.5	1.5	1.5	1.5	1.5	1.5
265.72113206048	-0.15945900147753	-2.29541963048667	-175.083669991646	-106.355852283803	0	0	0	0	0	1.5	1.5	1.5	1.5	1.5	1.5
265.960520467741	-0.145977114769085	-2.33197856318089	-175.245637566938	-106.532110420437	0	0	0	0	0	1.5	1.5	1.5	1.5	1.5	1.5
266.199908875003	-0.132495228060638	-2.36531008848911	-175.413665963891	-106.702603708005	0	0	0	0	0	1.5	1.5	1.5	1.5	1.5	1.5
266.439297282265	-0.119013341352187	-2.39541420641132	-175.587018095622	-106.867684050146	0	0	0	0	0	1.5	1.5	1.5	1.5	1.5	1.5
266.678685689526	-0.105531454643739	-2.4222909169475	-175.765003811614	-107.027760419485	0	0	0	0	0	1.5	1.5	1.5	1.5	1.5	1.5
266.918074096788	-0.0920495679352912	-2.44594022009767	-175.946977550231	-107.183290790413	0	0	0	0	0	1.5	1.5	1.5	1.5	1.5	1.5
267.15746250405	-0.0923185805038038	-2.46722245577348	-176.132357630286	-107.334746764243	0	0	0	0	0	1.5	1.5	1.5	1.5	1.5	1.5
267.396850911311	-0.105143325878227	-2.49085750140531	-176.321055258766	-107.482046954778	0	0	0	0	0	1.5	1.5	1.5	1.5	1.5	1.5
267.636239318573	-0.117968071252645	-2.51756264240585	-176.513399046615	-107.624550534987	0	0	0	0	0	1.5	1.5	1.5	1.5	1.5	1.5
267.875627725835	-0.130792816627065	-2.54733787877511	-176.709688516473	-107.761565202376	0	0	0	0	0	1.5	1.5	1.5	1.5	1.5	1.5
268.115016133096	-0.143617562001489	-2.5801832105131	-176.910169440753	-107.892366792613	0	0	0	0	0	1.5	1.5	1.5	1.5	1.5	1.5
268.354404540358	-0.156442307375909	-2.6160986376198	-177.115026211802	-108.016198744514	0	0	0	0	0	1.5	1.5	1.5	1.5	1.5	1.5
268.59379294762	-0.163471572794145	-2.65490188271818	-177.324372019276	-108.132275938623	0	0	0	0	0	1.5	1.5	1.5	1.5	1.5	1.5
268.833181354882	-0.154240703514829	-2.69293020061472	-177.538061439759	-108.240149637215	0	0	0	0	0	1.5	1.5	1.5	1.5	1.5	1.5
269.072569762143	-0.145009834235513	-2.72874875541685	-177.755588852788	-108.340062134339	0	0	0	0	0	1.5	1.5	1.5	1.5	1.5	1.5
269.311958169405	-0.135778964956197	-2.76235754712456	-177.976454259544	-108.432365369374	0	0	0	0	0	1.5	1.5	1.5	1.5	1.5	1.5
269.551346576667	-0.126548095676881	-2.79375657573786	-178.200204030991	-108.517442633361	0	0	0	0	0	1.5	1.5	1.5	1.5	1.5	1.5
269.790734983928	-0.117317226397565	-2.82294584125674	-178.426429349697	-108.595704026065	0	0	0	0	0	1.5	1.5	1.5	1.5	1.5	1.5
270.03012339119	-0.108086357118247	-2.84992534368121	-178.654764273562	-108.667582365403	0	0	0	0	0	1.5	1.5	1.5	1.5	1.5	1.5
270.269511798452	-0.113705420668189	-2.87646684606854	-178.884921392259	-108.733393808378	0	0	0	0	0	1.5	1.5	1.5	1.5	1.5	1.5
270.508900205713	-0.11937215641888	-2.90436488104219	-179.11678368973	-108.792916641532	0	0	0	0	0	1.5	1.5	1.5	1.5	1.5	1.5
270.748288612975	-0.125038892169572	-2.93361946686156	-179.350251280873	-108.845790134986	0	0	0	0	0	1.5	1.5	1.5	1.5	1.5	1.5
270.987677020237	-0.130705627920263	-2.96423060352667	-179.585195912717	-108.891652478867	0	0	0	0	0	1.5	1.5	1.5	1.5	1.5	1.5
271.227065427498	-0.136372363670955	-2.9961982910375	-179.821459481257	-108.930142158282	0	0	0	0	0	1.5	1.5	1.5	1.5	1.5	1.5
271.46645383476	-0.142039099421646	-3.02952252939407	-180.058852594325	-108.960899533956	0	0	0	0	0	1.5	1.5	1.5	1.5	1.5	1.5
271.705842242022	-0.138707411133593	-3.06341180003445	-180.297149299386	-108.983614887703	0	0	0	0	0	1.5	1.5	1.5	1.5	1.5	1.5
271.945230649284	-0.132129537779868	-3.09582941294845	-180.536069645008	-108.998408781918	0	0	0	0	0	1.5	1.5	1.5	1.5	1.5	1.5
272.184619056545	-0.125551664426142	-3.12667235923714	-180.775339333839	-109.005639449077	0	0	0	0	0	1.5	1.5	1.5	1.5	1.5	1.5
272.424007463807	-0.118973791072416	-3.15594063890051	-181.014719193415	-109.005676536301	0	0	0	0	0	1.5	1.5	1.5	1.5	1.5	1.5
272.663395871069	-0.112395917718691	-3.18363425193856	-181.25400392179	-108.998896739939	0	0	0	0	0	1.5	1.5	1.5	1.5	1.5	1.5
272.90278427833	-0.105818044364965	-3.20975319835129	-181.493020487372	-108.985681865888	0	0	0	0	0	1.5	1.5	1.5	1.5	1.5	1.5
273.142172685592	-0.106855297868686	-3.2347261257561	-181.73162499849	-108.966401119653	0	0	0	0	0	1.5	1.5	1.5	1.5	1.5	1.5
273.381561092854	-0.116470412380599	-3.26145691879469	-181.969654904555	-108.941001105913	0	0	0	0	0	1.5	1.5	1.5	1.5	1.5	1.5
273.620949500115	-0.12608552689251	-3.29048945878192	-182.206882924225	-108.908975325116	0	0	0	0	0	1.5	1.5	1.5	1.5	1.5	1.5
273.860337907377	-0.135700641404421	-3.32182374571779	-182.44303502234	-108.869805094232	0	0	0	0	0	1.5	1.5	1.5	1.5	1.5	1.5
274.099726314639	-0.145315755916332	-3.3554597796023	-182.677788837236	-108.822985731673	0	0	0	0	0	1.5	1.5	1.5	1.5	1.5	1.5
274.3391147219	-0.154930870428243	-3.39139756043547	-182.910770698314	-108.768030349558	0	0	0	0	0	1.5	1.5	1.5	1.5	1.5	1.5
274.578503129162	-0.160168199494851	-3.42952671910604	-183.141553464038	-108.704475989734	0	0	0	0	0	1.5	1.5	1.5	1.5	1.5	1.5
274.817891536424	-0.148999056220598	-3.46653224756763	-183.369760722842	-108.632214543689	0	0	0	0	0	1.5	1.5	1.5	1.5	1.5	1.5
275.057279943686	-0.137829912946341	-3.50086401261033	-183.595247699064	-108.551860303484	0	0	0	0	0	1.5	1.5	1.5	1.5	1.5	1.5
275.296668350947	-0.126660769672087	-3.53252201423412	-183.817962786503	-108.464110587034	0	0	0	0	0	1.5	1.5	1.5	1.5	1.5	1.5
275.536056758209	-0.115491626397833	-3.56150625243901	-184.037916727035	-108.369648630505	0	0	0	0	0	1.5	1.5	1.5	1.5	1.5	1.5
275.775445165471	-0.104322483123579	-3.587816727225	-184.255176656875	-108.269141784566	0	0	0	0	0	1.5	1.5	1.5	1.5	1.5	1.5
276.014833572732	-0.0931533398493255	-3.61145343859209	-184.469860278349	-108.163240492783	0	0	0	0	0	1.5	1.5	1.5	1.5	1.5	1.5
276.254221979994	-0.0826181252505741	-3.63248794585061	-184.682127676725	-108.052573208815	0	0	0	0	0	1.5	1.5	1.5	1.5	1.5	1.5
276.493610387256	-0.0721211653528705	-3.65100934200979	-184.892165815244	-107.937729178957	0	0	0	0	0	1.5	1.5	1.5	1.5	1.5	1.5
276.732998794517	-0.0616242054551668	-3.66701788765797	-185.10019072233	-107.819275714595	0	0	0	0	0	1.5	1.5	1.5	1.5	1.5	1.5
276.972387201779	-0.0511272455574607	-3.68051358279515	-185.306446254913	-107.697766066743	0	0	0	0	0	1.5	1.5	1.5	1.5	1.5	1.5
277.211775609041	-0.0406302856597571	-3.69149642742133	-185.511199711734	-107.573740847904	0	0	0	0	0	1.5	1.5	1.5	1.5	1.5	1.5
277.451164016302	-0.0301333257620534	-3.6999664215365	-185.71473759577	-107.447729752405	0	0	0	0	0	1.5	1.5	1.5	1.5	1.5	1.5
277.690552423564	-0.0310904866593409	-3.70685098956526	-185.917334757351	-107.320211206411	0	0	0	0	0	1.5	1.5	1.5	1.5	1.5	1.5
277.929940830826	-0.0375259107225507	-3.71506397460591	-186.118974101987	-107.191183837568	0	0	0	0	0	1.5	1.5	1.5	1.5	1.5	1.5
278.169329238088	-0.0439613347857605	-3.7248175255631	-186.319446007585	-107.060350469875	0	0	0	0	0	1.5	1.5	1.5	1.5	1.5	1.5
278.408717645349	-0.0503967588489702	-3.73611164243683	-186.518529699863	-106.927414832605	0	0	0	0	0	1.5	1.5	1.5	1.5	1.5	1.5
278.648106052611	-0.0568321829121815	-3.74894632522711	-186.715994848421	-106.792087312208	0	0	0	0	0	1.5	1.5	1.5	1.5	1.5	1.5
278.887494459873	-0.0632676069753913	-3.76332157393394	-186.911600311227	-106.654086133193	0	0	0	0	0	1.5	1.5	1.5	1.5	1.5	1.5
279.126882867134	-0.062889283564933	-3.77890175696641	-187.10509948751	-106.513147488081	0	0	0	0	0	1.5	1.5	1.5	1.5	1.5	1.5
279.366271274396	-0.0527676806627001	-3.792745225194	-187.296474786208	-106.369337234897	0	0	0	0	0	1.5	1.5	1.5	1.5	1.5	1.5
279.605659681658	-0.0426460777604672	-3.80416569902389	-187.486018741388	-106.223120699384	0	0	0	0	0	1.5	1.5	1.5	1.5	1.5	1.5
279.845048088919	-0.0325244748582343	-3.81316317845607	-187.674060511596	-106.074976461839	0	0	0	0	0	1.5	1.5	1.5	1.5	1.5	1.5
280.084436496181	-0.0224028719560014	-3.81973766349056	-187.860943439217	-105.925372404375	0	0	0	0	0	1.5	1.5	1.5	1.5	1.5	1.5
280.323824903443	-0.0122812690537661	-3.82388915412734	-188.047021559933	-105.774768089203	0	0	0	0	0	1.5	1.5	1.5	1.5	1.5	1.5
280.563213310704	-0.00494794923686027	-3.82566608240746	-188.232655857206	-105.623616832852	0	0	0	0	0	1.5	1.5	1.5	1.5	1.5	1.5
280.802601717966	-0.0140401821950219	-3.82793885167764	-188.418038452675	-105.472157010512	0	0	0	0	0	1.5	1.5	1.5	1.5	1.5	1.5
281.041990125228	-0.0231324151531836	-3.83238819611412	-188.602910824226	-105.320075056122	0	0	0	0	0	1.5	1.5	1.5	1.5	1.5	1.5
281.28137853249	-0.0322246481113453	-3.83901411571691	-188.786938006768	-105.166971837412	0	0	0	0	0	1.5	1.5	1.5	1.5	1.5	1.5
281.520766939751	-0.0413168810695069	-3.84781661048601	-188.969778399649	-105.012453780678	0	0	0	0	0	1.5	1.5	1.5	1.5	1.5	1.5
281.760155347013	-0.0504091140276686	-3.85879568042141	-189.151081244397	-104.85613515736	0	0	0	0	0	1.5	1.5	1.5	1.5	1.5	1.5
281.999543754275	-0.0595013469858324	-3.87195132552313	-189.330484188959	-104.697640469345	0	0	0	0	0	1.5	1.5	1.5	1.5	1.5	1.5
282.238932161536	-0.0554498008972584	-3.88589866933375	-189.5076766833	-104.536678679742	0	0	0	0	0	1.5	1.5	1.5	1.5	1.5	1.5
282.478320568798	-0.0496105631438011	-3.89847378594081	-189.682717453223	-104.373379007156	0	0	0	0	0	1.5	1.5	1.5	1.5	1.5	1.5
282.71770897606	-0.0437713253903451	-3.90965105672245	-189.855806785582	-104.208011852668	0	0	0	0	0	1.5	1.5	1.5	1.5	1.5	1.5
282.957097383321	-0.0379320876368863	-3.91943048167867	-190.027154082083	-104.040839915317	0	0	0	0	0	1.5	1.5	1.5	1.5	1.5	1.5
283.196485790583	-0.032092849883429	-3.92781206080946	-190.196976509749	-103.872118793491	0	0	0	0	0	1.5	1.5	1.5	1.5	1.5	1.5
283.435874197845	-0.0262536121299716	-3.93479579411483	-190.365497862906	-103.702097824226	0	0	0	0	0	1.5	1.5	1.5	1.5	1.5	1.5
283.675262605106	-0.0262854549041182	-3.94081323458259	-190.532932325072	-103.531006207985	0	0	0	0	0	1.5	1.5	1.5	1.5	1.5	1.5
283.914651012368	-0.0300065952028186	-3.94755106669089	-190.699283054625	-103.358860840801	0	0	0	0	0	1.5	1.5	1.5	1.5	1.5	1.5
284.15403941963	-0.0337277355015182	-3.95517969664849	-190.864392855097	-103.185525081831	0	0	0	0	0	1.5	1.5	1.5	1.5	1.5	1.5
284.393427826892	-0.037448875800217	-3.96369912445539	-191.028097673016	-103.01086199058	0	0	0	0	0	1.5	1.5	1.5	1.5	1.5	1.5
284.632816234153	-0.0411700160989174	-3.9731093501116	-191.190230001385	-102.834738469495	0	0	0	0	0	1.5	1.5	1.5	1.5	1.5	1.5
284.872204641415	-0.044891156397617	-3.98341037361711	-191.350618559049	-102.657025742602	0	0	0	0	0	1.5	1.5	1.5	1.5	1.5	1.5
285.111593048677	-0.0467044022218508	-3.99452253829528	-191.509089658432	-102.47760131036	0	0	0	0	0	1.5	1.5	1.5	1.5	1.5	1.5
285.350981455938	-0.0449558912634167	-4.00549374412856	-191.6655557845	-102.296425743325	0	0	0	0	0	1.5	1.5	1.5	1.5	1.5	1.5
285.5903698632	-0.0432073803049822	-4.01604637670844	-191.820063148612	-102.113576756025	0	0	0	0	0	1.5	1.5	1.5	1.5	1.5	1.5
285.829758270462	-0.0414588693465481	-4.02618043603489	-191.972671066277	-101.929139388504	0	0	0	0	0	1.5	1.5	1.5	1.5	1.5	1.5
286.069146677723	-0.0397103583881145	-4.03589592210792	-192.123441051275	-101.743196466151	0	0	0	0	0	1.5	1.5	1.5	1.5	1.5	1.5
286.308535084985	-0.03796184742968	-4.04519283492753	-192.27243668947	-101.555828655273	0	0	0	0	0	1.5	1.5	1.5	1.5	1.5	1.5
286.547923492247	-0.0363589694417347	-4.05407262116233	-192.41972350923	-101.367114517514	0	0	0	0	0	1.5	1.5	1.5	1.5	1.5	1.5
286.787311899508	-0.0363652417247341	-4.06277728770258	-192.565351980019	-101.177117685495	0	0	0	0	0	1.5	1.5	1.5	1.5	1.5	1.5
287.02670030677	-0.0363715140077335	-4.07148345575467	-192.709320951694	-100.98586031243	0	0	0	0	0	1.5	1.5	1.5	1.5	1.5	1.5
287.266088714032	-0.0363777862907329	-4.0801911253186	-192.851619224695	-100.793356678873	0	0	0	0	0	1.5	1.5	1.5	1.5	1.5	1.5
287.505477121294	-0.0363840585737323	-4.08890029639436	-192.992235720504	-100.59962116738	0	0	0	0	0	1.5	1.5	1.5	1.5	1.5	1.5
287.744865528555	-0.0363903308567316	-4.09761096898196	-193.131159482594	-100.404668261505	0	0	0	0	0	1.5	1.5	1.5	1.5	1.5	1.5
287.984253935817	-0.036396603139731	-4.1063231430814	-193.268379677367	-100.208512544781	0	0	0	0	0	1.5	1.5	1.5	1.5	1.5	1.5
288.223642343079	-0.0396973922471561	-4.11535916692736	-193.40386822973	-100.011156843962	0	0	0	0	0	1.5	1.5	1.5	1.5	1.5	1.5
288.46303075034	-0.0437339079991414	-4.12534540996822	-193.537474906374	-99.8125225338066	0	0	0	0	0	1.5	1.5	1.5	1.5	1.5	1.5
288.702419157602	-0.0477704237511267	-4.13629794808584	-193.668994607838	-99.6125005232223	0	0	0	0	0	1.5	1.5	1.5	1.5	1.5	1.5
288.941807564864	-0.0518069395031129	-4.14821678128022	-193.798218251685	-99.410987791811	0	0	0	0	0	1.5	1.5	1.5	1.5	1.5	1.5
289.181195972125	-0.0558434552550982	-4.16110190955135	-193.924932738284	-99.2078881722244	0	0	0	0	0	1.5	1.5	1.5	1.5	1.5	1.5
289.420584379387	-0.0598799710070826	-4.17495333289923	-194.048920758103	-99.0031130171038	0	0	0	0	0	1.5	1.5	1.5	1.5	1.5	1.5
289.659972786649	-0.0590632550952457	-4.18945013600734	-194.169972879345	-98.7965889726875	0	0	0	0	0	1.5	1.5	1.5	1.5	1.5	1.5
289.899361193911	-0.0543147111115864	-4.20302082138176	-194.288099622235	-98.5883775355307	0	0	0	0	0	1.5	1.5	1.5	1.5	1.5	1.5
290.138749601172	-0.0495661671279282	-4.21545476037511	-194.403509368338	-98.3786475624216	0	0	0	0	0	1.5	1.5	1.5	1.5	1.5	1.5
290.378138008434	-0.0448176231442701	-4.2267519529874	-194.516422610695	-98.1675627461931	0	0	0	0	0	1.5	1.5	1.5	1.5	1.5	1.5
290.617526415696	-0.0400690791606108	-4.23691239921863	-194.627064819558	-97.955278460284	0	0	0	0	0	1.5	1.5	1.5	1.5	1.5	1.5
290.856914822957	-0.0353205351769526	-4.2459360990688	-194.73566582202	-97.7419424744942	0	0	0	0	0	1.5	1.5	1.5	1.5	1.5	1.5
291.096303230219	-0.0343208742942738	-4.25395164942927	-194.842456587658	-97.5276943939329	0	0	0	0	0	1.5	1.5	1.5	1.5	1.5	1.5
291.335691637481	-0.0426534959788411	-4.2631650353791	-194.947442639298	-97.3125564549366	0	0	0	0	0	1.5	1.5	1.5	1.5	1.5	1.5
291.575080044742	-0.0509861176634103	-4.27437315436231	-195.050226361589	-97.096358129936	0	0	0	0	0	1.5	1.5	1.5	1.5	1.5	1.5
291.814468452004	-0.0593187393479776	-4.2875760063789	-195.15036348479	-96.8789218557724	0	0	0	0	0	1.5	1.5	1.5	1.5	1.5	1.5
292.053856859266	-0.0676513610325449	-4.30277359142888	-195.247402744157	-96.6600860991693	0	0	0	0	0	1.5	1.5	1.5	1.5	1.5	1.5
292.293245266527	-0.0759839827171122	-4.31996590951224	-195.340885147062	-96.4397081555511	0	0	0	0	0	1.5	1.5	1.5	1.5	1.5	1.5
292.532633673789	-0.0839908856361059	-4.33915207436123	-195.430343432194	-96.2176670188818	0	0	0	0	0	1.5	1.5	1.5	1.5	1.5	1.5
292.772022081051	-0.07799523804028	-4.35854087443392	-195.515438847061	-95.9939176401106	0	0	0	0	0	1.5	1.5	1.5	1.5	1.5	1.5
293.011410488312	-0.0719995904444528	-4.37649438597815	-195.596342193627	-95.7686180205006	0	0	0	0	0	1.5	1.5	1.5	1.5	1.5	1.5
293.250798895574	-0.0660039428486241	-4.39301260899391	-195.673350640008	-95.5419570279509	0	0	0	0	0	1.5	1.5	1.5	1.5	1.5	1.5
293.490187302836	-0.0600082952527968	-4.4080955434812	-195.746768386616	-95.3141071707176	0	0	0	0	0	1.5	1.5	1.5	1.5	1.5	1.5
293.729575710098	-0.0540126476569695	-4.42174318944002	-195.81690566183	-95.0852257985842	0	0	0	0	0	1.5	1.5	1.5	1.5	1.5	1.5
293.968964117359	-0.0480170000611422	-4.43395554687037	-195.884077824009	-94.8554563537861	0	0	0	0	0	1.5	1.5	1.5	1.5	1.5	1.5
294.208352524621	-0.049721627820389	-4.44543015407146	-195.948563956088	-94.6249184523826	0	0	0	0	0	1.5	1.5	1.5	1.5	1.5	1.5
294.447740931883	-0.053900585561624	-4.45783313238068	-196.010300132922	-94.3936291978089	0	0	0	0	0	1.5	1.5	1.5	1.5	1.5	1.5
294.687129339144	-0.05807954330286	-4.4712365047276	-196.069046824363	-94.1615628758899	0	0	0	0	0	1.5	1.5	1.5	1.5	1.5	1.5
294.926517746406	-0.062258501044096	-4.4856402711122	-196.124561327167	-93.9287024914164	0	0	0	0	0	1.5	1.5	1.5	1.5	1.5	1.5
295.165906153668	-0.066437458785333	-4.50104443153449	-196.176599185606	-93.6950409037216	0	0	0	0	0	1.5	1.5	1.5	1.5	1.5	1.5
295.405294560929	-0.070616416526569	-4.51744898599447	-196.224914317939	-93.4605815846476	0	0	0	0	0	1.5	1.5	1.5	1.5	1.5	1.5
295.644682968191	-0.0686897571147124	-4.53449431561785	-196.269273089897	-93.2253419064437	0	0	0	0	0	1.5	1.5	1.5	1.5	1.5	1.5
295.884071375453	-0.0604610578365699	-4.54995291956172	-196.309773264508	-92.9894067376407	0	0	0	0	0	1.5	1.5	1.5	1.5	1.5	1.5
296.123459782715	-0.0522323585584273	-4.56344166829156	-196.346854555153	-92.752909553271	0	0	0	0	0	1.5	1.5	1.5	1.5	1.5	1.5
296.362848189976	-0.0440036592802848	-4.57496056180736	-196.380975975722	-92.5159667242218	0	0	0	0	0	1.5	1.5	1.5	1.5	1.5	1.5
296.602236597238	-0.0357749600021422	-4.58450960010914	-196.412599656364	-92.2786772036136	0	0	0	0	0	1.5	1.5	1.5	1.5	1.5	1.5
296.8416250045	-0.0275462607239977	-4.59208878319689	-196.442190070051	-92.0411252254844	0	0	0	0	0	1.5	1.5	1.5	1.5	1.5	1.5
297.081013411761	-0.0224302959956538	-4.59778220950056	-196.470211898891	-91.8033828558238	0	0	0	0	0	1.5	1.5	1.5	1.5	1.5	1.5
297.320401819023	-0.0279917598556249	-4.60381743732111	-196.496895997918	-91.5654866719444	0	0	0	0	0	1.5	1.5	1.5	1.5	1.5	1.5
297.559790226285	-0.033553223715596	-4.61118401511714	-196.52198537194	-91.3274171998387	0	0	0	0	0	1.5	1.5	1.5	1.5	1.5	1.5
297.799178633546	-0.0391146875755672	-4.61988194288865	-196.545161702357	-91.0891540977667	0	0	0	0	0	1.5	1.5	1.5	1.5	1.5	1.5
298.038567040808	-0.0446761514355383	-4.62991122063565	-196.56610602658	-90.8506846776779	0	0	0	0	0	1.5	1.5	1.5	1.5	1.5	1.5
298.27795544807	-0.0502376152955094	-4.64127184835813	-196.584498760619	-90.6120051846873	0	0	0	0	0	1.5	1.5	1.5	1.5	1.5	1.5
298.517343855331	-0.0557990791554819	-4.65396382605609	-196.60001978125	-90.3731220793105	0	0	0	0	0	1.5	1.5	1.5	1.5	1.5	1.5
298.756732262593	-0.0522307115592317	-4.66693722850676	-196.612428976473	-90.1340571982278	0	0	0	0	0	1.5	1.5	1.5	1.5	1.5	1.5
298.996120669855	-0.0482896230681337	-4.67896892990869	-196.621848164078	-89.8948556157733	0	0	0	0	0	1.5	1.5	1.5	1.5	1.5	1.5
299.235509077117	-0.0443485345770358	-4.69005718041386	-196.628501625431	-89.655560915117	0	0	0	0	0	1.5	1.5	1.5	1.5	1.5	1.5
299.474897484378	-0.0404074460859379	-4.70020198002226	-196.632614284806	-89.4162088647642	0	0	0	0	0	1.5	1.5	1.5	1.5	1.5	1.5
299.71428589164	-0.03646635759484	-4.70940332873391	-196.63441151912	-89.1768280487244	0	0	0	0	0	1.5	1.5	1.5	1.5	1.5	1.5
299.953674298902	-0.0325252691037421	-4.71766122654879	-196.634119006959	-88.9374405005141	0	0	0	0	0	1.5	1.5	1.5	1.5	1.5	1.5
300.193062706163	-0.0253845022349381	-4.72470967735794	-196.631977349407	-88.6980621731093	0	0	0	0	0	1.5	1.5	1.5	1.5	1.5	1.5
300.432451113425	-0.0168364956735459	-4.72976328607909	-196.628382347088	-88.4587010167088	0	0	0	0	0	1.5	1.5	1.5	1.5	1.5	1.5
300.671839520687	-0.00828848911215362	-4.73277060112425	-196.623822637441	-88.2193561294519	0	0	0	0	0	1.5	1.5	1.5	1.5	1.5	1.5
300.911227927948	0.00025951744923864	-4.73373162249342	-196.618788034867	-87.9800206795821	0	0	0	0	0	1.5	1.5	1.5	1.5	1.5	1.5
301.15061633521	0.0088075240106309	-4.73264635018659	-196.613768301183	-87.7406849199326	0	0	0	0	0	1.5	1.5	1.5	1.5	1.5	1.5
301.390004742472	0.0173555305720232	-4.72951478420377	-196.609253199998	-87.5013391946172	0	0	0	0	0	1.5	1.5	1.5	1.5	1.5	1.5
301.629393149733	0.0205376982560577	-4.72461220726205	-196.605723135726	-87.2619770650831	0	0	0	0	0	1.5	1.5	1.5	1.5	1.5	1.5
301.868781556995	0.016566710887008	-4.72017102455848	-196.603347625406	-87.0226006413978	0	0	0	0	0	1.5	1.5	1.5	1.5	1.5	1.5
302.108169964257	0.0125957235179575	-4.71668045019644	-196.601921468647	-86.7832166040221	0	0	0	0	0	1.5	1.5	1.5	1.5	1.5	1.5
302.347558371519	0.00862473614890783	-4.71414048417594	-196.601217124661	-86.5438292974462	0	0	0	0	0	1.5	1.5	1.5	1.5	1.5	1.5
302.58694677878	0.00465374877985821	-4.71255112649696	-196.601007035627	-86.3044410077188	0	0	0	0	0	1.5	1.5	1.5	1.5	1.5	1.5
302.826335186042	0.000682761410808579	-4.71191237715952	-196.601063638038	-86.0650526113686	0	0	0	0	0	1.5	1.5	1.5	1.5	1.5	1.5
303.065723593304	-0.00249498183683161	-4.71220879871824	-196.601159567612	-85.825664224408	0	0	0	0	0	1.5	1.5	1.5	1.5	1.5	1.5
303.305112000565	-0.0015871872338955	-4.71269741069425	-196.601139881758	-85.5862758203449	0	0	0	0	0	1.5	1.5	1.5	1.5	1.5	1.5
303.544500407827	-0.000679392630959391	-4.71296870716614	-196.601029239273	-85.3468874393941	0	0	0	0	0	1.5	1.5	1.5	1.5	1.5	1.5
303.783888815089	0.000228401971976935	-4.71302268813391	-196.600879662968	-85.1074990788989	0	0	0	0	0	1.5	1.5	1.5	1.5	1.5	1.5
304.02327722235	0.00113619657491304	-4.71285935359757	-196.60074317565	-84.8681107108203	0	0	0	0	0	1.5	1.5	1.5	1.5	1.5	1.5
304.262665629612	0.00204399117784915	-4.7124787035571	-196.600671800126	-84.6287223156523	0	0	0	0	0	1.5	1.5	1.5	1.5	1.5	1.5
304.502054036874	0.00295178578078526	-4.71188073801252	-196.600717559213	-84.3893339163384	0	0	0	0	0	1.5	1.5	1.5	1.5	1.5	1.5
304.741442444135	0.00427465877219975	-4.71102091024353	-196.600935662895	-84.1499456158163	0	0	0	0	0	1.5	1.5	1.5	1.5	1.5	1.5
304.980830851397	0.00564538582933175	-4.70983353840497	-196.601398738238	-83.9105576705243	0	0	0	0	0	1.5	1.5	1.5	1.5	1.5	1.5
305.220219258659	0.00701611288646375	-4.70831803039941	-196.602185331457	-83.671170578505	0	0	0	0	0	1.5	1.5	1.5	1.5	1.5	1.5
305.459607665921	0.00838683994359608	-4.70647438622685	-196.603373992158	-83.431785156275	0	0	0	0	0	1.5	1.5	1.5	1.5	1.5	1.5
305.698996073182	0.00975756700072808	-4.70430260588729	-196.605043267095	-83.1924026161445	0	0	0	0	0	1.5	1.5	1.5	1.5	1.5	1.5
305.938384480444	0.0111282940578601	-4.70180268938074	-196.607271698156	-82.9530246435313	0	0	0	0	0	1.5	1.5	1.5	1.5	1.5	1.5
306.177772887706	0.0104314562839306	-4.69913071921506	-196.610129965016	-82.713653372917	0	0	0	0	0	1.5	1.5	1.5	1.5	1.5	1.5
306.417161294967	0.00852397042072993	-4.69686186451116	-196.613584396486	-82.4742899424713	0	0	0	0	0	1.5	1.5	1.5	1.5	1.5	1.5
306.656549702229	0.00661648455752924	-4.69504963980993	-196.617527251314	-82.2349340406707	0	0	0	0	0	1.5	1.5	1.5	1.5	1.5	1.5
306.895938109491	0.00470899869432855	-4.69369404511136	-196.621849219432	-81.9955846698119	0	0	0	0	0	1.5	1.5	1.5	1.5	1.5	1.5
307.135326516752	0.0028015128311274	-4.69279508041546	-196.626440998631	-81.7562403128297	0	0	0	0	0	1.5	1.5	1.5	1.5	1.5	1.5
307.374714924014	0.000894026967926712	-4.69235274572223	-196.631193293126	-81.5168990830398	0	0	0	0	0	1.5	1.5	1.5	1.5	1.5	1.5
307.614103331276	-0.000638452904786379	-4.69235067050633	-196.635997287617	-81.2775588834166	0	0	0	0	0	1.5	1.5	1.5	1.5	1.5	1.5
307.853491738538	-0.00151771671491583	-4.69260875151186	-196.640767219186	-81.0382180031589	0	0	0	0	0	1.5	1.5	1.5	1.5	1.5	1.5
308.092880145799	-0.00239698052504529	-4.69307731808045	-196.645450192177	-80.798875407194	0	0	0	0	0	1.5	1.5	1.5	1.5	1.5	1.5
308.332268553061	-0.00327624433517474	-4.69375637021211	-196.64999582734	-80.5595301659071	0	0	0	0	0	1.5	1.5	1.5	1.5	1.5	1.5
308.571656960323	-0.0041555081453042	-4.69464590790685	-196.654353743809	-80.3201814364077	0	0	0	0	0	1.5	1.5	1.5	1.5	1.5	1.5
308.811045367584	-0.00503477195543386	-4.69574593116465	-196.658473558645	-80.0808284943434	0	0	0	0	0	1.5	1.5	1.5	1.5	1.5	1.5
309.050433774846	-0.00579931565713292	-4.69705508392391	-196.662304897191	-79.8414707658819	0	0	0	0	0	1.5	1.5	1.5	1.5	1.5	1.5
309.289822182108	-0.00551693615628881	-4.6984095736728	-196.665812055406	-79.6021080691	0	0	0	0	0	1.5	1.5	1.5	1.5	1.5	1.5
309.529210589369	-0.00523455665544477	-4.69969646504275	-196.669003086625	-79.3627409474189	0	0	0	0	0	1.5	1.5	1.5	1.5	1.5	1.5
309.768598996631	-0.0049521771546006	-4.70091575803374	-196.671894166368	-79.1233700133246	0	0	0	0	0	1.5	1.5	1.5	1.5	1.5	1.5
310.007987403893	-0.00466979765375649	-4.70206745264578	-196.674501471406	-78.883995818481	0	0	0	0	0	1.5	1.5	1.5	1.5	1.5	1.5
310.247375811154	-0.00438741815291238	-4.70315154887887	-196.676841179568	-78.6446188570079	0	0	0	0	0	1.5	1.5	1.5	1.5	1.5	1.5
310.486764218416	-0.00410503865206827	-4.70416804673302	-196.678929469583	-78.4052395687616	0	0	0	0	0	1.5	1.5	1.5	1.5	1.5	1.5
310.726152625678	-0.0054174900586901	-4.70527592010345	-196.6807719568	-78.1658582642567	0	0	0	0	0	1.5	1.5	1.5	1.5	1.5	1.5
310.96554103294	-0.00705014500842644	-4.70676822375397	-196.68230390713	-77.9264747810916	0	0	0	0	0	1.5	1.5	1.5	1.5	1.5	1.5
311.204929440201	-0.0086827999581624	-4.70865136607252	-196.683431842401	-77.6870890665097	0	0	0	0	0	1.5	1.5	1.5	1.5	1.5	1.5
311.444317847463	-0.0103154549078991	-4.71092534705909	-196.684062197585	-77.4477015407756	0	0	0	0	0	1.5	1.5	1.5	1.5	1.5	1.5
311.683706254725	-0.0119481098576355	-4.71359016671368	-196.684101407812	-77.2083132075822	0	0	0	0	0	1.5	1.5	1.5	1.5	1.5	1.5
311.923094661986	-0.0135807648073718	-4.7166458250363	-196.683455911029	-76.9689257637524	0	0	0	0	0	1.5	1.5	1.5	1.5	1.5	1.5
312.162483069248	-0.0153187742497586	-4.72009947107252	-196.682031828609	-76.7295417112563	0	0	0	0	0	1.5	1.5	1.5	1.5	1.5	1.5
312.40187147651	-0.017137265766482	-4.72398427093527	-196.67972975976	-76.4901645236966	0	0	0	0	0	1.5	1.5	1.5	1.5	1.5	1.5
312.641259883771	-0.0189557572832048	-4.72830439658583	-196.67644567753	-76.2507988302662	0	0	0	0	0	1.5	1.5	1.5	1.5	1.5	1.5
312.880648291033	-0.0207742487999273	-4.7330598480242	-196.672075442659	-76.0114505431046	0	0	0	0	0	1.5	1.5	1.5	1.5	1.5	1.5
313.120036698295	-0.0225927403166502	-4.73825062525038	-196.666514961342	-75.7721269924662	0	0	0	0	0	1.5	1.5	1.5	1.5	1.5	1.5
313.359425105556	-0.0244112318333735	-4.74387672826436	-196.659660201913	-75.5328370624057	0	0	0	0	0	1.5	1.5	1.5	1.5	1.5	1.5
313.598813512818	-0.0251603208379043	-4.7498996105688	-196.651408140535	-75.2935912919357	0	0	0	0	0	1.5	1.5	1.5	1.5	1.5	1.5
313.83820192008	-0.0234276494217958	-4.75571530897507	-196.641726805291	-75.0543990685154	0	0	0	0	0	1.5	1.5	1.5	1.5	1.5	1.5
314.077590327342	-0.0216949780056869	-4.76111622593074	-196.630704163612	-74.8152648560209	0	0	0	0	0	1.5	1.5	1.5	1.5	1.5	1.5
314.316978734603	-0.0199623065895784	-4.76610236143579	-196.618439724166	-74.5761910717727	0	0	0	0	0	1.5	1.5	1.5	1.5	1.5	1.5
314.556367141865	-0.0182296351734703	-4.77067371549023	-196.605032954293	-74.3371785862351	0	0	0	0	0	1.5	1.5	1.5	1.5	1.5	1.5
314.795755549127	-0.0164969637573618	-4.77483028809407	-196.59058327149	-74.0982268470144	0	0	0	0	0	1.5	1.5	1.5	1.5	1.5	1.5
315.035143956388	-0.0148462592793931	-4.77857242434923	-196.575190036873	-73.8593340028727	0	0	0	0	0	1.5	1.5	1.5	1.5	1.5	1.5
315.27453236365	-0.0154438412266735	-4.7821979738072	-196.558927926724	-73.620498723799	0	0	0	0	0	1.5	1.5	1.5	1.5	1.5	1.5
315.513920770912	-0.016041423173954	-4.78596657745574	-196.54178293817	-73.3817252096212	0	0	0	0	0	1.5	1.5	1.5	1.5	1.5	1.5
315.753309178173	-0.0166390051212347	-4.78987823529485	-196.5237211576	-73.143019305754	0	0	0	0	0	1.5	1.5	1.5	1.5	1.5	1.5
315.992697585435	-0.0172365870685152	-4.79393294732453	-196.504708713967	-72.9043872500632	0	0	0	0	0	1.5	1.5	1.5	1.5	1.5	1.5
316.232085992697	-0.0178341690157955	-4.79813071354477	-196.48471178304	-72.6658356872267	0	0	0	0	0	1.5	1.5	1.5	1.5	1.5	1.5
316.471474399958	-0.018431750963076	-4.80247153395558	-196.463696591923	-72.4273716830513	0	0	0	0	0	1.5	1.5	1.5	1.5	1.5	1.5
316.71086280722	-0.0180167190842478	-4.8068621662072	-196.441635122696	-72.1890022033875	0	0	0	0	0	1.5	1.5	1.5	1.5	1.5	1.5
316.950251214482	-0.0172980230519795	-4.81108913614363	-196.418545928032	-71.9507300621448	0	0	0	0	0	1.5	1.5	1.5	1.5	1.5	1.5
317.189639621744	-0.0165793270197111	-4.81514405858158	-196.394470260603	-71.7125555604763	0	0	0	0	0	1.5	1.5	1.5	1.5	1.5	1.5
317.429028029005	-0.0158606309874428	-4.81902693352106	-196.369449493387	-71.474478474773	0	0	0	0	0	1.5	1.5	1.5	1.5	1.5	1.5
317.668416436267	-0.0151419349551742	-4.82273776096208	-196.343524964015	-71.2364980920833	0	0	0	0	0	1.5	1.5	1.5	1.5	1.5	1.5
317.907804843529	-0.014423238922906	-4.82627654090462	-196.316737973284	-70.9986132315892	0	0	0	0	0	1.5	1.5	1.5	1.5	1.5	1.5
318.14719325079	-0.0133331499380129	-4.82962089802959	-196.289130676635	-70.7608221613035	0	0	0	0	0	1.5	1.5	1.5	1.5	1.5	1.5
318.386581658052	-0.0118765986097544	-4.83263835880575	-196.260765394793	-70.52312029588	0	0	0	0	0	1.5	1.5	1.5	1.5	1.5	1.5
318.625970065314	-0.0104200472814964	-4.83530713807934	-196.231724411172	-70.2855000173293	0	0	0	0	0	1.5	1.5	1.5	1.5	1.5	1.5
318.865358472575	-0.00896349595323827	-4.83762723585036	-196.202090787191	-70.047952901697	0	0	0	0	0	1.5	1.5	1.5	1.5	1.5	1.5
319.104746879837	-0.00750694462498019	-4.83959865211882	-196.171947511552	-69.8104699046316	0	0	0	0	0	1.5	1.5	1.5	1.5	1.5	1.5
319.344135287099	-0.00605039329672177	-4.84122138688472	-196.14137750834	-69.5730414483549	0	0	0	0	0	1.5	1.5	1.5	1.5	1.5	1.5
319.58352369436	-0.00550115939403949	-4.84252121889164	-196.110463161897	-69.3356575718477	0	0	0	0	0	1.5	1.5	1.5	1.5	1.5	1.5
319.822912101622	-0.00786695300352622	-4.84412130445912	-196.079220175025	-69.0983167345475	0	0	0	0	0	1.5	1.5	1.5	1.5	1.5	1.5
320.062300508884	-0.0102327466130135	-4.84628773359068	-196.047530272763	-68.8610351777702	0	0	0	0	0	1.5	1.5	1.5	1.5	1.5	1.5
320.301688916146	-0.0125985402225002	-4.84902050628632	-196.015259224773	-68.6238319878607	0	0	0	0	0	1.5	1.5	1.5	1.5	1.5	1.5
320.541077323407	-0.014964333831987	-4.85231962254605	-195.982272937681	-68.3867272380315	0	0	0	0	0	1.5	1.5	1.5	1.5	1.5	1.5
320.780465730669	-0.0173301274414737	-4.85618508236986	-195.948437492269	-68.1497422157535	0	0	0	0	0	1.5	1.5	1.5	1.5	1.5	1.5
321.019854137931	-0.019695921050961	-4.86061688575776	-195.913619184115	-67.9128996496325	0	0	0	0	0	1.5	1.5	1.5	1.5	1.5	1.5
321.259242545192	-0.0161104470380057	-4.86492300070951	-195.877737599423	-67.676215825149	0	0	0	0	0	1.5	1.5	1.5	1.5	1.5	1.5
321.498630952454	-0.012350397063796	-4.86832959877893	-195.840943466858	-67.4396720747441	0	0	0	0	0	1.5	1.5	1.5	1.5	1.5	1.5
321.738019359716	-0.00859034708958634	-4.87083608447381	-195.803450136305	-67.2032380889712	0	0	0	0	0	1.5	1.5	1.5	1.5	1.5	1.5
321.977407766977	-0.00483029711537575	-4.87244245779414	-195.76547066969	-66.9668816690045	0	0	0	0	0	1.5	1.5	1.5	1.5	1.5	1.5
322.216796174239	-0.00107024714116605	-4.87314871873991	-195.727217922231	-66.730569302852	0	0	0	0	0	1.5	1.5	1.5	1.5	1.5	1.5
322.456184581501	0.00268980283304364	-4.87295486731114	-195.68890463094	-66.4942667404499	0	0	0	0	0	1.5	1.5	1.5	1.5	1.5	1.5
322.695572988763	0.00166695987767467	-4.8722647881779	-195.650721059306	-66.2579431871227	0	0	0	0	0	1.5	1.5	1.5	1.5	1.5	1.5
322.934961396024	-0.0013524808253626	-4.87222714685818	-195.612630162087	-66.0216046734777	0	0	0	0	0	1.5	1.5	1.5	1.5	1.5	1.5
323.174349803286	-0.00437192152840059	-4.87291232463917	-195.574462748708	-65.7852785094508	0	0	0	0	0	1.5	1.5	1.5	1.5	1.5	1.5
323.413738210548	-0.00739136223143858	-4.87432032152089	-195.53604802273	-65.548992435273	0	0	0	0	0	1.5	1.5	1.5	1.5	1.5	1.5
323.653126617809	-0.0104108029344773	-4.87645113750333	-195.497215275144	-65.3127747273809	0	0	0	0	0	1.5	1.5	1.5	1.5	1.5	1.5
323.892515025071	-0.0134302436375153	-4.87930477258649	-195.457793946882	-65.0766545683956	0	0	0	0	0	1.5	1.5	1.5	1.5	1.5	1.5
324.131903432333	-0.0150620165788708	-4.88280820801751	-195.417616219143	-64.8406619830811	0	0	0	0	0	1.5	1.5	1.5	1.5	1.5	1.5
324.371291839594	-0.0149249288446315	-4.8863974715693	-195.376593070168	-64.6048148943633	0	0	0	0	0	1.5	1.5	1.5	1.5	1.5	1.5
324.610680246856	-0.0147878411103922	-4.88995391790673	-195.334727536976	-64.3691158781182	0	0	0	0	0	1.5	1.5	1.5	1.5	1.5	1.5
324.850068654118	-0.0146507533761529	-4.89347754702981	-195.292027884029	-64.1335665417231	0	0	0	0	0	1.5	1.5	1.5	1.5	1.5	1.5
325.089457061379	-0.0145136656419136	-4.89696835893853	-195.248502371508	-63.8981684085591	0	0	0	0	0	1.5	1.5	1.5	1.5	1.5	1.5
325.328845468641	-0.0143765779076742	-4.9004263536329	-195.204159254869	-63.6629229188403	0	0	0	0	0	1.5	1.5	1.5	1.5	1.5	1.5
325.568233875903	-0.013539670588683	-4.90383698553638	-195.159006982284	-63.4278313921199	0	0	0	0	0	1.5	1.5	1.5	1.5	1.5	1.5
325.807622283165	-0.0093724963890095	-4.90657943911623	-195.113114269256	-63.1928832437429	0	0	0	0	0	1.5	1.5	1.5	1.5	1.5	1.5
326.047010690426	-0.00520532218933603	-4.90832431950164	-195.066694518124	-62.9580386108104	0	0	0	0	0	1.5	1.5	1.5	1.5	1.5	1.5
326.286399097688	-0.00103814798966256	-4.90907162669261	-195.019982159831	-62.7232519792324	0	0	0	0	0	1.5	1.5	1.5	1.5	1.5	1.5
326.52578750495	0.00312902621001091	-4.90882136068913	-194.973211452701	-62.4884769590373	0	0	0	0	0	1.5	1.5	1.5	1.5	1.5	1.5
326.765175912211	0.00729620040968439	-4.90757352149122	-194.926616620417	-62.2536669856112	0	0	0	0	0	1.5	1.5	1.5	1.5	1.5	1.5
327.004564319473	0.0114633746093589	-4.90532810909886	-194.880431990859	-62.0187760207639	0	0	0	0	0	1.5	1.5	1.5	1.5	1.5	1.5
327.243952726735	0.00620901247077999	-4.90310872748786	-194.834819338199	-61.7837733153146	0	0	0	0	0	1.5	1.5	1.5	1.5	1.5	1.5
327.483341133996	-3.50876559283668e-06	-4.90236596466374	-194.789555950837	-61.548703043938	0	0	0	0	0	1.5	1.5	1.5	1.5	1.5	1.5
327.722729541258	-0.00621603000196566	-4.90311040740347	-194.74429236603	-61.3136328106053	0	0	0	0	0	1.5	1.5	1.5	1.5	1.5	1.5
327.96211794852	-0.0124285512383385	-4.90534205570706	-194.698679044672	-61.0786302351166	0	0	0	0	0	1.5	1.5	1.5	1.5	1.5	1.5
328.201506355781	-0.0186410724747113	-4.90906090957451	-194.652366751645	-60.8437644972483	0	0	0	0	0	1.5	1.5	1.5	1.5	1.5	1.5
328.440894763043	-0.0248535937110841	-4.9142669690058	-194.605006871242	-60.6091078935673	0	0	0	0	0	1.5	1.5	1.5	1.5	1.5	1.5
328.680283170305	-0.0273242210308377	-4.92067268915776	-194.556266161153	-60.3747343573595	0	0	0	0	0	1.5	1.5	1.5	1.5	1.5	1.5
328.919671577567	-0.0277083271201539	-4.92725976618247	-194.505995944539	-60.1406841327439	0	0	0	0	0	1.5	1.5	1.5	1.5	1.5	1.5
329.159059984828	-0.0280924332094701	-4.93393879375212	-194.454174380437	-59.9069725113174	0	0	0	0	0	1.5	1.5	1.5	1.5	1.5	1.5
329.39844839209	-0.0284765392987862	-4.94070977186671	-194.400782291444	-59.6736146843166	0	0	0	0	0	1.5	1.5	1.5	1.5	1.5	1.5
329.637836799352	-0.0288606453881023	-4.94757270052625	-194.345800668798	-59.4406262601966	0	0	0	0	0	1.5	1.5	1.5	1.5	1.5	1.5
329.877225206613	-0.0292447514774185	-4.95452757973072	-194.289210679526	-59.2080232687082	0	0	0	0	0	1.5	1.5	1.5	1.5	1.5	1.5
330.116613613875	-0.027375641405497	-4.96147296743262	-194.230996624937	-58.975821416054	0	0	0	0	0	1.5	1.5	1.5	1.5	1.5	1.5
330.356002021137	-0.0217692784515263	-4.96735532947741	-194.171275535272	-58.7440024444571	0	0	0	0	0	1.5	1.5	1.5	1.5	1.5	1.5
330.595390428398	-0.0161629154975543	-4.97189559322411	-194.110347145318	-58.5124977096414	0	0	0	0	0	1.5	1.5	1.5	1.5	1.5	1.5
330.83477883566	-0.0105565525435837	-4.97509375867274	-194.048523445423	-58.2812303520797	0	0	0	0	0	1.5	1.5	1.5	1.5	1.5	1.5
331.074167242922	-0.00495018958961305	-4.97694982582328	-193.986115486419	-58.0501199031833	0	0	0	0	0	1.5	1.5	1.5	1.5	1.5	1.5
331.313555650183	0.000656173364357596	-4.97746379467574	-193.92343369295	-57.8190835404743	0	0	0	0	0	1.5	1.5	1.5	1.5	1.5	1.5
331.552944057445	0.00479853340871585	-4.97665495657547	-193.860788029029	-57.58803738287	0	0	0	0	0	1.5	1.5	1.5	1.5	1.5	1.5
331.792332464707	-0.00289335333646977	-4.97642691756395	-193.798321394134	-57.3569427517379	0	0	0	0	0	1.5	1.5	1.5	1.5	1.5	1.5
332.031720871969	-0.0105852400816554	-4.9780402270692	-193.735694716608	-57.1258914671847	0	0	0	0	0	1.5	1.5	1.5	1.5	1.5	1.5
332.27110927923	-0.0182771268268428	-4.98149488509121	-193.672482785153	-56.8949997090198	0	0	0	0	0	1.5	1.5	1.5	1.5	1.5	1.5
332.510497686492	-0.0259690135720285	-4.98679089162999	-193.608261276934	-56.6643868880405	0	0	0	0	0	1.5	1.5	1.5	1.5	1.5	1.5
332.749886093754	-0.0336609003172141	-4.99392824668554	-193.542607435281	-56.4341779849508	0	0	0	0	0	1.5	1.5	1.5	1.5	1.5	1.5
332.989274501015	-0.0413527870623997	-5.00290695025786	-193.475100798601	-56.2045058745975	0	0	0	0	0	1.5	1.5	1.5	1.5	1.5	1.5
333.228662908277	-0.0372248211199229	-5.01253204300574	-193.405400976991	-55.9754899381108	0	0	0	0	0	1.5	1.5	1.5	1.5	1.5	1.5
333.468051315539	-0.03092263538861	-5.020688898542	-193.333663543671	-55.7471037908242	0	0	0	0	0	1.5	1.5	1.5	1.5	1.5	1.5
333.7074397228	-0.0246204496572972	-5.02733708387377	-193.260237389844	-55.5192547218939	0	0	0	0	0	1.5	1.5	1.5	1.5	1.5	1.5
333.946828130062	-0.0183182639259828	-5.03247659900105	-193.185469555427	-55.2918422021372	0	0	0	0	0	1.5	1.5	1.5	1.5	1.5	1.5
334.186216537324	-0.0120160781946699	-5.03610744392385	-193.109705156488	-55.064759613093	0	0	0	0	0	1.5	1.5	1.5	1.5	1.5	1.5
334.425604944585	-0.00571389246335707	-5.03822961864216	-193.033287838969	-54.837895818216	0	0	0	0	0	1.5	1.5	1.5	1.5	1.5	1.5
334.664993351847	-0.0102323211540557	-5.03959245470443	-192.956527501758	-54.6111478243115	0	0	0	0	0	1.5	1.5	1.5	1.5	1.5	1.5
334.904381759109	-0.0226327767629764	-5.04352621642686	-192.879199367443	-54.3845929864157	0	0	0	0	0	1.5	1.5	1.5	1.5	1.5	1.5
335.143770166371	-0.0350332323718971	-5.05042850346683	-192.800644999795	-54.1584607405103	0	0	0	0	0	1.5	1.5	1.5	1.5	1.5	1.5
335.383158573632	-0.0474336879808177	-5.06029931582433	-192.720197114521	-53.9329957071045	0	0	0	0	0	1.5	1.5	1.5	1.5	1.5	1.5
335.622546980894	-0.0598341435897384	-5.07313865349938	-192.637194531439	-53.7084593118575	0	0	0	0	0	1.5	1.5	1.5	1.5	1.5	1.5
335.861935388156	-0.072234599198662	-5.08894651649197	-192.550984708784	-53.4851355962381	0	0	0	0	0	1.5	1.5	1.5	1.5	1.5	1.5
336.101323795417	-0.0794281199836799	-5.10752669056403	-192.460931163192	-53.263335003288	0	0	0	0	0	1.5	1.5	1.5	1.5	1.5	1.5
336.340712202679	-0.0752896655721284	-5.12604551269366	-192.366723480843	-53.0432666405163	0	0	0	0	0	1.5	1.5	1.5	1.5	1.5	1.5
336.580100609941	-0.0711512111605769	-5.14357363681318	-192.268564772026	-52.8249315537131	0	0	0	0	0	1.5	1.5	1.5	1.5	1.5	1.5
336.819489017202	-0.0670127567490254	-5.1601110629226	-192.166701485692	-52.6082996670728	0	0	0	0	0	1.5	1.5	1.5	1.5	1.5	1.5
337.058877424464	-0.0628743023374739	-5.17565779102191	-192.061376090388	-52.3933293986442	0	0	0	0	0	1.5	1.5	1.5	1.5	1.5	1.5
337.298265831726	-0.0587358479259223	-5.19021382111111	-191.952827013564	-52.1799684473361	0	0	0	0	0	1.5	1.5	1.5	1.5	1.5	1.5
337.537654238987	-0.0550634941918675	-5.20378191354246	-191.841288626268	-51.9681545696217	0	0	0	0	0	1.5	1.5	1.5	1.5	1.5	1.5
337.777042646249	-0.060345412412921	-5.21759569071043	-191.726900121722	-51.7578662718929	0	0	0	0	0	1.5	1.5	1.5	1.5	1.5	1.5
338.016431053511	-0.0656273306339733	-5.23267389786862	-191.609486013942	-51.5492526314711	0	0	0	0	0	1.5	1.5	1.5	1.5	1.5	1.5
338.255819460773	-0.0709092488550282	-5.24901653501704	-191.488809322027	-51.3425096268086	0	0	0	0	0	1.5	1.5	1.5	1.5	1.5	1.5
338.495207868034	-0.0761911670760817	-5.26662360215568	-191.364640974631	-51.1378451441635	0	0	0	0	0	1.5	1.5	1.5	1.5	1.5	1.5
338.734596275296	-0.0814730852971353	-5.28549509928454	-191.236760799807	-50.935479708449	0	0	0	0	0	1.5	1.5	1.5	1.5	1.5	1.5
338.973984682558	-0.0867550035181889	-5.30563102640363	-191.104958590593	-50.7356471515512	0	0	0	0	0	1.5	1.5	1.5	1.5	1.5	1.5
339.213373089819	-0.0767312440100867	-5.3255930467629	-190.969109112111	-50.5385435941787	0	0	0	0	0	1.5	1.5	1.5	1.5	1.5	1.5
339.452761497081	-0.0625184121467873	-5.34226042346247	-190.829663029398	-50.3439664321609	0	0	0	0	0	1.5	1.5	1.5	1.5	1.5	1.5
339.692149904343	-0.0483055802834913	-5.3555254129796	-190.687319990772	-50.1514971419847	0	0	0	0	0	1.5	1.5	1.5	1.5	1.5	1.5
339.931538311604	-0.0340927484201919	-5.36538801531429	-190.542760369305	-49.9606860837916	0	0	0	0	0	1.5	1.5	1.5	1.5	1.5	1.5
340.170926718866	-0.0198799165568891	-5.37184823046656	-190.396647954459	-49.7710607386167	0	0	0	0	0	1.5	1.5	1.5	1.5	1.5	1.5
340.410315126128	-0.00566708469358973	-5.3749060584364	-190.249634568166	-49.5821326353401	0	0	0	0	0	1.5	1.5	1.5	1.5	1.5	1.5
340.649703533389	-0.0105433432411469	-5.37574625502832	-190.102326310838	-49.3934342384884	0	0	0	0	0	1.5	1.5	1.5	1.5	1.5	1.5
340.889091940651	-0.0331446585537104	-5.38097545561138	-189.954511553947	-49.2051326870849	0	0	0	0	0	1.5	1.5	1.5	1.5	1.5	1.5
341.128480347913	-0.0557459738662685	-5.39161514906913	-189.805207931144	-49.01801054833	0	0	0	0	0	1.5	1.5	1.5	1.5	1.5	1.5
341.367868755175	-0.0783472891788212	-5.40766533540157	-189.653421456603	-48.8328985737528	0	0	0	0	0	1.5	1.5	1.5	1.5	1.5	1.5
341.607257162436	-0.100948604491379	-5.42912601460871	-189.49819133928	-48.6506673512024	0	0	0	0	0	1.5	1.5	1.5	1.5	1.5	1.5
341.846645569698	-0.123549919803943	-5.45599718669054	-189.338604927963	-48.4722421950117	0	0	0	0	0	1.5	1.5	1.5	1.5	1.5	1.5
342.08603397696	-0.137514007582886	-5.4880106611023	-189.173818073867	-48.2986128156528	0	0	0	0	0	1.5	1.5	1.5	1.5	1.5	1.5
342.325422384221	-0.126820372042349	-5.51964995416379	-189.003496276048	-48.1304090291324	0	0	0	0	0	1.5	1.5	1.5	1.5	1.5	1.5
342.564810791483	-0.116126736501812	-5.5487293148454	-188.828146059135	-47.9674517577754	0	0	0	0	0	1.5	1.5	1.5	1.5	1.5	1.5
342.804199198745	-0.105433100961272	-5.57524874314713	-188.648332997436	-47.8094305143636	0	0	0	0	0	1.5	1.5	1.5	1.5	1.5	1.5
343.043587606006	-0.0947394654207372	-5.59920823906896	-188.464588268877	-47.6559966773557	0	0	0	0	0	1.5	1.5	1.5	1.5	1.5	1.5
343.282976013268	-0.0840458298801998	-5.62060780261091	-188.277410379354	-47.506768463578	0	0	0	0	0	1.5	1.5	1.5	1.5	1.5	1.5
343.52236442053	-0.07335219433966	-5.63944743377298	-188.087267348116	-47.3613355178578	0	0	0	0	0	1.5	1.5	1.5	1.5	1.5	1.5
343.761752827791	-0.0728009593455991	-5.65693274714295	-187.894542926767	-47.2193402823509	0	0	0	0	0	1.5	1.5	1.5	1.5	1.5	1.5
344.001141235053	-0.0723201547021569	-5.67430290331892	-187.69937321373	-47.080725161377	0	0	0	0	0	1.5	1.5	1.5	1.5	1.5	1.5
344.240529642315	-0.0718393500587148	-5.69155796043709	-187.501833046726	-46.9455095184157	0	0	0	0	0	1.5	1.5	1.5	1.5	1.5	1.5
344.479918049577	-0.0713585454152725	-5.70869791849746	-187.301996800289	-46.8137108795904	0	0	0	0	0	1.5	1.5	1.5	1.5	1.5	1.5
344.719306456838	-0.0708777407718305	-5.72572277750003	-187.099938348315	-46.6853449676381	0	0	0	0	0	1.5	1.5	1.5	1.5	1.5	1.5
344.9586948641	-0.0703969361283883	-5.74263253744481	-186.895731028022	-46.5604257363066	0	0	0	0	0	1.5	1.5	1.5	1.5	1.5	1.5
345.198083271362	-0.0682568336410644	-5.75928256387032	-186.689451831352	-46.4389581400579	0	0	0	0	0	1.5	1.5	1.5	1.5	1.5	1.5
345.437471678623	-0.0654975237434391	-5.77529218515961	-186.481215523018	-46.3208767046733	0	0	0	0	0	1.5	1.5	1.5	1.5	1.5	1.5
345.676860085885	-0.0627382138458138	-5.79064125964737	-186.271153265426	-46.2060745603325	0	0	0	0	0	1.5	1.5	1.5	1.5	1.5	1.5
345.916248493147	-0.0599789039481885	-5.8053297873336	-186.059390397852	-46.0944400357505	0	0	0	0	0	1.5	1.5	1.5	1.5	1.5	1.5
346.155636900408	-0.0572195940505626	-5.81935776821829	-185.84604636793	-45.9858573730338	0	0	0	0	0	1.5	1.5	1.5	1.5	1.5	1.5
346.39502530767	-0.0544602841529379	-5.83272520230145	-185.631234903257	-45.8802070497554	0	0	0	0	0	1.5	1.5	1.5	1.5	1.5	1.5
346.634413714932	-0.0561271352787077	-5.84567739504095	-185.415060344185	-45.7773742869642	0	0	0	0	0	1.5	1.5	1.5	1.5	1.5	1.5
346.873802122193	-0.0629269985131821	-5.85992748477413	-185.197518096458	-45.6774682809891	0	0	0	0	0	1.5	1.5	1.5	1.5	1.5	1.5
347.113190529455	-0.069726861747658	-5.87580538293661	-184.978496052054	-45.5808507389036	0	0	0	0	0	1.5	1.5	1.5	1.5	1.5	1.5
347.352578936717	-0.0765267249821324	-5.89331108952838	-184.75789237198	-45.4879025694672	0	0	0	0	0	1.5	1.5	1.5	1.5	1.5	1.5
347.591967343979	-0.0833265882166068	-5.91244460454946	-184.535623582388	-45.3990113650601	0	0	0	0	0	1.5	1.5	1.5	1.5	1.5	1.5
347.83135575124	-0.0901264514510828	-5.93320592799984	-184.311626585247	-45.314571468112	0	0	0	0	0	1.5	1.5	1.5	1.5	1.5	1.5
348.070744158502	-0.0950910155933436	-5.95555105141195	-184.085860939562	-45.2349832017238	0	0	0	0	0	1.5	1.5	1.5	1.5	1.5	1.5
348.310132565764	-0.0927297166126284	-5.97803210437871	-183.858356180392	-45.1605118613256	0	0	0	0	0	1.5	1.5	1.5	1.5	1.5	1.5
348.549520973025	-0.0903684176319131	-5.9999478897434	-183.629254222831	-45.0911086274586	0	0	0	0	0	1.5	1.5	1.5	1.5	1.5	1.5
348.788909380287	-0.0880071186511973	-6.02129840750604	-183.398704343751	-45.0266773782202	0	0	0	0	0	1.5	1.5	1.5	1.5	1.5	1.5
349.028297787549	-0.0856458196704821	-6.04208365766661	-183.166848068456	-44.9671172072213	0	0	0	0	0	1.5	1.5	1.5	1.5	1.5	1.5
349.26768619481	-0.0832845206897668	-6.06230364022511	-182.933819243847	-44.9123228283659	0	0	0	0	0	1.5	1.5	1.5	1.5	1.5	1.5
349.507074602072	-0.0809232217090516	-6.08195835518156	-182.699744129832	-44.8621849615408	0	0	0	0	0	1.5	1.5	1.5	1.5	1.5	1.5
349.746463009334	-0.0717749741802134	-6.10028789673296	-182.464752040984	-44.8165349637827	0	0	0	0	0	1.5	1.5	1.5	1.5	1.5	1.5
349.985851416595	-0.0621582566301372	-6.11631892813451	-182.229009541243	-44.774929006951	0	0	0	0	0	1.5	1.5	1.5	1.5	1.5	1.5
350.225239823857	-0.052541539080061	-6.13004782883866	-181.992673392267	-44.7368352582441	0	0	0	0	0	1.5	1.5	1.5	1.5	1.5	1.5
350.464628231119	-0.0429248215299825	-6.14147459884541	-181.755876241815	-44.7017169567587	0	0	0	0	0	1.5	1.5	1.5	1.5	1.5	1.5
350.704016638381	-0.0333081039799063	-6.15059923815477	-181.518730266539	-44.6690336596247	0	0	0	0	0	1.5	1.5	1.5	1.5	1.5	1.5
350.943405045642	-0.0236913864298301	-6.15742174676673	-181.281330866774	-44.6382422352604	0	0	0	0	0	1.5	1.5	1.5	1.5	1.5	1.5
351.182793452904	-0.0182130940054769	-6.16227341084424	-181.043758248276	-44.6088152130769	0	0	0	0	0	1.5	1.5	1.5	1.5	1.5	1.5
351.422181860166	-0.0147842300127189	-6.16622299926455	-180.806059256442	-44.5804264078288	0	0	0	0	0	1.5	1.5	1.5	1.5	1.5	1.5
351.661570267427	-0.0113553660199609	-6.16935175739491	-180.568261223026	-44.5528790298689	0	0	0	0	0	1.5	1.5	1.5	1.5	1.5	1.5
351.900958674689	-0.00792650202720293	-6.17165968523533	-180.330389140841	-44.5259781645047	0	0	0	0	0	1.5	1.5	1.5	1.5	1.5	1.5
352.140347081951	-0.00449763803444415	-6.17314678278581	-180.092466411307	-44.4995287091608	0	0	0	0	0	1.5	1.5	1.5	1.5	1.5	1.5
352.379735489212	-0.00106877404168617	-6.17381305004634	-179.854515324497	-44.4733354343852	0	0	0	0	0	1.5	1.5	1.5	1.5	1.5	1.5
352.619123896474	0.00441664238503403	-6.17355934217895	-179.616557887947	-44.447199872919	0	0	0	0	0	1.5	1.5	1.5	1.5	1.5	1.5
352.858512303736	0.0129515272494749	-6.17148047294602	-179.378629405494	-44.4208024147366	0	0	0	0	0	1.5	1.5	1.5	1.5	1.5	1.5
353.097900710998	0.0214864121139158	-6.16735845121923	-179.14078403592	-44.3936674146571	0	0	0	0	0	1.5	1.5	1.5	1.5	1.5	1.5
353.337289118259	0.0300212969783567	-6.16119327699858	-178.903081591715	-44.3653094228092	0	0	0	0	0	1.5	1.5	1.5	1.5	1.5	1.5
353.576677525521	0.0385561818427976	-6.15298495028408	-178.665589376734	-44.3352439066571	0	0	0	0	0	1.5	1.5	1.5	1.5	1.5	1.5
353.816065932783	0.0470910667072385	-6.14273347107571	-178.428385148416	-44.3029877228946	0	0	0	0	0	1.5	1.5	1.5	1.5	1.5	1.5
354.055454340044	0.05404873181273	-6.13046487423465	-178.191560021246	-44.2680599791705	0	0	0	0	0	1.5	1.5	1.5	1.5	1.5	1.5
354.294842747306	0.0511468760566137	-6.11787356972526	-177.955195599467	-44.2301401625696	0	0	0	0	0	1.5	1.5	1.5	1.5	1.5	1.5
354.534231154568	0.0482450203004975	-6.10597693584344	-177.719313005	-44.1893291929911	0	0	0	0	0	1.5	1.5	1.5	1.5	1.5	1.5
354.773619561829	0.0453431645443812	-6.09477497258918	-177.483917312324	-44.1457966981458	0	0	0	0	0	1.5	1.5	1.5	1.5	1.5	1.5
355.013007969091	0.0424413087882649	-6.08426767996247	-177.249007859164	-44.0997116563962	0	0	0	0	0	1.5	1.5	1.5	1.5	1.5	1.5
355.252396376353	0.0395394530321486	-6.07445505796333	-177.014578606253	-44.0512423357239	0	0	0	0	0	1.5	1.5	1.5	1.5	1.5	1.5
355.491784783614	0.0366375972760323	-6.06533710659174	-176.780618495685	-44.0005562515355	0	0	0	0	0	1.5	1.5	1.5	1.5	1.5	1.5
355.731173190876	0.040550197286107	-6.05620232723437	-176.547122842273	-43.9477718619482	0	0	0	0	0	1.5	1.5	1.5	1.5	1.5	1.5
355.970561598138	0.0454603267894791	-6.04590736605127	-176.314150829675	-43.8927232958946	0	0	0	0	0	1.5	1.5	1.5	1.5	1.5	1.5
356.2099500054	0.0503704562928513	-6.03443697678691	-176.081791924213	-43.8351427422669	0	0	0	0	0	1.5	1.5	1.5	1.5	1.5	1.5
356.449338412661	0.0552805857962234	-6.02179115944129	-175.85014447983	-43.7747647061672	0	0	0	0	0	1.5	1.5	1.5	1.5	1.5	1.5
356.688726819923	0.0601907152995956	-6.00796991401441	-175.619316609461	-43.7113266148759	0	0	0	0	0	1.5	1.5	1.5	1.5	1.5	1.5
356.928115227185	0.0651008448029677	-5.99297324050626	-175.38942707042	-43.6445693288127	0	0	0	0	0	1.5	1.5	1.5	1.5	1.5	1.5
357.167503634446	0.0621307084115745	-5.9773742242857	-175.16059781763	-43.574264227366	0	0	0	0	0	1.5	1.5	1.5	1.5	1.5	1.5
357.406892041708	0.0540709703362389	-5.96346555688741	-174.932836706507	-43.5005705257196	0	0	0	0	0	1.5	1.5	1.5	1.5	1.5	1.5
357.64628044897	0.0460112322609053	-5.95148629734993	-174.706048065316	-43.4239347888959	0	0	0	0	0	1.5	1.5	1.5	1.5	1.5	1.5
357.885668856231	0.0379514941855716	-5.94143644567324	-174.480116872426	-43.3448056350659	0	0	0	0	0	1.5	1.5	1.5	1.5	1.5	1.5
358.125057263493	0.029891756110238	-5.93331600185735	-174.254913564833	-43.2636270382789	0	0	0	0	0	1.5	1.5	1.5	1.5	1.5	1.5
358.364445670755	0.0218320180349043	-5.92712496590227	-174.030296652471	-43.180838942071	0	0	0	0	0	1.5	1.5	1.5	1.5	1.5	1.5
358.603834078016	0.0253920318862167	-5.9223879737597	-173.806119864712	-43.0968658558657	0	0	0	0	0	1.5	1.5	1.5	1.5	1.5	1.5
358.843222485278	0.0513292862852386	-5.91320487667966	-173.582491275099	-43.011445380267	0	0	0	0	0	1.5	1.5	1.5	1.5	1.5	1.5
359.08261089254	0.0772665406842667	-5.89781270158029	-173.359930571885	-42.9232841164718	0	0	0	0	0	1.5	1.5	1.5	1.5	1.5	1.5
359.321999299802	0.103203795083289	-5.8762114484616	-173.139040654363	-42.831022409967	0	0	0	0	0	1.5	1.5	1.5	1.5	1.5	1.5
359.561387707063	0.129141049482311	-5.84840111732359	-172.920500106518	-42.7333334033562	0	0	0	0	0	1.5	1.5	1.5	1.5	1.5	1.5
359.800776114325	0.155078303881333	-5.81438170816626	-172.705086990567	-42.6289376692857	0	0	0	0	0	1.5	1.5	1.5	1.5	1.5	1.5
360.040164521587	0.176888969558784	-5.77419612530344	-172.493700904549	-42.5166211350165	0	0	0	0	0	1.5	1.5	1.5	1.5	1.5	1.5
360.279552928848	0.15531956018035	-5.73443268989694	-172.287083993094	-42.3957546429215	0	0	0	0	0	1.5	1.5	1.5	1.5	1.5	1.5
360.51894133611	0.133750150801915	-5.69983272104712	-172.085099641524	-42.267289035654	0	0	0	0	0	1.5	1.5	1.5	1.5	1.5	1.5
360.758329743372	0.112180741423481	-5.67039621875398	-171.887328629259	-42.1324213368872	0	0	0	0	0	1.5	1.5	1.5	1.5	1.5	1.5
360.997718150633	0.0906113320450413	-5.64612318301751	-171.693248089448	-41.9922901916646	0	0	0	0	0	1.5	1.5	1.5	1.5	1.5	1.5
361.237106557895	0.0690419226666068	-5.62701361383773	-171.502250812298	-41.8479811357085	0	0	0	0	0	1.5	1.5	1.5	1.5	1.5	1.5
361.476494965157	0.0474725132881723	-5.61306751121462	-171.313663288295	-41.7005341133999	0	0	0	0	0	1.5	1.5	1.5	1.5	1.5	1.5
361.715883372418	0.0575465337215383	-5.60118366049378	-171.126889788079	-41.5507949898127	0	0	0	0	0	1.5	1.5	1.5	1.5	1.5	1.5
361.95527177968	0.0746234663244792	-5.58536367759438	-170.942199002376	-41.398496182538	0	0	0	0	0	1.5	1.5	1.5	1.5	1.5	1.5
362.194660186942	0.0917003989274202	-5.56545567499825	-170.760259312554	-41.2429234831338	0	0	0	0	0	1.5	1.5	1.5	1.5	1.5	1.5
362.434048594204	0.108777331530361	-5.54145965270539	-170.581779652648	-41.0833958383861	0	0	0	0	0	1.5	1.5	1.5	1.5	1.5	1.5
362.673437001465	0.125854264133306	-5.51337561071578	-170.407515682624	-40.91927664238	0	0	0	0	0	1.5	1.5	1.5	1.5	1.5	1.5
362.912825408727	0.142931196736247	-5.48120354902945	-170.238276376738	-40.7499842243447	0	0	0	0	0	1.5	1.5	1.5	1.5	1.5	1.5
363.152213815989	0.142944162972968	-5.44608960664356	-170.07489146252	-40.5750378984215	0	0	0	0	0	1.5	1.5	1.5	1.5	1.5	1.5
363.39160222325	0.129612539197772	-5.41346614923298	-169.917567841425	-40.3946189289146	0	0	0	0	0	1.5	1.5	1.5	1.5	1.5	1.5
363.630990630512	0.116280915422576	-5.38403412800416	-169.765915786582	-40.2094046576068	0	0	0	0	0	1.5	1.5	1.5	1.5	1.5	1.5
363.870379037774	0.102949291647381	-5.3577935429571	-169.619476413018	-40.0200398499946	0	0	0	0	0	1.5	1.5	1.5	1.5	1.5	1.5
364.109767445035	0.0896176678721848	-5.33474439409179	-169.477746977602	-39.8271226687521	0	0	0	0	0	1.5	1.5	1.5	1.5	1.5	1.5
364.349155852297	0.0762860440969858	-5.31488668140824	-169.340187789342	-39.6312084137134	0	0	0	0	0	1.5	1.5	1.5	1.5	1.5	1.5
364.588544259559	0.0725059696638738	-5.29788241169571	-169.20623511339	-39.4328094821653	0	0	0	0	0	1.5	1.5	1.5	1.5	1.5	1.5
364.82793266682	0.0914825479172632	-5.27825393667923	-169.075837040494	-39.2320576189586	0	0	0	0	0	1.5	1.5	1.5	1.5	1.5	1.5
365.067321074082	0.110459126170657	-5.2540826888194	-168.949867366744	-39.028500110827	0	0	0	0	0	1.5	1.5	1.5	1.5	1.5	1.5
365.306709481344	0.129435704424056	-5.2253686681162	-168.829324906105	-38.8216852522002	0	0	0	0	0	1.5	1.5	1.5	1.5	1.5	1.5
365.546097888606	0.148412282677449	-5.19211187456966	-168.715248861957	-38.6112376758555	0	0	0	0	0	1.5	1.5	1.5	1.5	1.5	1.5
365.785486295867	0.167388860930843	-5.15431230817975	-168.608721485463	-38.396873726214	0	0	0	0	0	1.5	1.5	1.5	1.5	1.5	1.5
366.024874703129	0.184941488775009	-5.11197735723297	-168.510868551572	-38.178417666563	0	0	0	0	0	1.5	1.5	1.5	1.5	1.5	1.5
366.264263110391	0.171069296323034	-5.06936492982667	-168.422524771183	-37.9559462884509	0	0	0	0	0	1.5	1.5	1.5	1.5	1.5	1.5
366.503651517652	0.157197103871062	-5.03007334447668	-168.343362265187	-37.7300420299264	0	0	0	0	0	1.5	1.5	1.5	1.5	1.5	1.5
366.743039924914	0.143324911419087	-4.99410260118299	-168.272754102205	-37.5013170484298	0	0	0	0	0	1.5	1.5	1.5	1.5	1.5	1.5
366.982428332176	0.129452718967109	-4.9614526999456	-168.210032987478	-37.2703023740684	0	0	0	0	0	1.5	1.5	1.5	1.5	1.5	1.5
367.221816739437	0.115580526515133	-4.93212364076452	-168.154499389781	-37.0374532375333	0	0	0	0	0	1.5	1.5	1.5	1.5	1.5	1.5
367.461205146699	0.101708334063158	-4.90611542363975	-168.105428468271	-36.8031550875959	0	0	0	0	0	1.5	1.5	1.5	1.5	1.5	1.5
367.700593553961	0.0929074171948835	-4.88295596792781	-168.062104727697	-36.5677250416611	0	0	0	0	0	1.5	1.5	1.5	1.5	1.5	1.5
367.939981961223	0.0855558816415768	-4.86159494549624	-168.024028010005	-36.3313888535129	0	0	0	0	0	1.5	1.5	1.5	1.5	1.5	1.5
368.179370368484	0.0782043460882735	-4.84199379545172	-167.990799261749	-36.0943217220916	0	0	0	0	0	1.5	1.5	1.5	1.5	1.5	1.5
368.418758775746	0.0708528105349685	-4.82415251779422	-167.962014182539	-35.8566734349124	0	0	0	0	0	1.5	1.5	1.5	1.5	1.5	1.5
368.658147183008	0.0635012749816617	-4.80807111252375	-167.937263822657	-35.6185705286637	0	0	0	0	0	1.5	1.5	1.5	1.5	1.5	1.5
368.897535590269	0.0561497394283567	-4.79374957964032	-167.916135649866	-35.3801183739094	0	0	0	0	0	1.5	1.5	1.5	1.5	1.5	1.5
369.136923997531	0.053506878633267	-4.78089931724853	-167.89822619504	-35.1414024742609	0	0	0	0	0	1.5	1.5	1.5	1.5	1.5	1.5
369.376312404793	0.0553507579386052	-4.76786968912992	-167.883386006829	-34.9024761936211	0	0	0	0	0	1.5	1.5	1.5	1.5	1.5	1.5
369.615700812054	0.0571946372439438	-4.75439865768123	-167.871712886416	-34.6633743718696	0	0	0	0	0	1.5	1.5	1.5	1.5	1.5	1.5
369.855089219316	0.0590385165492816	-4.74048622290245	-167.863314480405	-34.4241352614398	0	0	0	0	0	1.5	1.5	1.5	1.5	1.5	1.5
370.094477626578	0.0608823958546197	-4.72613238479358	-167.858298002185	-34.1848014766415	0	0	0	0	0	1.5	1.5	1.5	1.5	1.5	1.5
370.333866033839	0.0627262751599583	-4.71133714335462	-167.856770113843	-33.9454201287614	0	0	0	0	0	1.5	1.5	1.5	1.5	1.5	1.5
370.573254441101	0.0638602539301467	-4.69612154951448	-167.858836382121	-33.7060429520717	0	0	0	0	0	1.5	1.5	1.5	1.5	1.5	1.5
370.812642848363	0.0628386566624489	-4.6809564243102	-167.864550075398	-33.4667250359973	0	0	0	0	0	1.5	1.5	1.5	1.5	1.5	1.5
371.052031255625	0.0618170593947512	-4.6660358576487	-167.873863011843	-33.227520070337	0	0	0	0	0	1.5	1.5	1.5	1.5	1.5	1.5
371.291419662886	0.0607954621270533	-4.65135984952998	-167.886714627096	-32.9884790342517	0	0	0	0	0	1.5	1.5	1.5	1.5	1.5	1.5
371.530808070148	0.0597738648593558	-4.63692839995404	-167.903043701769	-32.7496502749662	0	0	0	0	0	1.5	1.5	1.5	1.5	1.5	1.5
371.77019647741	0.0587522675916581	-4.62274150892087	-167.922788435291	-32.5110795436038	0	0	0	0	0	1.5	1.5	1.5	1.5	1.5	1.5
372.009584884671	0.0577306703239603	-4.60879917643048	-167.94588651667	-32.2728100326438	0	0	0	0	0	1.5	1.5	1.5	1.5	1.5	1.5
372.248973291933	0.0532887906176147	-4.59550375212469	-167.972243842524	-32.0348788311724	0	0	0	0	0	1.5	1.5	1.5	1.5	1.5	1.5
372.488361699195	0.0487870795826524	-4.58328586213114	-168.001634196372	-31.7973029408521	0	0	0	0	0	1.5	1.5	1.5	1.5	1.5	1.5
372.727750106456	0.0442853685476901	-4.57214562957221	-168.033797179842	-31.5600862482168	0	0	0	0	0	1.5	1.5	1.5	1.5	1.5	1.5
372.967138513718	0.0397836575127268	-4.56208305444788	-168.06847317179	-31.323223626702	0	0	0	0	0	1.5	1.5	1.5	1.5	1.5	1.5
373.20652692098	0.0352819464777655	-4.55309813675817	-168.105403408181	-31.0867017851009	0	0	0	0	0	1.5	1.5	1.5	1.5	1.5	1.5
373.445915328241	0.0307802354428033	-4.54519087650308	-168.144330017631	-30.850500112954	0	0	0	0	0	1.5	1.5	1.5	1.5	1.5	1.5
373.685303735503	0.0274832929710549	-4.5382579011109	-168.185001842291	-30.6145925395847	0	0	0	0	0	1.5	1.5	1.5	1.5	1.5	1.5
373.924692142765	0.0246622233154902	-4.53201638506606	-168.227225228811	-30.3789576332433	0	0	0	0	0	1.5	1.5	1.5	1.5	1.5	1.5
374.164080550027	0.0218411536599262	-4.52645020039284	-168.270839039109	-30.1435760343707	0	0	0	0	0	1.5	1.5	1.5	1.5	1.5	1.5
374.403468957288	0.0190200840043622	-4.52155934709124	-168.31568295801	-29.9084256182558	0	0	0	0	0	1.5	1.5	1.5	1.5	1.5	1.5
374.64285736455	0.0161990143487975	-4.51734382516126	-168.361597104097	-29.673481761517	0	0	0	0	0	1.5	1.5	1.5	1.5	1.5	1.5
374.882245771812	0.0133779446932342	-4.51380363460291	-168.408421991398	-29.4387176680693	0	0	0	0	0	1.5	1.5	1.5	1.5	1.5	1.5
375.121634179073	0.0112826852382748	-4.51089960756459	-168.455999864408	-29.2041049753985	0	0	0	0	0	1.5	1.5	1.5	1.5	1.5	1.5
375.361022586335	0.0100714807521889	-4.50834363767216	-168.504213736694	-28.9696221384039	0	0	0	0	0	1.5	1.5	1.5	1.5	1.5	1.5
375.600410993597	0.0088602762661027	-4.50607761609253	-168.552992808263	-28.7352562125963	0	0	0	0	0	1.5	1.5	1.5	1.5	1.5	1.5
375.839799400858	0.00764907178001681	-4.50410154282568	-168.602268873503	-28.5009942646169	0	0	0	0	0	1.5	1.5	1.5	1.5	1.5	1.5
376.07918780812	0.00643786729393092	-4.50241541787163	-168.651973814938	-28.2668229283168	0	0	0	0	0	1.5	1.5	1.5	1.5	1.5	1.5
376.318576215382	0.00522666280784503	-4.50101924123037	-168.702039592407	-28.0327284641749	0	0	0	0	0	1.5	1.5	1.5	1.5	1.5	1.5
376.557964622643	0.00352291766743358	-4.4999239115967	-168.752398074549	-27.7986967847082	0	0	0	0	0	1.5	1.5	1.5	1.5	1.5	1.5
376.797353029905	-0.000352584792106894	-4.49954444112795	-168.802940439007	-27.5647047374715	0	0	0	0	0	1.5	1.5	1.5	1.5	1.5	1.5
377.036741437167	-0.00422808725164736	-4.50009272102032	-168.853463052925	-27.3307084265815	0	0	0	0	0	1.5	1.5	1.5	1.5	1.5	1.5
377.276129844429	-0.00810358971118875	-4.50156875127382	-168.903748796516	-27.0966611171547	0	0	0	0	0	1.5	1.5	1.5	1.5	1.5	1.5
377.51551825169	-0.0119790921707292	-4.50397253188845	-168.953580408654	-26.8625167337061	0	0	0	0	0	1.5	1.5	1.5	1.5	1.5	1.5
377.754906658952	-0.0158545946302697	-4.5073040628642	-169.002740360423	-26.6282304652216	0	0	0	0	0	1.5	1.5	1.5	1.5	1.5	1.5
377.994295066214	-0.0197300970898102	-4.51156334420109	-169.051010734542	-26.3937593714608	0	0	0	0	0	1.5	1.5	1.5	1.5	1.5	1.5
378.233683473475	-0.0213282888456979	-4.51649985137234	-169.09819113148	-26.1590665867114	0	0	0	0	0	1.5	1.5	1.5	1.5	1.5	1.5
378.473071880737	-0.0227259844855721	-4.52177289253526	-169.144172642881	-25.9241360068642	0	0	0	0	0	1.5	1.5	1.5	1.5	1.5	1.5
378.712460287999	-0.0241236801254464	-4.52738052583125	-169.188875371763	-25.6889587856403	0	0	0	0	0	1.5	1.5	1.5	1.5	1.5	1.5
378.95184869526	-0.0255213757653206	-4.5333227512603	-169.232219223964	-25.4535273702058	0	0	0	0	0	1.5	1.5	1.5	1.5	1.5	1.5
379.191237102522	-0.0269190714051952	-4.53959956882242	-169.274123895753	-25.2178355802448	0	0	0	0	0	1.5	1.5	1.5	1.5	1.5	1.5
379.430625509784	-0.0283167670450694	-4.54621097851761	-169.314508876045	-24.9818786898052	0	0	0	0	0	1.5	1.5	1.5	1.5	1.5	1.5
379.670013917045	-0.0317262329846162	-4.5533143496714	-169.353285349599	-24.7456521991663	0	0	0	0	0	1.5	1.5	1.5	1.5	1.5	1.5
379.909402324307	-0.0362022206733202	-4.56144499183586	-169.390265374658	-24.5091379892609	0	0	0	0	0	1.5	1.5	1.5	1.5	1.5	1.5
380.148790731569	-0.0406782083620241	-4.57064713356405	-169.425194284799	-24.2723123650452	0	0	0	0	0	1.5	1.5	1.5	1.5	1.5	1.5
380.388179138831	-0.045154196050728	-4.58092077485595	-169.457815364715	-24.0351580470651	0	0	0	0	0	1.5	1.5	1.5	1.5	1.5	1.5
380.627567546092	-0.049630183739432	-4.59226591571158	-169.48787106603	-23.7976652059369	0	0	0	0	0	1.5	1.5	1.5	1.5	1.5	1.5
380.866955953354	-0.054106171428137	-4.60468255613093	-169.515103057132	-23.5598322985398	0	0	0	0	0	1.5	1.5	1.5	1.5	1.5	1.5
381.106344360616	-0.0564102532456787	-4.61806957279451	-169.539255442094	-23.3216672063804	0	0	0	0	0	1.5	1.5	1.5	1.5	1.5	1.5
381.345732767877	-0.0553027758996425	-4.63144097485325	-169.560201669928	-23.0831987362934	0	0	0	0	0	1.5	1.5	1.5	1.5	1.5	1.5
381.585121175139	-0.0541952985536062	-4.64454725967404	-169.57798911288	-22.8444737981703	0	0	0	0	0	1.5	1.5	1.5	1.5	1.5	1.5
381.824509582401	-0.05308782120757	-4.65738842725689	-169.592677997994	-22.605538119139	0	0	0	0	0	1.5	1.5	1.5	1.5	1.5	1.5
382.063897989662	-0.0519803438615337	-4.66996447760179	-169.604329241829	-22.3664349975426	0	0	0	0	0	1.5	1.5	1.5	1.5	1.5	1.5
382.303286396924	-0.0508728665154975	-4.68227541070874	-169.613004385085	-22.1272053429463	0	0	0	0	0	1.5	1.5	1.5	1.5	1.5	1.5
382.542674804186	-0.0498183822460802	-4.69432201200589	-169.618765522517	-21.8878877174759	0	0	0	0	0	1.5	1.5	1.5	1.5	1.5	1.5
382.782063211448	-0.0491388666271382	-4.70616662110327	-169.621669480965	-21.6485183239217	0	0	0	0	0	1.5	1.5	1.5	1.5	1.5	1.5
383.021451618709	-0.0484593510081963	-4.71784856203892	-169.621757535442	-21.4091312940566	0	0	0	0	0	1.5	1.5	1.5	1.5	1.5	1.5
383.260840025971	-0.0477798353892543	-4.72936783481285	-169.619068611039	-21.1697593125506	0	0	0	0	0	1.5	1.5	1.5	1.5	1.5	1.5
383.500228433233	-0.0471003197703124	-4.74072443942504	-169.613641999333	-20.9304337069408	0	0	0	0	0	1.5	1.5	1.5	1.5	1.5	1.5
383.739616840494	-0.0464208041513704	-4.75191837587551	-169.605517327556	-20.6911844627592	0	0	0	0	0	1.5	1.5	1.5	1.5	1.5	1.5
383.979005247756	-0.0457412885324285	-4.76294964416425	-169.59473452881	-20.452040239226	0	0	0	0	0	1.5	1.5	1.5	1.5	1.5	1.5
384.218393655018	-0.0509072316498355	-4.77441910339938	-169.581292710562	-20.2130308252135	0	0	0	0	0	1.5	1.5	1.5	1.5	1.5	1.5
384.457782062279	-0.0570344326315068	-4.78733909494412	-169.56493909179	-19.9742033323441	0	0	0	0	0	1.5	1.5	1.5	1.5	1.5	1.5
384.697170469541	-0.063161633613178	-4.80172586737284	-169.545326328344	-19.7356217730532	0	0	0	0	0	1.5	1.5	1.5	1.5	1.5	1.5
384.936558876803	-0.0692888345948493	-4.81757942068553	-169.522108595134	-19.4973644626372	0	0	0	0	0	1.5	1.5	1.5	1.5	1.5	1.5
385.175947284064	-0.0754160355765205	-4.8348997548822	-169.494942331466	-19.2595255027267	0	0	0	0	0	1.5	1.5	1.5	1.5	1.5	1.5
385.415335691326	-0.0815432365581918	-4.85368686996284	-169.463486918525	-19.0222162512997	0	0	0	0	0	1.5	1.5	1.5	1.5	1.5	1.5
385.654724098588	-0.0811002874073466	-4.87347225505395	-169.427427476309	-18.7855632517144	0	0	0	0	0	1.5	1.5	1.5	1.5	1.5	1.5
385.89411250585	-0.0761993036639842	-4.8923001043387	-169.386787414995	-18.5496533070804	0	0	0	0	0	1.5	1.5	1.5	1.5	1.5	1.5
386.133500913111	-0.071298319920623	-4.9099547149311	-169.341850985804	-18.3145234742333	0	0	0	0	0	1.5	1.5	1.5	1.5	1.5	1.5
386.372889320373	-0.0663973361772619	-4.92643608683116	-169.292908021074	-18.0801944354381	0	0	0	0	0	1.5	1.5	1.5	1.5	1.5	1.5
386.612277727635	-0.0614963524339007	-4.94174422003888	-169.240246711686	-17.8466725374872	0	0	0	0	0	1.5	1.5	1.5	1.5	1.5	1.5
386.851666134896	-0.0565953686905395	-4.95587911455427	-169.184153356245	-17.6139508350876	0	0	0	0	0	1.5	1.5	1.5	1.5	1.5	1.5
387.091054542158	-0.0536012003177781	-4.96891620166007	-169.124910264429	-17.3820106314481	0	0	0	0	0	1.5	1.5	1.5	1.5	1.5	1.5
387.33044294942	-0.0544697263626855	-4.98185166516473	-169.062680016502	-17.150853960124	0	0	0	0	0	1.5	1.5	1.5	1.5	1.5	1.5
387.569831356681	-0.0553382524075929	-4.99499504373595	-168.997441009886	-16.9205284153473	0	0	0	0	0	1.5	1.5	1.5	1.5	1.5	1.5
387.809219763943	-0.0562067784525006	-5.00834633737373	-168.929156632656	-16.6910873508433	0	0	0	0	0	1.5	1.5	1.5	1.5	1.5	1.5
388.048608171205	-0.057075304497408	-5.02190554607806	-168.857791359201	-16.4625858644593	0	0	0	0	0	1.5	1.5	1.5	1.5	1.5	1.5
388.287996578466	-0.0579438305423154	-5.03567266984895	-168.783310807929	-16.2350808054281	0	0	0	0	0	1.5	1.5	1.5	1.5	1.5	1.5
388.527384985728	-0.0584233285377655	-5.04964464657889	-168.705681815676	-16.0086307745798	0	0	0	0	0	1.5	1.5	1.5	1.5	1.5	1.5
388.76677339299	-0.0533760404984453	-5.06302638302211	-168.624936735012	-15.7832728676764	0	0	0	0	0	1.5	1.5	1.5	1.5	1.5	1.5
389.006161800252	-0.0483287524591251	-5.07519985722061	-168.541318682167	-15.5589647694074	0	0	0	0	0	1.5	1.5	1.5	1.5	1.5	1.5
389.245550207513	-0.0432814644198049	-5.08616506917438	-168.455111085521	-15.3356388069594	0	0	0	0	0	1.5	1.5	1.5	1.5	1.5	1.5
389.484938614775	-0.0382341763804834	-5.09592201888343	-168.366594166828	-15.1132177875012	0	0	0	0	0	1.5	1.5	1.5	1.5	1.5	1.5
389.724327022037	-0.0331868883411632	-5.10447070634776	-168.276045121564	-14.8916160482955	0	0	0	0	0	1.5	1.5	1.5	1.5	1.5	1.5
389.963715429298	-0.028139600301843	-5.11181113156736	-168.183738351016	-14.6707404900955	0	0	0	0	0	1.5	1.5	1.5	1.5	1.5	1.5
390.20310383656	-0.0297108658493273	-5.11857693504735	-168.089908563125	-14.4505075147472	0	0	0	0	0	1.5	1.5	1.5	1.5	1.5	1.5
390.442492243822	-0.0329383561117589	-5.12607568377808	-167.994514230273	-14.2309478139639	0	0	0	0	0	1.5	1.5	1.5	1.5	1.5	1.5
390.681880651083	-0.0361658463741896	-5.13434705626218	-167.897391688641	-14.0121472319993	0	0	0	0	0	1.5	1.5	1.5	1.5	1.5	1.5
390.921269058345	-0.0393933366366204	-5.14339105249965	-167.798378559404	-13.794195817433	0	0	0	0	0	1.5	1.5	1.5	1.5	1.5	1.5
391.160657465607	-0.0426208268990519	-5.15320767249051	-167.697314575626	-13.5771879363188	0	0	0	0	0	1.5	1.5	1.5	1.5	1.5	1.5
391.400045872868	-0.0458483171614827	-5.16379691623474	-167.594041841808	-13.3612226232678	0	0	0	0	0	1.5	1.5	1.5	1.5	1.5	1.5
391.63943428013	-0.0458682275444905	-5.17495342800469	-167.488412960422	-13.1464000225069	0	0	0	0	0	1.5	1.5	1.5	1.5	1.5	1.5
391.878822687392	-0.0430988943968169	-5.18560227681478	-167.380436762173	-12.9327474808175	0	0	0	0	0	1.5	1.5	1.5	1.5	1.5	1.5
392.118211094654	-0.040329561249142	-5.19558817937347	-167.270261953584	-12.720220200594	0	0	0	0	0	1.5	1.5	1.5	1.5	1.5	1.5
392.357599501915	-0.0375602281014677	-5.20491113568077	-167.158040421936	-12.5087663705235	0	0	0	0	0	1.5	1.5	1.5	1.5	1.5	1.5
392.596987909177	-0.0347908949537934	-5.21357114573666	-167.043922112008	-12.2983300079598	0	0	0	0	0	1.5	1.5	1.5	1.5	1.5	1.5
392.836376316439	-0.0320215618061185	-5.22156820954116	-166.928055099873	-12.0888512749488	0	0	0	0	0	1.5	1.5	1.5	1.5	1.5	1.5
393.0757647237	-0.0275231215672681	-5.22884666641753	-166.810586718682	-11.880266199189	0	0	0	0	0	1.5	1.5	1.5	1.5	1.5	1.5
393.315153130962	-0.0183244183963008	-5.2343343512019	-166.691767302546	-11.6724475001274	0	0	0	0	0	1.5	1.5	1.5	1.5	1.5	1.5
393.554541538224	-0.0091257152253313	-5.2376199730853	-166.572037307579	-11.4651518516036	0	0	0	0	0	1.5	1.5	1.5	1.5	1.5	1.5
393.793929945485	7.29879456403959e-05	-5.23870353206773	-166.451854694411	-11.2581181755256	0	0	0	0	0	1.5	1.5	1.5	1.5	1.5	1.5
394.033318352747	0.0092716911166099	-5.23758502814919	-166.331675699035	-11.0510824002562	0	0	0	0	0	1.5	1.5	1.5	1.5	1.5	1.5
394.272706760009	0.0184703942875794	-5.23426446132967	-166.211956571284	-10.8437804780757	0	0	0	0	0	1.5	1.5	1.5	1.5	1.5	1.5
394.51209516727	0.0276060002469509	-5.2287418549578	-166.093155313028	-10.6359514027998	0	0	0	0	0	1.5	1.5	1.5	1.5	1.5	1.5
394.751483574532	0.0163951977410051	-5.22347516660582	-165.975561813915	-10.4274365461111	0	0	0	0	0	1.5	1.5	1.5	1.5	1.5	1.5
394.990871981794	0.00518439523506468	-5.22089221440988	-165.858787499238	-10.2184615798381	0	0	0	0	0	1.5	1.5	1.5	1.5	1.5	1.5
395.230260389056	-0.00602640727087844	-5.22099299836995	-165.742272597594	-10.0093417897551	0	0	0	0	0	1.5	1.5	1.5	1.5	1.5	1.5
395.469648796317	-0.0172372097768242	-5.22377751848605	-165.625456167907	-9.80039037510179	0	0	0	0	0	1.5	1.5	1.5	1.5	1.5	1.5
395.709037203579	-0.0284480122827674	-5.22924577475817	-165.507778629151	-9.5919229603041	0	0	0	0	0	1.5	1.5	1.5	1.5	1.5	1.5
395.948425610841	-0.0396588147887105	-5.23739776718631	-165.388684322568	-9.3842620883565	0	0	0	0	0	1.5	1.5	1.5	1.5	1.5	1.5
396.187814018102	-0.0322227206141488	-5.2465871473034	-165.267707620509	-9.17769240708554	0	0	0	0	0	1.5	1.5	1.5	1.5	1.5	1.5
396.427202425364	-0.0181542556586558	-5.2526169793597	-165.145144597074	-8.97205938376243	0	0	0	0	0	1.5	1.5	1.5	1.5	1.5	1.5
396.666590832626	-0.00408579070316952	-5.25527898399769	-165.021688918996	-8.76696069937396	0	0	0	0	0	1.5	1.5	1.5	1.5	1.5	1.5
396.905979239887	0.00998267425232014	-5.25457316121737	-164.898032660902	-8.56198280767912	0	0	0	0	0	1.5	1.5	1.5	1.5	1.5	1.5
397.145367647149	0.0240511392078098	-5.25049951101874	-164.77486668117	-8.35671013337381	0	0	0	0	0	1.5	1.5	1.5	1.5	1.5	1.5
397.384756054411	0.0381196041633028	-5.2430580334018	-164.652884803962	-8.15073206218207	0	0	0	0	0	1.5	1.5	1.5	1.5	1.5	1.5
397.624144461672	0.0415445865190564	-5.23285033855089	-164.532768260578	-7.94366127400722	0	0	0	0	0	1.5	1.5	1.5	1.5	1.5	1.5
397.863532868934	0.0330745286501811	-5.22391886298507	-164.41468933792	-7.7354215172942	0	0	0	0	0	1.5	1.5	1.5	1.5	1.5	1.5
398.102921276196	0.0246044707813038	-5.21701502108189	-164.298262714708	-7.52625310908214	0	0	0	0	0	1.5	1.5	1.5	1.5	1.5	1.5
398.342309683458	0.0161344129124305	-5.21213881284136	-164.183069996437	-7.31640236852863	0	0	0	0	0	1.5	1.5	1.5	1.5	1.5	1.5
398.581698090719	0.00766435504355516	-5.20929023826348	-164.068688586416	-7.10610813775916	0	0	0	0	0	1.5	1.5	1.5	1.5	1.5	1.5
398.821086497981	-0.000805702825320151	-5.20846929734823	-163.954693172326	-6.89560433363216	0	0	0	0	0	1.5	1.5	1.5	1.5	1.5	1.5
399.060474905243	-0.00678416069458236	-5.20961454178764	-163.840658050953	-6.68512204540753	0	0	0	0	0	1.5	1.5	1.5	1.5	1.5	1.5
399.299863312504	-0.00316161445839225	-5.21080499342407	-163.726332029922	-6.47479762072319	0	0	0	0	0	1.5	1.5	1.5	1.5	1.5	1.5
399.539251719766	0.00046093177779786	-5.21112824948678	-163.611846850539	-6.2645597728604	0	0	0	0	0	1.5	1.5	1.5	1.5	1.5	1.5
399.778640127028	0.00408347801398883	-5.21058430997578	-163.497384870771	-6.05430929546192	0	0	0	0	0	1.5	1.5	1.5	1.5	1.5	1.5
400.018028534289	0.00770602425017808	-5.20917317489107	-163.383128481415	-5.84394704254328	0	0	0	0	0	1.5	1.5	1.5	1.5	1.5	1.5
400.257416941551	0.0113285704863682	-5.20689484423264	-163.26926036359	-5.63337440323463	0	0	0	0	0	1.5	1.5	1.5	1.5	1.5	1.5
400.496805348813	0.0149511167225583	-5.2037493180005	-163.155963743922	-5.42249377777965	0	0	0	0	0	1.5	1.5	1.5	1.5	1.5	1.5
400.736193756074	0.0145720963816915	-5.20018690592667	-163.043392813291	-5.21122491011108	0	0	0	0	0	1.5	1.5	1.5	1.5	1.5	1.5
400.975582163336	0.0139384440570263	-5.19677435949377	-162.93155954188	-4.99956463202117	0	0	0	0	0	1.5	1.5	1.5	1.5	1.5	1.5
401.214970570598	0.0133047917323611	-5.19351350208164	-162.820433134279	-4.787532369656	0	0	0	0	0	1.5	1.5	1.5	1.5	1.5	1.5
401.45435897786	0.0126711394076958	-5.19040433369026	-162.70998261023	-4.57514723575579	0	0	0	0	0	1.5	1.5	1.5	1.5	1.5	1.5
401.693747385121	0.0120374870830306	-5.18744685431964	-162.600176822012	-4.36242803908348	0	0	0	0	0	1.5	1.5	1.5	1.5	1.5	1.5
401.933135792383	0.0114038347583654	-5.18464106396978	-162.490984463925	-4.1493932980922	0	0	0	0	0	1.5	1.5	1.5	1.5	1.5	1.5
402.172524199645	0.00890387174817598	-5.18213757502331	-162.38236685747	-3.93606492504369	0	0	0	0	0	1.5	1.5	1.5	1.5	1.5	1.5
402.411912606906	0.00550212866226562	-5.18041326027667	-162.274203372682	-3.72250590313642	0	0	0	0	0	1.5	1.5	1.5	1.5	1.5	1.5
402.651301014168	0.00210038557635608	-5.17950328338929	-162.166321260366	-3.50880458033663	0	0	0	0	0	1.5	1.5	1.5	1.5	1.5	1.5
402.89068942143	-0.00130135750955347	-5.17940764436116	-162.058546608731	-3.29504903327457	0	0	0	0	0	1.5	1.5	1.5	1.5	1.5	1.5
403.130077828691	-0.00470310059546302	-5.18012634319227	-161.950705373363	-3.08132707612936	0	0	0	0	0	1.5	1.5	1.5	1.5	1.5	1.5
403.369466235953	-0.00810484368137256	-5.18165937988263	-161.84262359199	-2.86772668570282	0	0	0	0	0	1.5	1.5	1.5	1.5	1.5	1.5
403.608854643215	-0.00904380420357573	-5.18388640230744	-161.734131093379	-2.65433464584991	0	0	0	0	0	1.5	1.5	1.5	1.5	1.5	1.5
403.848243050476	-0.00641340610559487	-5.18573654078575	-161.625187480459	-2.44117254237735	0	0	0	0	0	1.5	1.5	1.5	1.5	1.5	1.5
404.087631457738	-0.00378300800761339	-5.18695699245292	-161.515916720535	-2.22817793349695	0	0	0	0	0	1.5	1.5	1.5	1.5	1.5	1.5
404.327019865	-0.00115260990963253	-5.18754775730895	-161.406453110566	-2.01528235833018	0	0	0	0	0	1.5	1.5	1.5	1.5	1.5	1.5
404.566408272262	0.00147778818834832	-5.18750883535384	-161.296930760723	-1.80241699154316	0	0	0	0	0	1.5	1.5	1.5	1.5	1.5	1.5
404.805796679523	0.00410818628632918	-5.18684022658759	-161.187483724156	-1.58951289681568	0	0	0	0	0	1.5	1.5	1.5	1.5	1.5	1.5
405.045185086785	0.00605610691201084	-5.1855535562284	-161.078246009608	-1.37650134029611	0	0	0	0	0	1.5	1.5	1.5	1.5	1.5	1.5
405.284573494047	0.0038908421122271	-5.18436296408638	-160.969291490919	-1.16334478844311	0	0	0	0	0	1.5	1.5	1.5	1.5	1.5	1.5
405.523961901308	0.00172557731244337	-5.18369071123609	-160.860535553895	-0.950086837796897	0	0	0	0	0	1.5	1.5	1.5	1.5	1.5	1.5
405.76335030857	-0.000439687487340361	-5.18353679767752	-160.751867717487	-0.736783976289959	0	0	0	0	0	1.5	1.5	1.5	1.5	1.5	1.5
406.002738715832	-0.00260495228712461	-5.18390122341067	-160.64317743075	-0.523492554885531	0	0	0	0	0	1.5	1.5	1.5	1.5	1.5	1.5
406.242127123093	-0.00477021708690834	-5.18478398843553	-160.534354160541	-0.310268959452134	0	0	0	0	0	1.5	1.5	1.5	1.5	1.5	1.5
406.481515530355	-0.00693548188669207	-5.18618509275212	-160.425287479303	-0.0971697825915003	0	0	0	0	0	1.5	1.5	1.5	1.5	1.5	1.5
406.720903937617	-0.00897335793412898	-5.18809117376106	-160.315867984279	0.115748432381523	0	0	0	0	0	1.5	1.5	1.5	1.5	1.5	1.5
406.960292344878	-0.0109932629261247	-5.19048106254413	-160.205991380482	0.328431093110382	0	0	0	0	0	1.5	1.5	1.5	1.5	1.5	1.5
407.19968075214	-0.0130131679181204	-5.19335449316605	-160.095555461137	0.540823837339363	0	0	0	0	0	1.5	1.5	1.5	1.5	1.5	1.5
407.439069159402	-0.0150330729101161	-5.19671146562682	-159.984458446465	0.752871494781211	0	0	0	0	0	1.5	1.5	1.5	1.5	1.5	1.5
407.678457566664	-0.0170529779021122	-5.20055197992645	-159.872599063964	0.964517939640747	0	0	0	0	0	1.5	1.5	1.5	1.5	1.5	1.5
407.917845973925	-0.0190728828941079	-5.20487603606493	-159.759876633321	1.17570594557828	0	0	0	0	0	1.5	1.5	1.5	1.5	1.5	1.5
408.157234381187	-0.0169874561029508	-5.20938361860073	-159.646204006138	1.38638400405027	0	0	0	0	0	1.5	1.5	1.5	1.5	1.5	1.5
408.396622788449	-0.0122833869542186	-5.21288716885007	-159.53167886867	1.59659994944674	0	0	0	0	0	1.5	1.5	1.5	1.5	1.5	1.5
408.63601119571	-0.00757931780548634	-5.21526461947823	-159.416536055366	1.80647828320691	0	0	0	0	0	1.5	1.5	1.5	1.5	1.5	1.5
408.875399602972	-0.00287524865675411	-5.21651597048524	-159.30101260871	2.01614739210251	0	0	0	0	0	1.5	1.5	1.5	1.5	1.5	1.5
409.114788010234	0.00182882049197812	-5.21664122187108	-159.185344866461	2.22573694994953	0	0	0	0	0	1.5	1.5	1.5	1.5	1.5	1.5
409.354176417495	0.00653288964071146	-5.21564037363575	-159.06976889802	2.4353771182516	0	0	0	0	0	1.5	1.5	1.5	1.5	1.5	1.5
409.593564824757	0.00978665295719573	-5.21357324191581	-158.954519501267	2.64519695786836	0	0	0	0	0	1.5	1.5	1.5	1.5	1.5	1.5
409.832953232019	0.0102817703532912	-5.21117116796953	-158.839752061998	2.85528079079912	0	0	0	0	0	1.5	1.5	1.5	1.5	1.5	1.5
410.072341639281	0.0107768877493866	-5.2086505686584	-158.725502059657	3.06564646327022	0	0	0	0	0	1.5	1.5	1.5	1.5	1.5	1.5
410.311730046542	0.011272005145482	-5.2060114439824	-158.611795154221	3.27630617922147	0	0	0	0	0	1.5	1.5	1.5	1.5	1.5	1.5
410.551118453804	0.0117671225415775	-5.20325379394155	-158.498657106592	3.4872719475166	0	0	0	0	0	1.5	1.5	1.5	1.5	1.5	1.5
410.790506861066	0.0122622399376729	-5.20037761853584	-158.38611378234	3.6985555725117	0	0	0	0	0	1.5	1.5	1.5	1.5	1.5	1.5
411.029895268327	0.0123187363719413	-5.19738704687266	-158.274191132398	3.91016863248165	0	0	0	0	0	1.5	1.5	1.5	1.5	1.5	1.5
411.269283675589	0.00723691717414064	-5.19504634849498	-158.162856108674	4.12209148575882	0	0	0	0	0	1.5	1.5	1.5	1.5	1.5	1.5
411.508672082851	0.00215509797633996	-5.19392217872106	-158.051888374725	4.33420693875651	0	0	0	0	0	1.5	1.5	1.5	1.5	1.5	1.5
411.748060490112	-0.00292672122146072	-5.19401453755089	-157.941030081262	4.5463796234813	0	0	0	0	0	1.5	1.5	1.5	1.5	1.5	1.5
411.987448897374	-0.0080085404192614	-5.19532342498447	-157.830023169814	4.75847457118859	0	0	0	0	0	1.5	1.5	1.5	1.5	1.5	1.5
412.226837304636	-0.0130903596170621	-5.1978488410218	-157.718609866076	4.97035627097948	0	0	0	0	0	1.5	1.5	1.5	1.5	1.5	1.5
412.466225711897	-0.0181721788148628	-5.20159078566289	-157.606533176551	5.18188773013026	0	0	0	0	0	1.5	1.5	1.5	1.5	1.5	1.5
412.705614119159	-0.0167600765517863	-5.20591747220362	-157.493573494072	5.39294892817247	0	0	0	0	0	1.5	1.5	1.5	1.5	1.5	1.5
412.945002526421	-0.0138524490955341	-5.2095816140821	-157.379768324373	5.60355550149361	0	0	0	0	0	1.5	1.5	1.5	1.5	1.5	1.5
413.184390933683	-0.0109448216392826	-5.21254970365493	-157.265265363896	5.81378356685165	0	0	0	0	0	1.5	1.5	1.5	1.5	1.5	1.5
413.423779340944	-0.00803719418303114	-5.21482174092209	-157.150211968717	6.02371093785956	0	0	0	0	0	1.5	1.5	1.5	1.5	1.5	1.5
413.663167748206	-0.00512956672677965	-5.21639772588358	-157.034754871261	6.23341657984022	0	0	0	0	0	1.5	1.5	1.5	1.5	1.5	1.5
413.902556155468	-0.00222193927052816	-5.21727765853942	-156.919040342786	6.4429803021177	0	0	0	0	0	1.5	1.5	1.5	1.5	1.5	1.5
414.141944562729	1.45058124653831e-05	-5.21750546661447	-156.803212681481	6.65248152444685	0	0	0	0	0	1.5	1.5	1.5	1.5	1.5	1.5
414.381332969991	0.00169465024699705	-5.21730089054105	-156.687384792565	6.86198262102543	0	0	0	0	0	1.5	1.5	1.5	1.5	1.5	1.5
414.620721377253	0.00337479468152912	-5.21669410736748	-156.571641905076	7.07153068652841	0	0	0	0	0	1.5	1.5	1.5	1.5	1.5	1.5
414.860109784514	0.00505493911606079	-5.21568511709375	-156.456068349571	7.28117218510257	0	0	0	0	0	1.5	1.5	1.5	1.5	1.5	1.5
415.099498191776	0.00673508355059246	-5.21427391971988	-156.340748569182	7.49095337648789	0	0	0	0	0	1.5	1.5	1.5	1.5	1.5	1.5
415.338886599038	0.00841522798512373	-5.21246051524585	-156.225767175157	7.70092021396986	0	0	0	0	0	1.5	1.5	1.5	1.5	1.5	1.5
415.578275006299	0.00715259603311565	-5.21034382495879	-156.11120705426	7.91111718298222	0	0	0	0	0	1.5	1.5	1.5	1.5	1.5	1.5
415.817663413561	-0.00164572981405914	-5.2096846849922	-155.996974276267	8.1214922754609	0	0	0	0	0	1.5	1.5	1.5	1.5	1.5	1.5
416.057051820823	-0.0104440556612339	-5.21113176223674	-155.882658633858	8.33182233293889	0	0	0	0	0	1.5	1.5	1.5	1.5	1.5	1.5
416.296440228085	-0.0192423815084108	-5.21468505669239	-155.767817535455	8.54186583081485	0	0	0	0	0	1.5	1.5	1.5	1.5	1.5	1.5
416.535828635346	-0.0280407073555856	-5.22034456835918	-155.652010207507	8.75137792834154	0	0	0	0	0	1.5	1.5	1.5	1.5	1.5	1.5
416.775217042608	-0.0368390332027604	-5.22811029723708	-155.534799262168	8.96010769496225	0	0	0	0	0	1.5	1.5	1.5	1.5	1.5	1.5
417.01460544987	-0.0454064972592465	-5.23798180950599	-155.415752329389	9.16779537291318	0	0	0	0	0	1.5	1.5	1.5	1.5	1.5	1.5
417.253993857131	-0.039499737672511	-5.24814459367945	-155.29457047175	9.37424457616141	0	0	0	0	0	1.5	1.5	1.5	1.5	1.5	1.5
417.493382264393	-0.033592978085777	-5.25689336808335	-155.171441785421	9.57953892690929	0	0	0	0	0	1.5	1.5	1.5	1.5	1.5	1.5
417.732770671655	-0.0276862184990429	-5.26422813271771	-155.046666050154	9.78383667124722	0	0	0	0	0	1.5	1.5	1.5	1.5	1.5	1.5
417.972159078916	-0.0217794589123075	-5.27014888758252	-154.920538930453	9.98730310985352	0	0	0	0	0	1.5	1.5	1.5	1.5	1.5	1.5
418.211547486178	-0.0158726993255734	-5.27465563267779	-154.79335262855	10.1901093153434	0	0	0	0	0	1.5	1.5	1.5	1.5	1.5	1.5
418.45093589344	-0.00996593973883934	-5.27774836800351	-154.66539657848	10.3924308736218	0	0	0	0	0	1.5	1.5	1.5	1.5	1.5	1.5
418.690324300701	-0.0146575585920859	-5.28037801866307	-154.536910195858	10.5944160890536	0	0	0	0	0	1.5	1.5	1.5	1.5	1.5	1.5
418.929712707963	-0.0228893744310017	-5.28487216891005	-154.407714158482	10.7959479641862	0	0	0	0	0	1.5	1.5	1.5	1.5	1.5	1.5
419.169101115225	-0.0311211902699156	-5.29133692043958	-154.277415899386	10.9967687133975	0	0	0	0	0	1.5	1.5	1.5	1.5	1.5	1.5
419.408489522487	-0.0393530061088295	-5.29977227325165	-154.145625306297	11.1966129251976	0	0	0	0	0	1.5	1.5	1.5	1.5	1.5	1.5
419.647877929748	-0.0475848219477434	-5.31017822734628	-154.011958132879	11.3952064267464	0	0	0	0	0	1.5	1.5	1.5	1.5	1.5	1.5
419.88726633701	-0.0558166377866573	-5.32255478272346	-153.87603770578	11.59226407112	0	0	0	0	0	1.5	1.5	1.5	1.5	1.5	1.5
420.126654744272	-0.0592949410006768	-5.33662579272693	-153.737505426701	11.7874938376264	0	0	0	0	0	1.5	1.5	1.5	1.5	1.5	1.5
420.366043151533	-0.0577326996854342	-5.35063332298165	-153.596226274327	11.9807451600346	0	0	0	0	0	1.5	1.5	1.5	1.5	1.5	1.5
420.605431558795	-0.0561704583701916	-5.36426687077616	-153.452289799999	12.1720256170386	0	0	0	0	0	1.5	1.5	1.5	1.5	1.5	1.5
420.844819966057	-0.054608217054949	-5.37752643611045	-153.305794290677	12.3613534693266	0	0	0	0	0	1.5	1.5	1.5	1.5	1.5	1.5
421.084208373318	-0.0530459757397064	-5.39041201898453	-153.156836306074	12.5487502020104	0	0	0	0	0	1.5	1.5	1.5	1.5	1.5	1.5
421.32359678058	-0.0514837344244637	-5.40292361939839	-153.005510660845	12.7342403932667	0	0	0	0	0	1.5	1.5	1.5	1.5	1.5	1.5
421.562985187842	-0.0498226714435989	-5.41505863310297	-152.851910448048	12.9178516149421	0	0	0	0	0	1.5	1.5	1.5	1.5	1.5	1.5
421.802373595103	-0.0478115866271697	-5.42674488786984	-152.696132760601	13.0996192397187	0	0	0	0	0	1.5	1.5	1.5	1.5	1.5	1.5
422.041762002365	-0.0458005018107401	-5.43794971224564	-152.538284820909	13.2795921206958	0	0	0	0	0	1.5	1.5	1.5	1.5	1.5	1.5
422.281150409627	-0.0437894169943109	-5.44867310623036	-152.378473095629	13.4578236353888	0	0	0	0	0	1.5	1.5	1.5	1.5	1.5	1.5
422.520538816889	-0.0417783321778817	-5.45891506982401	-152.216801773356	13.6343702074952	0	0	0	0	0	1.5	1.5	1.5	1.5	1.5	1.5
422.75992722415	-0.0397672473614525	-5.46867560302659	-152.053372814341	13.8092911322316	0	0	0	0	0	1.5	1.5	1.5	1.5	1.5	1.5
422.999315631412	-0.0377561625450233	-5.47795470583809	-151.888286007535	13.982648406518	0	0	0	0	0	1.5	1.5	1.5	1.5	1.5	1.5
423.238704038674	-0.0467361290317582	-5.48800862634634	-151.721570491965	14.1544397436541	0	0	0	0	0	1.5	1.5	1.5	1.5	1.5	1.5
423.478092445935	-0.0562350668035492	-5.50033368162877	-151.552943784384	14.3243547729238	0	0	0	0	0	1.5	1.5	1.5	1.5	1.5	1.5
423.717480853197	-0.0657340045753425	-5.51493267249506	-151.382045461387	14.4919839902589	0	0	0	0	0	1.5	1.5	1.5	1.5	1.5	1.5
423.956869260459	-0.0752329423471336	-5.53180559894522	-151.208531116774	14.6569028241226	0	0	0	0	0	1.5	1.5	1.5	1.5	1.5	1.5
424.19625766772	-0.0847318801189246	-5.55095246097924	-151.032075503692	14.8186695543819	0	0	0	0	0	1.5	1.5	1.5	1.5	1.5	1.5
424.435646074982	-0.0942308178907157	-5.57237325859713	-150.852375856192	14.9768234495913	0	0	0	0	0	1.5	1.5	1.5	1.5	1.5	1.5
424.675034482244	-0.0851387326390983	-5.59452629541303	-150.669209787521	15.1309488061897	0	0	0	0	0	1.5	1.5	1.5	1.5	1.5	1.5
424.914422889505	-0.0678039529496787	-5.61283264836574	-150.482944123253	15.2813160569235	0	0	0	0	0	1.5	1.5	1.5	1.5	1.5	1.5
425.153811296767	-0.0504691732602592	-5.62698925601837	-150.294261360441	15.4286410925264	0	0	0	0	0	1.5	1.5	1.5	1.5	1.5	1.5
425.393199704029	-0.0331343935708355	-5.63699611837092	-150.10381167396	15.5736764222538	0	0	0	0	0	1.5	1.5	1.5	1.5	1.5	1.5
425.632588111291	-0.015799613881416	-5.64285323542338	-149.912217046494	15.7171969540852	0	0	0	0	0	1.5	1.5	1.5	1.5	1.5	1.5
425.871976518552	0.00153516580800354	-5.64456060717577	-149.72008070973	15.8599919901838	0	0	0	0	0	1.5	1.5	1.5	1.5	1.5	1.5
426.111364925814	0.0128110252009418	-5.64242699612058	-149.52799061879	16.0028491983499	0	0	0	0	0	1.5	1.5	1.5	1.5	1.5	1.5
426.350753333076	0.0159146855565492	-5.63898869504773	-149.33632417773	16.1462741906009	0	0	0	0	0	1.5	1.5	1.5	1.5	1.5	1.5
426.590141740337	0.0190183459121566	-5.63480741366568	-149.145205590676	16.2904283153362	0	0	0	0	0	1.5	1.5	1.5	1.5	1.5	1.5
426.829530147599	0.022122006267764	-5.62988315197441	-148.954745336561	16.4354510214565	0	0	0	0	0	1.5	1.5	1.5	1.5	1.5	1.5
427.068918554861	0.0252256666233721	-5.62421590997393	-148.765055816038	16.5814802716468	0	0	0	0	0	1.5	1.5	1.5	1.5	1.5	1.5
427.308306962122	0.0283293269789795	-5.61780568766424	-148.576251650899	16.7286522814904	0	0	0	0	0	1.5	1.5	1.5	1.5	1.5	1.5
427.547695369384	0.0309286155174797	-5.6106621568481	-148.38844989991	16.8771011536749	0	0	0	0	0	1.5	1.5	1.5	1.5	1.5	1.5
427.787083776646	0.0308840396525103	-5.60326354031322	-148.201741276479	17.0269225074795	0	0	0	0	0	1.5	1.5	1.5	1.5	1.5	1.5
428.026472183908	0.030839463787541	-5.59587559472366	-148.016145415894	17.1781201443882	0	0	0	0	0	1.5	1.5	1.5	1.5	1.5	1.5
428.265860591169	0.0307948879225717	-5.58849832007941	-147.831670834899	17.3306838313915	0	0	0	0	0	1.5	1.5	1.5	1.5	1.5	1.5
428.505248998431	0.0307503120576024	-5.58113171638049	-147.648325945393	17.4846032969207	0	0	0	0	0	1.5	1.5	1.5	1.5	1.5	1.5
428.744637405693	0.0307057361926331	-5.57377578362688	-147.466119054481	17.6398682318907	0	0	0	0	0	1.5	1.5	1.5	1.5	1.5	1.5
428.984025812954	0.0306611603276637	-5.56643052181858	-147.285058364531	17.7964682907377	0	0	0	0	0	1.5	1.5	1.5	1.5	1.5	1.5
429.223414220216	0.0414239107602534	-5.55793840023522	-147.105206646478	17.9544550782873	0	0	0	0	0	1.5	1.5	1.5	1.5	1.5	1.5
429.462802627478	0.0534568369964527	-5.54658172469258	-146.926930919855	18.1142172710807	0	0	0	0	0	1.5	1.5	1.5	1.5	1.5	1.5
429.702191034739	0.0654897632326519	-5.53234450610356	-146.750714744202	18.2762472075609	0	0	0	0	0	1.5	1.5	1.5	1.5	1.5	1.5
429.941579442001	0.0775226894688511	-5.51522674446816	-146.577060995764	18.4410191263214	0	0	0	0	0	1.5	1.5	1.5	1.5	1.5	1.5
430.180967849263	0.0895556157050504	-5.49522843978638	-146.406495576674	18.6089844108406	0	0	0	0	0	1.5	1.5	1.5	1.5	1.5	1.5
430.420356256524	0.10158854194125	-5.47234959205822	-146.239570872761	18.7805666139014	0	0	0	0	0	1.5	1.5	1.5	1.5	1.5	1.5
430.659744663786	0.0977871964548414	-5.44779142325624	-146.076823882721	18.9561152068756	0	0	0	0	0	1.5	1.5	1.5	1.5	1.5	1.5
430.899133071048	0.0848370392433031	-5.42593236080066	-145.91822088862	19.135418350211	0	0	0	0	0	1.5	1.5	1.5	1.5	1.5	1.5
431.13852147831	0.0718868820317649	-5.40717341585374	-145.763291006655	19.3179063222741	0	0	0	0	0	1.5	1.5	1.5	1.5	1.5	1.5
431.377909885571	0.0589367248202265	-5.39151458841548	-145.611523649966	19.50303413557	0	0	0	0	0	1.5	1.5	1.5	1.5	1.5	1.5
431.617298292833	0.0459865676086882	-5.37895587848587	-145.462382693396	19.6902853855943	0	0	0	0	0	1.5	1.5	1.5	1.5	1.5	1.5
431.856686700095	0.0330364103971499	-5.36949728606493	-145.315311697692	19.8791676339506	0	0	0	0	0	1.5	1.5	1.5	1.5	1.5	1.5
432.096075107356	0.0257268776415889	-5.36289101086963	-145.169744542373	20.069211866256	0	0	0	0	0	1.5	1.5	1.5	1.5	1.5	1.5
432.335463514618	0.0281450156144384	-5.35644285750826	-145.025380255985	20.2601714529719	0	0	0	0	0	1.5	1.5	1.5	1.5	1.5	1.5
432.57485192188	0.0305631535872874	-5.34941582994903	-144.882305890557	20.4520993030857	0	0	0	0	0	1.5	1.5	1.5	1.5	1.5	1.5
432.814240329141	0.0329812915601364	-5.34180992819195	-144.740639625348	20.6450687373013	0	0	0	0	0	1.5	1.5	1.5	1.5	1.5	1.5
433.053628736403	0.0353994295329854	-5.333625152237	-144.600501372213	20.8391505746678	0	0	0	0	0	1.5	1.5	1.5	1.5	1.5	1.5
433.293017143665	0.0378175675058344	-5.3248615020842	-144.462012878638	21.0344129107233	0	0	0	0	0	1.5	1.5	1.5	1.5	1.5	1.5
433.532405550926	0.0394570990655118	-5.31552845764008	-144.325297759333	21.2309208469481	0	0	0	0	0	1.5	1.5	1.5	1.5	1.5	1.5
433.771793958188	0.0342209451968447	-5.30670962280702	-144.190401009274	21.4286815731451	0	0	0	0	0	1.5	1.5	1.5	1.5	1.5	1.5
434.01118236545	0.0289847913281737	-5.29914426250875	-144.057128728674	21.627540908612	0	0	0	0	0	1.5	1.5	1.5	1.5	1.5	1.5
434.250570772712	0.0237486374595053	-5.29283237674529	-143.92523935952	21.8273203205957	0	0	0	0	0	1.5	1.5	1.5	1.5	1.5	1.5
434.489959179973	0.0185124835908369	-5.28777396551662	-143.794487813606	22.0278464297501	0	0	0	0	0	1.5	1.5	1.5	1.5	1.5	1.5
434.729347587235	0.0132763297221685	-5.28396902882275	-143.664626154962	22.2289501091843	0	0	0	0	0	1.5	1.5	1.5	1.5	1.5	1.5
434.968735994497	0.00804017585350006	-5.28141756666368	-143.535404255801	22.4304655654021	0	0	0	0	0	1.5	1.5	1.5	1.5	1.5	1.5
435.208124401758	0.00986668671232048	-5.27941316738538	-143.406610146683	22.6322547329147	0	0	0	0	0	1.5	1.5	1.5	1.5	1.5	1.5
435.44751280902	0.0130823957657894	-5.27666629523411	-143.278293338322	22.8343477069217	0	0	0	0	0	1.5	1.5	1.5	1.5	1.5	1.5
435.686901216282	0.0162981048192591	-5.27314961961431	-143.150610093341	23.0368415077549	0	0	0	0	0	1.5	1.5	1.5	1.5	1.5	1.5
435.926289623543	0.0195138138727304	-5.26886314052597	-143.023717895158	23.2398318813653	0	0	0	0	0	1.5	1.5	1.5	1.5	1.5	1.5
436.165678030805	0.0227295229262001	-5.26380685796912	-142.897775361109	23.4434127387893	0	0	0	0	0	1.5	1.5	1.5	1.5	1.5	1.5
436.405066438067	0.0259452319796698	-5.25798077194373	-142.772942450483	23.6476757844202	0	0	0	0	0	1.5	1.5	1.5	1.5	1.5	1.5
436.644454845328	0.0252698613434885	-5.25165035007528	-142.649370308132	23.852703930775	0	0	0	0	0	1.5	1.5	1.5	1.5	1.5	1.5
436.88384325259	0.0216590120747863	-5.24603323594419	-142.527036195615	24.0584732766653	0	0	0	0	0	1.5	1.5	1.5	1.5	1.5	1.5
437.123231659852	0.0180481628060849	-5.24128051726839	-142.405770574254	24.2648742230672	0	0	0	0	0	1.5	1.5	1.5	1.5	1.5	1.5
437.362620067113	0.0144373135373826	-5.23739219404789	-142.285397804091	24.471797236464	0	0	0	0	0	1.5	1.5	1.5	1.5	1.5	1.5
437.602008474375	0.0108264642686787	-5.23436826628269	-142.16574087353	24.6791350882231	0	0	0	0	0	1.5	1.5	1.5	1.5	1.5	1.5
437.841396881637	0.00721561499997645	-5.23220873397278	-142.046621685737	24.8867824005105	0	0	0	0	0	1.5	1.5	1.5	1.5	1.5	1.5
438.080785288899	0.00558961564555555	-5.23084138195651	-141.927862858403	25.0946360556431	0	0	0	0	0	1.5	1.5	1.5	1.5	1.5	1.5
438.32017369616	0.00850856935276505	-5.22915391093049	-141.809400543597	25.3026588329168	0	0	0	0	0	1.5	1.5	1.5	1.5	1.5	1.5
438.559562103422	0.0114275230599745	-5.22676767622564	-141.691362200025	25.5109224441082	0	0	0	0	0	1.5	1.5	1.5	1.5	1.5	1.5
438.798950510684	0.0143464767671833	-5.22368267784195	-141.573894045509	25.7195081500349	0	0	0	0	0	1.5	1.5	1.5	1.5	1.5	1.5
439.038338917945	0.0172654304743928	-5.21989891577941	-141.457142968321	25.9284960135507	0	0	0	0	0	1.5	1.5	1.5	1.5	1.5	1.5
439.277727325207	0.0201843841816037	-5.21541639003804	-141.341256690698	26.1379645892264	0	0	0	0	0	1.5	1.5	1.5	1.5	1.5	1.5
439.517115732469	0.0229273118773394	-5.21023590658468	-141.226383924909	26.3479906089759	0	0	0	0	0	1.5	1.5	1.5	1.5	1.5	1.5
439.756504139731	0.0212446574095828	-5.20494877789807	-141.112631220712	26.5586253599346	0	0	0	0	0	1.5	1.5	1.5	1.5	1.5	1.5
439.995892546992	0.0195620029418261	-5.20006445718448	-140.999951194097	26.7698359354078	0	0	0	0	0	1.5	1.5	1.5	1.5	1.5	1.5
440.235280954254	0.0178793484740695	-5.19558294444389	-140.888261463364	26.981571897528	0	0	0	0	0	1.5	1.5	1.5	1.5	1.5	1.5
440.474669361516	0.0161966940063133	-5.19150423967631	-140.777478989932	27.1937839934439	0	0	0	0	0	1.5	1.5	1.5	1.5	1.5	1.5
440.714057768777	0.0145140395385566	-5.18782834288174	-140.667520142972	27.4064240577903	0	0	0	0	0	1.5	1.5	1.5	1.5	1.5	1.5
440.953446176039	0.0128313850707992	-5.18455525406017	-140.558300761878	27.6194449139306	0	0	0	0	0	1.5	1.5	1.5	1.5	1.5	1.5
441.192834583301	0.0099061867269785	-5.18179983267353	-140.449729905484	27.832797069328	0	0	0	0	0	1.5	1.5	1.5	1.5	1.5	1.5
441.432222990562	0.00661462945476816	-5.17982238673732	-140.341665124183	28.0464060435087	0	0	0	0	0	1.5	1.5	1.5	1.5	1.5	1.5
441.671611397824	0.00332307218255781	-5.17863290145392	-140.233938709484	28.2601858889127	0	0	0	0	0	1.5	1.5	1.5	1.5	1.5	1.5
441.910999805086	3.15149103474726e-05	-5.17823137682333	-140.12638238616	28.4740513747329	0	0	0	0	0	1.5	1.5	1.5	1.5	1.5	1.5
442.150388212347	-0.00326004236186208	-5.17861781284553	-140.018827676253	28.6879176720905	0	0	0	0	0	1.5	1.5	1.5	1.5	1.5	1.5
442.389776619609	-0.00655159963407243	-5.17979220952055	-139.911106099881	28.90169995592	0	0	0	0	0	1.5	1.5	1.5	1.5	1.5	1.5
442.629165026871	-0.00718339157828854	-5.18159337179641	-139.803055185527	29.1153159507716	0	0	0	0	0	1.5	1.5	1.5	1.5	1.5	1.5
442.868553434133	-0.00522194095305707	-5.18307821819453	-139.694642469047	29.3287485675155	0	0	0	0	0	1.5	1.5	1.5	1.5	1.5	1.5
443.107941841394	-0.0032604903278256	-5.18409351605154	-139.585963025862	29.5420455042494	0	0	0	0	0	1.5	1.5	1.5	1.5	1.5	1.5
443.347330248656	-0.00129903970259413	-5.18463926536747	-139.477117129185	29.7552575556629	0	0	0	0	0	1.5	1.5	1.5	1.5	1.5	1.5
443.586718655918	0.000662410922637344	-5.18471546614229	-139.36820493282	29.9684357510039	0	0	0	0	0	1.5	1.5	1.5	1.5	1.5	1.5
443.826107063179	0.00262386154786835	-5.18432211837602	-139.259326542911	30.1816312129293	0	0	0	0	0	1.5	1.5	1.5	1.5	1.5	1.5
444.065495470441	0.00437119363493896	-5.18346538230417	-139.15058198463	30.3948949628379	0	0	0	0	0	1.5	1.5	1.5	1.5	1.5	1.5
444.304883877703	0.00544183577973178	-5.18229081956317	-139.042057326412	30.6082706912995	0	0	0	0	0	1.5	1.5	1.5	1.5	1.5	1.5
444.544272284964	0.0065124779245251	-5.18085995750439	-138.933810730422	30.8217876091426	0	0	0	0	0	1.5	1.5	1.5	1.5	1.5	1.5
444.783660692226	0.00758312006931791	-5.17917279612781	-138.825897144814	31.0354730180354	0	0	0	0	0	1.5	1.5	1.5	1.5	1.5	1.5
445.023049099488	0.00865376221411072	-5.17722933543345	-138.71837164645	31.2493539631663	0	0	0	0	0	1.5	1.5	1.5	1.5	1.5	1.5
445.262437506749	0.00972440435890354	-5.1750295754213	-138.611289461214	31.4634571906579	0	0	0	0	0	1.5	1.5	1.5	1.5	1.5	1.5
445.501825914011	0.0107950465036961	-5.17257351609136	-138.504705983948	31.6778091047914	0	0	0	0	0	1.5	1.5	1.5	1.5	1.5	1.5
445.741214321273	0.00863436156112006	-5.17023804476991	-138.398650516049	31.8924227604228	0	0	0	0	0	1.5	1.5	1.5	1.5	1.5	1.5
445.980602728534	0.00638893570031207	-5.16843984316829	-138.293038863276	32.1072551901559	0	0	0	0	0	1.5	1.5	1.5	1.5	1.5	1.5
446.219991135796	0.00414350983950302	-5.16717917048712	-138.187755899382	32.3222489096739	0	0	0	0	0	1.5	1.5	1.5	1.5	1.5	1.5
446.459379543058	0.00189808397869503	-5.16645602672639	-138.082686236615	32.5373469640049	0	0	0	0	0	1.5	1.5	1.5	1.5	1.5	1.5
446.69876795032	-0.000347341882112962	-5.1662704118861	-137.977714318658	32.7524927419885	0	0	0	0	0	1.5	1.5	1.5	1.5	1.5	1.5
446.938156357581	-0.00259276774292042	-5.16662232596626	-137.872724512165	32.9676297900518	0	0	0	0	0	1.5	1.5	1.5	1.5	1.5	1.5
447.177544764843	-0.00332078931735514	-5.16738309389517	-137.767607732517	33.1827048218959	0	0	0	0	0	1.5	1.5	1.5	1.5	1.5	1.5
447.416933172105	-0.00342440334449036	-5.16819045435917	-137.662320465845	33.3976964447443	0	0	0	0	0	1.5	1.5	1.5	1.5	1.5	1.5
447.656321579366	-0.00352801737162559	-5.16902261882009	-137.556856992686	33.612601684451	0	0	0	0	0	1.5	1.5	1.5	1.5	1.5	1.5
447.895709986628	-0.00363163139876086	-5.16987958727794	-137.451212055588	33.827417776236	0	0	0	0	0	1.5	1.5	1.5	1.5	1.5	1.5
448.13509839389	-0.00373524542589608	-5.17076135973271	-137.345380403864	34.04214194188	0	0	0	0	0	1.5	1.5	1.5	1.5	1.5	1.5
448.374486801151	-0.00383885945303131	-5.17166793618441	-137.239356793807	34.2567713893394	0	0	0	0	0	1.5	1.5	1.5	1.5	1.5	1.5
448.613875208413	-0.0038463772432343	-5.17259422684619	-137.133136149944	34.4713033921667	0	0	0	0	0	1.5	1.5	1.5	1.5	1.5	1.5
448.853263615675	-0.00373282804295685	-5.17350141378708	-137.026718336517	34.6857376585196	0	0	0	0	0	1.5	1.5	1.5	1.5	1.5	1.5
449.092652022936	-0.0036192788426794	-5.17438141836576	-136.920108947836	34.9000767451979	0	0	0	0	0	1.5	1.5	1.5	1.5	1.5	1.5
449.332040430198	-0.00350572964240195	-5.17523424058225	-136.813313892727	35.1143233840564	0	0	0	0	0	1.5	1.5	1.5	1.5	1.5	1.5
449.57142883746	-0.00339218044212445	-5.17605988043653	-136.706339072615	35.3284803221601	0	0	0	0	0	1.5	1.5	1.5	1.5	1.5	1.5
449.810817244722	-0.003278631241847	-5.17685833792862	-136.599190381739	35.5425503212963	0	0	0	0	0	1.5	1.5	1.5	1.5	1.5	1.5
450.050205651983	-0.00304745239557344	-5.17762712741889	-136.491873738656	35.7565361731971	0	0	0	0	0	1.5	1.5	1.5	1.5	1.5	1.5
450.289594059245	-0.00226760515206837	-5.1782633089993	-136.384404190529	35.9704452749696	0	0	0	0	0	1.5	1.5	1.5	1.5	1.5	1.5
450.528982466507	-0.00148775790856311	-5.17871280419019	-136.276818539262	36.1842960084383	0	0	0	0	0	1.5	1.5	1.5	1.5	1.5	1.5
450.768370873768	-0.000707910665057855	-5.17897561299155	-136.169156730858	36.3981084126851	0	0	0	0	0	1.5	1.5	1.5	1.5	1.5	1.5
451.00775928103	7.19365784474014e-05	-5.17905173540337	-136.061458689867	36.6119025694518	0	0	0	0	0	1.5	1.5	1.5	1.5	1.5	1.5
451.247147688292	0.000851783821952658	-5.17894117142567	-135.953764330624	36.8256985807742	0	0	0	0	0	1.5	1.5	1.5	1.5	1.5	1.5
451.486536095554	0.00163163106545828	-5.17864392105844	-135.846113568501	37.0395165466259	0	0	0	0	0	1.5	1.5	1.5	1.5	1.5	1.5
451.725924502815	0.000648280689003827	-5.17835215605865	-135.738533856467	37.2533702692334	0	0	0	0	0	1.5	1.5	1.5	1.5	1.5	1.5
451.965312910077	-0.000508229561444886	-5.17833539275047	-135.630987321675	37.4672406794779	0	0	0	0	0	1.5	1.5	1.5	1.5	1.5	1.5
452.204701317339	-0.00166473981189387	-5.17859548458913	-135.523414767596	37.6810980029693	0	0	0	0	0	1.5	1.5	1.5	1.5	1.5	1.5
452.4440897246	-0.00282125006234286	-5.17913243157462	-135.415756996755	37.8949124377627	0	0	0	0	0	1.5	1.5	1.5	1.5	1.5	1.5
452.683478131862	-0.00397776031279185	-5.17994623370695	-135.307954847329	38.108654111148	0	0	0	0	0	1.5	1.5	1.5	1.5	1.5	1.5
452.922866539124	-0.00513427056324083	-5.18103689098612	-135.19994921801	38.3222930305422	0	0	0	0	0	1.5	1.5	1.5	1.5	1.5	1.5
453.162254946385	-0.00779052872898528	-5.1825201218367	-135.091675785531	38.535796339676	0	0	0	0	0	1.5	1.5	1.5	1.5	1.5	1.5
453.401643353647	-0.0112735608579752	-5.18480198285776	-134.983003491219	38.7490968719283	0	0	0	0	0	1.5	1.5	1.5	1.5	1.5	1.5
453.641031760909	-0.0147565929869642	-5.18791764139262	-134.873755966943	38.9621033074117	0	0	0	0	0	1.5	1.5	1.5	1.5	1.5	1.5
453.88042016817	-0.0182396251159541	-5.19186709744128	-134.763756695443	39.174722439324	0	0	0	0	0	1.5	1.5	1.5	1.5	1.5	1.5
454.119808575432	-0.0217226572449439	-5.19665035100374	-134.652830138549	39.3868591857614	0	0	0	0	0	1.5	1.5	1.5	1.5	1.5	1.5
454.359196982694	-0.0252056893739338	-5.20226740208	-134.540801983525	39.5984161551169	0	0	0	0	0	1.5	1.5	1.5	1.5	1.5	1.5
454.598585389955	-0.0250641401114697	-5.20855383991326	-134.427503772501	39.809295581195	0	0	0	0	0	1.5	1.5	1.5	1.5	1.5	1.5
454.837973797217	-0.0189827530086396	-5.21382599770769	-134.312961471583	40.0195019986117	0	0	0	0	0	1.5	1.5	1.5	1.5	1.5	1.5
455.077362204479	-0.0129013659058125	-5.21764234192962	-134.19746506222	40.2291858540544	0	0	0	0	0	1.5	1.5	1.5	1.5	1.5	1.5
455.316750611741	-0.00681997880298674	-5.22000287257907	-134.081321565733	40.4385120850346	0	0	0	0	0	1.5	1.5	1.5	1.5	1.5	1.5
455.556139019002	-0.000738591700159573	-5.22090758965603	-133.964836450116	40.6476484599037	0	0	0	0	0	1.5	1.5	1.5	1.5	1.5	1.5
455.795527426264	0.00534279540266759	-5.22035649316051	-133.848314356357	40.8567642402225	0	0	0	0	0	1.5	1.5	1.5	1.5	1.5	1.5
456.034915833526	0.0100516757707771	-5.21836813809563	-133.732059689367	41.0660287680684	0	0	0	0	0	1.5	1.5	1.5	1.5	1.5	1.5
456.274304240787	0.00398125048585889	-5.21668847816273	-133.616237991594	41.2755332554073	0	0	0	0	0	1.5	1.5	1.5	1.5	1.5	1.5
456.513692648049	-0.00208917479906216	-5.21646200767019	-133.500616004487	41.4851480574029	0	0	0	0	0	1.5	1.5	1.5	1.5	1.5	1.5
456.753081055311	-0.00815960008398033	-5.21768872661801	-133.384889205412	41.6947049951375	0	0	0	0	0	1.5	1.5	1.5	1.5	1.5	1.5
456.992469462572	-0.0142300253688971	-5.22036863500618	-133.268753324415	41.9040354329875	0	0	0	0	0	1.5	1.5	1.5	1.5	1.5	1.5
457.231857869834	-0.0203004506538152	-5.22450173283472	-133.151905082052	42.1129689536136	0	0	0	0	0	1.5	1.5	1.5	1.5	1.5	1.5
457.471246277096	-0.0263708759387334	-5.23008802010361	-133.034042940157	42.3213320401767	0	0	0	0	0	1.5	1.5	1.5	1.5	1.5	1.5
457.710634684357	-0.0305167419503466	-5.23693230103137	-132.914879308518	42.5289533645953	0	0	0	0	0	1.5	1.5	1.5	1.5	1.5	1.5
457.950023091619	-0.0343159154882162	-5.24469239433275	-132.794202256379	42.7356985482703	0	0	0	0	0	1.5	1.5	1.5	1.5	1.5	1.5
458.189411498881	-0.0381150890260859	-5.25336196573627	-132.671830994341	42.9414452973451	0	0	0	0	0	1.5	1.5	1.5	1.5	1.5	1.5
458.428799906143	-0.0419142625639573	-5.26294101524193	-132.547587640914	43.1460668025657	0	0	0	0	0	1.5	1.5	1.5	1.5	1.5	1.5
458.668188313404	-0.0457134361018261	-5.27342954284974	-132.42129754323	43.3494312422739	0	0	0	0	0	1.5	1.5	1.5	1.5	1.5	1.5
458.907576720666	-0.0495126096396957	-5.28482754855968	-132.292789687124	43.5514013390005	0	0	0	0	0	1.5	1.5	1.5	1.5	1.5	1.5
459.146965127928	-0.0484587750523211	-5.29679664515154	-132.161910264677	43.7518425907186	0	0	0	0	0	1.5	1.5	1.5	1.5	1.5	1.5
459.386353535189	-0.043927254182977	-5.30785471734748	-132.028719173546	43.9507555332896	0	0	0	0	0	1.5	1.5	1.5	1.5	1.5	1.5
459.625741942451	-0.0393957333136328	-5.31782799598003	-131.893443652466	44.1482570974044	0	0	0	0	0	1.5	1.5	1.5	1.5	1.5	1.5
459.865130349713	-0.0348642124442887	-5.32671648104919	-131.756311443936	44.344474297282	0	0	0	0	0	1.5	1.5	1.5	1.5	1.5	1.5
460.104518756974	-0.0303326915749424	-5.33452017255497	-131.617546279748	44.5395403061755	0	0	0	0	0	1.5	1.5	1.5	1.5	1.5	1.5
460.343907164236	-0.0258011707055994	-5.34123907049736	-131.477368262494	44.7335936940105	0	0	0	0	0	1.5	1.5	1.5	1.5	1.5	1.5
460.583295571498	-0.0239202881194981	-5.34697363666716	-131.335992231841	44.9267761801621	0	0	0	0	0	1.5	1.5	1.5	1.5	1.5	1.5
460.822683978759	-0.0277596861921142	-5.35315943003605	-131.193491849913	45.119130717104	0	0	0	0	0	1.5	1.5	1.5	1.5	1.5	1.5
461.062072386021	-0.0315990842647302	-5.36026433079439	-131.04971643436	45.3105339518683	0	0	0	0	0	1.5	1.5	1.5	1.5	1.5	1.5
461.301460793283	-0.0354384823373463	-5.36828833894217	-130.904497369169	45.5008440280498	0	0	0	0	0	1.5	1.5	1.5	1.5	1.5	1.5
461.540849200545	-0.0392778804099623	-5.3772314544794	-130.757669137189	45.6899151728924	0	0	0	0	0	1.5	1.5	1.5	1.5	1.5	1.5
461.780237607806	-0.0431172784825792	-5.38709367740609	-130.609069755497	45.877597267772	0	0	0	0	0	1.5	1.5	1.5	1.5	1.5	1.5
462.019626015068	-0.0464924526027783	-5.3978721362918	-130.45854123947	46.0637354429561	0	0	0	0	0	1.5	1.5	1.5	1.5	1.5	1.5
462.25901442233	-0.0413486745607747	-5.40838621005368	-130.306006769028	46.2482334560098	0	0	0	0	0	1.5	1.5	1.5	1.5	1.5	1.5
462.498402829591	-0.036204896518771	-5.41766892298278	-130.151653410197	46.4312127950748	0	0	0	0	0	1.5	1.5	1.5	1.5	1.5	1.5
462.737791236853	-0.0310611184767674	-5.42572027507909	-129.995719841945	46.6128476544244	0	0	0	0	0	1.5	1.5	1.5	1.5	1.5	1.5
462.977179644115	-0.0259173404347638	-5.43254026634261	-129.838439899662	46.7933181701437	0	0	0	0	0	1.5	1.5	1.5	1.5	1.5	1.5
463.216568051376	-0.0207735623927601	-5.43812889677336	-129.680043195663	46.9728095192907	0	0	0	0	0	1.5	1.5	1.5	1.5	1.5	1.5
463.455956458638	-0.0156297843507553	-5.44248616637132	-129.520755771146	47.1515110445594	0	0	0	0	0	1.5	1.5	1.5	1.5	1.5	1.5
463.6953448659	-0.0110453890592261	-5.44566467188586	-129.360798323186	47.3296131953278	0	0	0	0	0	1.5	1.5	1.5	1.5	1.5	1.5
463.934733273161	-0.00661369686642689	-5.44777836211258	-129.200370420914	47.5072917710719	0	0	0	0	0	1.5	1.5	1.5	1.5	1.5	1.5
464.174121680423	-0.00218200467362769	-5.44883115660379	-129.039661389087	47.6847161528172	0	0	0	0	0	1.5	1.5	1.5	1.5	1.5	1.5
464.413510087685	0.00224968751917151	-5.44882305535949	-128.878859694736	47.8620565727312	0	0	0	0	0	1.5	1.5	1.5	1.5	1.5	1.5
464.652898494947	0.00668137971197071	-5.44775405837969	-128.718153537876	48.0394835580853	0	0	0	0	0	1.5	1.5	1.5	1.5	1.5	1.5
464.892286902208	0.0111130719047699	-5.44562416566437	-128.557731393818	48.2171673318895	0	0	0	0	0	1.5	1.5	1.5	1.5	1.5	1.5
465.13167530947	0.0116653602709934	-5.44267466351157	-128.397775102439	48.3952705357945	0	0	0	0	0	1.5	1.5	1.5	1.5	1.5	1.5
465.371063716732	0.00863135410271085	-5.44024526444829	-128.238310880602	48.573814489089	0	0	0	0	0	1.5	1.5	1.5	1.5	1.5	1.5
465.610452123993	0.00559734793442906	-5.43854217128925	-128.079215894761	48.7526875757115	0	0	0	0	0	1.5	1.5	1.5	1.5	1.5	1.5
465.849840531255	0.00256334176614727	-5.43756538403446	-127.920360718028	48.9317736939842	0	0	0	0	0	1.5	1.5	1.5	1.5	1.5	1.5
466.089228938517	-0.000470664402134523	-5.43731490268392	-127.761615458685	49.1109572641741	0	0	0	0	0	1.5	1.5	1.5	1.5	1.5	1.5
466.328617345778	-0.00350467057041632	-5.43779072723763	-127.602850012534	49.2901229459222	0	0	0	0	0	1.5	1.5	1.5	1.5	1.5	1.5
466.56800575304	-0.00603059926955656	-5.43897743190386	-127.443934547761	49.4691555623023	0	0	0	0	0	1.5	1.5	1.5	1.5	1.5	1.5
466.807394160302	-0.00706158431512443	-5.44054449039182	-127.2847667347	49.6479638537335	0	0	0	0	0	1.5	1.5	1.5	1.5	1.5	1.5
467.046782567564	-0.00809256936069255	-5.44235835474774	-127.125296886232	49.8265028165513	0	0	0	0	0	1.5	1.5	1.5	1.5	1.5	1.5
467.286170974825	-0.00912355440626042	-5.44441902497164	-126.965481465901	50.0047325017112	0	0	0	0	0	1.5	1.5	1.5	1.5	1.5	1.5
467.525559382087	-0.0101545394518283	-5.4467265010635	-126.805277167579	50.1826127054952	0	0	0	0	0	1.5	1.5	1.5	1.5	1.5	1.5
467.764947789349	-0.0111855244973962	-5.44928078302334	-126.644640945794	50.3601029379581	0	0	0	0	0	1.5	1.5	1.5	1.5	1.5	1.5
468.00433619661	-0.012216509542964	-5.45208187085114	-126.483530046417	50.5371623916978	0	0	0	0	0	1.5	1.5	1.5	1.5	1.5	1.5
468.243724603872	-0.0122774912789719	-5.45501508125089	-126.321908701169	50.7137560189996	0	0	0	0	0	1.5	1.5	1.5	1.5	1.5	1.5
468.483113011134	-0.0123264584666457	-5.45796003142186	-126.159769030807	50.8898738642311	0	0	0	0	0	1.5	1.5	1.5	1.5	1.5	1.5
468.722501418395	-0.0123754256543196	-5.4609167037699	-125.997110377046	51.065512499332	0	0	0	0	0	1.5	1.5	1.5	1.5	1.5	1.5
468.961889825657	-0.0124243928419934	-5.46388509829501	-125.833932102983	51.2406684821755	0	0	0	0	0	1.5	1.5	1.5	1.5	1.5	1.5
469.201278232919	-0.0124733600296672	-5.46686521499718	-125.670233593251	51.4153383565978	0	0	0	0	0	1.5	1.5	1.5	1.5	1.5	1.5
469.44066664018	-0.012522327217341	-5.46985705387641	-125.506014254181	51.5895186524408	0	0	0	0	0	1.5	1.5	1.5	1.5	1.5	1.5
469.680055047442	-0.011139176662857	-5.47273687864555	-125.341278680606	51.763210795176	0	0	0	0	0	1.5	1.5	1.5	1.5	1.5	1.5
469.919443454704	-0.00920418121186756	-5.47517186066554	-125.176080806066	51.9364633375726	0	0	0	0	0	1.5	1.5	1.5	1.5	1.5	1.5
470.158831861965	-0.00726918576087813	-5.47714362720646	-125.010501578563	52.1093514816627	0	0	0	0	0	1.5	1.5	1.5	1.5	1.5	1.5
470.398220269227	-0.00533419030988825	-5.47865217826831	-124.844621737943	52.2819512415765	0	0	0	0	0	1.5	1.5	1.5	1.5	1.5	1.5
470.637608676489	-0.00339919485889882	-5.47969751385109	-124.678521624326	52.4543390501712	0	0	0	0	0	1.5	1.5	1.5	1.5	1.5	1.5
470.876997083751	-0.00146419940790939	-5.4802796339548	-124.512281283734	52.6265916468307	0	0	0	0	0	1.5	1.5	1.5	1.5	1.5	1.5
471.116385491012	-0.00405225410818053	-5.4806453418027	-124.345974117133	52.7987797283633	0	0	0	0	0	1.5	1.5	1.5	1.5	1.5	1.5
471.355773898274	-0.0120389359807523	-5.48257136398587	-124.1794890509	52.9707957574027	0	0	0	0	0	1.5	1.5	1.5	1.5	1.5	1.5
471.595162305536	-0.020025617853324	-5.48640930522182	-124.012509006379	53.1423311870639	0	0	0	0	0	1.5	1.5	1.5	1.5	1.5	1.5
471.834550712797	-0.0280122997258958	-5.49215916551055	-123.844708688075	53.3130640325658	0	0	0	0	0	1.5	1.5	1.5	1.5	1.5	1.5
472.073939120059	-0.0359989815984675	-5.49982094485206	-123.675767427975	53.4826676278612	0	0	0	0	0	1.5	1.5	1.5	1.5	1.5	1.5
472.313327527321	-0.0439856634710412	-5.50939464324635	-123.505371093654	53.6508088208616	0	0	0	0	0	1.5	1.5	1.5	1.5	1.5	1.5
472.552715934582	-0.0498778503445349	-5.52083235365817	-123.333214562596	53.8171467597703	0	0	0	0	0	1.5	1.5	1.5	1.5	1.5	1.5
472.792104341844	-0.0469039788783719	-5.53241657763294	-123.159122291614	53.9814575927192	0	0	0	0	0	1.5	1.5	1.5	1.5	1.5	1.5
473.031492749106	-0.0439301074122088	-5.54328889125403	-122.983195990153	54.1438034625186	0	0	0	0	0	1.5	1.5	1.5	1.5	1.5	1.5
473.270881156368	-0.0409562359460458	-5.55344929452143	-122.805572050075	54.3042903853627	0	0	0	0	0	1.5	1.5	1.5	1.5	1.5	1.5
473.510269563629	-0.0379823644798828	-5.56289778743514	-122.626383082455	54.4630282102234	0	0	0	0	0	1.5	1.5	1.5	1.5	1.5	1.5
473.749657970891	-0.0350084930137197	-5.57163436999517	-122.445758114734	54.6201302981113	0	0	0	0	0	1.5	1.5	1.5	1.5	1.5	1.5
473.989046378153	-0.032034621547556	-5.57965904220151	-122.263822800964	54.7757132135307	0	0	0	0	0	1.5	1.5	1.5	1.5	1.5	1.5
474.228434785414	-0.0359342116589577	-5.58773323191713	-122.080663519957	54.9298533323133	0	0	0	0	0	1.5	1.5	1.5	1.5	1.5	1.5
474.467823192676	-0.0403870315097809	-5.59686844233833	-121.896185204886	55.0824120494665	0	0	0	0	0	1.5	1.5	1.5	1.5	1.5	1.5
474.707211599938	-0.0448398513606041	-5.60706960621144	-121.710240728144	55.2331799639849	0	0	0	0	0	1.5	1.5	1.5	1.5	1.5	1.5
474.946600007199	-0.0492926712114273	-5.61833672353646	-121.522688809649	55.3819431350448	0	0	0	0	0	1.5	1.5	1.5	1.5	1.5	1.5
475.185988414461	-0.0537454910622505	-5.6306697943134	-121.333394768326	55.5284827166545	0	0	0	0	0	1.5	1.5	1.5	1.5	1.5	1.5
475.425376821723	-0.0581983109130737	-5.64406881854224	-121.142231279481	55.6725746060948	0	0	0	0	0	1.5	1.5	1.5	1.5	1.5	1.5
475.664765228984	-0.0554558338768727	-5.65796440048855	-120.949096789737	55.8140134533887	0	0	0	0	0	1.5	1.5	1.5	1.5	1.5	1.5
475.904153636246	-0.049025460335879	-5.67047020579366	-120.754103738097	55.9528794761697	0	0	0	0	0	1.5	1.5	1.5	1.5	1.5	1.5
476.143542043508	-0.0425950867948853	-5.6814366542187	-120.557494107315	56.0894477305504	0	0	0	0	0	1.5	1.5	1.5	1.5	1.5	1.5
476.38293045077	-0.0361647132538916	-5.69086374576366	-120.359501907682	56.2240043127884	0	0	0	0	0	1.5	1.5	1.5	1.5	1.5	1.5
476.622318858031	-0.0297343397128978	-5.69875148042855	-120.16035200931	56.3568419211813	0	0	0	0	0	1.5	1.5	1.5	1.5	1.5	1.5
476.861707265293	-0.0233039661719041	-5.70509985821336	-119.960261435776	56.4882587361683	0	0	0	0	0	1.5	1.5	1.5	1.5	1.5	1.5
477.101095672555	-0.0211911969761737	-5.71011303012104	-119.759437208708	56.6185519548243	0	0	0	0	0	1.5	1.5	1.5	1.5	1.5	1.5
477.340484079816	-0.0256904993873563	-5.71572449743213	-119.557942179961	56.7478052428039	0	0	0	0	0	1.5	1.5	1.5	1.5	1.5	1.5
477.579872487078	-0.0301898017985379	-5.72241304558123	-119.35565616969	56.8758168276119	0	0	0	0	0	1.5	1.5	1.5	1.5	1.5	1.5
477.81926089434	-0.0346891042097195	-5.73017867456833	-119.152450430989	57.0023630610909	0	0	0	0	0	1.5	1.5	1.5	1.5	1.5	1.5
478.058649301601	-0.0391884066209011	-5.73902138439343	-118.948201001662	57.1272174027898	0	0	0	0	0	1.5	1.5	1.5	1.5	1.5	1.5
478.298037708863	-0.0436877090320826	-5.74894117505653	-118.742789460369	57.2501500600371	0	0	0	0	0	1.5	1.5	1.5	1.5	1.5	1.5
478.537426116125	-0.0492611799020898	-5.75995481352934	-118.536103612377	57.3709275071463	0	0	0	0	0	1.5	1.5	1.5	1.5	1.5	1.5
478.776814523386	-0.0619973725743578	-5.77327181736512	-118.327982816533	57.4892140077375	0	0	0	0	0	1.5	1.5	1.5	1.5	1.5	1.5
479.016202930648	-0.0747335652466288	-5.78963771807931	-118.118130253881	57.6043983454319	0	0	0	0	0	1.5	1.5	1.5	1.5	1.5	1.5
479.25559133791	-0.0874697579188967	-5.80905251567188	-117.906251658575	57.7158096087313	0	0	0	0	0	1.5	1.5	1.5	1.5	1.5	1.5
479.494979745172	-0.100205950591165	-5.83151621014285	-117.692087952939	57.8227596259593	0	0	0	0	0	1.5	1.5	1.5	1.5	1.5	1.5
479.734368152433	-0.112942143263433	-5.85702880149221	-117.475421896922	57.9245413563852	0	0	0	0	0	1.5	1.5	1.5	1.5	1.5	1.5
479.973756559695	-0.125678335935701	-5.88559028971996	-117.256084993061	58.0204279341328	0	0	0	0	0	1.5	1.5	1.5	1.5	1.5	1.5
480.213144966957	-0.127854509298487	-5.91609773181444	-117.033992661525	58.1097439801774	0	0	0	0	0	1.5	1.5	1.5	1.5	1.5	1.5
480.452533374218	-0.128488915914537	-5.94678055395132	-116.809271261093	58.1922218921851	0	0	0	0	0	1.5	1.5	1.5	1.5	1.5	1.5
480.69192178148	-0.129123322530587	-5.97761524567756	-116.582119727255	58.2677497005923	0	0	0	0	0	1.5	1.5	1.5	1.5	1.5	1.5
480.931310188742	-0.129757729146637	-6.00860180699319	-116.352742552267	58.3362211247676	0	0	0	0	0	1.5	1.5	1.5	1.5	1.5	1.5
481.170698596003	-0.130392135762687	-6.03974023789818	-116.121349568588	58.3975356123235	0	0	0	0	0	1.5	1.5	1.5	1.5	1.5	1.5
481.410087003265	-0.131026542378737	-6.07103053839255	-115.888155813153	58.4515985981061	0	0	0	0	0	1.5	1.5	1.5	1.5	1.5	1.5
481.649475410527	-0.127201719004347	-6.10214502067094	-115.65338434313	58.4983375394858	0	0	0	0	0	1.5	1.5	1.5	1.5	1.5	1.5
481.888863817788	-0.120572849004165	-6.13180220026869	-115.417298458684	58.5379110694871	0	0	0	0	0	1.5	1.5	1.5	1.5	1.5	1.5
482.12825222505	-0.113943979003984	-6.15987250523516	-115.180167924139	58.5706548650218	0	0	0	0	0	1.5	1.5	1.5	1.5	1.5	1.5
482.367640632312	-0.107315109003803	-6.18635593557034	-114.942231704259	58.5969191988006	0	0	0	0	0	1.5	1.5	1.5	1.5	1.5	1.5
482.607029039574	-0.10068623900362	-6.21125249127423	-114.703698529435	58.6170630271304	0	0	0	0	0	1.5	1.5	1.5	1.5	1.5	1.5
482.846417446835	-0.0940573690034388	-6.23456217234683	-114.464748396712	58.6314522135919	0	0	0	0	0	1.5	1.5	1.5	1.5	1.5	1.5
483.085805854097	-0.0912051601370886	-6.25644372120767	-114.225534030074	58.640453528318	0	0	0	0	0	1.5	1.5	1.5	1.5	1.5	1.5
483.325194261359	-0.0953309371818268	-6.27877101082466	-113.986179948315	58.6442021788349	0	0	0	0	0	1.5	1.5	1.5	1.5	1.5	1.5
483.56458266862	-0.099456714226565	-6.30208596363711	-113.746803100725	58.6424880020813	0	0	0	0	0	1.5	1.5	1.5	1.5	1.5	1.5
483.803971075882	-0.103582491271303	-6.32638857964502	-113.507535373776	58.6350755923674	0	0	0	0	0	1.5	1.5	1.5	1.5	1.5	1.5
484.043359483144	-0.107708268316041	-6.35167885884838	-113.26852547198	58.6217331069179	0	0	0	0	0	1.5	1.5	1.5	1.5	1.5	1.5
484.282747890405	-0.111834045360781	-6.37795680124721	-113.029939507438	58.6022331228303	0	0	0	0	0	1.5	1.5	1.5	1.5	1.5	1.5
484.522136297667	-0.115737672860292	-6.40521996772641	-112.791961547422	58.5763535946335	0	0	0	0	0	1.5	1.5	1.5	1.5	1.5	1.5
484.761524704929	-0.117441686644418	-6.43313018546548	-112.554789857015	58.5439085825156	0	0	0	0	0	1.5	1.5	1.5	1.5	1.5	1.5
485.000913112191	-0.119145700428544	-6.46144832435028	-112.318624161921	58.5048094204678	0	0	0	0	0	1.5	1.5	1.5	1.5	1.5	1.5
485.240301519452	-0.12084971421267	-6.49017438438081	-112.08366978871	58.4589911773638	0	0	0	0	0	1.5	1.5	1.5	1.5	1.5	1.5
485.479689926714	-0.122553727996796	-6.51930836555708	-111.850139298203	58.4063958716056	0	0	0	0	0	1.5	1.5	1.5	1.5	1.5	1.5
485.719078333976	-0.124257741780922	-6.54885026787908	-111.618252350001	58.3469729371371	0	0	0	0	0	1.5	1.5	1.5	1.5	1.5	1.5
485.958466741237	-0.125961755565048	-6.57880009134682	-111.388235541314	58.2806796967429	0	0	0	0	0	1.5	1.5	1.5	1.5	1.5	1.5
486.197855148499	-0.133115222033736	-6.60970176814225	-111.160333596832	58.2074474821243	0	0	0	0	0	1.5	1.5	1.5	1.5	1.5	1.5
486.437243555761	-0.141354063454054	-6.64255415068984	-110.934881868487	58.1269914480227	0	0	0	0	0	1.5	1.5	1.5	1.5	1.5	1.5
486.676631963022	-0.149592904874372	-6.67737881636272	-110.712282436008	58.0389544642508	0	0	0	0	0	1.5	1.5	1.5	1.5	1.5	1.5
486.916020370284	-0.157831746294689	-6.71417576516089	-110.492979013002	57.9430047275181	0	0	0	0	0	1.5	1.5	1.5	1.5	1.5	1.5
487.155408777546	-0.166070587715007	-6.75294499708435	-110.277457859426	57.838840126957	0	0	0	0	0	1.5	1.5	1.5	1.5	1.5	1.5
487.394797184807	-0.174309429135325	-6.79368651213311	-110.066248389811	57.726192700093	0	0	0	0	0	1.5	1.5	1.5	1.5	1.5	1.5
487.634185592069	-0.17938208117137	-6.83617859411383	-109.859917954664	57.6048422846696	0	0	0	0	0	1.5	1.5	1.5	1.5	1.5	1.5
487.873573999331	-0.182209026083857	-6.87945895373676	-109.658985687284	57.4747496698278	0	0	0	0	0	1.5	1.5	1.5	1.5	1.5	1.5
488.112962406593	-0.185035970996344	-6.92341605119969	-109.463917690916	57.3360195022206	0	0	0	0	0	1.5	1.5	1.5	1.5	1.5	1.5
488.352350813854	-0.187862915908831	-6.96804988650263	-109.275184613178	57.1887879780561	0	0	0	0	0	1.5	1.5	1.5	1.5	1.5	1.5
488.591739221116	-0.190689860821317	-7.01336045964559	-109.09326191538	57.0332208294599	0	0	0	0	0	1.5	1.5	1.5	1.5	1.5	1.5
488.831127628378	-0.193516805733804	-7.05934777062857	-108.9186281915	56.8695144668352	0	0	0	0	0	1.5	1.5	1.5	1.5	1.5	1.5
489.070516035639	-0.198680098790202	-7.10610640127782	-108.7517652187	56.6978953075194	0	0	0	0	0	1.5	1.5	1.5	1.5	1.5	1.5
489.309904442901	-0.208414856200028	-7.15483330771751	-108.59326596018	56.5185256992774	0	0	0	0	0	1.5	1.5	1.5	1.5	1.5	1.5
489.549292850163	-0.218149613609857	-7.20589060222864	-108.443910791919	56.331476522002	0	0	0	0	0	1.5	1.5	1.5	1.5	1.5	1.5
489.788681257424	-0.227884371019683	-7.25927828481116	-108.304524384907	56.1368881657292	0	0	0	0	0	1.5	1.5	1.5	1.5	1.5	1.5
490.028069664686	-0.237619128429508	-7.3149963554651	-108.175956786674	55.9349912674062	0	0	0	0	0	1.5	1.5	1.5	1.5	1.5	1.5
490.267458071948	-0.247353885839333	-7.37304481419046	-108.059076789124	55.7261138267513	0	0	0	0	0	1.5	1.5	1.5	1.5	1.5	1.5
490.506846479209	-0.254795336388974	-7.43339377554777	-107.954763769626	55.5106882040611	0	0	0	0	0	1.5	1.5	1.5	1.5	1.5	1.5
490.746234886471	-0.243466240887941	-7.49303279823977	-107.863644511189	55.2893578945661	0	0	0	0	0	1.5	1.5	1.5	1.5	1.5	1.5
490.985623293733	-0.232137145386906	-7.54995976680406	-107.785571433548	55.0630927203112	0	0	0	0	0	1.5	1.5	1.5	1.5	1.5	1.5
491.225011700995	-0.220808049885865	-7.60417468124068	-107.720185351465	54.832837570594	0	0	0	0	0	1.5	1.5	1.5	1.5	1.5	1.5
491.464400108256	-0.20947895438483	-7.65567754154956	-107.667055323559	54.5994466050557	0	0	0	0	0	1.5	1.5	1.5	1.5	1.5	1.5
491.703788515518	-0.198149858883794	-7.70446834773074	-107.625690528934	54.3636831745345	0	0	0	0	0	1.5	1.5	1.5	1.5	1.5	1.5
491.94317692278	-0.186820763382759	-7.7505470997842	-107.595551131678	54.1262209950903	0	0	0	0	0	1.5	1.5	1.5	1.5	1.5	1.5
492.182565330041	-0.192394962586751	-7.79565411132918	-107.576177256167	53.8876381773251	0	0	0	0	0	1.5	1.5	1.5	1.5	1.5	1.5
492.421953737303	-0.200717033226275	-7.84270733860574	-107.567809055635	53.6484181738144	0	0	0	0	0	1.5	1.5	1.5	1.5	1.5	1.5
492.661342144565	-0.2090391038658	-7.89175277311783	-107.570940426834	53.4090742429535	0	0	0	0	0	1.5	1.5	1.5	1.5	1.5	1.5
492.900730551826	-0.21736117450533	-7.94279041486546	-107.586039892849	53.1701885447036	0	0	0	0	0	1.5	1.5	1.5	1.5	1.5	1.5
493.140118959088	-0.225683245144856	-7.99582026384858	-107.613543193999	52.9324135476642	0	0	0	0	0	1.5	1.5	1.5	1.5	1.5	1.5
493.37950736635	-0.234005315784382	-8.05084232006721	-107.653845777363	52.6964727610922	0	0	0	0	0	1.5	1.5	1.5	1.5	1.5	1.5
493.618895773611	-0.226279858474569	-8.10665059395997	-107.707236078441	52.463146115987	0	0	0	0	0	1.5	1.5	1.5	1.5	1.5	1.5
493.858284180873	-0.209042811742158	-8.15875619429401	-107.773169963562	52.2330449067167	0	0	0	0	0	1.5	1.5	1.5	1.5	1.5	1.5
494.097672588135	-0.191805765009751	-8.20673544546487	-107.850532656666	52.0065259685714	0	0	0	0	0	1.5	1.5	1.5	1.5	1.5	1.5
494.337060995396	-0.17456871827734	-8.25058834747258	-107.938212403299	51.7837931981681	0	0	0	0	0	1.5	1.5	1.5	1.5	1.5	1.5
494.576449402658	-0.157331671544929	-8.29031490031713	-108.035122224919	51.5649147884275	0	0	0	0	0	1.5	1.5	1.5	1.5	1.5	1.5
494.81583780992	-0.140094624812509	-8.32591510399852	-108.140206431992	51.3498379058408	0	0	0	0	0	1.5	1.5	1.5	1.5	1.5	1.5
495.055226217182	-0.127185623445899	-8.35758066832379	-108.252449496633	51.1384057945451	0	0	0	0	0	1.5	1.5	1.5	1.5	1.5	1.5
495.294614624443	-0.121643904492683	-8.38736412051024	-108.37110176825	50.9305014613287	0	0	0	0	0	1.5	1.5	1.5	1.5	1.5	1.5
495.534003031705	-0.116102185539467	-8.41582094942298	-108.495757484969	50.7261392961096	0	0	0	0	0	1.5	1.5	1.5	1.5	1.5	1.5
495.773391438967	-0.110560466586252	-8.44295115506202	-108.626044670212	50.5253196163182	0	0	0	0	0	1.5	1.5	1.5	1.5	1.5	1.5
496.012779846228	-0.105018747633036	-8.46875473742736	-108.761601074543	50.3280175863867	0	0	0	0	0	1.5	1.5	1.5	1.5	1.5	1.5
496.25216825349	-0.0994770286798198	-8.493231696519	-108.902074737414	50.1341849308751	0	0	0	0	0	1.5	1.5	1.5	1.5	1.5	1.5
496.491556660752	-0.0944890448522646	-8.51638927407414	-109.047124429499	49.9437516445861	0	0	0	0	0	1.5	1.5	1.5	1.5	1.5	1.5
496.730945068014	-0.0940153013985738	-8.53895215167958	-109.19647107363	49.756668886706	0	0	0	0	0	1.5	1.5	1.5	1.5	1.5	1.5
496.970333475275	-0.093541557944883	-8.5614016205942	-109.349990089409	49.5729944067673	0	0	0	0	0	1.5	1.5	1.5	1.5	1.5	1.5
497.209721882537	-0.0930678144911923	-8.58373768081799	-109.507583285837	49.3928033651454	0	0	0	0	0	1.5	1.5	1.5	1.5	1.5	1.5
497.449110289799	-0.0925940710375016	-8.60596033235094	-109.669151613894	49.2161677896174	0	0	0	0	0	1.5	1.5	1.5	1.5	1.5	1.5
497.68849869706	-0.0921203275838108	-8.62806957519307	-109.834595260843	49.0431565909451	0	0	0	0	0	1.5	1.5	1.5	1.5	1.5	1.5
497.927887104322	-0.0916465841301201	-8.65006540934437	-110.003813742757	48.8738355808869	0	0	0	0	0	1.5	1.5	1.5	1.5	1.5	1.5
498.167275511584	-0.0779508523010381	-8.67060459753546	-110.17664346231	48.7082014182307	0	0	0	0	0	1.5	1.5	1.5	1.5	1.5	1.5
498.406663918845	-0.0618990288991285	-8.68734381769358	-110.35253443176	48.5458196547426	0	0	0	0	0	1.5	1.5	1.5	1.5	1.5	1.5
498.646052326107	-0.0458472054972188	-8.70024041741387	-110.530813007457	48.3860612010555	0	0	0	0	0	1.5	1.5	1.5	1.5	1.5	1.5
498.885440733369	-0.0297953820953092	-8.70929439669633	-110.710834838505	48.2282684343383	0	0	0	0	0	1.5	1.5	1.5	1.5	1.5	1.5
499.12482914063	-0.0137435586934034	-8.71450575554097	-110.891977978	48.0717633492003	0	0	0	0	0	1.5	1.5	1.5	1.5	1.5	1.5
499.364217547892	0.00230826470850629	-8.71587449394778	-111.073635236883	47.9158549154825	0	0	0	0	0	1.5	1.5	1.5	1.5	1.5	1.5
499.603605955154	0.0139963327293894	-8.71370454617493	-111.255215492005	47.7598568504216	0	0	0	0	0	1.5	1.5	1.5	1.5	1.5	1.5
499.842994362416	0.0225489678138148	-8.70933028552996	-111.436275366013	47.6032553183544	0	0	0	0	0	1.5	1.5	1.5	1.5	1.5	1.5
500.082382769677	0.0311016028982362	-8.70290862319424	-111.616487111269	47.4456788634642	0	0	0	0	0	1.5	1.5	1.5	1.5	1.5	1.5
500.321771176939	0.0396542379826575	-8.69443955916777	-111.795520431162	47.2867652484435	0	0	0	0	0	1.5	1.5	1.5	1.5	1.5	1.5
500.561159584201	0.0482068730670789	-8.68392309345055	-111.973036890118	47.1261595578832	0	0	0	0	0	1.5	1.5	1.5	1.5	1.5	1.5
500.800547991462	0.0567595081514982	-8.67135922604258	-112.14868780768	46.9635163577974	0	0	0	0	0	1.5	1.5	1.5	1.5	1.5	1.5
501.039936398724	0.0635338766042009	-8.65681570557933	-112.322113445249	46.7985031976073	0	0	0	0	0	1.5	1.5	1.5	1.5	1.5	1.5
501.279324805986	0.0664996705092596	-8.64125144371229	-112.493021016192	46.6308838227386	0	0	0	0	0	1.5	1.5	1.5	1.5	1.5	1.5
501.518713213247	0.0694654644143182	-8.62497720516606	-112.66123851118	46.4605652416343	0	0	0	0	0	1.5	1.5	1.5	1.5	1.5	1.5
501.758101620509	0.0724312583193782	-8.60799298994061	-112.826600449526	46.2874731815233	0	0	0	0	0	1.5	1.5	1.5	1.5	1.5	1.5
501.997490027771	0.0753970522244369	-8.59029879803598	-112.988936236018	46.1115402204975	0	0	0	0	0	1.5	1.5	1.5	1.5	1.5	1.5
502.236878435032	0.0783628461294948	-8.57189462945215	-113.148070137679	45.9327062379816	0	0	0	0	0	1.5	1.5	1.5	1.5	1.5	1.5
502.476266842294	0.0808600054603494	-8.55278366062098	-113.303821300219	45.7509188891698	0	0	0	0	0	1.5	1.5	1.5	1.5	1.5	1.5
502.715655249556	0.0755501471977415	-8.53406227195879	-113.456075962717	45.5661930020308	0	0	0	0	0	1.5	1.5	1.5	1.5	1.5	1.5
502.955043656817	0.0702402889351335	-8.51661200180887	-113.604965271359	45.3787434648953	0	0	0	0	0	1.5	1.5	1.5	1.5	1.5	1.5
503.194432064079	0.0649304306725256	-8.50043285017122	-113.750682030729	45.1888166753785	0	0	0	0	0	1.5	1.5	1.5	1.5	1.5	1.5
503.433820471341	0.0596205724099151	-8.48552481704584	-113.89342939695	44.9966476417642	0	0	0	0	0	1.5	1.5	1.5	1.5	1.5	1.5
503.673208878603	0.0543107141473072	-8.47188790243274	-114.033419801609	44.8024605981153	0	0	0	0	0	1.5	1.5	1.5	1.5	1.5	1.5
503.912597285864	0.0490008558847005	-8.45952210633191	-114.170873940457	44.6064696828311	0	0	0	0	0	1.5	1.5	1.5	1.5	1.5	1.5
504.151985693126	0.0455437809647316	-8.44825179228236	-114.306010640611	44.4088734379622	0	0	0	0	0	1.5	1.5	1.5	1.5	1.5	1.5
504.391374100388	0.0425733401091536	-8.43770468364918	-114.43898494774	44.2098153763438	0	0	0	0	0	1.5	1.5	1.5	1.5	1.5	1.5
504.630762507649	0.0396028992535757	-8.42786866412128	-114.569923750251	44.0094123387766	0	0	0	0	0	1.5	1.5	1.5	1.5	1.5	1.5
504.870150914911	0.0366324583979978	-8.41874373369867	-114.698956853426	43.8077768504749	0	0	0	0	0	1.5	1.5	1.5	1.5	1.5	1.5
505.109539322173	0.0336620175424185	-8.41032989238133	-114.826216864567	43.605017483291	0	0	0	0	0	1.5	1.5	1.5	1.5	1.5	1.5
505.348927729434	0.0306915766868405	-8.40262714016927	-114.951838926363	43.4012391141345	0	0	0	0	0	1.5	1.5	1.5	1.5	1.5	1.5
505.588316136696	0.0318200884618446	-8.39537719101391	-115.0759511705	43.1965375915412	0	0	0	0	0	1.5	1.5	1.5	1.5	1.5	1.5
505.827704543958	0.0366357116235374	-8.38718342853877	-115.198493680912	42.9908926987105	0	0	0	0	0	1.5	1.5	1.5	1.5	1.5	1.5
506.067092951219	0.0414513347852301	-8.37783686170499	-115.319227860462	42.7841811844457	0	0	0	0	0	1.5	1.5	1.5	1.5	1.5	1.5
506.306481358481	0.0462669579469228	-8.36733749051256	-115.437904824583	42.5762820233817	0	0	0	0	0	1.5	1.5	1.5	1.5	1.5	1.5
506.545869765743	0.0510825811086155	-8.35568531496148	-115.554271788842	42.3670814242821	0	0	0	0	0	1.5	1.5	1.5	1.5	1.5	1.5
506.785258173005	0.0558982042703105	-8.34288033505174	-115.668071756853	42.1564737471366	0	0	0	0	0	1.5	1.5	1.5	1.5	1.5	1.5
507.024646580266	0.0571107717257937	-8.32903592539189	-115.779045370096	41.9443635324835	0	0	0	0	0	1.5	1.5	1.5	1.5	1.5	1.5
507.264034987528	0.0482207563924456	-8.31642835201655	-115.887155737333	41.7307793603407	0	0	0	0	0	1.5	1.5	1.5	1.5	1.5	1.5
507.50342339479	0.0393307410590953	-8.30594894525241	-115.992793665959	41.5159610353187	0	0	0	0	0	1.5	1.5	1.5	1.5	1.5	1.5
507.742811802051	0.0304407257257451	-8.29759770509944	-116.096404531209	41.3001572709623	0	0	0	0	0	1.5	1.5	1.5	1.5	1.5	1.5
507.982200209313	0.0215507103923948	-8.29137463155765	-116.19844019539	41.0836039346582	0	0	0	0	0	1.5	1.5	1.5	1.5	1.5	1.5
508.221588616575	0.0126606950590446	-8.28727972462705	-116.29935740248	40.8665268828862	0	0	0	0	0	1.5	1.5	1.5	1.5	1.5	1.5
508.460977023837	0.0037706797256901	-8.28531298430763	-116.399616278712	40.6491448495086	0	0	0	0	0	1.5	1.5	1.5	1.5	1.5	1.5
508.700365431098	0.00829722672486578	-8.28387399934146	-116.499563266601	40.431619220767	0	0	0	0	0	1.5	1.5	1.5	1.5	1.5	1.5
508.93975383836	0.0128696590330167	-8.28134044580733	-116.599077977153	40.213895540002	0	0	0	0	0	1.5	1.5	1.5	1.5	1.5	1.5
509.179142245622	0.0174420913411687	-8.27771230498563	-116.697921415326	39.995866364653	0	0	0	0	0	1.5	1.5	1.5	1.5	1.5	1.5
509.418530652883	0.0220145236493207	-8.27298957687638	-116.795853590685	39.7774264599874	0	0	0	0	0	1.5	1.5	1.5	1.5	1.5	1.5
509.657919060145	0.0265869559574727	-8.26717226147956	-116.892633181867	39.5584735916434	0	0	0	0	0	1.5	1.5	1.5	1.5	1.5	1.5
509.897307467407	0.0311593882656247	-8.26026035879519	-116.988017217502	39.3389093253512	0	0	0	0	0	1.5	1.5	1.5	1.5	1.5	1.5
510.136695874668	0.0292723981789019	-8.25281926887242	-117.08179116722	39.1186526829884	0	0	0	0	0	1.5	1.5	1.5	1.5	1.5	1.5
510.37608428193	0.0250119033612973	-8.24632175262991	-117.174020948153	38.8977448394332	0	0	0	0	0	1.5	1.5	1.5	1.5	1.5	1.5
510.615472689192	0.0207514085436956	-8.24084414945593	-117.264926431098	38.6762886150176	0	0	0	0	0	1.5	1.5	1.5	1.5	1.5	1.5
510.854861096453	0.016490913726093	-8.23638645935049	-117.35473071856	38.4543834449412	0	0	0	0	0	1.5	1.5	1.5	1.5	1.5	1.5
511.094249503715	0.0122304189084904	-8.23294868231357	-117.443658315868	38.2321254069616	0	0	0	0	0	1.5	1.5	1.5	1.5	1.5	1.5
511.333637910977	0.00796992409088778	-8.23053081834519	-117.531934823284	38.009607902552	0	0	0	0	0	1.5	1.5	1.5	1.5	1.5	1.5
511.573026318238	0.00487511148268015	-8.2290679496479	-117.619784399227	37.786921460376	0	0	0	0	0	1.5	1.5	1.5	1.5	1.5	1.5
511.8124147255	0.0031199740138384	-8.22811098425643	-117.707370629653	37.5641312959081	0	0	0	0	0	1.5	1.5	1.5	1.5	1.5	1.5
512.051803132762	0.00136483654499623	-8.22757417842816	-117.794790439184	37.3412757708637	0	0	0	0	0	1.5	1.5	1.5	1.5	1.5	1.5
512.291191540024	-0.000390300923845527	-8.22745753216307	-117.882137432344	37.1183916928362	0	0	0	0	0	1.5	1.5	1.5	1.5	1.5	1.5
512.530579947285	-0.00214543839268728	-8.22776104546118	-117.96950524968	36.8955157776474	0	0	0	0	0	1.5	1.5	1.5	1.5	1.5	1.5
512.769968354547	-0.00390057586152903	-8.22848471832248	-118.056987521442	36.6726847673649	0	0	0	0	0	1.5	1.5	1.5	1.5	1.5	1.5
513.009356761809	-0.00384625106103599	-8.2295853803267	-118.14467718243	36.4499352964367	0	0	0	0	0	1.5	1.5	1.5	1.5	1.5	1.5
513.24874516907	0.00347652217103593	-8.22962963473174	-118.232530508724	36.2272503119037	0	0	0	0	0	1.5	1.5	1.5	1.5	1.5	1.5
513.488133576332	0.0107992954031079	-8.22792090211603	-118.320198466805	36.0044923166061	0	0	0	0	0	1.5	1.5	1.5	1.5	1.5	1.5
513.727521983594	0.0181220686351833	-8.22445918247955	-118.407290219894	35.7815085086677	0	0	0	0	0	1.5	1.5	1.5	1.5	1.5	1.5
513.966910390855	0.0254448418672552	-8.2192444758223	-118.493413750622	35.5581491191651	0	0	0	0	0	1.5	1.5	1.5	1.5	1.5	1.5
514.206298798117	0.0327676150993271	-8.21227678214429	-118.578175089898	35.3342694800656	0	0	0	0	0	1.5	1.5	1.5	1.5	1.5	1.5
514.445687205379	0.040090388331399	-8.20355610144552	-118.661177590567	35.1097321090399	0	0	0	0	0	1.5	1.5	1.5	1.5	1.5	1.5
514.685075612641	0.0307806557570059	-8.19494264728467	-118.74215192054	34.884455363779	0	0	0	0	0	1.5	1.5	1.5	1.5	1.5	1.5
514.924464019902	0.0203031962202693	-8.18882820630385	-118.82146427574	34.6585877459092	0	0	0	0	0	1.5	1.5	1.5	1.5	1.5	1.5
515.163852427164	0.00982573668353775	-8.18522194767369	-118.899677982309	34.4323370817586	0	0	0	0	0	1.5	1.5	1.5	1.5	1.5	1.5
515.403240834426	-0.000651722853203779	-8.18412387139417	-118.977359331754	34.2059029606092	0	0	0	0	0	1.5	1.5	1.5	1.5	1.5	1.5
515.642629241687	-0.0111291823899403	-8.1855339774653	-119.055076004815	33.9794809690465	0	0	0	0	0	1.5	1.5	1.5	1.5	1.5	1.5
515.882017648949	-0.0216066419266769	-8.18945226588707	-119.13339559057	33.7532669593158	0	0	0	0	0	1.5	1.5	1.5	1.5	1.5	1.5
516.121406056211	-0.0232390309434693	-8.19517098416648	-119.212848514638	33.5274487095717	0	0	0	0	0	1.5	1.5	1.5	1.5	1.5	1.5
516.360794463472	-0.0204854404586132	-8.20040454995013	-119.293552151683	33.3020743506469	0	0	0	0	0	1.5	1.5	1.5	1.5	1.5	1.5
516.600182870734	-0.017731849973757	-8.20497893809336	-119.37536006658	33.0770984083151	0	0	0	0	0	1.5	1.5	1.5	1.5	1.5	1.5
516.839571277996	-0.0149782594889008	-8.20889414859617	-119.458122238614	32.8524716975862	0	0	0	0	0	1.5	1.5	1.5	1.5	1.5	1.5
517.078959685257	-0.0122246690040446	-8.21215018145856	-119.541689319762	32.6281431398508	0	0	0	0	0	1.5	1.5	1.5	1.5	1.5	1.5
517.318348092519	-0.00947107851918711	-8.21474703668053	-119.625912540646	32.4040600607129	0	0	0	0	0	1.5	1.5	1.5	1.5	1.5	1.5
517.557736499781	-0.00889801233944442	-8.21678977591793	-119.710646766526	32.1801696828828	0	0	0	0	0	1.5	1.5	1.5	1.5	1.5	1.5
517.797124907043	-0.0115613209031212	-8.21923863951722	-119.795868008571	31.9564642498587	0	0	0	0	0	1.5	1.5	1.5	1.5	1.5	1.5
518.036513314304	-0.014224629466798	-8.22232506831161	-119.881708048302	31.7329955684162	0	0	0	0	0	1.5	1.5	1.5	1.5	1.5	1.5
518.275901721566	-0.0168879380304748	-8.22604906230111	-119.968308531316	31.5098205258769	0	0	0	0	0	1.5	1.5	1.5	1.5	1.5	1.5
518.515290128827	-0.0195512465941503	-8.23041062148571	-120.055810532214	31.2869974604387	0	0	0	0	0	1.5	1.5	1.5	1.5	1.5	1.5
518.754678536089	-0.0222145551578271	-8.23540974586541	-120.144354436998	31.0645864286141	0	0	0	0	0	1.5	1.5	1.5	1.5	1.5	1.5
518.994066943351	-0.0249898305488285	-8.24104827057888	-120.234079838589	30.8426494779901	0	0	0	0	0	1.5	1.5	1.5	1.5	1.5	1.5
519.233455350613	-0.0284708183695011	-8.24744720037675	-120.325135923376	30.6212552518739	0	0	0	0	0	1.5	1.5	1.5	1.5	1.5	1.5
519.472843757874	-0.0319518061901737	-8.25467943830471	-120.417698768716	30.4004868679243	0	0	0	0	0	1.5	1.5	1.5	1.5	1.5	1.5
519.712232165136	-0.0354327940108462	-8.26274498436275	-120.511947473343	30.1804330552156	0	0	0	0	0	1.5	1.5	1.5	1.5	1.5	1.5
519.951620572398	-0.0389137818315188	-8.27164383855088	-120.608059248981	29.9611867145721	0	0	0	0	0	1.5	1.5	1.5	1.5	1.5	1.5
520.191008979659	-0.0423947696521914	-8.2813760008691	-120.706209152481	29.7428453451469	0	0	0	0	0	1.5	1.5	1.5	1.5	1.5	1.5
520.430397386921	-0.045875757472864	-8.29194147131741	-120.806569799074	29.5255114614543	0	0	0	0	0	1.5	1.5	1.5	1.5	1.5	1.5
520.669785794183	-0.0423516982991147	-8.30260874771764	-120.909265124914	29.3092710053277	0	0	0	0	0	1.5	1.5	1.5	1.5	1.5	1.5
520.909174201445	-0.0378033506704234	-8.31220284247104	-121.014147443338	29.0940825550212	0	0	0	0	0	1.5	1.5	1.5	1.5	1.5	1.5
521.148562608706	-0.0332550030417321	-8.32070811552994	-121.120972915615	28.8798518792353	0	0	0	0	0	1.5	1.5	1.5	1.5	1.5	1.5
521.387951015968	-0.0287066554130408	-8.32812456689433	-121.229500524124	28.666478251637	0	0	0	0	0	1.5	1.5	1.5	1.5	1.5	1.5
521.62733942323	-0.0241583077843495	-8.33445219656421	-121.339491939291	28.4538553299696	0	0	0	0	0	1.5	1.5	1.5	1.5	1.5	1.5
521.866727830491	-0.0196099601556604	-8.33969100453959	-121.450711211483	28.2418719535832	0	0	0	0	0	1.5	1.5	1.5	1.5	1.5	1.5
522.106116237753	-0.0210534743161679	-8.34427598615265	-121.562943018035	28.0304228258291	0	0	0	0	0	1.5	1.5	1.5	1.5	1.5	1.5
522.345504645015	-0.0263841064840447	-8.3499539896087	-121.676244096807	27.8195448492926	0	0	0	0	0	1.5	1.5	1.5	1.5	1.5	1.5
522.584893052276	-0.031714738651919	-8.35690808460912	-121.790874745483	27.6093868305484	0	0	0	0	0	1.5	1.5	1.5	1.5	1.5	1.5
522.824281459538	-0.0370453708197933	-8.36513827115391	-121.907097530579	27.4001053212143	0	0	0	0	0	1.5	1.5	1.5	1.5	1.5	1.5
523.0636698668	-0.0423760029876675	-8.37464454924306	-122.025171566861	27.1918629148841	0	0	0	0	0	1.5	1.5	1.5	1.5	1.5	1.5
523.303058274061	-0.0477066351555418	-8.38542691887658	-122.14535184038	26.9848292073492	0	0	0	0	0	1.5	1.5	1.5	1.5	1.5	1.5
523.542446681323	-0.050549183063414	-8.39738344626821	-122.26788610291	26.7791802923993	0	0	0	0	0	1.5	1.5	1.5	1.5	1.5	1.5
523.781835088585	-0.0486106401163438	-8.40925230233588	-122.392883037335	26.5750188289236	0	0	0	0	0	1.5	1.5	1.5	1.5	1.5	1.5
524.021223495846	-0.0466720971692735	-8.42065709369505	-122.52024730324	26.3723256318676	0	0	0	0	0	1.5	1.5	1.5	1.5	1.5	1.5
524.260611903108	-0.0447335542222024	-8.43159782034572	-122.649868270884	26.1710679795148	0	0	0	0	0	1.5	1.5	1.5	1.5	1.5	1.5
524.50000031037	-0.0427950112751321	-8.44207448228787	-122.781637026433	25.9712098287961	0	0	0	0	0	1.5	1.5	1.5	1.5	1.5	1.5
524.739388717632	-0.0408564683280619	-8.45208707952152	-122.915446357238	25.7727119856225	0	0	0	0	0	1.5	1.5	1.5	1.5	1.5	1.5
524.978777124893	-0.039148790802918	-8.46163774696732	-123.051190740261	25.5755322793782	0	0	0	0	0	1.5	1.5	1.5	1.5	1.5	1.5
525.218165532155	-0.0401984444102111	-8.47113515109646	-123.188795412115	25.3796462588149	0	0	0	0	0	1.5	1.5	1.5	1.5	1.5	1.5
525.457553939417	-0.0412480980175042	-8.48088383013083	-123.328278674841	25.1850935022361	0	0	0	0	0	1.5	1.5	1.5	1.5	1.5	1.5
525.696942346678	-0.0422977516247973	-8.49088378407043	-123.469676152704	24.9919275496727	0	0	0	0	0	1.5	1.5	1.5	1.5	1.5	1.5
525.93633075394	-0.0433474052320909	-8.50113501291526	-123.613022237746	24.8002032487152	0	0	0	0	0	1.5	1.5	1.5	1.5	1.5	1.5
526.175719161202	-0.0443970588393841	-8.51163751666531	-123.758350035306	24.609976767837	0	0	0	0	0	1.5	1.5	1.5	1.5	1.5	1.5
526.415107568463	-0.0454467124466772	-8.52239129532058	-123.905691308065	24.4213056078639	0	0	0	0	0	1.5	1.5	1.5	1.5	1.5	1.5
526.654495975725	-0.0459448180397608	-8.5333426985639	-124.055073707159	24.2342464315924	0	0	0	0	0	1.5	1.5	1.5	1.5	1.5	1.5
526.893884382987	-0.0463157878573167	-8.54438575831325	-124.206504383658	24.0488415304394	0	0	0	0	0	1.5	1.5	1.5	1.5	1.5	1.5
527.133272790248	-0.0466867576748727	-8.55551762393637	-124.35998136764	23.8651269879011	0	0	0	0	0	1.5	1.5	1.5	1.5	1.5	1.5
527.37266119751	-0.0470577274924286	-8.56673829543325	-124.515501953854	23.6831391983752	0	0	0	0	0	1.5	1.5	1.5	1.5	1.5	1.5
527.612049604772	-0.0474286973099847	-8.57804777280391	-124.673062721742	23.5029148849757	0	0	0	0	0	1.5	1.5	1.5	1.5	1.5	1.5
527.851438012034	-0.0477996671275407	-8.58944605604833	-124.832659522022	23.3244910905202	0	0	0	0	0	1.5	1.5	1.5	1.5	1.5	1.5
528.090826419295	-0.0477102507495805	-8.60090293712827	-124.994286492241	23.1479042718868	0	0	0	0	0	1.5	1.5	1.5	1.5	1.5	1.5
528.330214826557	-0.0472413832206717	-8.61226809733978	-125.157919199859	22.9731743955477	0	0	0	0	0	1.5	1.5	1.5	1.5	1.5	1.5
528.569603233819	-0.0467725156917626	-8.62352101610034	-125.323517446204	22.8003061635941	0	0	0	0	0	1.5	1.5	1.5	1.5	1.5	1.5
528.80899164108	-0.0463036481628535	-8.63466169340993	-125.491040860055	22.6293028810924	0	0	0	0	0	1.5	1.5	1.5	1.5	1.5	1.5
529.048380048342	-0.0458347806339444	-8.64569012926856	-125.660449456738	22.4601669710455	0	0	0	0	0	1.5	1.5	1.5	1.5	1.5	1.5
529.287768455604	-0.0453659131050351	-8.65660632367623	-125.831703648673	22.2928999922215	0	0	0	0	0	1.5	1.5	1.5	1.5	1.5	1.5
529.527156862865	-0.042270333543997	-8.66732108092049	-126.004762866946	22.1275011907521	0	0	0	0	0	1.5	1.5	1.5	1.5	1.5	1.5
529.766545270127	-0.0325426795581295	-8.67627576494497	-126.179464911901	21.9638380560707	0	0	0	0	0	1.5	1.5	1.5	1.5	1.5	1.5
530.005933677389	-0.022815025572262	-8.68290176137539	-126.355436900218	21.801540616898	0	0	0	0	0	1.5	1.5	1.5	1.5	1.5	1.5
530.245322084651	-0.0130873715863944	-8.68719907021173	-126.532292859211	21.6402065204439	0	0	0	0	0	1.5	1.5	1.5	1.5	1.5	1.5
530.484710491912	-0.00335971760052688	-8.689167691454	-126.709653511323	21.4794272006462	0	0	0	0	0	1.5	1.5	1.5	1.5	1.5	1.5
530.724098899174	0.00636793638534067	-8.68880762510221	-126.887143444937	21.3187905549326	0	0	0	0	0	1.5	1.5	1.5	1.5	1.5	1.5
530.963487306436	0.0157724675086415	-8.6861195513869	-127.064388244499	21.1578835768235	0	0	0	0	0	1.5	1.5	1.5	1.5	1.5	1.5
531.202875713697	0.00712829408951755	-8.68337846296487	-127.241136488378	20.9964313188809	0	0	0	0	0	1.5	1.5	1.5	1.5	1.5	1.5
531.442264120959	-0.00151587932960232	-8.68270668944973	-127.417609019853	20.8346776398803	0	0	0	0	0	1.5	1.5	1.5	1.5	1.5	1.5
531.681652528221	-0.0101600527487181	-8.6841042308415	-127.594140226471	20.672988020693	0	0	0	0	0	1.5	1.5	1.5	1.5	1.5	1.5
531.921040935482	-0.018804226167838	-8.68757108714015	-127.771064097655	20.5117283059536	0	0	0	0	0	1.5	1.5	1.5	1.5	1.5	1.5
532.160429342744	-0.0274483995869578	-8.69310725834571	-127.948711948746	20.3512667721637	0	0	0	0	0	1.5	1.5	1.5	1.5	1.5	1.5
532.399817750006	-0.0360925730060777	-8.70071274445816	-128.12741011997	20.1919761680567	0	0	0	0	0	1.5	1.5	1.5	1.5	1.5	1.5
532.639206157267	-0.036017001417724	-8.70960227201649	-128.307446663279	20.0342001524374	0	0	0	0	0	1.5	1.5	1.5	1.5	1.5	1.5
532.878594564529	-0.033071806413718	-8.71787180184968	-128.488835841226	19.8779809185433	0	0	0	0	0	1.5	1.5	1.5	1.5	1.5	1.5
533.117982971791	-0.0301266114097134	-8.72543628614179	-128.671456195359	19.7232025528598	0	0	0	0	0	1.5	1.5	1.5	1.5	1.5	1.5
533.357371379053	-0.0271814164057088	-8.73229572489281	-128.855188124045	19.5697451868787	0	0	0	0	0	1.5	1.5	1.5	1.5	1.5	1.5
533.596759786314	-0.0242362214017042	-8.73845011810275	-129.039914760906	19.4174865311505	0	0	0	0	0	1.5	1.5	1.5	1.5	1.5	1.5
533.836148193576	-0.0212910263976995	-8.7438994657716	-129.225521731975	19.2663021405212	0	0	0	0	0	1.5	1.5	1.5	1.5	1.5	1.5
534.075536600838	-0.0157054795921056	-8.74848994800129	-129.411893163851	19.1160610131619	0	0	0	0	0	1.5	1.5	1.5	1.5	1.5	1.5
534.314925008099	-0.00733547882304437	-8.75124781716968	-129.598823870815	18.9665160912039	0	0	0	0	0	1.5	1.5	1.5	1.5	1.5	1.5
534.554313415361	0.00103452194602087	-8.75200200518519	-129.786016949474	18.8172996115589	0	0	0	0	0	1.5	1.5	1.5	1.5	1.5	1.5
534.793701822623	0.00940452271508213	-8.75075251204781	-129.973173060811	18.6680367838176	0	0	0	0	0	1.5	1.5	1.5	1.5	1.5	1.5
535.033090229884	0.0177745234841394	-8.74749933775755	-130.15999258747	18.5183530401114	0	0	0	0	0	1.5	1.5	1.5	1.5	1.5	1.5
535.272478637146	0.0261445242532007	-8.7422424823144	-130.346173386032	18.3678758408809	0	0	0	0	0	1.5	1.5	1.5	1.5	1.5	1.5
535.511867044408	0.0310627232139372	-8.73507339600496	-130.531409586968	18.2162377523374	0	0	0	0	0	1.5	1.5	1.5	1.5	1.5	1.5
535.751255451669	0.0238379260219938	-8.72850210651585	-130.715558095141	18.0632804706762	0	0	0	0	0	1.5	1.5	1.5	1.5	1.5	1.5
535.990643858931	0.0166131288300503	-8.7236603497193	-130.898830906193	17.9092747108134	0	0	0	0	0	1.5	1.5	1.5	1.5	1.5	1.5
536.230032266193	0.00938833163810337	-8.72054812561533	-131.081489894766	17.754541207877	0	0	0	0	0	1.5	1.5	1.5	1.5	1.5	1.5
536.469420673455	0.00216353444615989	-8.71916543420392	-131.263800724366	17.599397527459	0	0	0	0	0	1.5	1.5	1.5	1.5	1.5	1.5
536.708809080716	-0.0050612627457836	-8.71951227548509	-131.44603119032	17.4441594329179	0	0	0	0	0	1.5	1.5	1.5	1.5	1.5	1.5
536.948197487978	-0.0122860599377271	-8.72158864945882	-131.628449578275	17.2891422711578	0	0	0	0	0	1.5	1.5	1.5	1.5	1.5	1.5
537.18758589524	0.000969694947925847	-8.72305267447198	-131.811207864692	17.1345259490681	0	0	0	0	0	1.5	1.5	1.5	1.5	1.5	1.5
537.426974302501	0.0151832545288765	-8.72111926004806	-131.993930230686	16.9798672030371	0	0	0	0	0	1.5	1.5	1.5	1.5	1.5	1.5
537.666362709763	0.0293968141098271	-8.71578328423454	-132.176089065841	16.8245455000715	0	0	0	0	0	1.5	1.5	1.5	1.5	1.5	1.5
537.905751117025	0.0436103736907777	-8.70704474703142	-132.357149999593	16.6679460677377	0	0	0	0	0	1.5	1.5	1.5	1.5	1.5	1.5
538.145139524286	0.0578239332717283	-8.6949036484387	-132.536565695629	16.5094654295484	0	0	0	0	0	1.5	1.5	1.5	1.5	1.5	1.5
538.384527931548	0.0720374928526789	-8.67935998845637	-132.713769828388	16.3485171454654	0	0	0	0	0	1.5	1.5	1.5	1.5	1.5	1.5
538.62391633881	0.0747520556266505	-8.66136730919547	-132.888207692069	16.1845760593609	0	0	0	0	0	1.5	1.5	1.5	1.5	1.5	1.5
538.863304746071	0.0723677150092754	-8.64375792541085	-133.059687422137	16.0175430361626	0	0	0	0	0	1.5	1.5	1.5	1.5	1.5	1.5
539.102693153333	0.0699833743919004	-8.62671932512899	-133.228248025418	15.847564372423	0	0	0	0	0	1.5	1.5	1.5	1.5	1.5	1.5
539.342081560595	0.0675990337745254	-8.6102515083499	-133.393937551546	15.6747856255606	0	0	0	0	0	1.5	1.5	1.5	1.5	1.5	1.5
539.581469967856	0.0652146931571504	-8.59435447507357	-133.556809651797	15.4993482247175	0	0	0	0	0	1.5	1.5	1.5	1.5	1.5	1.5
539.820858375118	0.0628303525397742	-8.57902822529999	-133.716923268924	15.3213894728314	0	0	0	0	0	1.5	1.5	1.5	1.5	1.5	1.5
540.06024678238	0.060825663363985	-8.56425324800965	-133.874341830433	15.1410421290687	0	0	0	0	0	1.5	1.5	1.5	1.5	1.5	1.5
540.299635189642	0.0593255487088404	-8.54987184436531	-134.029116642406	14.9584207190397	0	0	0	0	0	1.5	1.5	1.5	1.5	1.5	1.5
540.539023596903	0.0578254340536957	-8.53584955077898	-134.181282436417	14.7736196322855	0	0	0	0	0	1.5	1.5	1.5	1.5	1.5	1.5
540.778412004165	0.0563253193985511	-8.52218636725065	-134.330875642089	14.5867298497184	0	0	0	0	0	1.5	1.5	1.5	1.5	1.5	1.5
541.017800411427	0.0548252047434065	-8.50888229378033	-134.477935432629	14.3978399816345	0	0	0	0	0	1.5	1.5	1.5	1.5	1.5	1.5
541.257188818688	0.0533250900882619	-8.49593733036801	-134.622503597002	14.207036273276	0	0	0	0	0	1.5	1.5	1.5	1.5	1.5	1.5
541.49657722595	0.0526088340189436	-8.483335987951	-134.764624250736	14.0144024956623	0	0	0	0	0	1.5	1.5	1.5	1.5	1.5	1.5
541.735965633212	0.0558568583291649	-8.47035327328413	-134.904286185164	13.8199788637824	0	0	0	0	0	1.5	1.5	1.5	1.5	1.5	1.5
541.975354040473	0.0591048826393861	-8.45659301925088	-135.041335860421	13.62370535112	0	0	0	0	0	1.5	1.5	1.5	1.5	1.5	1.5
542.214742447735	0.0623529069496074	-8.44205522585126	-135.175594708577	13.4255126119035	0	0	0	0	0	1.5	1.5	1.5	1.5	1.5	1.5
542.454130854997	0.0656009312598287	-8.42673989308527	-135.30688024688	13.2253381960302	0	0	0	0	0	1.5	1.5	1.5	1.5	1.5	1.5
542.693519262259	0.06884895557005	-8.41064702095291	-135.435006036077	13.0231270320023	0	0	0	0	0	1.5	1.5	1.5	1.5	1.5	1.5
542.93290766952	0.0720969798802713	-8.39377660945418	-135.559781668997	12.8188319225466	0	0	0	0	0	1.5	1.5	1.5	1.5	1.5	1.5
543.172296076782	0.0695741664399806	-8.37675226950945	-135.681051635871	12.6124366232211	0	0	0	0	0	1.5	1.5	1.5	1.5	1.5	1.5
543.411684484044	0.066430185308395	-8.3604733369366	-135.798867548622	12.4040500721743	0	0	0	0	0	1.5	1.5	1.5	1.5	1.5	1.5
543.651072891305	0.0632862041768095	-8.3449470369993	-135.913354926783	12.193816158377	0	0	0	0	0	1.5	1.5	1.5	1.5	1.5	1.5
543.890461298567	0.0601422230452239	-8.33017336969756	-136.024644353748	11.9818717538314	0	0	0	0	0	1.5	1.5	1.5	1.5	1.5	1.5
544.129849705829	0.0569982419136383	-8.31615233503136	-136.132871011839	11.7683469048213	0	0	0	0	0	1.5	1.5	1.5	1.5	1.5	1.5
544.36923811309	0.0538542607820528	-8.30288393300071	-136.238174289458	11.553365071931	0	0	0	0	0	1.5	1.5	1.5	1.5	1.5	1.5
544.608626520352	0.0573322915774726	-8.28986209474581	-136.340674064356	11.337032448422	0	0	0	0	0	1.5	1.5	1.5	1.5	1.5	1.5
544.848014927614	0.06455985464236	-8.27527231137517	-136.440190737896	11.1193119292881	0	0	0	0	0	1.5	1.5	1.5	1.5	1.5	1.5
545.087403334875	0.0717874177072474	-8.25895233319405	-136.536330601807	10.9000799427106	0	0	0	0	0	1.5	1.5	1.5	1.5	1.5	1.5
545.326791742137	0.0790149807721348	-8.24090216020244	-136.628688708092	10.6792287856119	0	0	0	0	0	1.5	1.5	1.5	1.5	1.5	1.5
545.566180149399	0.0862425438370222	-8.22112179240034	-136.716852841919	10.4566708688322	0	0	0	0	0	1.5	1.5	1.5	1.5	1.5	1.5
545.805568556661	0.0934701069019096	-8.19961122978776	-136.80040345309	10.2323409889132	0	0	0	0	0	1.5	1.5	1.5	1.5	1.5	1.5
546.044956963922	0.0958409757882005	-8.17659087947338	-136.878920105803	10.0062007773572	0	0	0	0	0	1.5	1.5	1.5	1.5	1.5	1.5
546.284345371184	0.0902591315122515	-8.15431577533444	-136.952256150057	9.77832742547247	0	0	0	0	0	1.5	1.5	1.5	1.5	1.5	1.5
546.523733778446	0.0846772872363026	-8.1333769000063	-137.020651966585	9.54892226441832	0	0	0	0	0	1.5	1.5	1.5	1.5	1.5	1.5
546.763122185707	0.079095442960351	-8.11377425348895	-137.084383976709	9.31817737233872	0	0	0	0	0	1.5	1.5	1.5	1.5	1.5	1.5
547.002510592969	0.0735135986844021	-8.09550783578242	-137.143735902335	9.08626668930336	0	0	0	0	0	1.5	1.5	1.5	1.5	1.5	1.5
547.241899000231	0.0679317544084532	-8.07857764688668	-137.198997721974	8.85334702103705	0	0	0	0	0	1.5	1.5	1.5	1.5	1.5	1.5
547.481287407492	0.0629270254281066	-8.06297569214299	-137.250464665589	8.61955907957146	0	0	0	0	0	1.5	1.5	1.5	1.5	1.5	1.5
547.720675814754	0.0623317102505107	-8.04798294752813	-137.298371894558	8.38501562200594	0	0	0	0	0	1.5	1.5	1.5	1.5	1.5	1.5
547.960064222016	0.0617363950729149	-8.03313271446545	-137.342774190486	8.14978341226293	0	0	0	0	0	1.5	1.5	1.5	1.5	1.5	1.5
548.199452629278	0.061141079895319	-8.01842499295496	-137.38369527962	7.91392065351438	0	0	0	0	0	1.5	1.5	1.5	1.5	1.5	1.5
548.438841036539	0.0605457647177231	-8.00385978299665	-137.421159918231	7.67748419846535	0	0	0	0	0	1.5	1.5	1.5	1.5	1.5	1.5
548.678229443801	0.0599504495401272	-7.98943708459053	-137.45519384842	7.44052954511058	0	0	0	0	0	1.5	1.5	1.5	1.5	1.5	1.5
548.917617851063	0.0593551343625313	-7.97515689773659	-137.485823754629	7.20311083369477	0	0	0	0	0	1.5	1.5	1.5	1.5	1.5	1.5
549.157006258324	0.057824739619521	-7.96111459957623	-137.513083667217	6.96528155724795	0	0	0	0	0	1.5	1.5	1.5	1.5	1.5	1.5
549.396394665586	0.0561321229987226	-7.94747462365687	-137.537048949172	6.72709762350073	0	0	0	0	0	1.5	1.5	1.5	1.5	1.5	1.5
549.635783072848	0.0544395063779242	-7.93423984053447	-137.55781160536	6.48861306394777	0	0	0	0	0	1.5	1.5	1.5	1.5	1.5	1.5
549.875171480109	0.0527468897571259	-7.92141025020902	-137.575464618864	6.24987807575781	0	0	0	0	0	1.5	1.5	1.5	1.5	1.5	1.5
550.114559887371	0.0510542731363267	-7.90898585268053	-137.590101806181	6.01093911893846	0	0	0	0	0	1.5	1.5	1.5	1.5	1.5	1.5
550.353948294633	0.0493616565155283	-7.896966647949	-137.60181771344	5.77183902033112	0	0	0	0	0	1.5	1.5	1.5	1.5	1.5	1.5
550.593336701894	0.0437387056059003	-7.88562923747239	-137.610720490111	5.53261751002575	0	0	0	0	0	1.5	1.5	1.5	1.5	1.5	1.5
550.832725109156	0.0353614549617918	-7.87616140674617	-137.617122521552	5.29331561884039	0	0	0	0	0	1.5	1.5	1.5	1.5	1.5	1.5
551.072113516418	0.0269842043176833	-7.86869899270887	-137.621498634227	5.05396776965528	0	0	0	0	0	1.5	1.5	1.5	1.5	1.5	1.5
551.31150192368	0.0186069536735749	-7.8632419953605	-137.624328552761	4.81459638756949	0	0	0	0	0	1.5	1.5	1.5	1.5	1.5	1.5
551.550890330941	0.0102297030294664	-7.85979041470105	-137.626092218756	4.57521459669938	0	0	0	0	0	1.5	1.5	1.5	1.5	1.5	1.5
551.790278738203	0.00185245238535792	-7.85834425073053	-137.627269665097	4.33582910665513	0	0	0	0	0	1.5	1.5	1.5	1.5	1.5	1.5
552.029667145465	-0.00488638102157915	-7.8588404036109	-137.628339334487	4.09644309250639	0	0	0	0	0	1.5	1.5	1.5	1.5	1.5	1.5
552.269055552726	-0.00817156721658636	-7.86040336432632	-137.629673849272	3.85705842949229	0	0	0	0	0	1.5	1.5	1.5	1.5	1.5	1.5
552.508443959988	-0.0114567534115936	-7.86275276053252	-137.631476640095	3.6176768657331	0	0	0	0	0	1.5	1.5	1.5	1.5	1.5	1.5
552.74783236725	-0.0147419396066008	-7.8658885922295	-137.633935954088	3.37830118965781	0	0	0	0	0	1.5	1.5	1.5	1.5	1.5	1.5
552.987220774511	-0.018027125801608	-7.86981085941726	-137.637240018843	3.13893573857934	0	0	0	0	0	1.5	1.5	1.5	1.5	1.5	1.5
553.226609181773	-0.0213123119966152	-7.8745195620958	-137.641577026395	2.89958684268818	0	0	0	0	0	1.5	1.5	1.5	1.5	1.5	1.5
553.465997589035	-0.0245919698309075	-7.8800146631051	-137.647135109198	2.66026326885487	0	0	0	0	0	1.5	1.5	1.5	1.5	1.5	1.5
553.705385996297	-0.0277787118895132	-7.88628313014724	-137.654101200321	2.42097663025983	0	0	0	0	0	1.5	1.5	1.5	1.5	1.5	1.5
553.944774403558	-0.0309654539481175	-7.89331446629513	-137.662658354673	2.18174170703122	0	0	0	0	0	1.5	1.5	1.5	1.5	1.5	1.5
554.18416281082	-0.0341521960067217	-7.90110867154879	-137.672988646438	1.94257690100072	0	0	0	0	0	1.5	1.5	1.5	1.5	1.5	1.5
554.423551218082	-0.0373389380653259	-7.9096657459082	-137.6852738901	1.70350466800378	0	0	0	0	0	1.5	1.5	1.5	1.5	1.5	1.5
554.662939625343	-0.0405256801239302	-7.91898568937339	-137.699695555618	1.46455193159422	0	0	0	0	0	1.5	1.5	1.5	1.5	1.5	1.5
554.902328032605	-0.0437124221825344	-7.92906850194433	-137.716434666616	1.22575049493487	0	0	0	0	0	1.5	1.5	1.5	1.5	1.5	1.5
555.141716439867	-0.047450520777452	-7.9399664179467	-137.73567496747	0.987137726296053	0	0	0	0	0	1.5	1.5	1.5	1.5	1.5	1.5
555.381104847128	-0.0513338607702532	-7.95179033582722	-137.757624436922	0.748759114403077	0	0	0	0	0	1.5	1.5	1.5	1.5	1.5	1.5
555.62049325439	-0.0552172007630544	-7.96454388028347	-137.782501522328	0.510668452409479	0	0	0	0	0	1.5	1.5	1.5	1.5	1.5	1.5
555.859881661652	-0.0591005407558556	-7.97822705131545	-137.810523481637	0.272927658394181	0	0	0	0	0	1.5	1.5	1.5	1.5	1.5	1.5
556.099270068913	-0.0629838807486569	-7.99283984892316	-137.84190604289	0.0356073588544688	0	0	0	0	0	1.5	1.5	1.5	1.5	1.5	1.5
556.338658476175	-0.0668672207414581	-8.00838227310661	-137.876863083764	-0.201212532932264	0	0	0	0	0	1.5	1.5	1.5	1.5	1.5	1.5
556.578046883437	-0.069940766767966	-8.02480308211044	-137.91560413752	-0.437442613087433	0	0	0	0	0	1.5	1.5	1.5	1.5	1.5	1.5
556.817435290698	-0.0722923204146312	-8.04182755821072	-137.95829323616	-0.672991050273476	0	0	0	0	0	1.5	1.5	1.5	1.5	1.5	1.5
557.05682369796	-0.0746438740612975	-8.05941496899307	-138.005052088851	-0.907765286619831	0	0	0	0	0	1.5	1.5	1.5	1.5	1.5	1.5
557.296212105222	-0.0769954277079627	-8.07756531445748	-138.055998363025	-1.14166636278636	0	0	0	0	0	1.5	1.5	1.5	1.5	1.5	1.5
557.535600512484	-0.0793469813546278	-8.09627859460395	-138.111246912382	-1.37458852785155	0	0	0	0	0	1.5	1.5	1.5	1.5	1.5	1.5
557.774988919745	-0.081698535001293	-8.11555480943249	-138.170909473686	-1.60641909925505	0	0	0	0	0	1.5	1.5	1.5	1.5	1.5	1.5
558.014377327007	-0.082158390058512	-8.13533332299659	-138.235093100242	-1.83703869366805	0	0	0	0	0	1.5	1.5	1.5	1.5	1.5	1.5
558.253765734269	-0.0774460063618003	-8.1544370441221	-138.303774501621	-2.06635928084279	0	0	0	0	0	1.5	1.5	1.5	1.5	1.5	1.5
558.49315414153	-0.0727336226650886	-8.17241267522005	-138.376695512704	-2.29436759755958	0	0	0	0	0	1.5	1.5	1.5	1.5	1.5	1.5
558.732542548792	-0.0680212389683769	-8.18926021629043	-138.453575382248	-2.5210721180401	0	0	0	0	0	1.5	1.5	1.5	1.5	1.5	1.5
558.971930956054	-0.0633088552716653	-8.20497966733326	-138.534136561922	-2.74649511092494	0	0	0	0	0	1.5	1.5	1.5	1.5	1.5	1.5
559.211319363315	-0.0585964715749536	-8.21957102834852	-138.618104855696	-2.97067164475993	0	0	0	0	0	1.5	1.5	1.5	1.5	1.5	1.5
559.450707770577	-0.0539183748724882	-8.23303431380491	-138.705209495382	-3.19364860671484	0	0	0	0	0	1.5	1.5	1.5	1.5	1.5	1.5
559.690096177839	-0.0589312867672856	-8.24654176418489	-138.795270017502	-3.41544815691587	0	0	0	0	0	1.5	1.5	1.5	1.5	1.5	1.5
559.9294845851	-0.063944198662083	-8.26124924755912	-138.888450372368	-3.63595484136745	0	0	0	0	0	1.5	1.5	1.5	1.5	1.5	1.5
560.168872992362	-0.0689571105568803	-8.27715676392758	-138.984994936878	-3.85500905392075	0	0	0	0	0	1.5	1.5	1.5	1.5	1.5	1.5
560.408261399624	-0.0739700224516777	-8.29426431329027	-139.085142062606	-4.07243942204318	0	0	0	0	0	1.5	1.5	1.5	1.5	1.5	1.5
560.647649806886	-0.0789829343464774	-8.31257189564722	-139.189123264995	-4.28806205158151	0	0	0	0	0	1.5	1.5	1.5	1.5	1.5	1.5
560.887038214147	-0.0839958462412748	-8.3320795109984	-139.297162340413	-4.50167981838578	0	0	0	0	0	1.5	1.5	1.5	1.5	1.5	1.5
561.126426621409	-0.0815710300504884	-8.352125742939	-139.409439896624	-4.7131003292414	0	0	0	0	0	1.5	1.5	1.5	1.5	1.5	1.5
561.365815028671	-0.0765729122110292	-8.37105465616703	-139.525823027387	-4.9222893949399	0	0	0	0	0	1.5	1.5	1.5	1.5	1.5	1.5
561.605203435932	-0.07157479437157	-8.38878707792617	-139.646021185692	-5.12931043384552	0	0	0	0	0	1.5	1.5	1.5	1.5	1.5	1.5
561.844591843194	-0.0665766765321108	-8.40532300821642	-139.769748873268	-5.33424203936159	0	0	0	0	0	1.5	1.5	1.5	1.5	1.5	1.5
562.083980250456	-0.0615785586926516	-8.42066244703777	-139.89672704594	-5.5371760912303	0	0	0	0	0	1.5	1.5	1.5	1.5	1.5	1.5
562.323368657717	-0.0565804408531924	-8.43480539439023	-140.026682995206	-5.73821664796154	0	0	0	0	0	1.5	1.5	1.5	1.5	1.5	1.5
562.562757064979	-0.058657791421007	-8.44815708279181	-140.15936299018	-5.93747023284306	0	0	0	0	0	1.5	1.5	1.5	1.5	1.5	1.5
562.802145472241	-0.0684466446666184	-8.46337074704726	-140.294843928269	-6.13482934508625	0	0	0	0	0	1.5	1.5	1.5	1.5	1.5	1.5
563.041533879502	-0.0782354979122298	-8.4809277492901	-140.433539886151	-6.32994153926203	0	0	0	0	0	1.5	1.5	1.5	1.5	1.5	1.5
563.280922286764	-0.0880243511578412	-8.50082808952033	-140.575864977961	-6.52242137229194	0	0	0	0	0	1.5	1.5	1.5	1.5	1.5	1.5
563.520310694026	-0.0978132044034526	-8.52307176773794	-140.722213507054	-6.71185884035087	0	0	0	0	0	1.5	1.5	1.5	1.5	1.5	1.5
563.759699101288	-0.107602057649064	-8.54765878394294	-140.87295656752	-6.89781703979678	0	0	0	0	0	1.5	1.5	1.5	1.5	1.5	1.5
563.999087508549	-0.111564085081854	-8.5744340078625	-141.028436276026	-7.07983193443578	0	0	0	0	0	1.5	1.5	1.5	1.5	1.5	1.5
564.238475915811	-0.0951565973771746	-8.59917727532346	-141.188634406341	-7.25770954310042	0	0	0	0	0	1.5	1.5	1.5	1.5	1.5	1.5
564.477864323073	-0.0787491096724947	-8.61999278043562	-141.352843791538	-7.43189340275336	0	0	0	0	0	1.5	1.5	1.5	1.5	1.5	1.5
564.717252730334	-0.0623416219678149	-8.636880523199	-141.520308486245	-7.60295193768001	0	0	0	0	0	1.5	1.5	1.5	1.5	1.5	1.5
564.956641137596	-0.0459341342631351	-8.64984050361359	-141.690308121733	-7.77149311998368	0	0	0	0	0	1.5	1.5	1.5	1.5	1.5	1.5
565.196029544858	-0.0295266465584552	-8.6588727216794	-141.862151356273	-7.93815541761508	0	0	0	0	0	1.5	1.5	1.5	1.5	1.5	1.5
565.435417952119	-0.0131191588537832	-8.66397717739641	-142.035168713762	-8.10359929898101	0	0	0	0	0	1.5	1.5	1.5	1.5	1.5	1.5
565.674806359381	-0.0114452490195216	-8.66683919474353	-142.20879344087	-8.26840592699275	0	0	0	0	0	1.5	1.5	1.5	1.5	1.5	1.5
565.914194766643	-0.0104549847021093	-8.66946052577817	-142.382869081053	-8.43273622914963	0	0	0	0	0	1.5	1.5	1.5	1.5	1.5	1.5
566.153583173905	-0.00946472038469705	-8.67184479901509	-142.557355470458	-8.59663034829696	0	0	0	0	0	1.5	1.5	1.5	1.5	1.5	1.5
566.392971581166	-0.00847445606728476	-8.67399201445431	-142.732212761674	-8.76012871286878	0	0	0	0	0	1.5	1.5	1.5	1.5	1.5	1.5
566.632359988428	-0.00748419174987246	-8.67590217209581	-142.907401386796	-8.9232720171447	0	0	0	0	0	1.5	1.5	1.5	1.5	1.5	1.5
566.87174839569	-0.00649392743246017	-8.67757527193959	-143.082882029034	-9.08610119253599	0	0	0	0	0	1.5	1.5	1.5	1.5	1.5	1.5
567.111136802951	-0.00671722339723908	-8.67911149399885	-143.258619335801	-9.24865333005229	0	0	0	0	0	1.5	1.5	1.5	1.5	1.5	1.5
567.350525210213	-0.00748656228175933	-8.68081160481425	-143.434618139547	-9.41092229444555	0	0	0	0	0	1.5	1.5	1.5	1.5	1.5	1.5
567.589913617475	-0.00825590116627994	-8.68269588643985	-143.610907473463	-9.57287556956101	0	0	0	0	0	1.5	1.5	1.5	1.5	1.5	1.5
567.829302024736	-0.00902524005080019	-8.68476433887566	-143.78751653663	-9.73448011127716	0	0	0	0	0	1.5	1.5	1.5	1.5	1.5	1.5
568.068690431998	-0.00979457893532044	-8.68701696212168	-143.964474334188	-9.89570270020152	0	0	0	0	0	1.5	1.5	1.5	1.5	1.5	1.5
568.30807883926	-0.0105639178198407	-8.68945375617791	-144.14180965859	-10.0565099260673	0	0	0	0	0	1.5	1.5	1.5	1.5	1.5	1.5
568.547467246521	-0.00125959408059867	-8.69156349369389	-144.319539495976	-10.2168810246676	0	0	0	0	0	1.5	1.5	1.5	1.5	1.5	1.5
568.786855653783	0.0217303780662626	-8.68911325950702	-144.49728862593	-10.3772307214256	0	0	0	0	0	1.5	1.5	1.5	1.5	1.5	1.5
569.026244061045	0.0447203502131349	-8.68115949250493	-144.674200793412	-10.5385025106641	0	0	0	0	0	1.5	1.5	1.5	1.5	1.5	1.5
569.265632468307	0.067710322360018	-8.6677021926876	-144.849375495687	-10.7016581601474	0	0	0	0	0	1.5	1.5	1.5	1.5	1.5	1.5
569.505020875568	0.0907002945068902	-8.64874136005505	-145.021881419202	-10.8676304367911	0	0	0	0	0	1.5	1.5	1.5	1.5	1.5	1.5
569.74440928283	0.113690266653762	-8.62427699460726	-145.190741593909	-11.0373071599257	0	0	0	0	0	1.5	1.5	1.5	1.5	1.5	1.5
569.983797690092	0.130513617511021	-8.59443438795023	-145.354921061938	-11.2115128777039	0	0	0	0	0	1.5	1.5	1.5	1.5	1.5	1.5
570.223186097353	0.117175237453871	-8.56478746770697	-145.513727251052	-11.3906307319379	0	0	0	0	0	1.5	1.5	1.5	1.5	1.5	1.5
570.462574504615	0.103836857396721	-8.53833360102104	-145.66744844803	-11.5741334851091	0	0	0	0	0	1.5	1.5	1.5	1.5	1.5	1.5
570.701962911877	0.0904984773395713	-8.51507278789245	-145.816562222089	-11.7614014942778	0	0	0	0	0	1.5	1.5	1.5	1.5	1.5	1.5
570.941351319138	0.0771600972824149	-8.49500502832118	-145.961585130583	-11.9518568474847	0	0	0	0	0	1.5	1.5	1.5	1.5	1.5	1.5
571.1807397264	0.0638217172252649	-8.47813032230725	-146.103066250211	-12.1449592598247	0	0	0	0	0	1.5	1.5	1.5	1.5	1.5	1.5
571.420128133662	0.0504833371681149	-8.46444866985066	-146.241581282407	-12.3402014188324	0	0	0	0	0	1.5	1.5	1.5	1.5	1.5	1.5
571.659516540924	0.0534361612949551	-8.45219585371482	-146.377622162505	-12.5371759686906	0	0	0	0	0	1.5	1.5	1.5	1.5	1.5	1.5
571.898904948185	0.0581042035861489	-8.43884511856768	-146.511132001042	-12.7358744368367	0	0	0	0	0	1.5	1.5	1.5	1.5	1.5	1.5
572.138293355447	0.0627722458773405	-8.42437690821144	-146.641865053346	-12.9364104156757	0	0	0	0	0	1.5	1.5	1.5	1.5	1.5	1.5
572.377681762708	0.0674402881685343	-8.40879122264606	-146.769569836563	-13.1388879150044	0	0	0	0	0	1.5	1.5	1.5	1.5	1.5	1.5
572.61707016997	0.0721083304597303	-8.39208806187156	-146.893989050026	-13.3434003508203	0	0	0	0	0	1.5	1.5	1.5	1.5	1.5	1.5
572.856458577232	0.0767763727509242	-8.37426742588794	-147.014859435307	-13.5500295907862	0	0	0	0	0	1.5	1.5	1.5	1.5	1.5	1.5
573.095846984494	0.0805224943765686	-8.35540026024417	-147.131914889835	-13.7588432121542	0	0	0	0	0	1.5	1.5	1.5	1.5	1.5	1.5
573.335235391755	0.0837565831744707	-8.33573700688349	-147.244924130991	-13.9698737181916	0	0	0	0	0	1.5	1.5	1.5	1.5	1.5	1.5
573.574623799017	0.0869906719723729	-8.31529955015653	-147.353679563355	-14.183127254476	0	0	0	0	0	1.5	1.5	1.5	1.5	1.5	1.5
573.814012206279	0.0902247607702751	-8.29408789006331	-147.457970685142	-14.3985988830943	0	0	0	0	0	1.5	1.5	1.5	1.5	1.5	1.5
574.05340061354	0.0934588495681772	-8.27210202660381	-147.557583784292	-14.6162723348367	0	0	0	0	0	1.5	1.5	1.5	1.5	1.5	1.5
574.292789020802	0.0966929383660809	-8.24934195977803	-147.652302222842	-14.8361194478094	0	0	0	0	0	1.5	1.5	1.5	1.5	1.5	1.5
574.532177428064	0.0972645146894467	-8.22593017294075	-147.741910266809	-15.0580982307752	0	0	0	0	0	1.5	1.5	1.5	1.5	1.5	1.5
574.771565835326	0.0935710585916603	-8.20308826097243	-147.826340483556	-15.2820979101188	0	0	0	0	0	1.5	1.5	1.5	1.5	1.5	1.5
575.010954242587	0.089877602493874	-8.18113051957666	-147.905732516298	-15.5079328324395	0	0	0	0	0	1.5	1.5	1.5	1.5	1.5	1.5
575.250342649849	0.0861841463960876	-8.16005694875342	-147.980247680026	-15.7354238851592	0	0	0	0	0	1.5	1.5	1.5	1.5	1.5	1.5
575.48973105711	0.082490690298303	-8.13986754850273	-148.050053946047	-15.9644041204233	0	0	0	0	0	1.5	1.5	1.5	1.5	1.5	1.5
575.729119464372	0.0787972342005167	-8.12056231882457	-148.115325245837	-16.1947184428169	0	0	0	0	0	1.5	1.5	1.5	1.5	1.5	1.5
575.968507871634	0.0759651244853119	-8.10212866547494	-148.176240704614	-16.4262232923239	0	0	0	0	0	1.5	1.5	1.5	1.5	1.5	1.5
576.207896278896	0.079322765306686	-8.08354160517276	-148.232892092316	-16.6588082873537	0	0	0	0	0	1.5	1.5	1.5	1.5	1.5	1.5
576.447284686157	0.0826804061280584	-8.06415076458221	-148.285116920692	-16.8924267394668	0	0	0	0	0	1.5	1.5	1.5	1.5	1.5	1.5
576.686673093419	0.0860380469494309	-8.04395614370327	-148.332707811504	-17.1270327262472	0	0	0	0	0	1.5	1.5	1.5	1.5	1.5	1.5
576.926061500681	0.0893956877708033	-8.02295774253595	-148.375456826129	-17.3625687650072	0	0	0	0	0	1.5	1.5	1.5	1.5	1.5	1.5
577.165449907942	0.0927533285921758	-8.00115556108024	-148.413155843048	-17.5989653039926	0	0	0	0	0	1.5	1.5	1.5	1.5	1.5	1.5
577.404838315204	0.0961109694135482	-7.97854959933615	-148.44559698453	-17.8361402213109	0	0	0	0	0	1.5	1.5	1.5	1.5	1.5	1.5
577.644226722466	0.0912252315840815	-7.95599178483938	-148.472631457251	-18.0739920936953	0	0	0	0	0	1.5	1.5	1.5	1.5	1.5	1.5
577.883615129728	0.0850355637683461	-7.93489438930832	-148.494465914873	-18.3123782095724	0	0	0	0	0	1.5	1.5	1.5	1.5	1.5	1.5
578.123003536989	0.0788458959526137	-7.91527872849716	-148.511443512845	-18.5511599782071	0	0	0	0	0	1.5	1.5	1.5	1.5	1.5	1.5
578.362391944251	0.0726562281368814	-7.89714480240589	-148.52391142683	-18.7902202009554	0	0	0	0	0	1.5	1.5	1.5	1.5	1.5	1.5
578.601780351513	0.0664665603211519	-7.88049261103451	-148.532219693991	-19.0294616225827	0	0	0	0	0	1.5	1.5	1.5	1.5	1.5	1.5
578.841168758774	0.0602768925054195	-7.86532215438301	-148.53672043118	-19.2688054206379	0	0	0	0	0	1.5	1.5	1.5	1.5	1.5	1.5
579.080557166036	0.060055269586168	-7.8512050913498	-148.537746693489	-19.5081896594967	0	0	0	0	0	1.5	1.5	1.5	1.5	1.5	1.5
579.319945573298	0.063818453481249	-7.83637812471646	-148.535325354284	-19.7475636278708	0	0	0	0	0	1.5	1.5	1.5	1.5	1.5	1.5
579.559333980559	0.0675816373763319	-7.82065029548423	-148.529247435507	-19.9868723971908	0	0	0	0	0	1.5	1.5	1.5	1.5	1.5	1.5
579.798722387821	0.0713448212714129	-7.80402160365314	-148.51929889348	-20.2260512329644	0	0	0	0	0	1.5	1.5	1.5	1.5	1.5	1.5
580.038110795083	0.075108005166494	-7.78649204922316	-148.5052670542	-20.4650249752597	0	0	0	0	0	1.5	1.5	1.5	1.5	1.5	1.5
580.277499202344	0.078871189061575	-7.76806163219432	-148.486940994741	-20.7037074900438	0	0	0	0	0	1.5	1.5	1.5	1.5	1.5	1.5
580.516887609606	0.080526108338276	-7.74881577053	-148.464114268257	-20.942001372295	0	0	0	0	0	1.5	1.5	1.5	1.5	1.5	1.5
580.756276016868	0.0780609259103932	-7.72983382175942	-148.436715565299	-21.1798130622828	0	0	0	0	0	1.5	1.5	1.5	1.5	1.5	1.5
580.995664424129	0.0755957434825104	-7.71144200908387	-148.404877916703	-21.4170714831577	0	0	0	0	0	1.5	1.5	1.5	1.5	1.5	1.5
581.235052831391	0.0731305610546265	-7.69364033250333	-148.368752078404	-21.6537151392125	0	0	0	0	0	1.5	1.5	1.5	1.5	1.5	1.5
581.474441238653	0.0706653786267437	-7.67642879201782	-148.328489125017	-21.8896903273186	0	0	0	0	0	1.5	1.5	1.5	1.5	1.5	1.5
581.713829645915	0.0682001961988609	-7.65980738762733	-148.284240218271	-22.1249508731318	0	0	0	0	0	1.5	1.5	1.5	1.5	1.5	1.5
581.953218053176	0.0653179676431038	-7.64377991728724	-148.236156420432	-22.3594578680291	0	0	0	0	0	1.5	1.5	1.5	1.5	1.5	1.5
582.192606460438	0.0573713857978631	-7.62909471283314	-148.184452038368	-22.5931936938024	0	0	0	0	0	1.5	1.5	1.5	1.5	1.5	1.5
582.4319948677	0.0494248039526224	-7.61631182795015	-148.129542375698	-22.8261978951701	0	0	0	0	0	1.5	1.5	1.5	1.5	1.5	1.5
582.671383274961	0.0414782221073817	-7.60543126263826	-148.071879670914	-23.0585365625477	0	0	0	0	0	1.5	1.5	1.5	1.5	1.5	1.5
582.910771682223	0.033531640262141	-7.59645301689748	-148.01191276737	-23.2902915943602	0	0	0	0	0	1.5	1.5	1.5	1.5	1.5	1.5
583.150160089485	0.0255850584168965	-7.58937709072781	-147.950087419536	-23.5215580997219	0	0	0	0	0	1.5	1.5	1.5	1.5	1.5	1.5
583.389548496746	0.0176384765716558	-7.58420348412924	-147.886846725467	-23.7524418281075	0	0	0	0	0	1.5	1.5	1.5	1.5	1.5	1.5
583.628936904008	0.0136426140621449	-7.58054910181944	-147.822607810073	-23.9830499544508	0	0	0	0	0	1.5	1.5	1.5	1.5	1.5	1.5
583.86832531127	0.0105726494781013	-7.57765067513427	-147.757615779331	-24.2134470145654	0	0	0	0	0	1.5	1.5	1.5	1.5	1.5	1.5
584.107713718531	0.00750268489405763	-7.57548716238124	-147.692040819229	-24.4436788797417	0	0	0	0	0	1.5	1.5	1.5	1.5	1.5	1.5
584.347102125793	0.00443272031001397	-7.57405856356033	-147.626052448585	-24.6737926226635	0	0	0	0	0	1.5	1.5	1.5	1.5	1.5	1.5
584.586490533055	0.00136275572597031	-7.57336487867154	-147.55981992751	-24.90383622797	0	0	0	0	0	1.5	1.5	1.5	1.5	1.5	1.5
584.825878940317	-0.00170720885807481	-7.57340610771487	-147.493512361989	-25.1338582187337	0	0	0	0	0	1.5	1.5	1.5	1.5	1.5	1.5
585.065267347578	-0.00558199028821332	-7.57423466909238	-147.427300997872	-25.3639079123421	0	0	0	0	0	1.5	1.5	1.5	1.5	1.5	1.5
585.30465575484	-0.0101310069251001	-7.57611542378048	-147.36139839423	-25.5940462172324	0	0	0	0	0	1.5	1.5	1.5	1.5	1.5	1.5
585.544044162102	-0.0146800235619891	-7.5790851603159	-147.296054140148	-25.8243436244651	0	0	0	0	0	1.5	1.5	1.5	1.5	1.5	1.5
585.783432569363	-0.019229040198878	-7.58314387869862	-147.231519625944	-26.0548691702178	0	0	0	0	0	1.5	1.5	1.5	1.5	1.5	1.5
586.022820976625	-0.023778056835767	-7.58829157892866	-147.168046975569	-26.285689242015	0	0	0	0	0	1.5	1.5	1.5	1.5	1.5	1.5
586.262209383887	-0.0283270734726559	-7.594528261006	-147.10588925046	-26.5168667515071	0	0	0	0	0	1.5	1.5	1.5	1.5	1.5	1.5
586.501597791148	-0.0336368861568299	-7.601879308389	-147.045301181112	-26.7484604434297	0	0	0	0	0	1.5	1.5	1.5	1.5	1.5	1.5
586.74098619841	-0.0409152502281404	-7.61080276698258	-146.986589458429	-26.9805366435036	0	0	0	0	0	1.5	1.5	1.5	1.5	1.5	1.5
586.980374605672	-0.0481936142994509	-7.62146858155866	-146.93015369791	-27.2131764315016	0	0	0	0	0	1.5	1.5	1.5	1.5	1.5	1.5
587.219763012934	-0.0554719783707614	-7.63387675211724	-146.876405687189	-27.4464514309717	0	0	0	0	0	1.5	1.5	1.5	1.5	1.5	1.5
587.459151420195	-0.0627503424420719	-7.64802727865832	-146.825760161999	-27.6804191292272	0	0	0	0	0	1.5	1.5	1.5	1.5	1.5	1.5
587.698539827457	-0.0700287065133824	-7.6639201611819	-146.778634915034	-27.9151206719741	0	0	0	0	0	1.5	1.5	1.5	1.5	1.5	1.5
587.937928234719	-0.0772603484807819	-7.68155530576707	-146.735450761341	-28.1505786363034	0	0	0	0	0	1.5	1.5	1.5	1.5	1.5	1.5
588.17731664198	-0.0817567224218011	-7.70058872743248	-146.696603757934	-28.3867903839708	0	0	0	0	0	1.5	1.5	1.5	1.5	1.5	1.5
588.416705049242	-0.0862530963628183	-7.72069852889406	-146.662387003914	-28.6237167268504	0	0	0	0	0	1.5	1.5	1.5	1.5	1.5	1.5
588.656093456504	-0.0907494703038333	-7.74188471015183	-146.633069303372	-28.8612985830013	0	0	0	0	0	1.5	1.5	1.5	1.5	1.5	1.5
588.895481863765	-0.0952458442448504	-7.76414727120581	-146.608919478273	-29.0994607725935	0	0	0	0	0	1.5	1.5	1.5	1.5	1.5	1.5
589.134870271027	-0.0997422181858675	-7.78748621205597	-146.590205774868	-29.3381111560212	0	0	0	0	0	1.5	1.5	1.5	1.5	1.5	1.5
589.374258678289	-0.104238592126885	-7.81190153270233	-146.577195178535	-29.5771397884594	0	0	0	0	0	1.5	1.5	1.5	1.5	1.5	1.5
589.61364708555	-0.104416657060148	-7.83700093236368	-146.570128879385	-29.8164175831482	0	0	0	0	0	1.5	1.5	1.5	1.5	1.5	1.5
589.853035492812	-0.103223435665034	-7.86185424790426	-146.569044424072	-30.0557973728859	0	0	0	0	0	1.5	1.5	1.5	1.5	1.5	1.5
590.092423900074	-0.10203021426992	-7.88642192007556	-146.573874893535	-30.295131018151	0	0	0	0	0	1.5	1.5	1.5	1.5	1.5	1.5
590.331812307336	-0.100836992874806	-7.91070394887756	-146.584549035699	-30.5342754442073	0	0	0	0	0	1.5	1.5	1.5	1.5	1.5	1.5
590.571200714597	-0.0996437714796922	-7.93470033431027	-146.600992273758	-30.7730926956808	0	0	0	0	0	1.5	1.5	1.5	1.5	1.5	1.5
590.810589121859	-0.0984505500845783	-7.9584110763737	-146.623126948889	-31.0114499504714	0	0	0	0	0	1.5	1.5	1.5	1.5	1.5	1.5
591.049977529121	-0.0983123560083734	-7.98189937865037	-146.650875061863	-31.2492192097534	0	0	0	0	0	1.5	1.5	1.5	1.5	1.5	1.5
591.289365936382	-0.0992270774747885	-8.00554370382682	-146.684213308319	-31.4862692068	0	0	0	0	0	1.5	1.5	1.5	1.5	1.5	1.5
591.528754343644	-0.100141798941204	-8.02940700271821	-146.723172444444	-31.7224603916716	0	0	0	0	0	1.5	1.5	1.5	1.5	1.5	1.5
591.768142750906	-0.101056520407619	-8.05348927532453	-146.76778198514	-31.9576497384575	0	0	0	0	0	1.5	1.5	1.5	1.5	1.5	1.5
592.007531158167	-0.101971241874034	-8.07779052164578	-146.818067539755	-32.1916910860136	0	0	0	0	0	1.5	1.5	1.5	1.5	1.5	1.5
592.246919565429	-0.102885963340449	-8.10231074168197	-146.874050641513	-32.4244352172711	0	0	0	0	0	1.5	1.5	1.5	1.5	1.5	1.5
592.486307972691	-0.105534956654066	-8.1271001034704	-146.935749508304	-32.655729686715	0	0	0	0	0	1.5	1.5	1.5	1.5	1.5	1.5
592.725696379952	-0.113625643869547	-8.15333235701733	-147.003299913569	-32.8853826114515	0	0	0	0	0	1.5	1.5	1.5	1.5	1.5	1.5
592.965084787214	-0.121716331085029	-8.18150142729043	-147.077070948264	-33.1131123951357	0	0	0	0	0	1.5	1.5	1.5	1.5	1.5	1.5
593.204473194476	-0.12980701830051	-8.21160731428969	-147.157444824417	-33.3385952569924	0	0	0	0	0	1.5	1.5	1.5	1.5	1.5	1.5
593.443861601738	-0.137897705515995	-8.24365001801514	-147.244785054054	-33.5614709856977	0	0	0	0	0	1.5	1.5	1.5	1.5	1.5	1.5
593.683250008999	-0.145988392731476	-8.27762953846674	-147.339433234322	-33.7813414418976	0	0	0	0	0	1.5	1.5	1.5	1.5	1.5	1.5
593.922638416261	-0.154079079946957	-8.3135458756445	-147.441705496846	-33.9977693361571	0	0	0	0	0	1.5	1.5	1.5	1.5	1.5	1.5
594.162026823523	-0.143991939255363	-8.34923511955047	-147.55173687551	-34.2103577230877	0	0	0	0	0	1.5	1.5	1.5	1.5	1.5	1.5
594.401415230784	-0.133805079814525	-8.38248581251906	-147.669030184397	-34.4190292569262	0	0	0	0	0	1.5	1.5	1.5	1.5	1.5	1.5
594.640803638046	-0.123618220373686	-8.41329788943111	-147.792947028222	-34.6238386589811	0	0	0	0	0	1.5	1.5	1.5	1.5	1.5	1.5
594.880192045308	-0.113431360932848	-8.44167135028662	-147.922870391	-34.824893090366	0	0	0	0	0	1.5	1.5	1.5	1.5	1.5	1.5
595.119580452569	-0.103244501492009	-8.46760619508559	-148.05820539594	-35.0223469671169	0	0	0	0	0	1.5	1.5	1.5	1.5	1.5	1.5
595.358968859831	-0.0930576420511706	-8.49110242382802	-148.198379453453	-35.2163969767693	0	0	0	0	0	1.5	1.5	1.5	1.5	1.5	1.5
595.598357267093	-0.0890258367205101	-8.51270126160157	-148.342867032258	-35.4072579971577	0	0	0	0	0	1.5	1.5	1.5	1.5	1.5	1.5
595.837745674354	-0.087217335996313	-8.53379654780528	-148.491390370464	-35.5949958526248	0	0	0	0	0	1.5	1.5	1.5	1.5	1.5	1.5
596.077134081616	-0.0854088352721158	-8.5544588999011	-148.643800912078	-35.7795921621869	0	0	0	0	0	1.5	1.5	1.5	1.5	1.5	1.5
596.316522488878	-0.0836003345479187	-8.57468831788902	-148.799953685545	-35.9610340718417	0	0	0	0	0	1.5	1.5	1.5	1.5	1.5	1.5
596.555910896139	-0.0817918338237215	-8.59448480176904	-148.959706250033	-36.1393149068515	0	0	0	0	0	1.5	1.5	1.5	1.5	1.5	1.5
596.795299303401	-0.0799833330995244	-8.61384835154117	-149.122918826767	-36.3144339342293	0	0	0	0	0	1.5	1.5	1.5	1.5	1.5	1.5
597.034687710663	-0.0734541927435378	-8.6325111529747	-149.289447189437	-36.4864032257153	0	0	0	0	0	1.5	1.5	1.5	1.5	1.5	1.5
597.274076117925	-0.0616861087789798	-8.64868666374387	-149.458964429384	-36.6554282675219	0	0	0	0	0	1.5	1.5	1.5	1.5	1.5	1.5
597.513464525186	-0.0499180248144217	-8.66204503163625	-149.630959675021	-36.8219322981098	0	0	0	0	0	1.5	1.5	1.5	1.5	1.5	1.5
597.752852932448	-0.0381499408498637	-8.67258625665182	-149.804932770482	-36.9863696427388	0	0	0	0	0	1.5	1.5	1.5	1.5	1.5	1.5
597.99224133971	-0.0263818568853056	-8.6803103387906	-149.980400715447	-37.1492116651796	0	0	0	0	0	1.5	1.5	1.5	1.5	1.5	1.5
598.231629746971	-0.0146137729207476	-8.68521727805258	-150.156893846447	-37.3109425175952	0	0	0	0	0	1.5	1.5	1.5	1.5	1.5	1.5
598.471018154233	-0.00158968871630041	-8.68727581235659	-150.333951486861	-37.4720554599789	0	0	0	0	0	1.5	1.5	1.5	1.5	1.5	1.5
598.710406561495	0.0162183638066729	-8.68552484474147	-150.511051149301	-37.6331222256606	0	0	0	0	0	1.5	1.5	1.5	1.5	1.5	1.5
598.949794968756	0.0340264163296462	-8.67951083579645	-150.687523895337	-37.7948751399077	0	0	0	0	0	1.5	1.5	1.5	1.5	1.5	1.5
599.189183376018	0.0518344688526195	-8.66923378552152	-150.862672731602	-37.9580596638571	0	0	0	0	0	1.5	1.5	1.5	1.5	1.5	1.5
599.42857178328	0.0696425213755928	-8.65469369391668	-151.035782486198	-38.1234041869984	0	0	0	0	0	1.5	1.5	1.5	1.5	1.5	1.5
599.667960190542	0.0874505738985662	-8.63589056098194	-151.206110743309	-38.2916106211648	0	0	0	0	0	1.5	1.5	1.5	1.5	1.5	1.5
599.907348597803	0.105258626421539	-8.61282438671729	-151.37287935144	-38.4633444228432	0	0	0	0	0	1.5	1.5	1.5	1.5	1.5	1.5
600.146737005065	0.105650925505627	-8.58747380948873	-151.535377507734	-38.6391229440938	0	0	0	0	0	1.5	1.5	1.5	1.5	1.5	1.5
600.386125412327	0.105110872514761	-8.56224684391886	-151.69337850742	-38.8189546835684	0	0	0	0	0	1.5	1.5	1.5	1.5	1.5	1.5
600.625513819588	0.104570819523896	-8.53714916077432	-151.846805025679	-39.0027047991828	0	0	0	0	0	1.5	1.5	1.5	1.5	1.5	1.5
600.86490222685	0.10403076653303	-8.51218076005511	-151.995584170016	-39.1902377259258	0	0	0	0	0	1.5	1.5	1.5	1.5	1.5	1.5
601.104290634112	0.103490713542165	-8.48734164176122	-152.13964742701	-39.3814173303206	0	0	0	0	0	1.5	1.5	1.5	1.5	1.5	1.5
601.343679041373	0.102950660551299	-8.46263180589264	-152.278930622019	-39.5761070458442	0	0	0	0	0	1.5	1.5	1.5	1.5	1.5	1.5
601.583067448635	0.101055088281984	-8.43816354461644	-152.413379034138	-39.7741665632756	0	0	0	0	0	1.5	1.5	1.5	1.5	1.5	1.5
601.822455855897	0.0985564835302355	-8.41427119649288	-152.542997846186	-39.9754202514712	0	0	0	0	0	1.5	1.5	1.5	1.5	1.5	1.5
602.061844263158	0.0960578787784868	-8.39097698538121	-152.667832936988	-40.1796760184262	0	0	0	0	0	1.5	1.5	1.5	1.5	1.5	1.5
602.30123267042	0.093559274026738	-8.36828091128144	-152.787938685412	-40.3867483700078	0	0	0	0	0	1.5	1.5	1.5	1.5	1.5	1.5
602.540621077682	0.0910606692749892	-8.34618297419357	-152.903377027012	-40.5964588056802	0	0	0	0	0	1.5	1.5	1.5	1.5	1.5	1.5
602.780009484944	0.0885620645232404	-8.3246831741176	-153.014216974342	-40.8086358735922	0	0	0	0	0	1.5	1.5	1.5	1.5	1.5	1.5
603.019397892205	0.0918173885347426	-8.30348464199873	-153.120524967239	-41.0231196574415	0	0	0	0	0	1.5	1.5	1.5	1.5	1.5	1.5
603.258786299467	0.102667427800745	-8.28020593678917	-153.222071631988	-41.239897184064	0	0	0	0	0	1.5	1.5	1.5	1.5	1.5	1.5
603.498174706729	0.113517467066747	-8.25432985796099	-153.318259827248	-41.4591035767047	0	0	0	0	0	1.5	1.5	1.5	1.5	1.5	1.5
603.73756311399	0.124367506332749	-8.22585640551419	-153.408455829115	-41.680841301539	0	0	0	0	0	1.5	1.5	1.5	1.5	1.5	1.5
603.976951521252	0.135217545598757	-8.19478557944876	-153.492010690425	-41.9051642472657	0	0	0	0	0	1.5	1.5	1.5	1.5	1.5	1.5
604.216339928514	0.146067584864759	-8.16111737976473	-153.568261291155	-42.132072250108	0	0	0	0	0	1.5	1.5	1.5	1.5	1.5	1.5
604.455728335775	0.153543210662652	-8.12492614670028	-153.636533166787	-42.3615052210593	0	0	0	0	0	1.5	1.5	1.5	1.5	1.5	1.5
604.695116743037	0.14605973388937	-8.08906541084667	-153.69641984588	-42.5932685785233	0	0	0	0	0	1.5	1.5	1.5	1.5	1.5	1.5
604.934505150299	0.138576257116089	-8.0549961325786	-153.748168235267	-42.8269850105728	0	0	0	0	0	1.5	1.5	1.5	1.5	1.5	1.5
605.173893557561	0.131092780342808	-8.02271831189606	-153.792136589288	-43.0622903820195	0	0	0	0	0	1.5	1.5	1.5	1.5	1.5	1.5
605.413281964822	0.123609303569526	-7.99223194879906	-153.828700302868	-43.2988605951964	0	0	0	0	0	1.5	1.5	1.5	1.5	1.5	1.5
605.652670372084	0.116125826796245	-7.96353704328759	-153.858248899385	-43.5364100798031	0	0	0	0	0	1.5	1.5	1.5	1.5	1.5	1.5
605.892058779346	0.108642350022964	-7.93663359536166	-153.881183344797	-43.7746900916351	0	0	0	0	0	1.5	1.5	1.5	1.5	1.5	1.5
606.131447186607	0.109288250763067	-7.91061912755399	-153.897847019269	-44.0134910565656	0	0	0	0	0	1.5	1.5	1.5	1.5	1.5	1.5
606.370835593869	0.110569762192218	-7.88430339778144	-153.908258072938	-44.2526460531619	0	0	0	0	0	1.5	1.5	1.5	1.5	1.5	1.5
606.610224001131	0.111851273621368	-7.85768088902899	-153.912335994017	-44.491992654228	0	0	0	0	0	1.5	1.5	1.5	1.5	1.5	1.5
606.849612408392	0.113132785050519	-7.83075160129662	-153.910004500476	-44.7313624738966	0	0	0	0	0	1.5	1.5	1.5	1.5	1.5	1.5
607.089000815654	0.114414296479669	-7.80351553458434	-153.901191884924	-44.9705812124742	0	0	0	0	0	1.5	1.5	1.5	1.5	1.5	1.5
607.328389222916	0.11569580790882	-7.77597268889214	-153.885831333471	-45.209468717985	0	0	0	0	0	1.5	1.5	1.5	1.5	1.5	1.5
607.567777630177	0.117315896885014	-7.74809583949203	-153.863859797962	-45.4478389150309	0	0	0	0	0	1.5	1.5	1.5	1.5	1.5	1.5
607.807166037439	0.119101402908577	-7.71979805906868	-153.835203261681	-45.6854978901252	0	0	0	0	0	1.5	1.5	1.5	1.5	1.5	1.5
608.046554444701	0.12088690893214	-7.69107284920219	-153.799783313403	-45.9222431042024	0	0	0	0	0	1.5	1.5	1.5	1.5	1.5	1.5
608.285942851963	0.122672414955703	-7.66192020989257	-153.757528043394	-46.1578640776878	0	0	0	0	0	1.5	1.5	1.5	1.5	1.5	1.5
608.525331259224	0.124457920979267	-7.63234014113981	-153.708372709156	-46.3921425108102	0	0	0	0	0	1.5	1.5	1.5	1.5	1.5	1.5
608.764719666486	0.12624342700283	-7.60233264294392	-153.652260241409	-46.6248524170233	0	0	0	0	0	1.5	1.5	1.5	1.5	1.5	1.5
609.004108073748	0.12431316346655	-7.5720844087471	-153.589147770802	-46.8557620055855	0	0	0	0	0	1.5	1.5	1.5	1.5	1.5	1.5
609.243496481009	0.117246665488933	-7.54317109739107	-153.519208143382	-47.084697074228	0	0	0	0	0	1.5	1.5	1.5	1.5	1.5	1.5
609.482884888271	0.110180167511316	-7.51594942373082	-153.442870971137	-47.3115800985727	0	0	0	0	0	1.5	1.5	1.5	1.5	1.5	1.5
609.722273295533	0.103113669533699	-7.49041938776635	-153.360576504873	-47.5363718189742	0	0	0	0	0	1.5	1.5	1.5	1.5	1.5	1.5
609.961661702794	0.0960471715560818	-7.46658098949766	-153.27275855908	-47.759064665612	0	0	0	0	0	1.5	1.5	1.5	1.5	1.5	1.5
610.201050110056	0.0889806735784647	-7.44443422892475	-153.179843692175	-47.9796803824916	0	0	0	0	0	1.5	1.5	1.5	1.5	1.5	1.5
610.440438517318	0.0828727666703337	-7.42396080080092	-153.082250431529	-48.1982675861756	0	0	0	0	0	1.5	1.5	1.5	1.5	1.5	1.5
610.67982692458	0.0818147441390682	-7.40424866034664	-152.980309202115	-48.4148615372935	0	0	0	0	0	1.5	1.5	1.5	1.5	1.5	1.5
610.919215331841	0.0807567216078033	-7.38478979822097	-152.874145650195	-48.6294175941574	0	0	0	0	0	1.5	1.5	1.5	1.5	1.5	1.5
611.158603739103	0.0796986990765384	-7.3655842144239	-152.763854303996	-48.8418813958088	0	0	0	0	0	1.5	1.5	1.5	1.5	1.5	1.5
611.397992146365	0.0786406765452735	-7.34663190895544	-152.649529645324	-49.0522024994351	0	0	0	0	0	1.5	1.5	1.5	1.5	1.5	1.5
611.637380553626	0.0775826540140086	-7.32793288181559	-152.531265996674	-49.2603343066135	0	0	0	0	0	1.5	1.5	1.5	1.5	1.5	1.5
611.876768960888	0.0765246314827437	-7.30948713300435	-152.409157413672	-49.4662339876133	0	0	0	0	0	1.5	1.5	1.5	1.5	1.5	1.5
612.11615736815	0.0764719216176982	-7.29118655116113	-152.283291010287	-49.6698582957188	0	0	0	0	0	1.5	1.5	1.5	1.5	1.5	1.5
612.355545775411	0.0765328321197522	-7.27287276901079	-152.153718251924	-49.8711444307096	0	0	0	0	0	1.5	1.5	1.5	1.5	1.5	1.5
612.594934182673	0.0765937426218062	-7.25454440559238	-152.020479670599	-50.0700230010601	0	0	0	0	0	1.5	1.5	1.5	1.5	1.5	1.5
612.834322589935	0.0766546531238602	-7.2362014609059	-151.883617124508	-50.2664252572135	0	0	0	0	0	1.5	1.5	1.5	1.5	1.5	1.5
613.073710997196	0.0767155636259143	-7.21784393495134	-151.743173798486	-50.460283123613	0	0	0	0	0	1.5	1.5	1.5	1.5	1.5	1.5
613.313099404458	0.0767764741279683	-7.19947182772872	-151.599194194382	-50.6515292248371	0	0	0	0	0	1.5	1.5	1.5	1.5	1.5	1.5
613.55248781172	0.0764524515629998	-7.18111449149341	-151.451725290513	-50.8400978381723	0	0	0	0	0	1.5	1.5	1.5	1.5	1.5	1.5
613.791876218981	0.0759091323462276	-7.16287769304346	-151.300830311218	-51.0259362801298	0	0	0	0	0	1.5	1.5	1.5	1.5	1.5	1.5
614.031264626243	0.0753658131294553	-7.14477095891545	-151.146583387725	-51.2090021984537	0	0	0	0	0	1.5	1.5	1.5	1.5	1.5	1.5
614.270653033505	0.0748224939126828	-7.12679428910937	-150.989058895103	-51.3892556325278	0	0	0	0	0	1.5	1.5	1.5	1.5	1.5	1.5
614.510041440767	0.0742791746959105	-7.10894768362523	-150.82833117808	-51.5666588159885	0	0	0	0	0	1.5	1.5	1.5	1.5	1.5	1.5
614.749429848028	0.0737358554791383	-7.09123114246304	-150.664474497119	-51.741176146689	0	0	0	0	0	1.5	1.5	1.5	1.5	1.5	1.5
614.98881825529	0.070026649899868	-7.07378729724547	-150.49756602578	-51.9127771644398	0	0	0	0	0	1.5	1.5	1.5	1.5	1.5	1.5
615.228206662552	0.0610723247252195	-7.0580955098809	-150.327817807352	-52.0815704570117	0	0	0	0	0	1.5	1.5	1.5	1.5	1.5	1.5
615.467595069813	0.0521179995505709	-7.04454728415799	-150.155619609173	-52.2478645132445	0	0	0	0	0	1.5	1.5	1.5	1.5	1.5	1.5
615.706983477075	0.0431636743759224	-7.03314262007674	-149.981359720005	-52.4119976270715	0	0	0	0	0	1.5	1.5	1.5	1.5	1.5	1.5
615.946371884337	0.0342093492012739	-7.02388151763716	-149.805412870625	-52.5743217034401	0	0	0	0	0	1.5	1.5	1.5	1.5	1.5	1.5
616.185760291598	0.0252550240266254	-7.01676397683924	-149.628142352633	-52.7351997028366	0	0	0	0	0	1.5	1.5	1.5	1.5	1.5	1.5
616.42514869886	0.0176739896505413	-7.01177184726142	-149.449902151539	-52.8950030869089	0	0	0	0	0	1.5	1.5	1.5	1.5	1.5	1.5
616.664537106122	0.0211565438913043	-7.00712405747257	-149.270931856953	-53.0539884320525	0	0	0	0	0	1.5	1.5	1.5	1.5	1.5	1.5
616.903925513383	0.0246390981320673	-7.00164258457082	-149.091158722237	-53.2120652678667	0	0	0	0	0	1.5	1.5	1.5	1.5	1.5	1.5
617.143313920645	0.0281216523728303	-6.99532742855617	-148.910456407245	-53.3690789372634	0	0	0	0	0	1.5	1.5	1.5	1.5	1.5	1.5
617.382702327907	0.0316042066135933	-6.98817858942862	-148.728701264284	-53.5248724975413	0	0	0	0	0	1.5	1.5	1.5	1.5	1.5	1.5
617.622090735169	0.035086760854358	-6.98019606718817	-148.545772746155	-53.6792864296502	0	0	0	0	0	1.5	1.5	1.5	1.5	1.5	1.5
617.86147914243	0.038569315095121	-6.97137986183483	-148.361553824688	-53.8321583605832	0	0	0	0	0	1.5	1.5	1.5	1.5	1.5	1.5
618.100867549692	0.0432369228551253	-6.96161004891937	-148.175926329648	-53.9833165127085	0	0	0	0	0	1.5	1.5	1.5	1.5	1.5	1.5
618.340255956954	0.0481211326934493	-6.95067501921522	-147.988744413436	-54.1325450911714	0	0	0	0	0	1.5	1.5	1.5	1.5	1.5	1.5
618.579644364215	0.0530053425317733	-6.93857076629714	-147.799856107149	-54.2796073823656	0	0	0	0	0	1.5	1.5	1.5	1.5	1.5	1.5
618.819032771477	0.0578895523700973	-6.92529729016514	-147.609117239265	-54.4242609420231	0	0	0	0	0	1.5	1.5	1.5	1.5	1.5	1.5
619.058421178739	0.0627737622084189	-6.91085459081921	-147.416392389143	-54.5662572287057	0	0	0	0	0	1.5	1.5	1.5	1.5	1.5	1.5
619.297809586	0.0676579720467429	-6.89524266825935	-147.221555842423	-54.7053412519973	0	0	0	0	0	1.5	1.5	1.5	1.5	1.5	1.5
619.537197993262	0.0713529392950161	-6.87854452705011	-147.024494754828	-54.841254472025	0	0	0	0	0	1.5	1.5	1.5	1.5	1.5	1.5
619.776586400524	0.0741977038776112	-6.8611229587276	-146.82514196648	-54.9737830570537	0	0	0	0	0	1.5	1.5	1.5	1.5	1.5	1.5
620.015974807785	0.0770424684602064	-6.84302038674264	-146.623466969368	-55.1027498748131	0	0	0	0	0	1.5	1.5	1.5	1.5	1.5	1.5
620.255363215047	0.0798872330428015	-6.82423681109521	-146.419448074695	-55.2279753322957	0	0	0	0	0	1.5	1.5	1.5	1.5	1.5	1.5
620.494751622309	0.0827319976253967	-6.80477223178532	-146.21307203544	-55.3492763241318	0	0	0	0	0	1.5	1.5	1.5	1.5	1.5	1.5
620.734140029571	0.0855767622079918	-6.78462664881297	-146.004334485137	-55.4664663684018	0	0	0	0	0	1.5	1.5	1.5	1.5	1.5	1.5
620.973528436832	0.0880374544644028	-6.7638149230237	-145.793240560721	-55.5793561147024	0	0	0	0	0	1.5	1.5	1.5	1.5	1.5	1.5
621.212916844094	0.0896941118386458	-6.74254148473498	-145.579816285774	-55.687775334345	0	0	0	0	0	1.5	1.5	1.5	1.5	1.5	1.5
621.452305251356	0.091350769212888	-6.72087146187608	-145.364113590658	-55.7915872523287	0	0	0	0	0	1.5	1.5	1.5	1.5	1.5	1.5
621.691693658617	0.0930074265871302	-6.69880485444697	-145.146192617203	-55.8906575985131	0	0	0	0	0	1.5	1.5	1.5	1.5	1.5	1.5
621.931082065879	0.0946640839613724	-6.67634166244767	-144.926120208891	-55.984851732788	0	0	0	0	0	1.5	1.5	1.5	1.5	1.5	1.5
622.170470473141	0.0963207413356146	-6.65348188587817	-144.703970076649	-56.0740348743651	0	0	0	0	0	1.5	1.5	1.5	1.5	1.5	1.5
622.409858880402	0.0980806885130136	-6.6302247211755	-144.479822958165	-56.1580723416795	0	0	0	0	0	1.5	1.5	1.5	1.5	1.5	1.5
622.649247287664	0.101326507600162	-6.60635683563847	-144.253760844857	-56.2368124835124	0	0	0	0	0	1.5	1.5	1.5	1.5	1.5	1.5
622.888635694926	0.104572326687313	-6.5817119386399	-144.025855826216	-56.31004643383	0	0	0	0	0	1.5	1.5	1.5	1.5	1.5	1.5
623.128024102188	0.107818145774462	-6.55629003017981	-143.79618948339	-56.3775526868757	0	0	0	0	0	1.5	1.5	1.5	1.5	1.5	1.5
623.367412509449	0.11106396486161	-6.53009111025819	-143.564857851306	-56.4391092274326	0	0	0	0	0	1.5	1.5	1.5	1.5	1.5	1.5
623.606800916711	0.114309783948759	-6.50311517887503	-143.331971941356	-56.4944941290726	0	0	0	0	0	1.5	1.5	1.5	1.5	1.5	1.5
623.846189323973	0.117555603035908	-6.47536223603035	-143.097658247559	-56.5434862122275	0	0	0	0	0	1.5	1.5	1.5	1.5	1.5	1.5
624.085577731234	0.118982746910095	-6.44700862312975	-142.862061155259	-56.5858769989144	0	0	0	0	0	1.5	1.5	1.5	1.5	1.5	1.5
624.324966138496	0.119983499976412	-6.41840574851402	-142.625352525859	-56.6215410899927	0	0	0	0	0	1.5	1.5	1.5	1.5	1.5	1.5
624.564354545758	0.12098425304273	-6.38956330521566	-142.387717440592	-56.6503924878256	0	0	0	0	0	1.5	1.5	1.5	1.5	1.5	1.5
624.803742953019	0.121985006109047	-6.36048129323471	-142.149346667668	-56.672350294082	0	0	0	0	0	1.5	1.5	1.5	1.5	1.5	1.5
625.043131360281	0.122985759175364	-6.33115971257116	-141.910436545277	-56.6873388645661	0	0	0	0	0	1.5	1.5	1.5	1.5	1.5	1.5
625.282519767543	0.123986512241681	-6.30159856322499	-141.671188878732	-56.6952881108345	0	0	0	0	0	1.5	1.5	1.5	1.5	1.5	1.5
625.521908174804	0.120277955792744	-6.27211226097225	-141.431810723735	-56.6961477980037	0	0	0	0	0	1.5	1.5	1.5	1.5	1.5	1.5
625.761296582066	0.112835971861524	-6.24420987504643	-141.192505922067	-56.6901225769562	0	0	0	0	0	1.5	1.5	1.5	1.5	1.5	1.5
626.000684989328	0.1053939879303	-6.21808901380076	-140.953450189359	-56.677636278644	0	0	0	0	0	1.5	1.5	1.5	1.5	1.5	1.5
626.240073396589	0.0979520039990767	-6.19374967723525	-140.714784642167	-56.6591231250438	0	0	0	0	0	1.5	1.5	1.5	1.5	1.5	1.5
626.479461803851	0.0905100200678496	-6.17119186534989	-140.476617943543	-56.6350191229789	0	0	0	0	0	1.5	1.5	1.5	1.5	1.5	1.5
626.718850211113	0.0830680361366261	-6.1504155781447	-140.239028605205	-56.6057607186636	0	0	0	0	0	1.5	1.5	1.5	1.5	1.5	1.5
626.958238618375	0.0777571328577307	-6.13134475362813	-140.002067592825	-56.5717819320359	0	0	0	0	0	1.5	1.5	1.5	1.5	1.5	1.5
627.197627025636	0.0774618431275012	-6.11276594190918	-139.765783696719	-56.5333751409995	0	0	0	0	0	1.5	1.5	1.5	1.5	1.5	1.5
627.437015432898	0.0771665533972716	-6.09425781912843	-139.530252552289	-56.4905936767954	0	0	0	0	0	1.5	1.5	1.5	1.5	1.5	1.5
627.67640384016	0.0768712636670421	-6.07582038528589	-139.295551815475	-56.4434688395377	0	0	0	0	0	1.5	1.5	1.5	1.5	1.5	1.5
627.915792247421	0.0765759739368125	-6.05745364038154	-139.061757937883	-56.3920332354056	0	0	0	0	0	1.5	1.5	1.5	1.5	1.5	1.5
628.155180654683	0.0762806842065828	-6.03915758441539	-138.828946149975	-56.3363207380701	0	0	0	0	0	1.5	1.5	1.5	1.5	1.5	1.5
628.394569061945	0.0765115517450153	-6.02093000565835	-138.597190446929	-56.2763664441799	0	0	0	0	0	1.5	1.5	1.5	1.5	1.5	1.5
628.633957469207	0.0911983498114561	-6.00085610255054	-138.366606859439	-56.2120539773999	0	0	0	0	0	1.5	1.5	1.5	1.5	1.5	1.5
628.873345876468	0.105885147877897	-5.97726635024583	-138.137483633845	-56.1427236189727	0	0	0	0	0	1.5	1.5	1.5	1.5	1.5	1.5
629.11273428373	0.120571945944331	-5.95016074874424	-137.910192873979	-56.0676089703466	0	0	0	0	0	1.5	1.5	1.5	1.5	1.5	1.5
629.352122690991	0.135258744010771	-5.91953929804573	-137.685166461381	-55.9859667974271	0	0	0	0	0	1.5	1.5	1.5	1.5	1.5	1.5
629.591511098253	0.149945542077212	-5.88540199815033	-137.46290316918	-55.897083320496	0	0	0	0	0	1.5	1.5	1.5	1.5	1.5	1.5
629.830899505515	0.16463234014366	-5.84774884905801	-137.243975160717	-55.8002816398744	0	0	0	0	0	1.5	1.5	1.5	1.5	1.5	1.5
630.070287912777	0.156648654901594	-5.80873513188386	-137.028972141069	-55.6950523284351	0	0	0	0	0	1.5	1.5	1.5	1.5	1.5	1.5
630.309676320038	0.142793035512421	-5.77289369721588	-136.818062165887	-55.581837238658	0	0	0	0	0	1.5	1.5	1.5	1.5	1.5	1.5
630.5490647273	0.128937416123248	-5.7403691372051	-136.61114272274	-55.4614790189069	0	0	0	0	0	1.5	1.5	1.5	1.5	1.5	1.5
630.788453134562	0.115081796734075	-5.71116145185152	-136.408034508397	-55.3347912607984	0	0	0	0	0	1.5	1.5	1.5	1.5	1.5	1.5
631.027841541823	0.101226177344902	-5.68527064115514	-136.208491556197	-55.2025557975941	0	0	0	0	0	1.5	1.5	1.5	1.5	1.5	1.5
631.267229949085	0.0873705579557285	-5.66269670511595	-136.012209938451	-55.0655233135406	0	0	0	0	0	1.5	1.5	1.5	1.5	1.5	1.5
631.506618356347	0.0805925924681307	-5.6429877977495	-135.818847473196	-54.9243995032898	0	0	0	0	0	1.5	1.5	1.5	1.5	1.5	1.5
631.746006763609	0.080006680152437	-5.62376499570949	-135.628251187569	-54.7795613149296	0	0	0	0	0	1.5	1.5	1.5	1.5	1.5	1.5
631.98539517087	0.0794207678367433	-5.60468245428553	-135.440463685241	-54.6310994527262	0	0	0	0	0	1.5	1.5	1.5	1.5	1.5	1.5
632.224783578132	0.0788348555210496	-5.58574017347761	-135.255532528648	-54.4790943102147	0	0	0	0	0	1.5	1.5	1.5	1.5	1.5	1.5
632.464171985393	0.0782489432053562	-5.56693815328576	-135.073502756932	-54.3236263600797	0	0	0	0	0	1.5	1.5	1.5	1.5	1.5	1.5
632.703560392655	0.0776630308896625	-5.54827639370994	-134.894416918929	-54.1647760877143	0	0	0	0	0	1.5	1.5	1.5	1.5	1.5	1.5
632.942948799917	0.0725562070805527	-5.52990335718877	-134.718312886873	-54.0026263002747	0	0	0	0	0	1.5	1.5	1.5	1.5	1.5	1.5
633.182337207179	0.0554921414434352	-5.51457671208595	-134.545009425364	-53.8374851587275	0	0	0	0	0	1.5	1.5	1.5	1.5	1.5	1.5
633.42172561444	0.0384280758063096	-5.5033350064774	-134.373914180553	-53.6700557052502	0	0	0	0	0	1.5	1.5	1.5	1.5	1.5	1.5
633.661114021702	0.0213640101691921	-5.49617824036313	-134.20436584553	-53.5010588837024	0	0	0	0	0	1.5	1.5	1.5	1.5	1.5	1.5
633.900502428964	0.00429994453207462	-5.49310641374315	-134.03568373021	-53.3311968599547	0	0	0	0	0	1.5	1.5	1.5	1.5	1.5	1.5
634.139890836225	-0.0127641211050429	-5.49411952661744	-133.867176493813	-53.1611612325606	0	0	0	0	0	1.5	1.5	1.5	1.5	1.5	1.5
634.379279243487	-0.0297572809230544	-5.49921751154457	-133.698150662824	-52.9916414621966	0	0	0	0	0	1.5	1.5	1.5	1.5	1.5	1.5
634.618667650749	-0.0378983641237259	-5.50731550009957	-133.527980341219	-52.8232711628409	0	0	0	0	0	1.5	1.5	1.5	1.5	1.5	1.5
634.85805605801	-0.0460394473243974	-5.51736236959537	-133.356289769191	-52.6564518753962	0	0	0	0	0	1.5	1.5	1.5	1.5	1.5	1.5
635.097444465272	-0.0541805305250727	-5.52935812003197	-133.182771405375	-52.4915352314329	0	0	0	0	0	1.5	1.5	1.5	1.5	1.5	1.5
635.336832872534	-0.0623216137257442	-5.54330275140936	-133.007129066113	-52.328883304696	0	0	0	0	0	1.5	1.5	1.5	1.5	1.5	1.5
635.576221279796	-0.0704626969264118	-5.55919626372753	-132.829080179279	-52.1688701902018	0	0	0	0	0	1.5	1.5	1.5	1.5	1.5	1.5
635.815609687057	-0.0786037801270832	-5.5770386569865	-132.648358151221	-52.0118834470886	0	0	0	0	0	1.5	1.5	1.5	1.5	1.5	1.5
636.054998094319	-0.0821322559947774	-5.59641737971664	-132.464730522675	-51.8583064133847	0	0	0	0	0	1.5	1.5	1.5	1.5	1.5	1.5
636.294386501581	-0.0841004575354884	-5.61631447198004	-132.27811977073	-51.7083686056866	0	0	0	0	0	1.5	1.5	1.5	1.5	1.5	1.5
636.533774908842	-0.0860686590761993	-5.63668272887544	-132.088528541171	-51.5622180189782	0	0	0	0	0	1.5	1.5	1.5	1.5	1.5	1.5
636.773163316104	-0.0880368606169112	-5.65752215040285	-131.895966658295	-51.4200045988429	0	0	0	0	0	1.5	1.5	1.5	1.5	1.5	1.5
637.012551723366	-0.0900050621576221	-5.67883273656225	-131.70045077285	-51.281880816302	0	0	0	0	0	1.5	1.5	1.5	1.5	1.5	1.5
637.251940130627	-0.0919732636983331	-5.70061448735366	-131.502004628394	-51.1480014991623	0	0	0	0	0	1.5	1.5	1.5	1.5	1.5	1.5
637.491328537889	-0.0943859777666156	-5.72289334485005	-131.30065878961	-51.0185244978972	0	0	0	0	0	1.5	1.5	1.5	1.5	1.5	1.5
637.730716945151	-0.0972658467649823	-5.74583295736176	-131.096438718678	-50.8936307064613	0	0	0	0	0	1.5	1.5	1.5	1.5	1.5	1.5
637.970105352412	-0.100145715763349	-5.76946197712611	-130.889366478407	-50.7735256253579	0	0	0	0	0	1.5	1.5	1.5	1.5	1.5	1.5
638.209493759674	-0.103025584761716	-5.7937804041431	-130.67947494048	-50.6584190327899	0	0	0	0	0	1.5	1.5	1.5	1.5	1.5	1.5
638.448882166936	-0.105905453760084	-5.81878823841274	-130.466808934881	-50.5485236597419	0	0	0	0	0	1.5	1.5	1.5	1.5	1.5	1.5
638.688270574198	-0.108785322758451	-5.84448547993502	-130.251425756845	-50.444054800054	0	0	0	0	0	1.5	1.5	1.5	1.5	1.5	1.5
638.927658981459	-0.109641434191042	-5.87081537390944	-130.033396097417	-50.3452289021527	0	0	0	0	0	1.5	1.5	1.5	1.5	1.5	1.5
639.167047388721	-0.10388381455224	-5.89637310851285	-129.81286197664	-50.2521247044442	0	0	0	0	0	1.5	1.5	1.5	1.5	1.5	1.5
639.406435795983	-0.0981261949134387	-5.9205525357213	-129.590080279637	-50.1645328503435	0	0	0	0	0	1.5	1.5	1.5	1.5	1.5	1.5
639.645824203244	-0.092368575274637	-5.9433536555348	-129.36530207064	-50.0821976609747	0	0	0	0	0	1.5	1.5	1.5	1.5	1.5	1.5
639.885212610506	-0.0866109556358352	-5.96477646795335	-129.138757790902	-50.0048522858869	0	0	0	0	0	1.5	1.5	1.5	1.5	1.5	1.5
640.124601017768	-0.0808533359970308	-5.98482097297696	-128.91065812245	-49.9322201172549	0	0	0	0	0	1.5	1.5	1.5	1.5	1.5	1.5
640.363989425029	-0.075095716358229	-6.00348717060561	-128.681194935622	-49.8640160751918	0	0	0	0	0	1.5	1.5	1.5	1.5	1.5	1.5
640.603377832291	-0.0778247957399638	-6.02176233201289	-128.450522165686	-49.8000216386864	0	0	0	0	0	1.5	1.5	1.5	1.5	1.5	1.5
640.842766239553	-0.0807991868863653	-6.04074870329011	-128.218697512475	-49.7403356422768	0	0	0	0	0	1.5	1.5	1.5	1.5	1.5	1.5
641.082154646815	-0.0837735780327667	-6.06044710932643	-127.985762093547	-49.6851446369042	0	0	0	0	0	1.5	1.5	1.5	1.5	1.5	1.5
641.321543054076	-0.0867479691791682	-6.08085755012186	-127.751767042867	-49.6346358620162	0	0	0	0	0	1.5	1.5	1.5	1.5	1.5	1.5
641.560931461338	-0.0897223603255697	-6.1019800256764	-127.516773921652	-49.5889969330006	0	0	0	0	0	1.5	1.5	1.5	1.5	1.5	1.5
641.8003198686	-0.0926967514719712	-6.12381453599005	-127.280855123155	-49.548415492525	0	0	0	0	0	1.5	1.5	1.5	1.5	1.5	1.5
642.039708275861	-0.0799126897802301	-6.14500860519781	-127.044105169211	-49.513002209922	0	0	0	0	0	1.5	1.5	1.5	1.5	1.5	1.5
642.279096683123	-0.0609099625065112	-6.16186426041644	-126.806720050164	-49.4821192639652	0	0	0	0	0	1.5	1.5	1.5	1.5	1.5	1.5
642.518485090385	-0.0419072352327833	-6.1741708830194	-126.568908558798	-49.4547006719447	0	0	0	0	0	1.5	1.5	1.5	1.5	1.5	1.5
642.757873497646	-0.0229045079590555	-6.18192847300668	-126.330833067372	-49.4296690744678	0	0	0	0	0	1.5	1.5	1.5	1.5	1.5	1.5
642.997261904908	-0.00390178068532757	-6.18513703037827	-126.092623410169	-49.4059431827954	0	0	0	0	0	1.5	1.5	1.5	1.5	1.5	1.5
643.23665031217	0.0151009465884003	-6.18379655513417	-125.85439161157	-49.3824397907069	0	0	0	0	0	1.5	1.5	1.5	1.5	1.5	1.5
643.476038719431	0.0231667287787995	-6.17849647016839	-125.616244457057	-49.3580964437477	0	0	0	0	0	1.5	1.5	1.5	1.5	1.5	1.5
643.715427126693	0.017878859431442	-6.173583551175	-125.378231780377	-49.3324710681074	0	0	0	0	0	1.5	1.5	1.5	1.5	1.5	1.5
643.954815533955	0.0125909900840871	-6.16993648680249	-125.140330852341	-49.3058272259825	0	0	0	0	0	1.5	1.5	1.5	1.5	1.5	1.5
644.194203941217	0.00730312073673211	-6.16755527705084	-124.902511237426	-49.2784664312726	0	0	0	0	0	1.5	1.5	1.5	1.5	1.5	1.5
644.433592348478	0.00201525138937714	-6.16643992192007	-124.664739776479	-49.2506898976108	0	0	0	0	0	1.5	1.5	1.5	1.5	1.5	1.5
644.67298075574	-0.00327261795797783	-6.16659042141017	-124.426981731275	-49.2227986581992	0	0	0	0	0	1.5	1.5	1.5	1.5	1.5	1.5
644.912369163002	-0.0063513001629932	-6.16795806006081	-124.189202010321	-49.1950929842355	0	0	0	0	0	1.5	1.5	1.5	1.5	1.5	1.5
645.151757570263	0.000352270045484995	-6.16867610919329	-123.951387535814	-49.1676870983897	0	0	0	0	0	1.5	1.5	1.5	1.5	1.5	1.5
645.391145977525	0.00705584025396637	-6.16778940133058	-123.713575375955	-49.1402611582072	0	0	0	0	0	1.5	1.5	1.5	1.5	1.5	1.5
645.630534384787	0.0137594104624414	-6.16529793647271	-123.475809933803	-49.1124335783521	0	0	0	0	0	1.5	1.5	1.5	1.5	1.5	1.5
645.869922792048	0.0204629806709196	-6.16120171461966	-123.23813754567	-49.0838230013556	0	0	0	0	0	1.5	1.5	1.5	1.5	1.5	1.5
646.10931119931	0.0271665508793978	-6.15550073577143	-123.000608315982	-49.0540485297579	0	0	0	0	0	1.5	1.5	1.5	1.5	1.5	1.5
646.348699606572	0.033870121087876	-6.14819499992803	-122.763277948333	-49.0227299884702	0	0	0	0	0	1.5	1.5	1.5	1.5	1.5	1.5
646.588088013833	0.0422672442140608	-6.13909828512042	-122.526211499629	-48.9894747178163	0	0	0	0	0	1.5	1.5	1.5	1.5	1.5	1.5
646.827476421095	0.050814300015858	-6.1279569638111	-122.289494076656	-48.9538225359064	0	0	0	0	0	1.5	1.5	1.5	1.5	1.5	1.5
647.066864828357	0.0593613558176593	-6.11476957642659	-122.053228332296	-48.9152936280645	0	0	0	0	0	1.5	1.5	1.5	1.5	1.5	1.5
647.306253235619	0.0679084116194565	-6.09953612296692	-121.817534507443	-48.8734113893011	0	0	0	0	0	1.5	1.5	1.5	1.5	1.5	1.5
647.54564164288	0.0764554674212537	-6.08225660343208	-121.582553305085	-48.8277034266146	0	0	0	0	0	1.5	1.5	1.5	1.5	1.5	1.5
647.785030050142	0.085002523223051	-6.06293101782208	-121.348448715278	-48.7777027598067	0	0	0	0	0	1.5	1.5	1.5	1.5	1.5	1.5
648.024418457404	0.0910325521855028	-6.0417579561723	-121.115408312182	-48.7229594095503	0	0	0	0	0	1.5	1.5	1.5	1.5	1.5	1.5
648.263806864665	0.0957611206095484	-6.01939983626382	-120.883616250175	-48.663152535172	0	0	0	0	0	1.5	1.5	1.5	1.5	1.5	1.5
648.503195271927	0.100489689033594	-5.99590975189167	-120.653256487499	-48.598048356079	0	0	0	0	0	1.5	1.5	1.5	1.5	1.5	1.5
648.742583679189	0.10521825745764	-5.97128770305587	-120.424529894003	-48.5274221587431	0	0	0	0	0	1.5	1.5	1.5	1.5	1.5	1.5
648.98197208645	0.109946825881685	-5.9455336897564	-120.197655138775	-48.4510579822404	0	0	0	0	0	1.5	1.5	1.5	1.5	1.5	1.5
649.221360493712	0.114675394305731	-5.91864771199328	-119.972869192693	-48.3687498057955	0	0	0	0	0	1.5	1.5	1.5	1.5	1.5	1.5
649.460748900974	0.122739317045509	-5.89046922674053	-119.750429712138	-48.2802980654963	0	0	0	0	0	1.5	1.5	1.5	1.5	1.5	1.5
649.700137308235	0.135761915949021	-5.85952812751966	-119.530693031759	-48.1853347657304	0	0	0	0	0	1.5	1.5	1.5	1.5	1.5	1.5
649.939525715497	0.148784514852533	-5.82546956908887	-119.314159964238	-48.0832823279657	0	0	0	0	0	1.5	1.5	1.5	1.5	1.5	1.5
650.178914122759	0.161807113756046	-5.78829355144816	-119.101400259373	-47.9735849399182	0	0	0	0	0	1.5	1.5	1.5	1.5	1.5	1.5
650.41830253002	0.174829712659558	-5.74800007459753	-118.893050279489	-47.8557318889644	0	0	0	0	0	1.5	1.5	1.5	1.5	1.5	1.5
650.657690937282	0.187852311563076	-5.70458913853695	-118.68981592668	-47.7292660534204	0	0	0	0	0	1.5	1.5	1.5	1.5	1.5	1.5
650.897079344544	0.197141951204256	-5.65813722799929	-118.492473942183	-47.5937942009923	0	0	0	0	0	1.5	1.5	1.5	1.5	1.5	1.5
651.136467751806	0.188357101044608	-5.61199522593992	-118.301670807624	-47.4492576791112	0	0	0	0	0	1.5	1.5	1.5	1.5	1.5	1.5
651.375856159067	0.17957225088496	-5.56795621516829	-118.117575168165	-47.2962663610238	0	0	0	0	0	1.5	1.5	1.5	1.5	1.5	1.5
651.615244566329	0.170787400725311	-5.52602019568442	-117.940222955145	-47.1355037915191	0	0	0	0	0	1.5	1.5	1.5	1.5	1.5	1.5
651.854632973591	0.162002550565663	-5.4861871674883	-117.769588594977	-46.9676254204882	0	0	0	0	0	1.5	1.5	1.5	1.5	1.5	1.5
652.094021380852	0.153217700406015	-5.44845713057993	-117.605590370316	-46.7932562904112	0	0	0	0	0	1.5	1.5	1.5	1.5	1.5	1.5
652.333409788114	0.144432850246367	-5.41283008495931	-117.448095606909	-46.6129894122217	0	0	0	0	0	1.5	1.5	1.5	1.5	1.5	1.5
652.572798195376	0.139531813074497	-5.37887575523525	-117.296950464631	-46.4273649239408	0	0	0	0	0	1.5	1.5	1.5	1.5	1.5	1.5
652.812186602637	0.134943037806343	-5.34602270654237	-117.152088333536	-46.23679572859	0	0	0	0	0	1.5	1.5	1.5	1.5	1.5	1.5
653.051575009899	0.130354262538188	-5.31426815745222	-117.013456408601	-46.0416465970629	0	0	0	0	0	1.5	1.5	1.5	1.5	1.5	1.5
653.290963417161	0.125765487270034	-5.2836121079648	-116.880980296364	-45.8422665548931	0	0	0	0	0	1.5	1.5	1.5	1.5	1.5	1.5
653.530351824422	0.121176712001879	-5.25405455808009	-116.754565658828	-45.6389884773617	0	0	0	0	0	1.5	1.5	1.5	1.5	1.5	1.5
653.769740231684	0.116587936733725	-5.22559550779812	-116.63409980994	-45.4321288124304	0	0	0	0	0	1.5	1.5	1.5	1.5	1.5	1.5
654.009128638946	0.115642233827307	-5.19794167627252	-116.519467132183	-45.2219800197369	0	0	0	0	0	1.5	1.5	1.5	1.5	1.5	1.5
654.248517046208	0.116470036715039	-5.17015918289701	-116.410696927133	-45.0087379835111	0	0	0	0	0	1.5	1.5	1.5	1.5	1.5	1.5
654.487905453469	0.117297839602771	-5.14217852310667	-116.307913798555	-44.7925466348613	0	0	0	0	0	1.5	1.5	1.5	1.5	1.5	1.5
654.727293860731	0.118125642490503	-5.11399969690152	-116.211241032741	-44.5735548679912	0	0	0	0	0	1.5	1.5	1.5	1.5	1.5	1.5
654.966682267993	0.118953445378236	-5.08562270428154	-116.120798762364	-44.3519174166949	0	0	0	0	0	1.5	1.5	1.5	1.5	1.5	1.5
655.206070675254	0.119781248265968	-5.05704754524675	-116.036703710218	-44.127794833276	0	0	0	0	0	1.5	1.5	1.5	1.5	1.5	1.5
655.445459082516	0.121530702050104	-5.02822802562984	-115.959070394785	-43.9013529735405	0	0	0	0	0	1.5	1.5	1.5	1.5	1.5	1.5
655.684847489778	0.124559499027943	-4.99877245499045	-115.888060939359	-43.6727478042625	0	0	0	0	0	1.5	1.5	1.5	1.5	1.5	1.5
655.924235897039	0.127588296005782	-4.96859182546662	-115.823898726852	-43.4421276182753	0	0	0	0	0	1.5	1.5	1.5	1.5	1.5	1.5
656.163624304301	0.13061709298362	-4.93768613705834	-115.766809319202	-43.2096560119869	0	0	0	0	0	1.5	1.5	1.5	1.5	1.5	1.5
656.403012711563	0.133645889961459	-4.90605538976562	-115.717015699948	-42.9755136895521	0	0	0	0	0	1.5	1.5	1.5	1.5	1.5	1.5
656.642401118825	0.136674686939297	-4.87369958358845	-115.674737346118	-42.7398988535836	0	0	0	0	0	1.5	1.5	1.5	1.5	1.5	1.5
656.881789526086	0.137929732152692	-4.84065512094073	-115.640188743919	-42.5030276200649	0	0	0	0	0	1.5	1.5	1.5	1.5	1.5	1.5
657.121177933348	0.130613573857125	-4.80851204378749	-115.613422840362	-42.2651506311496	0	0	0	0	0	1.5	1.5	1.5	1.5	1.5	1.5
657.36056634061	0.123297415561557	-4.7781203701159	-115.594106508599	-42.0265520607871	0	0	0	0	0	1.5	1.5	1.5	1.5	1.5	1.5
657.599954747871	0.115981257265986	-4.74948009992595	-115.581839983637	-41.787486328135	0	0	0	0	0	1.5	1.5	1.5	1.5	1.5	1.5
657.839343155133	0.108665098970419	-4.72259123321766	-115.576214867624	-41.5481712332253	0	0	0	0	0	1.5	1.5	1.5	1.5	1.5	1.5
658.078731562395	0.101348940674852	-4.69745376999103	-115.576816297916	-41.3087898847681	0	0	0	0	0	1.5	1.5	1.5	1.5	1.5	1.5
658.318119969656	0.0940327823792841	-4.67406771024604	-115.583224817268	-41.0694927297089	0	0	0	0	0	1.5	1.5	1.5	1.5	1.5	1.5
658.557508376918	0.0866387582136003	-4.65244158597639	-115.595017339161	-40.8303996259825	0	0	0	0	0	1.5	1.5	1.5	1.5	1.5	1.5
658.79689678418	0.0792375415832481	-4.63258715437098	-115.611765886178	-40.5916017764157	0	0	0	0	0	1.5	1.5	1.5	1.5	1.5	1.5
659.036285191441	0.0718363249528959	-4.6145044882265	-115.63304085677	-40.3531638947856	0	0	0	0	0	1.5	1.5	1.5	1.5	1.5	1.5
659.275673598703	0.0644351083225437	-4.59819358754296	-115.658412908519	-40.1151265074604	0	0	0	0	0	1.5	1.5	1.5	1.5	1.5	1.5
659.515062005965	0.0570338916921915	-4.58365445232037	-115.687453593407	-39.8775082454948	0	0	0	0	0	1.5	1.5	1.5	1.5	1.5	1.5
659.754450413227	0.0496326750618393	-4.57088708255871	-115.719735797962	-39.640308139867	0	0	0	0	0	1.5	1.5	1.5	1.5	1.5	1.5
659.993838820488	0.0439899322366949	-4.55975421578802	-115.754841070931	-39.403508986383	0	0	0	0	0	1.5	1.5	1.5	1.5	1.5	1.5
660.23322722775	0.039285170232269	-4.54978666871573	-115.792439115921	-39.1670925699	0	0	0	0	0	1.5	1.5	1.5	1.5	1.5	1.5
660.472615635012	0.0345804082278431	-4.54094538712621	-115.832258858582	-38.9310399820559	0	0	0	0	0	1.5	1.5	1.5	1.5	1.5	1.5
660.712004042273	0.0298756462234173	-4.53323037101948	-115.874031325461	-38.6953249290938	0	0	0	0	0	1.5	1.5	1.5	1.5	1.5	1.5
660.951392449535	0.0251708842189892	-4.52664162039553	-115.917488545384	-38.4599144956971	0	0	0	0	0	1.5	1.5	1.5	1.5	1.5	1.5
661.190780856797	0.0204661222145633	-4.52117913525437	-115.962363486493	-38.22477005797	0	0	0	0	0	1.5	1.5	1.5	1.5	1.5	1.5
661.430169264058	0.0156889680258727	-4.51684626610504	-116.008389859621	-37.9898481715967	0	0	0	0	0	1.5	1.5	1.5	1.5	1.5	1.5
661.66955767132	0.0107969888467692	-4.51367605058977	-116.05529782811	-37.7551006393016	0	0	0	0	0	1.5	1.5	1.5	1.5	1.5	1.5
661.908946078582	0.00590500966766568	-4.51167691817854	-116.102812397056	-37.5204750736137	0	0	0	0	0	1.5	1.5	1.5	1.5	1.5	1.5
662.148334485844	0.00101303048856216	-4.51084886887135	-116.150658589572	-37.2859168761246	0	0	0	0	0	1.5	1.5	1.5	1.5	1.5	1.5
662.387722893105	-0.00387894869054136	-4.51119190266821	-116.198561663997	-37.0513702830544	0	0	0	0	0	1.5	1.5	1.5	1.5	1.5	1.5
662.627111300367	-0.00877092786964488	-4.51270601956911	-116.246246919296	-36.8167793307544	0	0	0	0	0	1.5	1.5	1.5	1.5	1.5	1.5
662.866499707629	-0.013610396671458	-4.5153904608717	-116.293439506467	-36.5820888224043	0	0	0	0	0	1.5	1.5	1.5	1.5	1.5	1.5
663.10588811489	-0.0180673731335496	-4.51918210630132	-116.339869939646	-36.3472464163972	0	0	0	0	0	1.5	1.5	1.5	1.5	1.5	1.5
663.345276522152	-0.0225243495956412	-4.52404070022739	-116.385284202741	-36.1122054807783	0	0	0	0	0	1.5	1.5	1.5	1.5	1.5	1.5
663.584664929414	-0.0269813260577327	-4.52996624264993	-116.429430433873	-35.8769231991722	0	0	0	0	0	1.5	1.5	1.5	1.5	1.5	1.5
663.824053336675	-0.0314383025198243	-4.53695873356893	-116.472056038055	-35.6413608214288	0	0	0	0	0	1.5	1.5	1.5	1.5	1.5	1.5
664.063441743937	-0.0358952789819159	-4.54501817298439	-116.512907590238	-35.4054844768524	0	0	0	0	0	1.5	1.5	1.5	1.5	1.5	1.5
664.302830151199	-0.0403522554440075	-4.55414456089632	-116.551730764452	-35.1692659914959	0	0	0	0	0	1.5	1.5	1.5	1.5	1.5	1.5
664.54221855846	-0.0415445233799001	-4.56400343572662	-116.588292878694	-34.9326871325385	0	0	0	0	0	1.5	1.5	1.5	1.5	1.5	1.5
664.781606965722	-0.0421871922538889	-4.57402563674805	-116.622500484663	-34.695756405225	0	0	0	0	0	1.5	1.5	1.5	1.5	1.5	1.5
665.020995372984	-0.0428298611278776	-4.58420168524763	-116.654313589772	-34.4584923300787	0	0	0	0	0	1.5	1.5	1.5	1.5	1.5	1.5
665.260383780246	-0.0434725300018664	-4.59453158122534	-116.683692399528	-34.2209145838917	0	0	0	0	0	1.5	1.5	1.5	1.5	1.5	1.5
665.499772187507	-0.0441151988758552	-4.60501532468119	-116.710597230673	-33.9830439999282	0	0	0	0	0	1.5	1.5	1.5	1.5	1.5	1.5
665.739160594769	-0.044757867749844	-4.61565291561519	-116.734988532834	-33.7449025849769	0	0	0	0	0	1.5	1.5	1.5	1.5	1.5	1.5
665.978549002031	-0.0428842251456017	-4.62626598455389	-116.756835307924	-33.5065142735824	0	0	0	0	0	1.5	1.5	1.5	1.5	1.5	1.5
666.217937409292	-0.0392779463076164	-4.63610032023456	-116.776236439726	-33.2679143077541	0	0	0	0	0	1.5	1.5	1.5	1.5	1.5	1.5
666.457325816554	-0.0356716674696311	-4.64507135456807	-116.793393278249	-33.0291423076581	0	0	0	0	0	1.5	1.5	1.5	1.5	1.5	1.5
666.696714223816	-0.0320653886316457	-4.65317908755441	-116.808510559585	-32.7902323594472	0	0	0	0	0	1.5	1.5	1.5	1.5	1.5	1.5
666.936102631077	-0.0284591097936604	-4.66042351919358	-116.821793528471	-32.5512132774063	0	0	0	0	0	1.5	1.5	1.5	1.5	1.5	1.5
667.175491038339	-0.0248528309556751	-4.66680464948559	-116.83344782276	-32.31210913181	0	0	0	0	0	1.5	1.5	1.5	1.5	1.5	1.5
667.414879445601	-0.0235850400962834	-4.67241392338739	-116.843676996347	-32.0729396825323	0	0	0	0	0	1.5	1.5	1.5	1.5	1.5	1.5
667.654267852862	-0.0271366285640377	-4.67848501312451	-116.852534812056	-31.8337155772328	0	0	0	0	0	1.5	1.5	1.5	1.5	1.5	1.5
667.893656260124	-0.0306882170317938	-4.68540631196819	-116.859838402169	-31.5944390880513	0	0	0	0	0	1.5	1.5	1.5	1.5	1.5	1.5
668.133044667386	-0.0342398054995482	-4.6931778199184	-116.865383986512	-31.3551155256053	0	0	0	0	0	1.5	1.5	1.5	1.5	1.5	1.5
668.372433074648	-0.0377913939673025	-4.70179953697516	-116.868967761951	-31.1157546870348	0	0	0	0	0	1.5	1.5	1.5	1.5	1.5	1.5
668.611821481909	-0.0413429824350569	-4.71127146313846	-116.870385964561	-30.8763713757431	0	0	0	0	0	1.5	1.5	1.5	1.5	1.5	1.5
668.851209889171	-0.0449061701115526	-4.72159368454539	-116.869434952652	-30.6369859203976	0	0	0	0	0	1.5	1.5	1.5	1.5	1.5	1.5
669.090598296433	-0.0486447147144426	-4.7327911832036	-116.865909177115	-30.3976247297311	0	0	0	0	0	1.5	1.5	1.5	1.5	1.5	1.5
669.329986703694	-0.0523832593173325	-4.74488364609977	-116.859596352653	-30.1583210327304	0	0	0	0	0	1.5	1.5	1.5	1.5	1.5	1.5
669.569375110956	-0.0561218039202206	-4.75787107323389	-116.850283256692	-29.9191155348732	0	0	0	0	0	1.5	1.5	1.5	1.5	1.5	1.5
669.808763518218	-0.0598603485231124	-4.771753464606	-116.837757406288	-29.6800569809706	0	0	0	0	0	1.5	1.5	1.5	1.5	1.5	1.5
670.048151925479	-0.0635988931260023	-4.78653082021605	-116.821807297384	-29.4412027143994	0	0	0	0	0	1.5	1.5	1.5	1.5	1.5	1.5
670.287540332741	-0.0673374377288922	-4.80220314006408	-116.80222268231	-29.2026192293318	0	0	0	0	0	1.5	1.5	1.5	1.5	1.5	1.5
670.526928740003	-0.0665000209570406	-4.81833200318439	-116.778822743041	-28.9643798384591	0	0	0	0	0	1.5	1.5	1.5	1.5	1.5	1.5
670.766317147264	-0.064521851038414	-4.8340145618111	-116.751633730815	-28.7265429350536	0	0	0	0	0	1.5	1.5	1.5	1.5	1.5	1.5
671.005705554526	-0.0625436811197875	-4.84922356949171	-116.72077451182	-28.489154195915	0	0	0	0	0	1.5	1.5	1.5	1.5	1.5	1.5
671.245093961788	-0.060565511201161	-4.8639590262262	-116.686364624716	-28.2522539378868	0	0	0	0	0	1.5	1.5	1.5	1.5	1.5	1.5
671.48448236905	-0.0585873412825335	-4.87822093201459	-116.648523711585	-28.0158773242937	0	0	0	0	0	1.5	1.5	1.5	1.5	1.5	1.5
671.723870776311	-0.056609171363907	-4.89200928685685	-116.60737139323	-27.7800545342832	0	0	0	0	0	1.5	1.5	1.5	1.5	1.5	1.5
671.963259183573	-0.0553666678125679	-4.90537141406909	-116.563025163907	-27.5448113194914	0	0	0	0	0	1.5	1.5	1.5	1.5	1.5	1.5
672.202647590835	-0.0547573601654457	-4.91855262189854	-116.515563697578	-27.3101767333346	0	0	0	0	0	1.5	1.5	1.5	1.5	1.5	1.5
672.442035998096	-0.0541480525183236	-4.93158796854081	-116.465030733594	-27.076184388119	0	0	0	0	0	1.5	1.5	1.5	1.5	1.5	1.5
672.681424405358	-0.0535387448712014	-4.94447745399591	-116.4114689853	-26.8428666750185	0	0	0	0	0	1.5	1.5	1.5	1.5	1.5	1.5
672.92081281262	-0.0529294372240795	-4.95722107826382	-116.354921379868	-26.6102545465691	0	0	0	0	0	1.5	1.5	1.5	1.5	1.5	1.5
673.160201219881	-0.052320129576957	-4.96981884134457	-116.295431026313	-26.3783775329011	0	0	0	0	0	1.5	1.5	1.5	1.5	1.5	1.5
673.399589627143	-0.0508904923730336	-4.9822438052267	-116.233041753059	-26.1472636017376	0	0	0	0	0	1.5	1.5	1.5	1.5	1.5	1.5
673.638978034405	-0.0472910944125449	-4.99399557206822	-116.167852066722	-25.9169237338349	0	0	0	0	0	1.5	1.5	1.5	1.5	1.5	1.5
673.878366441666	-0.0436916964520561	-5.00488568476487	-116.100058894642	-25.687336432493	0	0	0	0	0	1.5	1.5	1.5	1.5	1.5	1.5
674.117754848928	-0.0400922984915673	-5.01491414331665	-116.029868102613	-25.4584705724145	0	0	0	0	0	1.5	1.5	1.5	1.5	1.5	1.5
674.35714325619	-0.0364929005310785	-5.02408094772358	-115.957483957016	-25.2302887509497	0	0	0	0	0	1.5	1.5	1.5	1.5	1.5	1.5
674.596531663452	-0.0328935025705897	-5.03238609798564	-115.883109160966	-25.0027478320179	0	0	0	0	0	1.5	1.5	1.5	1.5	1.5	1.5
674.835920070713	-0.0293180799773685	-5.03982962111754	-115.80694491541	-24.775799484198	0	0	0	0	0	1.5	1.5	1.5	1.5	1.5	1.5
675.075308477975	-0.0282655334202972	-5.04672204586536	-115.729167354602	-24.5493988797474	0	0	0	0	0	1.5	1.5	1.5	1.5	1.5	1.5
675.314696885237	-0.0272129868632259	-5.05336250316931	-115.649859648384	-24.3235296992932	0	0	0	0	0	1.5	1.5	1.5	1.5	1.5	1.5
675.554085292498	-0.0261604403061546	-5.0597509930294	-115.569082205554	-24.0981819250596	0	0	0	0	0	1.5	1.5	1.5	1.5	1.5	1.5
675.79347369976	-0.0251078937490834	-5.06588751544562	-115.486895103321	-23.8733444061265	0	0	0	0	0	1.5	1.5	1.5	1.5	1.5	1.5
676.032862107022	-0.0240553471920126	-5.07177207041798	-115.40335808864	-23.6490049059571	0	0	0	0	0	1.5	1.5	1.5	1.5	1.5	1.5
676.272250514283	-0.0230028006349413	-5.07740465794647	-115.318530580934	-23.4251501495793	0	0	0	0	0	1.5	1.5	1.5	1.5	1.5	1.5
676.511638921545	-0.0231662272084695	-5.08289354491199	-115.23246568324	-23.20176819102	0	0	0	0	0	1.5	1.5	1.5	1.5	1.5	1.5
676.751027328807	-0.0237483331822268	-5.08850894585665	-115.145163061302	-22.9788670668731	0	0	0	0	0	1.5	1.5	1.5	1.5	1.5	1.5
676.990415736068	-0.0243304391559841	-5.09426369622322	-115.056594653092	-22.7564658788276	0	0	0	0	0	1.5	1.5	1.5	1.5	1.5	1.5
677.22980414333	-0.0249125451297414	-5.1001577960117	-114.966732401518	-22.5345843352807	0	0	0	0	0	1.5	1.5	1.5	1.5	1.5	1.5
677.469192550592	-0.0254946511034986	-5.1061912452221	-114.875548510655	-22.3132426678652	0	0	0	0	0	1.5	1.5	1.5	1.5	1.5	1.5
677.708580957854	-0.0260767570772559	-5.11236404385442	-114.783015457319	-22.0924616414956	0	0	0	0	0	1.5	1.5	1.5	1.5	1.5	1.5
677.947969365115	-0.0250487935852272	-5.11858394273579	-114.689109240877	-21.8722611742083	0	0	0	0	0	1.5	1.5	1.5	1.5	1.5	1.5
678.187357772377	-0.0222673342353451	-5.12424740897417	-114.59388846117	-21.6526258868966	0	0	0	0	0	1.5	1.5	1.5	1.5	1.5	1.5
678.426746179639	-0.0194858748854617	-5.12924502608892	-114.497498236276	-21.433501231128	0	0	0	0	0	1.5	1.5	1.5	1.5	1.5	1.5
678.6661345869	-0.0167044155355796	-5.13357679408003	-114.40008688942	-21.2148285318945	0	0	0	0	0	1.5	1.5	1.5	1.5	1.5	1.5
678.905522994162	-0.0139229561856975	-5.13724271294751	-114.301801864041	-20.996547064281	0	0	0	0	0	1.5	1.5	1.5	1.5	1.5	1.5
679.144911401424	-0.0111414968358154	-5.14024278269137	-114.202789836726	-20.7785943516095	0	0	0	0	0	1.5	1.5	1.5	1.5	1.5	1.5
679.384299808685	-0.00889886772401947	-5.14259072922945	-114.103196624133	-20.5609065582704	0	0	0	0	0	1.5	1.5	1.5	1.5	1.5	1.5
679.623688215947	-0.00864924479333464	-5.14469113658244	-114.003129180744	-20.3434363413758	0	0	0	0	0	1.5	1.5	1.5	1.5	1.5	1.5
679.863076623209	-0.00839962186264981	-5.14673178709964	-113.902611672763	-20.126173780787	0	0	0	0	0	1.5	1.5	1.5	1.5	1.5	1.5
680.102465030471	-0.00814999893196486	-5.14871268078105	-113.801657501776	-19.9091137749074	0	0	0	0	0	1.5	1.5	1.5	1.5	1.5	1.5
680.341853437732	-0.00790037600128003	-5.15063381762666	-113.700280034828	-19.6922511430395	0	0	0	0	0	1.5	1.5	1.5	1.5	1.5	1.5
680.581241844994	-0.0076507530705952	-5.15249519763648	-113.598492605192	-19.4755806278488	0	0	0	0	0	1.5	1.5	1.5	1.5	1.5	1.5
680.820630252256	-0.00740113013991037	-5.1542968208105	-113.49630851317	-19.2590968978184	0	0	0	0	0	1.5	1.5	1.5	1.5	1.5	1.5
681.060018659517	-0.00599402524699009	-5.15590750205137	-113.39374998129	-19.0427902990631	0	0	0	0	0	1.5	1.5	1.5	1.5	1.5	1.5
681.299407066779	-0.00452199178908439	-5.15716620833587	-113.29088117397	-18.8266310743329	0	0	0	0	0	1.5	1.5	1.5	1.5	1.5	1.5
681.538795474041	-0.00304995833117869	-5.15807252687545	-113.187778428648	-18.6105833261251	0	0	0	0	0	1.5	1.5	1.5	1.5	1.5	1.5
681.778183881302	-0.00157792487327229	-5.1586264576701	-113.084517966817	-18.394610908723	0	0	0	0	0	1.5	1.5	1.5	1.5	1.5	1.5
682.017572288564	-0.000105891415366586	-5.15882800071983	-112.981175930452	-18.178677509622	0	0	0	0	0	1.5	1.5	1.5	1.5	1.5	1.5
682.256960695826	0.00136614204253912	-5.15867715602464	-112.877828420309	-17.9627467300651	0	0	0	0	0	1.5	1.5	1.5	1.5	1.5	1.5
682.496349103087	0.00333855289910364	-5.15813314011228	-112.774553533765	-17.7467812098324	0	0	0	0	0	1.5	1.5	1.5	1.5	1.5	1.5
682.735737510349	0.00554541197982295	-5.15706978101102	-112.671451491503	-17.5307331295577	0	0	0	0	0	1.5	1.5	1.5	1.5	1.5	1.5
682.975125917611	0.00775227106054331	-5.15547812542936	-112.568636351424	-17.3145483836077	0	0	0	0	0	1.5	1.5	1.5	1.5	1.5	1.5
683.214514324872	0.00995913014126367	-5.15335817336733	-112.466222593008	-17.0981732229865	0	0	0	0	0	1.5	1.5	1.5	1.5	1.5	1.5
683.453902732134	0.0121659892219851	-5.1507099248249	-112.364324995941	-16.8815545355913	0	0	0	0	0	1.5	1.5	1.5	1.5	1.5	1.5
683.693291139396	0.0143728483027054	-5.1475333798021	-112.263058722683	-16.6646400288794	0	0	0	0	0	1.5	1.5	1.5	1.5	1.5	1.5
683.932679546658	0.0133037791555078	-5.1439914376614	-112.162534494517	-16.4473806740426	0	0	0	0	0	1.5	1.5	1.5	1.5	1.5	1.5
684.172067953919	0.00762526069865612	-5.1414863529033	-112.062688995556	-16.2298084888889	0	0	0	0	0	1.5	1.5	1.5	1.5	1.5	1.5
684.411456361181	0.00194674224180446	-5.14034063963419	-111.963240798207	-16.0120543634183	0	0	0	0	0	1.5	1.5	1.5	1.5	1.5	1.5
684.650844768443	-0.0037317762150472	-5.14055429785407	-111.863894085824	-15.7942539045003	0	0	0	0	0	1.5	1.5	1.5	1.5	1.5	1.5
684.890233175704	-0.00941029467189885	-5.14212732756294	-111.764352852458	-15.5765423052974	0	0	0	0	0	1.5	1.5	1.5	1.5	1.5	1.5
685.129621582966	-0.0150888131287505	-5.14505972876081	-111.664321455325	-15.359055551892	0	0	0	0	0	1.5	1.5	1.5	1.5	1.5	1.5
685.369009990228	-0.0193265150562056	-5.14932566295814	-111.563505452569	-15.141931496763	0	0	0	0	0	1.5	1.5	1.5	1.5	1.5	1.5
685.60839839749	-0.0153883934344255	-5.15348083628405	-111.461737078711	-14.9252521828206	0	0	0	0	0	1.5	1.5	1.5	1.5	1.5	1.5
685.847786804751	-0.0114502718126455	-5.15669326894731	-111.35917116359	-14.7089491702817	0	0	0	0	0	1.5	1.5	1.5	1.5	1.5	1.5
686.087175212013	-0.00751215019086723	-5.15896296094793	-111.256012712269	-14.4929280630255	0	0	0	0	0	1.5	1.5	1.5	1.5	1.5	1.5
686.326563619274	-0.00357402856908713	-5.16028991228591	-111.152465937896	-14.277092786556	0	0	0	0	0	1.5	1.5	1.5	1.5	1.5	1.5
686.565952026536	0.00036409305269296	-5.16067412296126	-111.048734529909	-14.061346167225	0	0	0	0	0	1.5	1.5	1.5	1.5	1.5	1.5
686.805340433798	0.00430221467447305	-5.16011559297396	-110.945021927428	-13.845590508997	0	0	0	0	0	1.5	1.5	1.5	1.5	1.5	1.5
687.04472884106	0.00146203915634913	-5.15933138822247	-110.841485988807	-13.629750021889	0	0	0	0	0	1.5	1.5	1.5	1.5	1.5	1.5
687.284117248321	-0.00226913092324378	-5.15942799242877	-110.738025493412	-13.4138733549797	0	0	0	0	0	1.5	1.5	1.5	1.5	1.5	1.5
687.523505655583	-0.00600030100283669	-5.16041779549764	-110.634447752484	-13.1980529287606	0	0	0	0	0	1.5	1.5	1.5	1.5	1.5	1.5
687.762894062845	-0.0097314710824296	-5.16230079742909	-110.530560124624	-12.9823815275206	0	0	0	0	0	1.5	1.5	1.5	1.5	1.5	1.5
688.002282470106	-0.0134626411620225	-5.16507699822311	-110.426170368833	-12.7669527654046	0	0	0	0	0	1.5	1.5	1.5	1.5	1.5	1.5
688.241670877368	-0.0171938112416154	-5.16874639787971	-110.321086897707	-12.5518616003989	0	0	0	0	0	1.5	1.5	1.5	1.5	1.5	1.5
688.48105928463	-0.0180358026561616	-5.17309523925192	-110.215128483508	-12.3372001637801	0	0	0	0	0	1.5	1.5	1.5	1.5	1.5	1.5
688.720447691892	-0.0170928374994528	-5.17729993385998	-110.108246463634	-12.1229970850777	0	0	0	0	0	1.5	1.5	1.5	1.5	1.5	1.5
688.959836099153	-0.0161498723427445	-5.18127889354107	-110.000488850704	-11.9092331246552	0	0	0	0	0	1.5	1.5	1.5	1.5	1.5	1.5
689.199224506415	-0.0152069071860366	-5.1850321182952	-109.89190560606	-11.6958873460754	0	0	0	0	0	1.5	1.5	1.5	1.5	1.5	1.5
689.438612913676	-0.0142639420293282	-5.18855960812235	-109.782546420264	-11.482938247495	0	0	0	0	0	1.5	1.5	1.5	1.5	1.5	1.5
689.678001320938	-0.0133209768726199	-5.19186136302254	-109.672460725601	-11.2703637963104	0	0	0	0	0	1.5	1.5	1.5	1.5	1.5	1.5
689.9173897282	-0.0126620006102527	-5.19494935766781	-109.561697410956	-11.0581416196485	0	0	0	0	0	1.5	1.5	1.5	1.5	1.5	1.5
690.156778135462	-0.012525178673072	-5.19796411703383	-109.450289477955	-10.8462571261344	0	0	0	0	0	1.5	1.5	1.5	1.5	1.5	1.5
690.396166542723	-0.0123883567358911	-5.20094612281424	-109.338246735012	-10.6347076264449	0	0	0	0	0	1.5	1.5	1.5	1.5	1.5	1.5
690.635554949985	-0.0122515347987104	-5.20389537500902	-109.225577107452	-10.4234913320486	0	0	0	0	0	1.5	1.5	1.5	1.5	1.5	1.5
690.874943357247	-0.0121147128615296	-5.20681187361818	-109.112288493378	-10.2126063898846	0	0	0	0	0	1.5	1.5	1.5	1.5	1.5	1.5
691.114331764508	-0.0119778909243489	-5.20969561864173	-108.998388763656	-10.0020508832197	0	0	0	0	0	1.5	1.5	1.5	1.5	1.5	1.5
691.35372017177	-0.011663968613012	-5.21254477586585	-108.883885773038	-9.79182282642774	0	0	0	0	0	1.5	1.5	1.5	1.5	1.5	1.5
691.593108579032	-0.00948040930496233	-5.21507563534201	-108.768809284332	-9.58190812787652	0	0	0	0	0	1.5	1.5	1.5	1.5	1.5	1.5
691.832496986293	-0.00729684999691265	-5.21708377603326	-108.653256679543	-9.37225511507183	0	0	0	0	0	1.5	1.5	1.5	1.5	1.5	1.5
692.071885393555	-0.00511329068886297	-5.21856919793959	-108.537338024449	-9.16280425120764	0	0	0	0	0	1.5	1.5	1.5	1.5	1.5	1.5
692.311273800817	-0.00292973138081225	-5.219531901061	-108.421163069115	-8.95349542474094	0	0	0	0	0	1.5	1.5	1.5	1.5	1.5	1.5
692.550662208079	-0.000746172072763606	-5.2199718853975	-108.30484134138	-8.74426812192983	0	0	0	0	0	1.5	1.5	1.5	1.5	1.5	1.5
692.79005061534	0.00143738723528608	-5.21988915094909	-108.188482241379	-8.53506159879068	0	0	0	0	0	1.5	1.5	1.5	1.5	1.5	1.5
693.029439022602	0.00106733625003342	-5.21953449905403	-108.072180781931	-8.32582302818239	0	0	0	0	0	1.5	1.5	1.5	1.5	1.5	1.5
693.268827429864	0.000138802960721589	-5.21939013118173	-107.955932637688	-8.11655483091429	0	0	0	0	0	1.5	1.5	1.5	1.5	1.5	1.5
693.508215837125	-0.00078973032859024	-5.21946804341465	-107.839691446963	-7.90728277096054	0	0	0	0	0	1.5	1.5	1.5	1.5	1.5	1.5
693.747604244387	-0.00171826361790207	-5.21976823575279	-107.723410695362	-7.69803269114196	0	0	0	0	0	1.5	1.5	1.5	1.5	1.5	1.5
693.986992651649	-0.00264679690721434	-5.22029070819614	-107.607043883152	-7.48883046065742	0	0	0	0	0	1.5	1.5	1.5	1.5	1.5	1.5
694.22638105891	-0.00357533019652617	-5.22103546074471	-107.490544542528	-7.27970200608246	0	0	0	0	0	1.5	1.5	1.5	1.5	1.5	1.5
694.465769466172	-0.00392495872940394	-5.2219640648624	-107.373867739616	-7.07067251293151	0	0	0	0	0	1.5	1.5	1.5	1.5	1.5	1.5
694.705157873434	-0.00380965302939704	-5.22288985305726	-107.256995355044	-6.8617523100724	0	0	0	0	0	1.5	1.5	1.5	1.5	1.5	1.5
694.944546280695	-0.00369434732939015	-5.22378803840425	-107.139932486395	-6.65293877971062	0	0	0	0	0	1.5	1.5	1.5	1.5	1.5	1.5
695.183934687957	-0.00357904162938325	-5.22465862090337	-107.022684991981	-6.44422885908996	0	0	0	0	0	1.5	1.5	1.5	1.5	1.5	1.5
695.423323095219	-0.00346373592937636	-5.22550160055462	-106.905258721682	-6.23561947008444	0	0	0	0	0	1.5	1.5	1.5	1.5	1.5	1.5
695.662711502481	-0.00334843022936941	-5.22631697735799	-106.787659517182	-6.02710751968992	0	0	0	0	0	1.5	1.5	1.5	1.5	1.5	1.5
695.902099909742	-0.00359887056222233	-5.22711738660006	-106.669892958911	-5.81869004375955	0	0	0	0	0	1.5	1.5	1.5	1.5	1.5	1.5
696.141488317004	-0.00475077101100064	-5.22811679029877	-106.551943097161	-5.61037625432497	0	0	0	0	0	1.5	1.5	1.5	1.5	1.5	1.5
696.380876724266	-0.00590267145977895	-5.22939194561124	-106.433756403826	-5.40219674697945	0	0	0	0	0	1.5	1.5	1.5	1.5	1.5	1.5
696.620265131527	-0.00705457190855725	-5.23094285253746	-106.315275668303	-5.19418445563965	0	0	0	0	0	1.5	1.5	1.5	1.5	1.5	1.5
696.859653538789	-0.00820647235733556	-5.23276951107744	-106.196443818946	-4.98637255711374	0	0	0	0	0	1.5	1.5	1.5	1.5	1.5	1.5
697.099041946051	-0.00935837280611387	-5.23487192123118	-106.077203950931	-4.77879451807199	0	0	0	0	0	1.5	1.5	1.5	1.5	1.5	1.5
697.338430353312	-0.0104426000752094	-5.23724989853893	-105.957499354816	-4.57148414161786	0	0	0	0	0	1.5	1.5	1.5	1.5	1.5	1.5
697.577818760574	-0.00862280243764157	-5.23953191670961	-105.83729979483	-4.36446034968523	0	0	0	0	0	1.5	1.5	1.5	1.5	1.5	1.5
697.817207167836	-0.00680300480007371	-5.24137829642229	-105.716673143897	-4.15768509894112	0	0	0	0	0	1.5	1.5	1.5	1.5	1.5	1.5
698.056595575098	-0.00498320716250585	-5.24278903767698	-105.595709899922	-3.95110655789929	0	0	0	0	0	1.5	1.5	1.5	1.5	1.5	1.5
698.295983982359	-0.00316340952493798	-5.24376414047367	-105.474500304734	-3.74467245458829	0	0	0	0	0	1.5	1.5	1.5	1.5	1.5	1.5
698.535372389621	-0.00134361188737012	-5.24430360481236	-105.353134411826	-3.53833019482317	0	0	0	0	0	1.5	1.5	1.5	1.5	1.5	1.5
698.774760796883	0.000476185750197743	-5.24440743069306	-105.2317021548	-3.33202698006798	0	0	0	0	0	1.5	1.5	1.5	1.5	1.5	1.5
699.014149204144	0.00024702468890423	-5.24426122211821	-105.110283755834	-3.12571560906849	0	0	0	0	0	1.5	1.5	1.5	1.5	1.5	1.5
699.253537611406	-0.000640576217120766	-5.24430832795497	-104.988877236581	-2.91939724682228	0	0	0	0	0	1.5	1.5	1.5	1.5	1.5	1.5
699.492926018668	-0.00152817712314576	-5.24456791515891	-104.867439080882	-2.71309750482922	0	0	0	0	0	1.5	1.5	1.5	1.5	1.5	1.5
699.732314425929	-0.00241577802917076	-5.24503998373002	-104.745925463899	-2.50684220343973	0	0	0	0	0	1.5	1.5	1.5	1.5	1.5	1.5
699.971702833191	-0.00330337893519576	-5.24572453366831	-104.624292589139	-2.30065721109709	0	0	0	0	0	1.5	1.5	1.5	1.5	1.5	1.5
700.211091240453	-0.00419097984122075	-5.24662156497378	-104.502496704974	-2.09456847223572	0	0	0	0	0	1.5	1.5	1.5	1.5	1.5	1.5
700.450479647714	-0.00622414823970884	-5.24779837925163	-104.380491853905	-1.88860337954132	0	0	0	0	0	1.5	1.5	1.5	1.5	1.5	1.5
700.689868054976	-0.00944568577173221	-5.24967396755466	-104.258177734272	-1.68282182346147	0	0	0	0	0	1.5	1.5	1.5	1.5	1.5	1.5
700.929256462238	-0.0126672233037571	-5.25232075459641	-104.135398634854	-1.4773173982657	0	0	0	0	0	1.5	1.5	1.5	1.5	1.5	1.5
701.1686448695	-0.0158887608357805	-5.25573874037689	-104.011996956114	-1.27218627099125	0	0	0	0	0	1.5	1.5	1.5	1.5	1.5	1.5
701.408033276761	-0.0191102983678039	-5.25992792489609	-103.887815968543	-1.06752604524574	0	0	0	0	0	1.5	1.5	1.5	1.5	1.5	1.5
701.647421684023	-0.0223318358998272	-5.26488830815402	-103.762700044189	-0.863436120329651	0	0	0	0	0	1.5	1.5	1.5	1.5	1.5	1.5
701.886810091285	-0.0240529173819654	-5.27057941213769	-103.636495512684	-0.660017660676659	0	0	0	0	0	1.5	1.5	1.5	1.5	1.5	1.5
702.126198498546	-0.0206171186753748	-5.27592615652974	-103.509146800825	-0.457313495591377	0	0	0	0	0	1.5	1.5	1.5	1.5	1.5	1.5
702.365586905808	-0.0171813199687842	-5.28045041054174	-103.380799154416	-0.255240257906702	0	0	0	0	0	1.5	1.5	1.5	1.5	1.5	1.5
702.60497531307	-0.0137455212621936	-5.2841521741737	-103.251621430544	-0.05369656613564	0	0	0	0	0	1.5	1.5	1.5	1.5	1.5	1.5
702.844363720331	-0.0103097225556031	-5.28703144742562	-103.121781194687	0.147421018972298	0	0	0	0	0	1.5	1.5	1.5	1.5	1.5	1.5
703.083752127593	-0.00687392384901248	-5.28908823029749	-102.991444968882	0.348217576507767	0	0	0	0	0	1.5	1.5	1.5	1.5	1.5	1.5
703.323140534855	-0.0034381251424219	-5.29032252278932	-102.86077848665	0.548799411734677	0	0	0	0	0	1.5	1.5	1.5	1.5	1.5	1.5
703.562528942116	-0.00172912035692067	-5.29093264566409	-102.729934238014	0.749265344856137	0	0	0	0	0	1.5	1.5	1.5	1.5	1.5	1.5
703.801917349378	-9.29629751625547e-05	-5.29115073847747	-102.599007018729	0.949677102350949	0	0	0	0	0	1.5	1.5	1.5	1.5	1.5	1.5
704.04130575664	0.00154319440659556	-5.2909771541812	-102.468075339366	1.15008594625353	0	0	0	0	0	1.5	1.5	1.5	1.5	1.5	1.5
704.280694163902	0.00317935178835445	-5.29041189277529	-102.33721770612	1.35054314321705	0	0	0	0	0	1.5	1.5	1.5	1.5	1.5	1.5
704.520082571163	0.00481550917011256	-5.28945495425973	-102.206512681972	1.55109987286836	0	0	0	0	0	1.5	1.5	1.5	1.5	1.5	1.5
704.759470978425	0.00645166655187068	-5.28810633863451	-102.076038946728	1.75180713542977	0	0	0	0	0	1.5	1.5	1.5	1.5	1.5	1.5
704.998859385687	0.00333012060854583	-5.28676108005973	-101.945856999576	1.9527037779195	0	0	0	0	0	1.5	1.5	1.5	1.5	1.5	1.5
705.238247792948	-0.00189228579482563	-5.28658897956674	-101.815833656098	2.15370312970043	0	0	0	0	0	1.5	1.5	1.5	1.5	1.5	1.5
705.47763620021	-0.0071146921981971	-5.28766706262474	-101.685719281151	2.35464355193679	0	0	0	0	0	1.5	1.5	1.5	1.5	1.5	1.5
705.717024607472	-0.0123370986015686	-5.28999532923371	-101.555262881567	2.55536203969249	0	0	0	0	0	1.5	1.5	1.5	1.5	1.5	1.5
705.956413014733	-0.01755950500494	-5.29357377939366	-101.424214298481	2.75569430650347	0	0	0	0	0	1.5	1.5	1.5	1.5	1.5	1.5
706.195801421995	-0.0227819114083115	-5.29840241310458	-101.292324828351	2.95547384932501	0	0	0	0	0	1.5	1.5	1.5	1.5	1.5	1.5
706.435189829257	-0.023678400007076	-5.30425945717601	-101.159354150455	3.15453524794554	0	0	0	0	0	1.5	1.5	1.5	1.5	1.5	1.5
706.674578236518	-0.0188008243644525	-5.30934397410802	-101.025272147625	3.35284990317925	0	0	0	0	0	1.5	1.5	1.5	1.5	1.5	1.5
706.91396664378	-0.013923248721829	-5.31326085597563	-100.890298892053	3.55055917568929	0	0	0	0	0	1.5	1.5	1.5	1.5	1.5	1.5
707.153355051042	-0.00904567307920543	-5.31601010277887	-100.75466736572	3.74781754025728	0	0	0	0	0	1.5	1.5	1.5	1.5	1.5	1.5
707.392743458303	-0.00416809743658191	-5.31759171451772	-100.618608980012	3.94478178359927	0	0	0	0	0	1.5	1.5	1.5	1.5	1.5	1.5
707.632131865565	0.000709478206041607	-5.31800569119218	-100.482354119058	4.14161018975688	0	0	0	0	0	1.5	1.5	1.5	1.5	1.5	1.5
707.871520272827	0.00453476855479963	-5.31727247384037	-100.346132474082	4.33846158092107	0	0	0	0	0	1.5	1.5	1.5	1.5	1.5	1.5
708.110908680089	0.00292843127696106	-5.31637917207996	-100.210094649009	4.53544004638891	0	0	0	0	0	1.5	1.5	1.5	1.5	1.5	1.5
708.35029708735	0.00132209399912249	-5.31587040884203	-100.074194942606	4.73251383481038	0	0	0	0	0	1.5	1.5	1.5	1.5	1.5	1.5
708.589685494612	-0.000284243278716079	-5.31574618412656	-99.9383576142967	4.9296306267985	0	0	0	0	0	1.5	1.5	1.5	1.5	1.5	1.5
708.829073901874	-0.00189058055655465	-5.31600649793356	-99.8025068738758	5.1267381749112	0	0	0	0	0	1.5	1.5	1.5	1.5	1.5	1.5
709.068462309135	-0.00349691783439322	-5.31665135026303	-99.6665669418039	5.32378421623644	0	0	0	0	0	1.5	1.5	1.5	1.5	1.5	1.5
709.307850716397	-0.00510325511223179	-5.31768074111497	-99.5304621095382	5.52071638499782	0	0	0	0	0	1.5	1.5	1.5	1.5	1.5	1.5
709.547239123659	-0.00859202779868329	-5.31929662850918	-99.3941049308932	5.71747389277143	0	0	0	0	0	1.5	1.5	1.5	1.5	1.5	1.5
709.78662753092	-0.012298524108506	-5.32179710648312	-99.2573433463061	5.91395047812235	0	0	0	0	0	1.5	1.5	1.5	1.5	1.5	1.5
710.026015938182	-0.0160050204183288	-5.32518487670519	-99.1200039337192	6.11002352677969	0	0	0	0	0	1.5	1.5	1.5	1.5	1.5	1.5
710.265404345444	-0.0197115167281515	-5.32945993917539	-98.9819143326618	6.30556887770745	0	0	0	0	0	1.5	1.5	1.5	1.5	1.5	1.5
710.504792752705	-0.0234180130379743	-5.33462229389372	-98.8429035993676	6.50046038144563	0	0	0	0	0	1.5	1.5	1.5	1.5	1.5	1.5
710.744181159967	-0.027124509347797	-5.34067194086018	-98.7028025522947	6.69456945207501	0	0	0	0	0	1.5	1.5	1.5	1.5	1.5	1.5
710.983569567229	-0.0250252611940818	-5.34717013668563	-98.5614619376032	6.88777771987178	0	0	0	0	0	1.5	1.5	1.5	1.5	1.5	1.5
711.222957974491	-0.0195361935909791	-5.35250388452876	-98.4189698513423	7.0801385237991	0	0	0	0	0	1.5	1.5	1.5	1.5	1.5	1.5
711.462346381752	-0.0140471259878789	-5.35652361322103	-98.2755796320827	7.27183092649133	0	0	0	0	0	1.5	1.5	1.5	1.5	1.5	1.5
711.701734789014	-0.00855805838477882	-5.35922932276245	-98.1315455640162	7.46304013565448	0	0	0	0	0	1.5	1.5	1.5	1.5	1.5	1.5
711.941123196276	-0.0030689907816787	-5.360621013153	-97.9871200357932	7.65395390399515	0	0	0	0	0	1.5	1.5	1.5	1.5	1.5	1.5
712.180511603537	0.00242007682142142	-5.3606986843927	-97.8425542742476	7.8447615295079	0	0	0	0	0	1.5	1.5	1.5	1.5	1.5	1.5
712.419900010799	0.00457261436899163	-5.35960822784647	-97.6980956957385	8.0356502988623	0	0	0	0	0	1.5	1.5	1.5	1.5	1.5	1.5
712.659288418061	0.000928258068027365	-5.35894980530084	-97.5538283521691	8.22668364930103	0	0	0	0	0	1.5	1.5	1.5	1.5	1.5	1.5
712.898676825322	-0.0027160982329369	-5.3591637994056	-97.4096034601583	8.41774905636488	0	0	0	0	0	1.5	1.5	1.5	1.5	1.5	1.5
713.138065232584	-0.00636045453390117	-5.36025021016074	-97.2652543742744	8.60872063864524	0	0	0	0	0	1.5	1.5	1.5	1.5	1.5	1.5
713.377453639846	-0.0100048108348654	-5.36220903756626	-97.1206146948669	8.79947218985183	0	0	0	0	0	1.5	1.5	1.5	1.5	1.5	1.5
713.616842047108	-0.0136491671358297	-5.36504028162217	-96.9755185992213	8.98987674394246	0	0	0	0	0	1.5	1.5	1.5	1.5	1.5	1.5
713.856230454369	-0.0172377758606536	-5.36874327852268	-96.8298011802004	9.1798061459903	0	0	0	0	0	1.5	1.5	1.5	1.5	1.5	1.5
714.095618861631	-0.0203217502955697	-5.3732389360947	-96.6833043867044	9.36913496699933	0	0	0	0	0	1.5	1.5	1.5	1.5	1.5	1.5
714.335007268893	-0.0234057247304858	-5.37847286139473	-96.5358883292438	9.55774881768117	0	0	0	0	0	1.5	1.5	1.5	1.5	1.5	1.5
714.574395676154	-0.0264896991654018	-5.38444505442278	-96.3874178279335	9.74553366637296	0	0	0	0	0	1.5	1.5	1.5	1.5	1.5	1.5
714.813784083416	-0.0295736736003194	-5.39115551517883	-96.2377595730512	9.9323731728717	0	0	0	0	0	1.5	1.5	1.5	1.5	1.5	1.5
715.053172490678	-0.0326576480352354	-5.39860424366289	-96.0867823974836	10.1181484052913	0	0	0	0	0	1.5	1.5	1.5	1.5	1.5	1.5
715.292560897939	-0.0357416224701515	-5.40679123987497	-95.9343575585915	10.3027375650105	0	0	0	0	0	1.5	1.5	1.5	1.5	1.5	1.5
715.531949305201	-0.0382145853790046	-5.41565548017412	-95.7803621344066	10.4860183426601	0	0	0	0	0	1.5	1.5	1.5	1.5	1.5	1.5
715.771337712463	-0.0405662854854547	-5.42508509377358	-95.6246965922416	10.6678826433289	0	0	0	0	0	1.5	1.5	1.5	1.5	1.5	1.5
716.010726119724	-0.0429179855919049	-5.43507767711589	-95.4672723874209	10.8482266268592	0	0	0	0	0	1.5	1.5	1.5	1.5	1.5	1.5
716.250114526986	-0.045269685698355	-5.44563323020103	-95.3080037340767	11.0269436475306	0	0	0	0	0	1.5	1.5	1.5	1.5	1.5	1.5
716.489502934248	-0.0476213858048051	-5.45675175302902	-95.1468077897352	11.2039241172817	0	0	0	0	0	1.5	1.5	1.5	1.5	1.5	1.5
716.72889134151	-0.0499730859112552	-5.46843324559985	-94.9836048720761	11.3790553980847	0	0	0	0	0	1.5	1.5	1.5	1.5	1.5	1.5
716.968279748771	-0.0524906664297637	-5.48068904447986	-94.8183183116125	11.5522213455676	0	0	0	0	0	1.5	1.5	1.5	1.5	1.5	1.5
717.207668156033	-0.055132890390046	-5.49357096040533	-94.6508688669345	11.7232964767388	0	0	0	0	0	1.5	1.5	1.5	1.5	1.5	1.5
717.447056563295	-0.0577751143503283	-5.50708539411627	-94.4811763103218	11.8921466278366	0	0	0	0	0	1.5	1.5	1.5	1.5	1.5	1.5
717.686444970556	-0.0604173383106106	-5.5212323456127	-94.3091648688481	12.0586336175501	0	0	0	0	0	1.5	1.5	1.5	1.5	1.5	1.5
717.925833377818	-0.063059562270893	-5.53601181489461	-94.1347636986694	12.2226153183803	0	0	0	0	0	1.5	1.5	1.5	1.5	1.5	1.5
718.16522178508	-0.0657017862311765	-5.55142380196201	-93.9579072110319	12.3839455943721	0	0	0	0	0	1.5	1.5	1.5	1.5	1.5	1.5
718.404610192341	-0.0690407413073131	-5.56749398264483	-93.7785349946848	12.542473781442	0	0	0	0	0	1.5	1.5	1.5	1.5	1.5	1.5
718.643998599603	-0.0739459365447384	-5.58460865918015	-93.5965629226793	12.6980101939744	0	0	0	0	0	1.5	1.5	1.5	1.5	1.5	1.5
718.883387006865	-0.0788511317821637	-5.60289758259067	-93.4118665500099	12.8503009094096	0	0	0	0	0	1.5	1.5	1.5	1.5	1.5	1.5
719.122775414127	-0.083756327019589	-5.62236075287638	-93.2243289509367	12.9990780895203	0	0	0	0	0	1.5	1.5	1.5	1.5	1.5	1.5
719.362163821388	-0.0886615222570143	-5.64299817003728	-93.0338465944425	13.144065148896	0	0	0	0	0	1.5	1.5	1.5	1.5	1.5	1.5
719.60155222865	-0.0935667174944396	-5.66480983407338	-92.8403304899299	13.2849766629106	0	0	0	0	0	1.5	1.5	1.5	1.5	1.5	1.5
719.840940635912	-0.0978504890150364	-5.68779184665312	-92.6437073844321	13.4215183809214	0	0	0	0	0	1.5	1.5	1.5	1.5	1.5	1.5
720.080329043173	-0.0908988159898544	-5.71038404440156	-92.4439930800219	13.5534978053834	0	0	0	0	0	1.5	1.5	1.5	1.5	1.5	1.5
720.319717450435	-0.0839471429646725	-5.73131209221669	-92.2414537833761	13.6811009050219	0	0	0	0	0	1.5	1.5	1.5	1.5	1.5	1.5
720.559105857697	-0.0769954699394905	-5.75057599009852	-92.0363906756079	13.8046086333747	0	0	0	0	0	1.5	1.5	1.5	1.5	1.5	1.5
720.798494264958	-0.0700437969143086	-5.76817573804705	-91.8290855265519	13.9243162156892	0	0	0	0	0	1.5	1.5	1.5	1.5	1.5	1.5
721.03788267222	-0.0630921238891266	-5.78411133606228	-91.6198019090598	14.0405313784145	0	0	0	0	0	1.5	1.5	1.5	1.5	1.5	1.5
721.277271079482	-0.0561404508639447	-5.7983827841442	-91.4087865280027	14.1535727231287	0	0	0	0	0	1.5	1.5	1.5	1.5	1.5	1.5
721.516659486743	-0.058903358592001	-5.81190749484675	-91.1962442692015	14.26371685323	0	0	0	0	0	1.5	1.5	1.5	1.5	1.5	1.5
721.756047894005	-0.0642644782270917	-5.82664997098775	-90.9821698957703	14.3708519740964	0	0	0	0	0	1.5	1.5	1.5	1.5	1.5	1.5
721.995436301267	-0.0696255978621799	-5.84267583701933	-90.7664730895056	14.4746810195349	0	0	0	0	0	1.5	1.5	1.5	1.5	1.5	1.5
722.234824708529	-0.0749867174972681	-5.85998509294149	-90.5490761343706	14.5749004912114	0	0	0	0	0	1.5	1.5	1.5	1.5	1.5	1.5
722.47421311579	-0.0803478371323563	-5.87857773875423	-90.3299156874958	14.6712013587867	0	0	0	0	0	1.5	1.5	1.5	1.5	1.5	1.5
722.713601523052	-0.0857089567674445	-5.89845377445756	-90.1089440647345	14.7632690770104	0	0	0	0	0	1.5	1.5	1.5	1.5	1.5	1.5
722.952989930314	-0.087550717582708	-5.91939015495643	-89.8861339303001	14.8507925045369	0	0	0	0	0	1.5	1.5	1.5	1.5	1.5	1.5
723.192378337575	-0.0862651148546666	-5.94019490259844	-89.6615407111362	14.9336334872344	0	0	0	0	0	1.5	1.5	1.5	1.5	1.5	1.5
723.431766744837	-0.084979512126624	-5.96069189185104	-89.4352846436229	15.0118191324805	0	0	0	0	0	1.5	1.5	1.5	1.5	1.5	1.5
723.671155152099	-0.0836939093985821	-5.98088112271419	-89.2074848433077	15.0853862037909	0	0	0	0	0	1.5	1.5	1.5	1.5	1.5	1.5
723.91054355936	-0.0824083066705401	-6.0007625951879	-88.9782568013049	15.1543748018019	0	0	0	0	0	1.5	1.5	1.5	1.5	1.5	1.5
724.149931966622	-0.0811227039424981	-6.02033630927217	-88.7477123557336	15.2188281841711	0	0	0	0	0	1.5	1.5	1.5	1.5	1.5	1.5
724.389320373884	-0.0804389325353271	-6.03962179700688	-88.5159595681591	15.2787921794821	0	0	0	0	0	1.5	1.5	1.5	1.5	1.5	1.5
724.628708781145	-0.0813729317138427	-6.0589897392362	-88.2830932741795	15.334274674744	0	0	0	0	0	1.5	1.5	1.5	1.5	1.5	1.5
724.868097188407	-0.0823069308923584	-6.07858127004126	-88.0491905293992	15.3852107379812	0	0	0	0	0	1.5	1.5	1.5	1.5	1.5	1.5
725.107485595669	-0.0832409300708744	-6.09839638942205	-87.8143297274766	15.4315285336796	0	0	0	0	0	1.5	1.5	1.5	1.5	1.5	1.5
725.346874002931	-0.0841749292493901	-6.11843509737856	-87.5785927313882	15.4731573770449	0	0	0	0	0	1.5	1.5	1.5	1.5	1.5	1.5
725.586262410192	-0.0851089284279057	-6.1386973939108	-87.3420648967986	15.5100278578987	0	0	0	0	0	1.5	1.5	1.5	1.5	1.5	1.5
725.825650817454	-0.0860888991822958	-6.15918332974818	-87.1048350917834	15.5420719680919	0	0	0	0	0	1.5	1.5	1.5	1.5	1.5	1.5
726.065039224716	-0.092009355719639	-6.18050065853671	-86.8669904186796	15.5691745643969	0	0	0	0	0	1.5	1.5	1.5	1.5	1.5	1.5
726.304427631977	-0.0979298122569821	-6.20323527598598	-86.6286071449968	15.5910321930166	0	0	0	0	0	1.5	1.5	1.5	1.5	1.5	1.5
726.543816039239	-0.103850268794322	-6.22738718209597	-86.3897776685418	15.6072958009714	0	0	0	0	0	1.5	1.5	1.5	1.5	1.5	1.5
726.783204446501	-0.109770725331668	-6.25295637686672	-86.1506184138363	15.6176175324113	0	0	0	0	0	1.5	1.5	1.5	1.5	1.5	1.5
727.022592853762	-0.115691181869011	-6.2799428602982	-85.9112712683471	15.6216518227021	0	0	0	0	0	1.5	1.5	1.5	1.5	1.5	1.5
727.261981261024	-0.121611638406355	-6.30834663239041	-85.6719049761023	15.619056672018	0	0	0	0	0	1.5	1.5	1.5	1.5	1.5	1.5
727.501369668286	-0.112359631909439	-6.33678191969075	-85.4327123602654	15.609579385408	0	0	0	0	0	1.5	1.5	1.5	1.5	1.5	1.5
727.740758075547	-0.098396578154629	-6.36200821641462	-85.1938592249902	15.5936750002671	0	0	0	0	0	1.5	1.5	1.5	1.5	1.5	1.5
727.980146482809	-0.0844335243998194	-6.38389191993962	-84.9554453778911	15.5721492206636	0	0	0	0	0	1.5	1.5	1.5	1.5	1.5	1.5
728.219534890071	-0.0704704706450098	-6.40243303026575	-84.7175139486762	15.5458091002664	0	0	0	0	0	1.5	1.5	1.5	1.5	1.5	1.5
728.458923297332	-0.0565074168902002	-6.417631547393	-84.4800595911979	15.5154589168531	0	0	0	0	0	1.5	1.5	1.5	1.5	1.5	1.5
728.698311704594	-0.042544363135384	-6.42948747132139	-84.2430366067491	15.4818993843707	0	0	0	0	0	1.5	1.5	1.5	1.5	1.5	1.5
728.937700111856	-0.0405833578989437	-6.43871415691455	-84.0063713686501	15.445899610486	0	0	0	0	0	1.5	1.5	1.5	1.5	1.5	1.5
729.177088519118	-0.0507903931169285	-6.44965106527516	-83.7700721250319	15.4075733102506	0	0	0	0	0	1.5	1.5	1.5	1.5	1.5	1.5
729.416476926379	-0.0609974283349133	-6.46303141953946	-83.5342569152159	15.3663769403586	0	0	0	0	0	1.5	1.5	1.5	1.5	1.5	1.5
729.655865333641	-0.0712044635528932	-6.47885521970746	-83.2990690757603	15.3217418255809	0	0	0	0	0	1.5	1.5	1.5	1.5	1.5	1.5
729.895253740903	-0.081411498770878	-6.49712246577916	-83.0646770079361	15.2731046582606	0	0	0	0	0	1.5	1.5	1.5	1.5	1.5	1.5
730.134642148164	-0.0916185339888628	-6.51783315775455	-82.831278206534	15.2199091679246	0	0	0	0	0	1.5	1.5	1.5	1.5	1.5	1.5
730.374030555426	-0.098115107049681	-6.54088030964699	-82.5991026664257	15.1616101322419	0	0	0	0	0	1.5	1.5	1.5	1.5	1.5	1.5
730.613418962688	-0.0929192514665214	-6.56374601505572	-82.3683431120931	15.0979364274974	0	0	0	0	0	1.5	1.5	1.5	1.5	1.5	1.5
730.852807369949	-0.0877233958833619	-6.58536789287203	-82.1390563429016	15.0291457717936	0	0	0	0	0	1.5	1.5	1.5	1.5	1.5	1.5
731.092195777211	-0.0825275403002023	-6.60574594309593	-81.9112641286869	14.9555554636472	0	0	0	0	0	1.5	1.5	1.5	1.5	1.5	1.5
731.331584184473	-0.0773316847170428	-6.62488016572741	-81.6849696694247	14.8774793551809	0	0	0	0	0	1.5	1.5	1.5	1.5	1.5	1.5
731.570972591735	-0.0721358291338833	-6.64277056076648	-81.4601588403345	14.7952274734375	0	0	0	0	0	1.5	1.5	1.5	1.5	1.5	1.5
731.810360998996	-0.0669399735507237	-6.65941712821313	-81.2368014244424	14.7091057523828	0	0	0	0	0	1.5	1.5	1.5	1.5	1.5	1.5
732.049749406258	-0.0724789407114478	-6.67607617172189	-81.0148894431544	14.6193251491455	0	0	0	0	0	1.5	1.5	1.5	1.5	1.5	1.5
732.28913781352	-0.0782622233270165	-6.69411901530586	-80.7945689759328	14.525708129002	0	0	0	0	0	1.5	1.5	1.5	1.5	1.5	1.5
732.528526220781	-0.0840455059425852	-6.71354630970392	-80.5760414651962	14.4279802718726	0	0	0	0	0	1.5	1.5	1.5	1.5	1.5	1.5
732.767914628043	-0.0898287885581539	-6.73435805491606	-80.3595247898768	14.3258760590225	0	0	0	0	0	1.5	1.5	1.5	1.5	1.5	1.5
733.007303035305	-0.0956120711737198	-6.75655425094227	-80.1452541818923	14.2191401082509	0	0	0	0	0	1.5	1.5	1.5	1.5	1.5	1.5
733.246691442566	-0.101395353789289	-6.78013489778258	-79.933483060811	14.1075285216462	0	0	0	0	0	1.5	1.5	1.5	1.5	1.5	1.5
733.486079849828	-0.101176083532416	-6.80458011076537	-79.7244689333258	13.9908364436025	0	0	0	0	0	1.5	1.5	1.5	1.5	1.5	1.5
733.72546825709	-0.0986639515788327	-6.82849980462158	-79.5183410741995	13.8691179860976	0	0	0	0	0	1.5	1.5	1.5	1.5	1.5	1.5
733.964856664351	-0.0961518196252503	-6.85181812321058	-79.3151450685806	13.7425652454555	0	0	0	0	0	1.5	1.5	1.5	1.5	1.5	1.5
734.204245071613	-0.0936396876716679	-6.87453506653238	-79.1149153444537	13.6113691988537	0	0	0	0	0	1.5	1.5	1.5	1.5	1.5	1.5
734.443633478875	-0.0911275557180855	-6.89665063458698	-78.9176763810449	13.4757179359335	0	0	0	0	0	1.5	1.5	1.5	1.5	1.5	1.5
734.683021886137	-0.088615423764503	-6.91816482737439	-78.7234431167286	13.3357963931026	0	0	0	0	0	1.5	1.5	1.5	1.5	1.5	1.5
734.922410293398	-0.0903233674920388	-6.93931130185846	-78.5322265990189	13.1917792726015	0	0	0	0	0	1.5	1.5	1.5	1.5	1.5	1.5
735.16179870066	-0.0969341766049338	-6.96172494447301	-78.3441773510137	13.043651319168	0	0	0	0	0	1.5	1.5	1.5	1.5	1.5	1.5
735.401187107922	-0.103544985717829	-6.98572113815182	-78.1596162833567	12.8912004358132	0	0	0	0	0	1.5	1.5	1.5	1.5	1.5	1.5
735.640575515183	-0.110155794830727	-7.01129988289488	-77.9788909870592	12.7342225642599	0	0	0	0	0	1.5	1.5	1.5	1.5	1.5	1.5
735.879963922445	-0.116766603943622	-7.03846117870217	-77.8023681670984	12.5725346539397	0	0	0	0	0	1.5	1.5	1.5	1.5	1.5	1.5
736.119352329707	-0.123377413056517	-7.06720502557372	-77.6304339434677	12.4059768964813	0	0	0	0	0	1.5	1.5	1.5	1.5	1.5	1.5
736.358740736968	-0.126378650545888	-7.09743833457868	-77.4634927821945	12.2344161885242	0	0	0	0	0	1.5	1.5	1.5	1.5	1.5	1.5
736.59812914423	-0.116236698187056	-7.12647798553389	-77.301760080356	12.0579358352579	0	0	0	0	0	1.5	1.5	1.5	1.5	1.5	1.5
736.837517551492	-0.106094745828224	-7.1530897706674	-77.1449991631711	11.8770230330851	0	0	0	0	0	1.5	1.5	1.5	1.5	1.5	1.5
737.076905958753	-0.095952793469392	-7.17727368997919	-76.9928823235617	11.6921866644339	0	0	0	0	0	1.5	1.5	1.5	1.5	1.5	1.5
737.316294366015	-0.0858108411105551	-7.1990297434693	-76.8450502405836	11.5039043659015	0	0	0	0	0	1.5	1.5	1.5	1.5	1.5	1.5
737.555682773277	-0.0756688887517229	-7.21835793113769	-76.7011161948993	11.3126244256925	0	0	0	0	0	1.5	1.5	1.5	1.5	1.5	1.5
737.795071180539	-0.0655269363928908	-7.23525825298437	-76.5606699521368	11.1187680407906	0	0	0	0	0	1.5	1.5	1.5	1.5	1.5	1.5
738.0344595878	-0.0666190293606101	-7.2510129203197	-76.4233614620826	10.922676217497	0	0	0	0	0	1.5	1.5	1.5	1.5	1.5	1.5
738.273847995062	-0.0682581774725392	-7.26715694017954	-76.2891976171448	10.7244197482755	0	0	0	0	0	1.5	1.5	1.5	1.5	1.5	1.5
738.513236402324	-0.0698973255844684	-7.28369335309517	-76.158291162253	10.5239976843565	0	0	0	0	0	1.5	1.5	1.5	1.5	1.5	1.5
738.752624809585	-0.0715364736963975	-7.30062215906658	-76.0307565299536	10.3214134833612	0	0	0	0	0	1.5	1.5	1.5	1.5	1.5	1.5
738.992013216847	-0.0731756218083274	-7.31794335809377	-75.9067097528087	10.1166751776418	0	0	0	0	0	1.5	1.5	1.5	1.5	1.5	1.5
739.231401624109	-0.0748147699202566	-7.33565695017674	-75.7862683750752	9.90979553720292	0	0	0	0	0	1.5	1.5	1.5	1.5	1.5	1.5
739.47079003137	-0.0743643719585931	-7.35358943710968	-75.6695429418444	9.70079686665003	0	0	0	0	0	1.5	1.5	1.5	1.5	1.5	1.5
739.710178438632	-0.0729913323430593	-7.37122706078652	-75.5565556141132	9.48975377223773	0	0	0	0	0	1.5	1.5	1.5	1.5	1.5	1.5
739.949566845894	-0.0716182927275248	-7.3885359946967	-75.4472729092091	9.27676863381328	0	0	0	0	0	1.5	1.5	1.5	1.5	1.5	1.5
740.188955253155	-0.0702452531119903	-7.40551623884021	-75.341657579207	9.06194118055985	0	0	0	0	0	1.5	1.5	1.5	1.5	1.5	1.5
740.428343660417	-0.0688722134964558	-7.42216779321705	-75.2396694810954	8.84536806764752	0	0	0	0	0	1.5	1.5	1.5	1.5	1.5	1.5
740.667732067679	-0.0674991738809207	-7.43849065782722	-75.1412657243604	8.62714286788401	0	0	0	0	0	1.5	1.5	1.5	1.5	1.5	1.5
740.907120474941	-0.0674817591050568	-7.45455486656599	-75.0464030351325	8.40735512749697	0	0	0	0	0	1.5	1.5	1.5	1.5	1.5	1.5
741.146508882202	-0.0692495454589742	-7.47092081117719	-74.9551082293094	8.18606168238301	0	0	0	0	0	1.5	1.5	1.5	1.5	1.5	1.5
741.385897289464	-0.0710173318128916	-7.48770994334803	-74.867494351557	7.96328540033757	0	0	0	0	0	1.5	1.5	1.5	1.5	1.5	1.5
741.625285696726	-0.072785118166809	-7.50492226307851	-74.7836803611166	7.73905201810162	0	0	0	0	0	1.5	1.5	1.5	1.5	1.5	1.5
741.864674103987	-0.0745529045207263	-7.52255777036864	-74.7037859674759	7.51339251765317	0	0	0	0	0	1.5	1.5	1.5	1.5	1.5	1.5
742.104062511249	-0.0763206908746437	-7.54061646521841	-74.627931499296	7.28634328995144	0	0	0	0	0	1.5	1.5	1.5	1.5	1.5	1.5
742.343450918511	-0.0772449051327376	-7.55908095856718	-74.5562375327439	7.05794636697263	0	0	0	0	0	1.5	1.5	1.5	1.5	1.5	1.5
742.582839325773	-0.0741144362869586	-7.5771977944005	-74.4887534951085	6.82827018899011	0	0	0	0	0	1.5	1.5	1.5	1.5	1.5	1.5
742.822227733034	-0.070983967441181	-7.59456523228284	-74.4253547407691	6.59743265520314	0	0	0	0	0	1.5	1.5	1.5	1.5	1.5	1.5
743.061616140296	-0.0678534985954019	-7.61118327221421	-74.3658874495614	6.36555093544496	0	0	0	0	0	1.5	1.5	1.5	1.5	1.5	1.5
743.301004547557	-0.0647230297496228	-7.62705191419461	-74.3101943149942	6.13273366438246	0	0	0	0	0	1.5	1.5	1.5	1.5	1.5	1.5
743.540392954819	-0.0615925609038437	-7.64217115822404	-74.2581149280084	5.899081240274	0	0	0	0	0	1.5	1.5	1.5	1.5	1.5	1.5
743.779781362081	-0.0584620920580646	-7.65654100430249	-74.2094861310758	5.66468613903782	0	0	0	0	0	1.5	1.5	1.5	1.5	1.5	1.5
744.019169769343	-0.0578837367991895	-7.67043932189123	-74.1641621620095	5.42962949649846	0	0	0	0	0	1.5	1.5	1.5	1.5	1.5	1.5
744.258558176604	-0.0575589102474153	-7.68425713759452	-74.1220995639249	5.19396737487038	0	0	0	0	0	1.5	1.5	1.5	1.5	1.5	1.5
744.497946583866	-0.0572340836956413	-7.69799719358693	-74.0832880258004	4.95774804359196	0	0	0	0	0	1.5	1.5	1.5	1.5	1.5	1.5
744.737334991128	-0.0569092571438672	-7.71165948986848	-74.0477165087607	4.72101911567576	0	0	0	0	0	1.5	1.5	1.5	1.5	1.5	1.5
744.976723398389	-0.0565844305920932	-7.72524402643917	-74.0153732468122	4.48382754402684	0	0	0	0	0	1.5	1.5	1.5	1.5	1.5	1.5
745.216111805651	-0.0562596040403192	-7.73875080329898	-73.986245766863	4.24621961438915	0	0	0	0	0	1.5	1.5	1.5	1.5	1.5	1.5
745.455500212913	-0.0572306253078983	-7.75228022261216	-73.9603260667319	4.00824040071034	0	0	0	0	0	1.5	1.5	1.5	1.5	1.5	1.5
745.694888620174	-0.058907678797371	-7.76618130443307	-73.9376699401795	3.76992844838099	0	0	0	0	0	1.5	1.5	1.5	1.5	1.5	1.5
745.934277027436	-0.0605847322868444	-7.78048385341773	-73.9183765951808	3.53132082180553	0	0	0	0	0	1.5	1.5	1.5	1.5	1.5	1.5
746.173665434698	-0.0622617857763163	-7.79518786956612	-73.9025457594699	3.29245859865123	0	0	0	0	0	1.5	1.5	1.5	1.5	1.5	1.5
746.413053841959	-0.0639388392657889	-7.81029335287825	-73.8902767381061	3.05338708011875	0	0	0	0	0	1.5	1.5	1.5	1.5	1.5	1.5
746.652442249221	-0.0656158927552616	-7.82580030335412	-73.8816682959504	2.81415590344641	0	0	0	0	0	1.5	1.5	1.5	1.5	1.5	1.5
746.891830656483	-0.0679631558052919	-7.84173953784687	-73.8768194760887	2.57481913868343	0	0	0	0	0	1.5	1.5	1.5	1.5	1.5	1.5
747.131219063745	-0.0713848502700685	-7.8584186864616	-73.875868930514	2.33543539358133	0	0	0	0	0	1.5	1.5	1.5	1.5	1.5	1.5
747.370607471006	-0.0748065447348451	-7.8759169490644	-73.879009079307	2.09607063692067	0	0	0	0	0	1.5	1.5	1.5	1.5	1.5	1.5
747.609995878268	-0.0782282391996234	-7.89423432565526	-73.8864349872984	1.85680078286891	0	0	0	0	0	1.5	1.5	1.5	1.5	1.5	1.5
747.84938428553	-0.0816499336644	-7.91337081623418	-73.8983401067451	1.61771224530967	0	0	0	0	0	1.5	1.5	1.5	1.5	1.5	1.5
748.088772692791	-0.0850716281291766	-7.93332642080115	-73.9149158683447	1.37890237977924	0	0	0	0	0	1.5	1.5	1.5	1.5	1.5	1.5
748.328161100053	-0.0870934452675472	-7.95407968812982	-73.9363510102105	1.14047988892751	0	0	0	0	0	1.5	1.5	1.5	1.5	1.5	1.5
748.567549507315	-0.0795805887800662	-7.97402960390109	-73.9626832595518	0.902548131333125	0	0	0	0	0	1.5	1.5	1.5	1.5	1.5	1.5
748.806937914576	-0.0720677322925852	-7.99218102892383	-73.9935433040716	0.6651604873477	0	0	0	0	0	1.5	1.5	1.5	1.5	1.5	1.5
749.046326321838	-0.0645548758051042	-8.00853396319805	-74.0284940976064	0.428339934519989	0	0	0	0	0	1.5	1.5	1.5	1.5	1.5	1.5
749.2857147291	-0.0570420193176197	-8.02308840672376	-74.0671004126772	0.192087209455243	0	0	0	0	0	1.5	1.5	1.5	1.5	1.5	1.5
749.525103136362	-0.0495291628301423	-8.03584435950093	-74.1089291915454	-0.0436168114759607	0	0	0	0	0	1.5	1.5	1.5	1.5	1.5	1.5
749.764491543623	-0.0420163063426613	-8.04680182152958	-74.1535497176683	-0.278808742760786	0	0	0	0	0	1.5	1.5	1.5	1.5	1.5	1.5
750.003879950885	-0.043812411984533	-8.05692260650912	-74.2005985533928	-0.513527146646076	0	0	0	0	0	1.5	1.5	1.5	1.5	1.5	1.5
750.243268358147	-0.047083674905968	-8.06780234124264	-74.2501067502665	-0.747738979501825	0	0	0	0	0	1.5	1.5	1.5	1.5	1.5	1.5
750.482656765408	-0.050354937827403	-8.07946517839665	-74.3022515766509	-0.98137775407837	0	0	0	0	0	1.5	1.5	1.5	1.5	1.5	1.5
750.72204517267	-0.053626200748838	-8.09191111797117	-74.3572088756256	-1.21437081198688	0	0	0	0	0	1.5	1.5	1.5	1.5	1.5	1.5
750.961433579932	-0.056897463670273	-8.10514015996617	-74.4151525616808	-1.44663898237041	0	0	0	0	0	1.5	1.5	1.5	1.5	1.5	1.5
751.200821987193	-0.0601687265917095	-8.11915230438169	-74.4762543510747	-1.67809619912052	0	0	0	0	0	1.5	1.5	1.5	1.5	1.5	1.5
751.440210394455	-0.0599475678656274	-8.13369607482273	-74.5406718560736	-1.90865243715132	0	0	0	0	0	1.5	1.5	1.5	1.5	1.5	1.5
751.679598801717	-0.0574134697118254	-8.14774351075285	-74.608387949961	-2.13826166556326	0	0	0	0	0	1.5	1.5	1.5	1.5	1.5	1.5
751.918987208978	-0.0548793715580233	-8.16118431296209	-74.679253374592	-2.36691869774932	0	0	0	0	0	1.5	1.5	1.5	1.5	1.5	1.5
752.15837561624	-0.0523452734042212	-8.17401848145045	-74.7531166249065	-2.59462518239016	0	0	0	0	0	1.5	1.5	1.5	1.5	1.5	1.5
752.397764023502	-0.0498111752504192	-8.18624601621792	-74.8298274063024	-2.8213883882143	0	0	0	0	0	1.5	1.5	1.5	1.5	1.5	1.5
752.637152430764	-0.0472770770966171	-8.19786691726451	-74.9092366917933	-3.04722091457975	0	0	0	0	0	1.5	1.5	1.5	1.5	1.5	1.5
752.876540838025	-0.0463545629563368	-8.20894622208786	-74.9911984038922	-3.27213979792498	0	0	0	0	0	1.5	1.5	1.5	1.5	1.5	1.5
753.115929245287	-0.048600325035662	-8.22031177178692	-75.0756633012881	-3.49613058731482	0	0	0	0	0	1.5	1.5	1.5	1.5	1.5	1.5
753.355317652549	-0.0508460871149872	-8.23221493089323	-75.1627283662939	-3.71912342876897	0	0	0	0	0	1.5	1.5	1.5	1.5	1.5	1.5
753.59470605981	-0.0530918491943123	-8.24465569940681	-75.2525011265601	-3.94103990381916	0	0	0	0	0	1.5	1.5	1.5	1.5	1.5	1.5
753.834094467072	-0.0553376112736375	-8.25763407732764	-75.3450869713156	-4.16179738721503	0	0	0	0	0	1.5	1.5	1.5	1.5	1.5	1.5
754.073482874334	-0.0575833733529627	-8.27115006465573	-75.440588964829	-4.38130890476882	0	0	0	0	0	1.5	1.5	1.5	1.5	1.5	1.5
754.312871281595	-0.0596319781758293	-8.28520187979298	-75.5391076390097	-4.59948300312938	0	0	0	0	0	1.5	1.5	1.5	1.5	1.5	1.5
754.552259688857	-0.0592662469916075	-8.29943330816752	-75.6407127826197	-4.81623686610902	0	0	0	0	0	1.5	1.5	1.5	1.5	1.5	1.5
754.791648096119	-0.0589005158073858	-8.31357718473638	-75.7453828365249	-5.0315274464972	0	0	0	0	0	1.5	1.5	1.5	1.5	1.5	1.5
755.031036503381	-0.0585347846231642	-8.32763350949956	-75.8530780150764	-5.24532083857412	0	0	0	0	0	1.5	1.5	1.5	1.5	1.5	1.5
755.270424910642	-0.0581690534389425	-8.34160228245707	-75.9637583243755	-5.45758422879925	0	0	0	0	0	1.5	1.5	1.5	1.5	1.5	1.5
755.509813317904	-0.0578033222547209	-8.3554835036089	-76.0773835861905	-5.66828588806675	0	0	0	0	0	1.5	1.5	1.5	1.5	1.5	1.5
755.749201725166	-0.0574375910704992	-8.36927717295506	-76.1939134613831	-5.87739516356452	0	0	0	0	0	1.5	1.5	1.5	1.5	1.5	1.5
755.988590132427	-0.0624155488518646	-8.38350224614676	-76.3133365235823	-6.08486558977507	0	0	0	0	0	1.5	1.5	1.5	1.5	1.5	1.5
756.227978539689	-0.0686358706074577	-8.39918834143363	-76.4358462086054	-6.29052796211009	0	0	0	0	0	1.5	1.5	1.5	1.5	1.5	1.5
756.467366946951	-0.0748561923630508	-8.41636350963824	-76.5617181113014	-6.49414933808248	0	0	0	0	0	1.5	1.5	1.5	1.5	1.5	1.5
756.706755354212	-0.0810765141186439	-8.43502775076056	-76.6912181564632	-6.6954821076201	0	0	0	0	0	1.5	1.5	1.5	1.5	1.5	1.5
756.946143761474	-0.087296835874237	-8.45518106480062	-76.8246008673614	-6.89426319874507	0	0	0	0	0	1.5	1.5	1.5	1.5	1.5	1.5
757.185532168736	-0.0935171576298301	-8.4768234517584	-76.9621078924165	-7.09021316840126	0	0	0	0	0	1.5	1.5	1.5	1.5	1.5	1.5
757.424920575997	-0.0938777099949649	-8.49956523651731	-77.1039525876914	-7.28304575217416	0	0	0	0	0	1.5	1.5	1.5	1.5	1.5	1.5
757.664308983259	-0.0895509698429576	-8.52152058627357	-77.2500879050093	-7.47264790541417	0	0	0	0	0	1.5	1.5	1.5	1.5	1.5	1.5
757.903697390521	-0.0852242296909503	-8.5424401645962	-77.4002542001614	-7.65907430738296	0	0	0	0	0	1.5	1.5	1.5	1.5	1.5	1.5
758.143085797783	-0.0808974895389409	-8.56232397148522	-77.5541926659826	-7.84239880142431	0	0	0	0	0	1.5	1.5	1.5	1.5	1.5	1.5
758.382474205044	-0.0765707493869336	-8.5811720069406	-77.7116525552344	-8.02270824718327	0	0	0	0	0	1.5	1.5	1.5	1.5	1.5	1.5
758.621862612306	-0.0722440092349263	-8.59898427096236	-77.8723911607726	-8.2001015812605	0	0	0	0	0	1.5	1.5	1.5	1.5	1.5	1.5
758.861251019568	-0.0704227349251804	-8.61584884516844	-78.0361752232644	-8.37468748906116	0	0	0	0	0	1.5	1.5	1.5	1.5	1.5	1.5
759.100639426829	-0.0746263046649351	-8.63321037444959	-78.2028995803815	-8.54646746095726	0	0	0	0	0	1.5	1.5	1.5	1.5	1.5	1.5
759.340027834091	-0.0788298744046897	-8.65157818959557	-78.372665708785	-8.71524145169872	0	0	0	0	0	1.5	1.5	1.5	1.5	1.5	1.5
759.579416241353	-0.0830334441444444	-8.67095229060635	-78.545586074342	-8.88078167071471	0	0	0	0	0	1.5	1.5	1.5	1.5	1.5	1.5
759.818804648614	-0.087237013884199	-8.69133267748195	-78.721762253157	-9.04285196384648	0	0	0	0	0	1.5	1.5	1.5	1.5	1.5	1.5
760.058193055876	-0.0914405836239537	-8.71271935022236	-78.9012840556207	-9.20120772669856	0	0	0	0	0	1.5	1.5	1.5	1.5	1.5	1.5
760.297581463138	-0.0952803675276615	-8.73511070679176	-79.0842286124233	-9.35559588676741	0	0	0	0	0	1.5	1.5	1.5	1.5	1.5	1.5
760.536969870399	-0.0895963012875849	-8.75723937243553	-79.2705938567721	-9.50583724802106	0	0	0	0	0	1.5	1.5	1.5	1.5	1.5	1.5
760.776358277661	-0.0839122350475083	-8.77800733851531	-79.4601388740191	-9.65204749426921	0	0	0	0	0	1.5	1.5	1.5	1.5	1.5	1.5
761.015746684923	-0.0782281688074317	-8.79741460503111	-79.652582906816	-9.79442131548691	0	0	0	0	0	1.5	1.5	1.5	1.5	1.5	1.5
761.255135092184	-0.0725441025673552	-8.81546117198293	-79.8476596768746	-9.93316679427548	0	0	0	0	0	1.5	1.5	1.5	1.5	1.5	1.5
761.494523499446	-0.0668600363272759	-8.83214703937077	-80.0451167833358	-10.0685040430266	0	0	0	0	0	1.5	1.5	1.5	1.5	1.5	1.5
761.733911906708	-0.0611759700871993	-8.84747220719463	-80.2447150108649	-10.2006639286445	0	0	0	0	0	1.5	1.5	1.5	1.5	1.5	1.5
761.97330031397	-0.0600717232813442	-8.86186224145805	-80.4462416913642	-10.3298646276223	0	0	0	0	0	1.5	1.5	1.5	1.5	1.5	1.5
762.212688721231	-0.0602869899387894	-8.87626848178697	-80.6496057613168	-10.4561534769722	0	0	0	0	0	1.5	1.5	1.5	1.5	1.5	1.5
762.452077128493	-0.0605022565962346	-8.89072625445815	-80.8547711785274	-10.5794943173107	0	0	0	0	0	1.5	1.5	1.5	1.5	1.5	1.5
762.691465535755	-0.0607175232536798	-8.90523555947159	-81.0617014135672	-10.6998507962071	0	0	0	0	0	1.5	1.5	1.5	1.5	1.5	1.5
762.930853943016	-0.060932789911125	-8.91979639682729	-81.2703591054593	-10.8171869144586	0	0	0	0	0	1.5	1.5	1.5	1.5	1.5	1.5
763.170242350278	-0.0611480565685702	-8.93440876652526	-81.4807060613675	-10.9314670439338	0	0	0	0	0	1.5	1.5	1.5	1.5	1.5	1.5
763.40963075754	-0.0618869357957617	-8.94910475879555	-81.6927038592522	-11.0426547811647	0	0	0	0	0	1.5	1.5	1.5	1.5	1.5	1.5
763.649019164801	-0.0631248368963636	-8.96406794337242	-81.9063260198088	-11.1506886314928	0	0	0	0	0	1.5	1.5	1.5	1.5	1.5	1.5
763.888407572063	-0.0643627379969655	-8.9793274671221	-82.1215561855194	-11.2554821107536	0	0	0	0	0	1.5	1.5	1.5	1.5	1.5	1.5
764.127795979325	-0.0656006390975675	-8.99488333004461	-82.3383752836457	-11.3569470436429	0	0	0	0	0	1.5	1.5	1.5	1.5	1.5	1.5
764.367184386586	-0.0668385401981694	-9.01073553213993	-82.5567609051422	-11.4549946330808	0	0	0	0	0	1.5	1.5	1.5	1.5	1.5	1.5
764.606572793848	-0.0680764412987713	-9.02688407340808	-82.7766872166127	-11.5495355327361	0	0	0	0	0	1.5	1.5	1.5	1.5	1.5	1.5
764.84596120111	-0.0637798048492661	-9.04315950014271	-82.9981235816299	-11.640483133787	0	0	0	0	0	1.5	1.5	1.5	1.5	1.5	1.5
765.085349608372	-0.0433813197911685	-9.05598606561674	-83.2208924738777	-11.7281189860645	0	0	0	0	0	1.5	1.5	1.5	1.5	1.5	1.5
765.324738015633	-0.0229828347330806	-9.06392947024216	-83.4445603794635	-11.8134370633849	0	0	0	0	0	1.5	1.5	1.5	1.5	1.5	1.5
765.564126422895	-0.00258434967499273	-9.06698971401896	-83.668694804305	-11.8975234624679	0	0	0	0	0	1.5	1.5	1.5	1.5	1.5	1.5
765.803514830157	0.0178141353830952	-9.06516679694716	-83.8928812638597	-11.9814712028565	0	0	0	0	0	1.5	1.5	1.5	1.5	1.5	1.5
766.042903237418	0.0382126204411831	-9.05846071902676	-84.1167073026597	-12.06637407221	0	0	0	0	0	1.5	1.5	1.5	1.5	1.5	1.5
766.28229164468	0.058611105499271	-9.04687148025774	-84.3397464948689	-12.1533205210524	0	0	0	0	0	1.5	1.5	1.5	1.5	1.5	1.5
766.521680051942	0.0561025259267678	-9.0331164374178	-84.5616241030116	-12.2431883848117	0	0	0	0	0	1.5	1.5	1.5	1.5	1.5	1.5
766.761068459203	0.0533875309729359	-9.02001111225169	-84.7822749460988	-12.3360280032175	0	0	0	0	0	1.5	1.5	1.5	1.5	1.5	1.5
767.000456866465	0.0506725360191041	-9.00755572540331	-85.0017214299817	-12.4316800253986	0	0	0	0	0	1.5	1.5	1.5	1.5	1.5	1.5
767.239845273727	0.0479575410652722	-8.99575027687265	-85.2199916414924	-12.529986987022	0	0	0	0	0	1.5	1.5	1.5	1.5	1.5	1.5
767.479233680989	0.0452425461114404	-8.9845947666597	-85.437119017759	-12.6307933245126	0	0	0	0	0	1.5	1.5	1.5	1.5	1.5	1.5
767.71862208825	0.0425275511576085	-8.97408919476448	-85.6531420204502	-12.7339453712331	0	0	0	0	0	1.5	1.5	1.5	1.5	1.5	1.5
767.958010495512	0.0427908461994627	-8.96397450457863	-85.8680971612179	-12.8393048049828	0	0	0	0	0	1.5	1.5	1.5	1.5	1.5	1.5
768.197398902774	0.0441742330014723	-8.95356528867998	-86.0819613634201	-12.9468612789843	0	0	0	0	0	1.5	1.5	1.5	1.5	1.5	1.5
768.436787310035	0.0455576198034825	-8.94282490601817	-86.294676178901	-13.0566732360298	0	0	0	0	0	1.5	1.5	1.5	1.5	1.5	1.5
768.676175717297	0.0469410066054921	-8.9317533565932	-86.5061806989555	-13.1687984434374	0	0	0	0	0	1.5	1.5	1.5	1.5	1.5	1.5
768.915564124559	0.0483243934075017	-8.92035064040507	-86.7164118609536	-13.283293190573	0	0	0	0	0	1.5	1.5	1.5	1.5	1.5	1.5
769.15495253182	0.0497077802095113	-8.90861675745378	-86.9253044092763	-13.4002122021218	0	0	0	0	0	1.5	1.5	1.5	1.5	1.5	1.5
769.394340939082	0.0500112258494068	-8.89661162466879	-87.1327919735422	-13.5196066323071	0	0	0	0	0	1.5	1.5	1.5	1.5	1.5	1.5
769.633729346344	0.0490647851907876	-8.88475280042842	-87.3388370820065	-13.6414735729106	0	0	0	0	0	1.5	1.5	1.5	1.5	1.5	1.5
769.873117753605	0.0481183445321685	-8.87312054310987	-87.5434366630407	-13.7657521905065	0	0	0	0	0	1.5	1.5	1.5	1.5	1.5	1.5
770.112506160867	0.0471719038735493	-8.86171485271317	-87.7465911840916	-13.8923793157759	0	0	0	0	0	1.5	1.5	1.5	1.5	1.5	1.5
770.351894568129	0.0462254632149301	-8.85053572923829	-87.948302900674	-14.0212924497345	0	0	0	0	0	1.5	1.5	1.5	1.5	1.5	1.5
770.591282975391	0.0452790225563109	-8.83958317268526	-88.1485758061393	-14.152429782314	0	0	0	0	0	1.5	1.5	1.5	1.5	1.5	1.5
770.830671382652	0.0450722018361082	-8.82883953623963	-88.3474154244471	-14.2857304411978	0	0	0	0	0	1.5	1.5	1.5	1.5	1.5	1.5
771.070059789914	0.047836189286688	-8.81771894035356	-88.5447948522963	-14.4211836817555	0	0	0	0	0	1.5	1.5	1.5	1.5	1.5	1.5
771.309448197176	0.0506001767372679	-8.80593667791401	-88.7406101156607	-14.5588881812484	0	0	0	0	0	1.5	1.5	1.5	1.5	1.5	1.5
771.548836604437	0.0533641641878478	-8.79349274892097	-88.9347428968467	-14.6989543558449	0	0	0	0	0	1.5	1.5	1.5	1.5	1.5	1.5
771.788225011699	0.0561281516384289	-8.78038715337444	-89.1270704386558	-14.8414889338512	0	0	0	0	0	1.5	1.5	1.5	1.5	1.5	1.5
772.027613418961	0.0588921390890088	-8.76661989127444	-89.3174653804054	-14.986594655686	0	0	0	0	0	1.5	1.5	1.5	1.5	1.5	1.5
772.267001826222	0.0616561265395887	-8.75219096262094	-89.5057956084344	-15.1343699596765	0	0	0	0	0	1.5	1.5	1.5	1.5	1.5	1.5
772.506390233484	0.0601498508303739	-8.73757920113178	-89.6919467397462	-15.2848809093376	0	0	0	0	0	1.5	1.5	1.5	1.5	1.5	1.5
772.745778640746	0.0583555931712817	-8.72339478638608	-89.8759115163175	-15.438056656998	0	0	0	0	0	1.5	1.5	1.5	1.5	1.5	1.5
772.985167048007	0.0565613355121895	-8.70963989612361	-90.057718691248	-15.5937873769701	0	0	0	0	0	1.5	1.5	1.5	1.5	1.5	1.5
773.224555455269	0.0547670778530972	-8.69631453034437	-90.237400738247	-15.7519655155748	0	0	0	0	0	1.5	1.5	1.5	1.5	1.5	1.5
773.463943862531	0.0529728201940058	-8.68341868904836	-90.414993674768	-15.9124858078401	0	0	0	0	0	1.5	1.5	1.5	1.5	1.5	1.5
773.703332269793	0.0511785625349128	-8.67095237223556	-90.5905368958622	-16.075245277248	0	0	0	0	0	1.5	1.5	1.5	1.5	1.5	1.5
773.942720677054	0.0470661297068735	-8.65910272950104	-90.7640799789319	-16.2401359530145	0	0	0	0	0	1.5	1.5	1.5	1.5	1.5	1.5
774.182109084316	0.0418348942473041	-8.64846179223688	-90.9357552355273	-16.4069708263057	0	0	0	0	0	1.5	1.5	1.5	1.5	1.5	1.5
774.421497491578	0.0366036587877347	-8.63907315209739	-91.1057512726242	-16.575516772057	0	0	0	0	0	1.5	1.5	1.5	1.5	1.5	1.5
774.660885898839	0.0313724233281654	-8.63093680908259	-91.2742640740783	-16.7455459725206	0	0	0	0	0	1.5	1.5	1.5	1.5	1.5	1.5
774.900274306101	0.026141187868596	-8.62405276319246	-91.4414953139582	-16.9168360641794	0	0	0	0	0	1.5	1.5	1.5	1.5	1.5	1.5
775.139662713363	0.0209099524090266	-8.618421014427	-91.6076514790587	-17.0891694235183	0	0	0	0	0	1.5	1.5	1.5	1.5	1.5	1.5
775.379051120624	0.0191080005003105	-8.61387370782436	-91.7729390519223	-17.2623361972738	0	0	0	0	0	1.5	1.5	1.5	1.5	1.5	1.5
775.618439527886	0.02226258875498	-8.60892188808971	-91.9374207469895	-17.4362685530171	0	0	0	0	0	1.5	1.5	1.5	1.5	1.5	1.5
775.857827935148	0.0254171770096495	-8.60321489649721	-92.100973099666	-17.6110749656026	0	0	0	0	0	1.5	1.5	1.5	1.5	1.5	1.5
776.09721634241	0.028571765264319	-8.59675273304686	-92.2634587460062	-17.7868732158612	0	0	0	0	0	1.5	1.5	1.5	1.5	1.5	1.5
776.336604749671	0.0317263535189885	-8.58953539773865	-92.4247381156297	-17.9637786303098	0	0	0	0	0	1.5	1.5	1.5	1.5	1.5	1.5
776.575993156933	0.034880941773658	-8.58156289057259	-92.5846691875402	-18.141903749776	0	0	0	0	0	1.5	1.5	1.5	1.5	1.5	1.5
776.815381564194	0.0381607375816651	-8.5728330581841	-92.7431072380868	-18.321358005259	0	0	0	0	0	1.5	1.5	1.5	1.5	1.5	1.5
777.054769971456	0.0421867239436381	-8.56321593276307	-92.899895287437	-18.5022554219121	0	0	0	0	0	1.5	1.5	1.5	1.5	1.5	1.5
777.294158378718	0.0462127103056093	-8.55263503287919	-93.0548483615208	-18.6847268433472	0	0	0	0	0	1.5	1.5	1.5	1.5	1.5	1.5
777.53354678598	0.0502386966675804	-8.54109035853246	-93.2077732165312	-18.868901113252	0	0	0	0	0	1.5	1.5	1.5	1.5	1.5	1.5
777.772935193241	0.0542646830295515	-8.52858190972288	-93.3584719369293	-19.054901000188	0	0	0	0	0	1.5	1.5	1.5	1.5	1.5	1.5
778.012323600503	0.0582906693915227	-8.51510968645045	-93.5067416546235	-19.242842569587	0	0	0	0	0	1.5	1.5	1.5	1.5	1.5	1.5
778.251712007765	0.0623166557534938	-8.50067368871517	-93.652374301694	-19.432834533503	0	0	0	0	0	1.5	1.5	1.5	1.5	1.5	1.5
778.491100415026	0.0608123740140424	-8.48585769849355	-93.7951894765309	-19.6249532101069	0	0	0	0	0	1.5	1.5	1.5	1.5	1.5	1.5
778.730488822288	0.0585676779205944	-8.47156859824782	-93.9351929670089	-19.8191305957657	0	0	0	0	0	1.5	1.5	1.5	1.5	1.5	1.5
778.96987722955	0.0563229818271476	-8.45781685222469	-94.0724604235756	-20.0152518637906	0	0	0	0	0	1.5	1.5	1.5	1.5	1.5	1.5
779.209265636812	0.0540782857337007	-8.44460246042416	-94.2070712480127	-20.2132061553511	0	0	0	0	0	1.5	1.5	1.5	1.5	1.5	1.5
779.448654044073	0.0518335896402538	-8.43192542284622	-94.3391082811343	-20.4128865598188	0	0	0	0	0	1.5	1.5	1.5	1.5	1.5	1.5
779.688042451335	0.0495888935468069	-8.41978573949089	-94.4686575788151	-20.6141900252576	0	0	0	0	0	1.5	1.5	1.5	1.5	1.5	1.5
779.927430858597	0.05071022387661	-8.40793431977542	-94.5957977591338	-20.8170237438843	0	0	0	0	0	1.5	1.5	1.5	1.5	1.5	1.5
780.166819265858	0.0539099381546884	-8.39541189279736	-94.7204637852226	-21.0213872498371	0	0	0	0	0	1.5	1.5	1.5	1.5	1.5	1.5
780.40620767312	0.0571096524327682	-8.38212349131457	-94.8424820069103	-21.2273423900699	0	0	0	0	0	1.5	1.5	1.5	1.5	1.5	1.5
780.645596080382	0.0603093667108496	-8.36806911532706	-94.9616731166715	-21.4349462087931	0	0	0	0	0	1.5	1.5	1.5	1.5	1.5	1.5
780.884984487643	0.0635090809889295	-8.35324876483482	-95.0778545500209	-21.6442489443658	0	0	0	0	0	1.5	1.5	1.5	1.5	1.5	1.5
781.124372894905	0.0667087952670094	-8.33766243983787	-95.1908404692172	-21.8552935638468	0	0	0	0	0	1.5	1.5	1.5	1.5	1.5	1.5
781.363761302167	0.0692527207521772	-8.32133811017533	-95.3004424855233	-22.0681149281667	0	0	0	0	0	1.5	1.5	1.5	1.5	1.5	1.5
781.603149709428	0.0706120396599823	-8.30459710906177	-95.4065055293616	-22.2827217823472	0	0	0	0	0	1.5	1.5	1.5	1.5	1.5	1.5
781.84253811669	0.0719713585677873	-8.28753070275992	-95.5089258957204	-22.4990906505997	0	0	0	0	0	1.5	1.5	1.5	1.5	1.5	1.5
782.081926523952	0.0733306774755924	-8.27013889126977	-95.6076033566451	-22.7171918283879	0	0	0	0	0	1.5	1.5	1.5	1.5	1.5	1.5
782.321314931214	0.0746899963833981	-8.25242167459131	-95.7024371049873	-22.9369914431838	0	0	0	0	0	1.5	1.5	1.5	1.5	1.5	1.5
782.560703338475	0.0760493152912031	-8.23437905272456	-95.7933258609203	-23.158451346924	0	0	0	0	0	1.5	1.5	1.5	1.5	1.5	1.5
782.800091745737	0.0775217356702276	-8.2160097159956	-95.8801679764436	-23.3815290133721	0	0	0	0	0	1.5	1.5	1.5	1.5	1.5	1.5
783.039480152999	0.0800501405671445	-8.19714927575475	-95.9628477590206	-23.6061824449696	0	0	0	0	0	1.5	1.5	1.5	1.5	1.5	1.5
783.27886856026	0.0825785454640615	-8.17768356469272	-96.0412074981236	-23.8323787121444	0	0	0	0	0	1.5	1.5	1.5	1.5	1.5	1.5
783.518256967522	0.0851069503609772	-8.15761258280951	-96.1150806181163	-24.0600794979582	0	0	0	0	0	1.5	1.5	1.5	1.5	1.5	1.5
783.757645374784	0.0876353552578942	-8.1369363301051	-96.1842995679878	-24.2892377509612	0	0	0	0	0	1.5	1.5	1.5	1.5	1.5	1.5
783.997033782045	0.0901637601548124	-8.1156548065795	-96.2486960854568	-24.5197973640826	0	0	0	0	0	1.5	1.5	1.5	1.5	1.5	1.5
784.236422189307	0.0926921650517293	-8.09376801223272	-96.3081014895027	-24.7516928574849	0	0	0	0	0	1.5	1.5	1.5	1.5	1.5	1.5
784.475810596569	0.0952672873107426	-8.07127126532474	-96.3623466970819	-24.9848491357426	0	0	0	0	0	1.5	1.5	1.5	1.5	1.5	1.5
784.71519900383	0.0978514906982515	-8.04815606698479	-96.4112608646762	-25.2191815110345	0	0	0	0	0	1.5	1.5	1.5	1.5	1.5	1.5
784.954587411092	0.10043569408576	-8.02442224031187	-96.454672940991	-25.4545950007294	0	0	0	0	0	1.5	1.5	1.5	1.5	1.5	1.5
785.193975818354	0.103019897473269	-8.00006978530597	-96.4924128890904	-25.6909838197584	0	0	0	0	0	1.5	1.5	1.5	1.5	1.5	1.5
785.433364225615	0.105604100860778	-7.97509870196709	-96.5243121448882	-25.9282310941648	0	0	0	0	0	1.5	1.5	1.5	1.5	1.5	1.5
785.672752632877	0.108188304248288	-7.94950899029523	-96.5502041075372	-26.1662085902406	0	0	0	0	0	1.5	1.5	1.5	1.5	1.5	1.5
785.912141040139	0.106534423564934	-7.92359801236043	-96.5699385364564	-26.4047754426357	0	0	0	0	0	1.5	1.5	1.5	1.5	1.5	1.5
786.151529447401	0.101888820295727	-7.89865095816837	-96.5835879258572	-26.6437681863807	0	0	0	0	0	1.5	1.5	1.5	1.5	1.5	1.5
786.390917854662	0.0972432170265211	-7.8748160075437	-96.5914045783817	-26.8830232728562	0	0	0	0	0	1.5	1.5	1.5	1.5	1.5	1.5
786.630306261924	0.092597613757317	-7.85209316048642	-96.5936500259804	-27.1223959982912	0	0	0	0	0	1.5	1.5	1.5	1.5	1.5	1.5
786.869694669186	0.0879520104881107	-7.83048241699651	-96.5905892239958	-27.3617601782619	0	0	0	0	0	1.5	1.5	1.5	1.5	1.5	1.5
787.109083076447	0.0833064072189044	-7.809983777074	-96.5824897179557	-27.6010073324705	0	0	0	0	0	1.5	1.5	1.5	1.5	1.5	1.5
787.348471483709	0.0817498986966088	-7.79047695394974	-96.5696177909016	-27.8400456474161	0	0	0	0	0	1.5	1.5	1.5	1.5	1.5	1.5
787.587859890971	0.0865997927891354	-7.77032647169584	-96.5520428962705	-28.0787839841958	0	0	0	0	0	1.5	1.5	1.5	1.5	1.5	1.5
787.827248298232	0.0914496868816598	-7.74901498101976	-96.5295228965826	-28.317106224252	0	0	0	0	0	1.5	1.5	1.5	1.5	1.5	1.5
788.066636705494	0.0962995809741842	-7.72654248192148	-96.5017914193708	-28.5548778855399	0	0	0	0	0	1.5	1.5	1.5	1.5	1.5	1.5
788.306025112756	0.101149475066709	-7.70290897440101	-96.4685865193302	-28.7919466028535	0	0	0	0	0	1.5	1.5	1.5	1.5	1.5	1.5
788.545413520018	0.105999369159233	-7.67811445845833	-96.4296516206016	-29.0281413260778	0	0	0	0	0	1.5	1.5	1.5	1.5	1.5	1.5
788.784801927279	0.110350573970074	-7.65216328034961	-96.3847365884692	-29.2632715714495	0	0	0	0	0	1.5	1.5	1.5	1.5	1.5	1.5
789.024190334541	0.10835161467445	-7.62598589604748	-96.3336775587316	-29.4971444270494	0	0	0	0	0	1.5	1.5	1.5	1.5	1.5	1.5
789.263578741803	0.106352655378825	-7.6002870394273	-96.2765701027557	-29.7296146275496	0	0	0	0	0	1.5	1.5	1.5	1.5	1.5	1.5
789.502967149064	0.104353696083201	-7.5750667104891	-96.2135631328185	-29.9605559485503	0	0	0	0	0	1.5	1.5	1.5	1.5	1.5	1.5
789.742355556326	0.102354736787577	-7.55032490923285	-96.1448071930842	-30.1898516243233	0	0	0	0	0	1.5	1.5	1.5	1.5	1.5	1.5
789.981743963588	0.100355777491954	-7.52606163565857	-96.0704540556125	-30.4173941678376	0	0	0	0	0	1.5	1.5	1.5	1.5	1.5	1.5
790.221132370849	0.0983568181963299	-7.50227688976625	-95.9906563387718	-30.6430851786134	0	0	0	0	0	1.5	1.5	1.5	1.5	1.5	1.5
790.460520778111	0.0973161559919021	-7.4788771578855	-95.9055614767482	-30.8668329381462	0	0	0	0	0	1.5	1.5	1.5	1.5	1.5	1.5
790.699909185373	0.0964926309868562	-7.45567936947142	-95.8152775678727	-31.0885378218567	0	0	0	0	0	1.5	1.5	1.5	1.5	1.5	1.5
790.939297592634	0.0956691059818099	-7.43267872339662	-95.7198969544353	-31.308098341386	0	0	0	0	0	1.5	1.5	1.5	1.5	1.5	1.5
791.178685999896	0.0948455809767641	-7.40987521966114	-95.6195133640353	-31.5254171418972	0	0	0	0	0	1.5	1.5	1.5	1.5	1.5	1.5
791.418074407158	0.0940220559717182	-7.38726885826495	-95.514221823041	-31.7404010027394	0	0	0	0	0	1.5	1.5	1.5	1.5	1.5	1.5
791.65746281442	0.0931985309666723	-7.36485963920806	-95.4041185074933	-31.9529608091757	0	0	0	0	0	1.5	1.5	1.5	1.5	1.5	1.5
791.896851221681	0.0880437550647599	-7.3429389756478	-95.2893120175511	-32.1630178796055	0	0	0	0	0	1.5	1.5	1.5	1.5	1.5	1.5
792.136239628943	0.0795149106373998	-7.32288317459514	-95.1701090118212	-32.3706125128433	0	0	0	0	0	1.5	1.5	1.5	1.5	1.5	1.5
792.375628036205	0.0709860662100397	-7.30486908002572	-95.0469758876784	-32.5759013173289	0	0	0	0	0	1.5	1.5	1.5	1.5	1.5	1.5
792.615016443466	0.0624572217826756	-7.28889669193954	-94.9203718213897	-32.7790687391263	0	0	0	0	0	1.5	1.5	1.5	1.5	1.5	1.5
792.854404850728	0.0539283773553155	-7.27496601033662	-94.7907440245709	-32.9803211098755	0	0	0	0	0	1.5	1.5	1.5	1.5	1.5	1.5
793.09379325799	0.0453995329279554	-7.26307703521695	-94.6585286779463	-33.179883722366	0	0	0	0	0	1.5	1.5	1.5	1.5	1.5	1.5
793.333181665251	0.0398291393633536	-7.25312445647048	-94.5241500006371	-33.3779965999935	0	0	0	0	0	1.5	1.5	1.5	1.5	1.5	1.5
793.572570072513	0.0412482032477353	-7.24341996851414	-94.3878614101751	-33.5748005122625	0	0	0	0	0	1.5	1.5	1.5	1.5	1.5	1.5
793.811958479775	0.042667267132117	-7.23337577311471	-94.249636225052	-33.7702490372868	0	0	0	0	0	1.5	1.5	1.5	1.5	1.5	1.5
794.051346887036	0.0440863310164987	-7.2229918702722	-94.1094220045816	-33.964275496756	0	0	0	0	0	1.5	1.5	1.5	1.5	1.5	1.5
794.290735294298	0.0455053949008804	-7.21226825998661	-93.9671679651871	-34.1568113340172	0	0	0	0	0	1.5	1.5	1.5	1.5	1.5	1.5
794.53012370156	0.0469244587852628	-7.20120494225793	-93.8228250699607	-34.3477860800102	0	0	0	0	0	1.5	1.5	1.5	1.5	1.5	1.5
794.769512108822	0.0480556426653675	-7.18980311295105	-93.6763461237712	-34.5371273245786	0	0	0	0	0	1.5	1.5	1.5	1.5	1.5	1.5
795.008900516083	0.0411797520619753	-7.17912215344348	-93.5277545086033	-34.7248153540556	0	0	0	0	0	1.5	1.5	1.5	1.5	1.5	1.5
795.248288923345	0.034303861458583	-7.17008720243595	-93.3773197197575	-34.9110297299519	0	0	0	0	0	1.5	1.5	1.5	1.5	1.5	1.5
795.487677330607	0.0274279708551908	-7.16269825992848	-93.2253606667382	-35.0960026868739	0	0	0	0	0	1.5	1.5	1.5	1.5	1.5	1.5
795.727065737868	0.0205520802517985	-7.15695532592107	-93.0721902390729	-35.2799740756828	0	0	0	0	0	1.5	1.5	1.5	1.5	1.5	1.5
795.96645414513	0.0136761896484063	-7.1528584004137	-92.918116438574	-35.4631897768619	0	0	0	0	0	1.5	1.5	1.5	1.5	1.5	1.5
796.205842552392	0.00680029904501078	-7.15040748340638	-92.7634435616364	-35.6459001536027	0	0	0	0	0	1.5	1.5	1.5	1.5	1.5	1.5
796.445230959653	0.0035883616483043	-7.14926539542194	-92.6084576561912	-35.8283451386832	0	0	0	0	0	1.5	1.5	1.5	1.5	1.5	1.5
796.684619366915	0.00147800780276806	-7.14865898036519	-92.4533146515314	-36.0106565641613	0	0	0	0	0	1.5	1.5	1.5	1.5	1.5	1.5
796.924007774177	-0.000632346042769188	-7.14855775955429	-92.29810714922	-36.1929130885667	0	0	0	0	0	1.5	1.5	1.5	1.5	1.5	1.5
797.163396181438	-0.00274269988830643	-7.14896173298923	-92.1429272389963	-36.3751931044614	0	0	0	0	0	1.5	1.5	1.5	1.5	1.5	1.5
797.4027845887	-0.00485305373384367	-7.14987090067001	-91.9878670461895	-36.5575749625785	0	0	0	0	0	1.5	1.5	1.5	1.5	1.5	1.5
797.642172995962	-0.00696340757938092	-7.15128526259663	-91.8330188503742	-36.7401368321203	0	0	0	0	0	1.5	1.5	1.5	1.5	1.5	1.5
797.881561403224	-0.00764669435295317	-7.15311891815291	-91.6784725694364	-36.9229543371506	0	0	0	0	0	1.5	1.5	1.5	1.5	1.5	1.5
798.120949810485	-0.00691935387643725	-7.15486238969578	-91.52425865109	-37.1060522956342	0	0	0	0	0	1.5	1.5	1.5	1.5	1.5	1.5
798.360338217747	-0.00619201339992133	-7.15643174436043	-91.3703482263221	-37.2894054491795	0	0	0	0	0	1.5	1.5	1.5	1.5	1.5	1.5
798.599726625009	-0.00546467292340541	-7.15782698214688	-91.2167097509237	-37.4729865459994	0	0	0	0	0	1.5	1.5	1.5	1.5	1.5	1.5
798.83911503227	-0.00473733244688949	-7.15904810305511	-91.0633115610079	-37.6567684758467	0	0	0	0	0	1.5	1.5	1.5	1.5	1.5	1.5
799.078503439532	-0.00400999197037358	-7.16009510708514	-90.9101218873583	-37.840724253633	0	0	0	0	0	1.5	1.5	1.5	1.5	1.5	1.5
799.317891846794	-0.00273791602725067	-7.16095254173397	-90.7571086448621	-38.024826816252	0	0	0	0	0	1.5	1.5	1.5	1.5	1.5	1.5
799.557280254056	0.000287930164494713	-7.16124579084072	-90.6042085929604	-38.2090234047312	0	0	0	0	0	1.5	1.5	1.5	1.5	1.5	1.5
799.796668661317	0.00331377635623722	-7.16081468744701	-90.4512958459137	-38.3932094530426	0	0	0	0	0	1.5	1.5	1.5	1.5	1.5	1.5
800.036057068579	0.00633962254798116	-7.15965923155284	-90.2982370432822	-38.5772741320301	0	0	0	0	0	1.5	1.5	1.5	1.5	1.5	1.5
800.27544547584	0.0093654687397251	-7.15777942315821	-90.1448990885949	-38.7611062953381	0	0	0	0	0	1.5	1.5	1.5	1.5	1.5	1.5
800.514833883102	0.012391314931469	-7.15517526226312	-89.9911493915495	-38.9445941907474	0	0	0	0	0	1.5	1.5	1.5	1.5	1.5	1.5
800.754222290364	0.015417161123213	-7.15184674886756	-89.8368561124037	-39.1276251733473	0	0	0	0	0	1.5	1.5	1.5	1.5	1.5	1.5
800.993610697626	0.0174787197626696	-7.14790597345452	-89.6818950245947	-39.310091051283	0	0	0	0	0	1.5	1.5	1.5	1.5	1.5	1.5
801.232999104887	0.0195116385427912	-7.14347844197512	-89.5261718478516	-39.4919069145127	0	0	0	0	0	1.5	1.5	1.5	1.5	1.5	1.5
801.472387512149	0.021544557322912	-7.13856425330686	-89.3696011660972	-39.6729934015876	0	0	0	0	0	1.5	1.5	1.5	1.5	1.5	1.5
801.711775919411	0.0235774761030327	-7.13316340744974	-89.2120986471287	-39.8532699300985	0	0	0	0	0	1.5	1.5	1.5	1.5	1.5	1.5
801.951164326672	0.0256103948831534	-7.12727590440375	-89.0535811664202	-40.032654579075	0	0	0	0	0	1.5	1.5	1.5	1.5	1.5	1.5
802.190552733934	0.0276433136632741	-7.1209017441689	-88.8939669343024	-40.2110639745318	0	0	0	0	0	1.5	1.5	1.5	1.5	1.5	1.5
802.429941141196	0.0315772768213897	-7.11388033668063	-88.7331689403703	-40.3884070885488	0	0	0	0	0	1.5	1.5	1.5	1.5	1.5	1.5
802.669329548457	0.0363038319086587	-7.10575536142961	-88.5710346073032	-40.564529069604	0	0	0	0	0	1.5	1.5	1.5	1.5	1.5	1.5
802.908717955719	0.0410303869959276	-7.09649890368441	-88.4073759242601	-40.7392352106379	0	0	0	0	0	1.5	1.5	1.5	1.5	1.5	1.5
803.148106362981	0.0457569420831965	-7.08611096344504	-88.2420093179558	-40.912325301696	0	0	0	0	0	1.5	1.5	1.5	1.5	1.5	1.5
803.387494770242	0.0504834971704654	-7.07459154071149	-88.0747568690921	-41.0835934951159	0	0	0	0	0	1.5	1.5	1.5	1.5	1.5	1.5
803.626883177504	0.0552100522577344	-7.06194063548377	-87.9054470729081	-41.2528277648191	0	0	0	0	0	1.5	1.5	1.5	1.5	1.5	1.5
803.866271584766	0.0589554250031447	-7.04821016380979	-87.7339169036929	-41.4198107222693	0	0	0	0	0	1.5	1.5	1.5	1.5	1.5	1.5
804.105659992028	0.0614623993779198	-7.03379684821754	-87.560049890865	-41.5843588285054	0	0	0	0	0	1.5	1.5	1.5	1.5	1.5	1.5
804.345048399289	0.063969373752695	-7.01878339202267	-87.3837808546631	-41.7463309247312	0	0	0	0	0	1.5	1.5	1.5	1.5	1.5	1.5
804.584436806551	0.0664763481274701	-7.00316979522517	-87.2050523558001	-41.905584712747	0	0	0	0	0	1.5	1.5	1.5	1.5	1.5	1.5
804.823825213813	0.0689833225022465	-6.98695605782504	-87.0238124269363	-42.0619741058424	0	0	0	0	0	1.5	1.5	1.5	1.5	1.5	1.5
805.063213621074	0.0714902968770216	-6.9701421798223	-86.8400148949189	-42.2153492233019	0	0	0	0	0	1.5	1.5	1.5	1.5	1.5	1.5
805.302602028336	0.0727333764812322	-6.9527557345325	-86.6536199612014	-42.3655567182726	0	0	0	0	0	1.5	1.5	1.5	1.5	1.5	1.5
805.541990435598	0.0683059975977908	-6.93587413897152	-86.4646601614827	-42.5125248868138	0	0	0	0	0	1.5	1.5	1.5	1.5	1.5	1.5
805.781378842859	0.0638786187143495	-6.92005240658979	-86.2733222796036	-42.656383946158	0	0	0	0	0	1.5	1.5	1.5	1.5	1.5	1.5
806.020767250121	0.0594512398309081	-6.90529053738731	-86.0798067287352	-42.7973005894771	0	0	0	0	0	1.5	1.5	1.5	1.5	1.5	1.5
806.260155657383	0.0550238609474667	-6.89158853136408	-85.8843050807211	-42.9354491272273	0	0	0	0	0	1.5	1.5	1.5	1.5	1.5	1.5
806.499544064645	0.0505964820640253	-6.8789463885201	-85.6870005128388	-43.0710107504452	0	0	0	0	0	1.5	1.5	1.5	1.5	1.5	1.5
806.738932471906	0.0461691031805839	-6.86736410885538	-85.4880682939488	-43.2041728362417	0	0	0	0	0	1.5	1.5	1.5	1.5	1.5	1.5
806.978320879168	0.0517269895661792	-6.8557432374055	-85.2876324500089	-43.335060718399	0	0	0	0	0	1.5	1.5	1.5	1.5	1.5	1.5
807.21770928643	0.0581641190141103	-6.84258990867787	-85.0855915417979	-43.4634564135571	0	0	0	0	0	1.5	1.5	1.5	1.5	1.5	1.5
807.457097693691	0.0646012484620415	-6.82789560578437	-84.8817828825557	-43.5890263487126	0	0	0	0	0	1.5	1.5	1.5	1.5	1.5	1.5
807.696486100953	0.0710383779099726	-6.81166032872498	-84.6760571675346	-43.7114292929918	0	0	0	0	0	1.5	1.5	1.5	1.5	1.5	1.5
807.935874508215	0.0774755073579038	-6.79388407749972	-84.4682801978092	-43.8303159245108	0	0	0	0	0	1.5	1.5	1.5	1.5	1.5	1.5
808.175262915476	0.083912636805838	-6.77456685210857	-84.2583346299805	-43.9453284711559	0	0	0	0	0	1.5	1.5	1.5	1.5	1.5	1.5
808.414651322738	0.0878231858085545	-6.75390726663281	-84.046126534733	-44.0561097461783	0	0	0	0	0	1.5	1.5	1.5	1.5	1.5	1.5
808.65403973	0.090413251844131	-6.73257339816997	-83.8316373625275	-44.1624066464972	0	0	0	0	0	1.5	1.5	1.5	1.5	1.5	1.5
808.893428137261	0.0930033178797076	-6.71061949792418	-83.6148981721117	-44.2640365199473	0	0	0	0	0	1.5	1.5	1.5	1.5	1.5	1.5
809.132816544523	0.0955933839152842	-6.68804556589542	-83.3959504561481	-44.3608160305433	0	0	0	0	0	1.5	1.5	1.5	1.5	1.5	1.5
809.372204951785	0.0981834499508607	-6.66485160208371	-83.1748458238633	-44.4525601424247	0	0	0	0	0	1.5	1.5	1.5	1.5	1.5	1.5
809.611593359047	0.100773515986437	-6.64103760648903	-82.9516463798221	-44.5390824486627	0	0	0	0	0	1.5	1.5	1.5	1.5	1.5	1.5
809.850981766308	0.100414046900188	-6.61674757228217	-82.7264266432387	-44.6201999590763	0	0	0	0	0	1.5	1.5	1.5	1.5	1.5	1.5
810.09037017357	0.0957724467921492	-6.59326518615654	-82.4993264063157	-44.6958944669075	0	0	0	0	0	1.5	1.5	1.5	1.5	1.5	1.5
810.329758580832	0.0911308466841106	-6.57089394528791	-82.2705500856195	-44.766363002594	0	0	0	0	0	1.5	1.5	1.5	1.5	1.5	1.5
810.569146988093	0.0864892465760721	-6.5496338496763	-82.0402905413765	-44.8318243899447	0	0	0	0	0	1.5	1.5	1.5	1.5	1.5	1.5
810.808535395355	0.0818476464680336	-6.52948489932169	-81.8087246549769	-44.8925047898229	0	0	0	0	0	1.5	1.5	1.5	1.5	1.5	1.5
811.047923802617	0.077206046359995	-6.5104470942241	-81.5760139361589	-44.9486367767279	0	0	0	0	0	1.5	1.5	1.5	1.5	1.5	1.5
811.287312209878	0.0742754185417158	-6.49249120002053	-81.3423051076458	-45.0004581710267	0	0	0	0	0	1.5	1.5	1.5	1.5	1.5	1.5
811.52670061714	0.0816195745491897	-6.47383147297248	-81.1076977643326	-45.0480453645263	0	0	0	0	0	1.5	1.5	1.5	1.5	1.5	1.5
811.766089024402	0.0889637305566671	-6.45341364011511	-80.8722061394929	-45.091039702143	0	0	0	0	0	1.5	1.5	1.5	1.5	1.5	1.5
812.005477431664	0.0963078865641409	-6.43123770144844	-80.635853078309	-45.1290093123751	0	0	0	0	0	1.5	1.5	1.5	1.5	1.5	1.5
812.244865838925	0.103652042571615	-6.40730365697245	-80.3986883186298	-45.1615200871273	0	0	0	0	0	1.5	1.5	1.5	1.5	1.5	1.5
812.484254246187	0.110996198579089	-6.38161150668716	-80.1607908197768	-45.1881365689783	0	0	0	0	0	1.5	1.5	1.5	1.5	1.5	1.5
812.723642653449	0.118340354586563	-6.35416125059255	-79.9222710770555	-45.2084230974808	0	0	0	0	0	1.5	1.5	1.5	1.5	1.5	1.5
812.96303106071	0.106295088861491	-6.32704328919693	-79.6832807792211	-45.2220952974021	0	0	0	0	0	1.5	1.5	1.5	1.5	1.5	1.5
813.202419467972	0.0921127494483746	-6.30329502099632	-79.4440182728655	-45.2296826810964	0	0	0	0	0	1.5	1.5	1.5	1.5	1.5	1.5
813.441807875234	0.0779304100352578	-6.28294184043905	-79.2046451458628	-45.2319927507854	0	0	0	0	0	1.5	1.5	1.5	1.5	1.5	1.5
813.681196282495	0.063748070622141	-6.26598374752514	-78.9652693157171	-45.2298370081871	0	0	0	0	0	1.5	1.5	1.5	1.5	1.5	1.5
813.920584689757	0.0495657312090242	-6.25242074225457	-78.7259532217428	-45.224028626821	0	0	0	0	0	1.5	1.5	1.5	1.5	1.5	1.5
814.159973097019	0.0353833917959074	-6.24225282462736	-78.4867220885283	-45.2153810961328	0	0	0	0	0	1.5	1.5	1.5	1.5	1.5	1.5
814.39936150428	0.037590518849906	-6.23423779089325	-78.2475751730654	-45.2046448004589	0	0	0	0	0	1.5	1.5	1.5	1.5	1.5	1.5
814.638749911542	0.0492908995220748	-6.2238385887109	-78.0085356736151	-45.1917447940573	0	0	0	0	0	1.5	1.5	1.5	1.5	1.5	1.5
814.878138318804	0.0609912801942435	-6.21063845103508	-77.7696656851446	-45.1760252073083	0	0	0	0	0	1.5	1.5	1.5	1.5	1.5	1.5
815.117526726066	0.0726916608664178	-6.19463737786579	-77.531051477608	-45.1568198390537	0	0	0	0	0	1.5	1.5	1.5	1.5	1.5	1.5
815.356915133327	0.0843920415385865	-6.17583536920304	-77.2928085507847	-45.1334654281605	0	0	0	0	0	1.5	1.5	1.5	1.5	1.5	1.5
815.596303540589	0.0960924222107553	-6.15423242504682	-77.0550871463593	-45.1053031462325	0	0	0	0	0	1.5	1.5	1.5	1.5	1.5	1.5
815.835691947851	0.101069683465857	-6.13013457234027	-76.8180762837197	-45.0716897557948	0	0	0	0	0	1.5	1.5	1.5	1.5	1.5	1.5
816.075080355112	0.0950911695610648	-6.10665525525366	-76.5819410379605	-45.0323918874044	0	0	0	0	0	1.5	1.5	1.5	1.5	1.5	1.5
816.314468762374	0.0891126556562725	-6.08460712508852	-76.3467608207305	-44.9877292259244	0	0	0	0	0	1.5	1.5	1.5	1.5	1.5	1.5
816.553857169636	0.0831341417514803	-6.06399018184483	-76.112586213837	-44.9380599900887	0	0	0	0	0	1.5	1.5	1.5	1.5	1.5	1.5
816.793245576897	0.077155627846688	-6.04480442552261	-75.8794458456544	-44.8837403779824	0	0	0	0	0	1.5	1.5	1.5	1.5	1.5	1.5
817.032633984159	0.0711771139418957	-6.02704985612185	-75.6473479676519	-44.8251240062608	0	0	0	0	0	1.5	1.5	1.5	1.5	1.5	1.5
817.272022391421	0.0666315190096392	-6.01070647521977	-75.4162820759796	-44.7625613181351	0	0	0	0	0	1.5	1.5	1.5	1.5	1.5	1.5
817.511410798682	0.0729421210070304	-5.99400031953011	-75.1862659855069	-44.6962433368203	0	0	0	0	0	1.5	1.5	1.5	1.5	1.5	1.5
817.750799205944	0.0792527230044217	-5.97578347887944	-74.9574434160113	-44.6259193987277	0	0	0	0	0	1.5	1.5	1.5	1.5	1.5	1.5
817.990187613206	0.0855633250018129	-5.95605595326775	-74.7299966887317	-44.5512672916521	0	0	0	0	0	1.5	1.5	1.5	1.5	1.5	1.5
818.229576020467	0.0918739269992041	-5.93481774269505	-74.5041272369447	-44.4719726130383	0	0	0	0	0	1.5	1.5	1.5	1.5	1.5	1.5
818.468964427729	0.0981845289965954	-5.91206884716132	-74.2800568628536	-44.3877300737112	0	0	0	0	0	1.5	1.5	1.5	1.5	1.5	1.5
818.708352834991	0.10449513099399	-5.88780926666657	-74.0580289110149	-44.2982449494972	0	0	0	0	0	1.5	1.5	1.5	1.5	1.5	1.5
818.947741242253	0.097876009268108	-5.86337684374647	-73.8382721303823	-44.2033191355467	0	0	0	0	0	1.5	1.5	1.5	1.5	1.5	1.5
819.187129649514	0.0892295383790458	-5.84098139422593	-73.6207985890234	-44.1032707831171	0	0	0	0	0	1.5	1.5	1.5	1.5	1.5	1.5
819.426518056776	0.0805830674899837	-5.82065580959996	-73.4055107880688	-43.9985998747886	0	0	0	0	0	1.5	1.5	1.5	1.5	1.5	1.5
819.665906464038	0.0719365966009215	-5.80240008986856	-73.1922813786412	-43.8897952949054	0	0	0	0	0	1.5	1.5	1.5	1.5	1.5	1.5
819.905294871299	0.0632901257118594	-5.78621423503172	-72.9809565657858	-43.7773347170986	0	0	0	0	0	1.5	1.5	1.5	1.5	1.5	1.5
820.144683278561	0.0546436548227972	-5.77209824508945	-72.7713592758424	-43.66168510119	0	0	0	0	0	1.5	1.5	1.5	1.5	1.5	1.5
820.384071685823	0.0521189248086314	-5.75961124242298	-72.5633027713744	-43.5432850836865	0	0	0	0	0	1.5	1.5	1.5	1.5	1.5	1.5
820.623460093084	0.0536467635994849	-5.7469517025775	-72.3567428156647	-43.4222932291232	0	0	0	0	0	1.5	1.5	1.5	1.5	1.5	1.5
820.862848500346	0.0551746023903383	-5.73392641583733	-72.151753758365	-43.2986587448605	0	0	0	0	0	1.5	1.5	1.5	1.5	1.5	1.5
821.102236907608	0.0567024411811917	-5.72053538220246	-71.9484155999893	-43.1723276460747	0	0	0	0	0	1.5	1.5	1.5	1.5	1.5	1.5
821.341625314869	0.0582302799720452	-5.7067786016729	-71.7468110112957	-43.0432482303159	0	0	0	0	0	1.5	1.5	1.5	1.5	1.5	1.5
821.581013722131	0.0597581187628986	-5.69265607424864	-71.5470253585785	-42.911371204157	0	0	0	0	0	1.5	1.5	1.5	1.5	1.5	1.5
821.820402129393	0.0596456374604403	-5.67823443764407	-71.3491456990555	-42.7766512997894	0	0	0	0	0	1.5	1.5	1.5	1.5	1.5	1.5
822.059790536655	0.0563405492363156	-5.66435156339521	-71.1532019640342	-42.6391306039717	0	0	0	0	0	1.5	1.5	1.5	1.5	1.5	1.5
822.299178943916	0.0530354610121926	-5.6512598889522	-70.9591306010059	-42.4989796245077	0	0	0	0	0	1.5	1.5	1.5	1.5	1.5	1.5
822.538567351178	0.0497303727880695	-5.63895941431502	-70.7668540375016	-42.3563759427155	0	0	0	0	0	1.5	1.5	1.5	1.5	1.5	1.5
822.77795575844	0.0464252845639464	-5.62745013948367	-70.5762885884189	-42.2114932780788	0	0	0	0	0	1.5	1.5	1.5	1.5	1.5	1.5
823.017344165701	0.0431201963398233	-5.61673206445815	-70.3873449151811	-42.0645016142898	0	0	0	0	0	1.5	1.5	1.5	1.5	1.5	1.5
823.256732572963	0.0398595467410504	-5.6068047828345	-70.1999284729981	-41.9155673466451	0	0	0	0	0	1.5	1.5	1.5	1.5	1.5	1.5
823.496120980225	0.0371360746136748	-5.59758885325339	-70.0139443089949	-41.7648480889715	0	0	0	0	0	1.5	1.5	1.5	1.5	1.5	1.5
823.735509387486	0.0344126024862993	-5.58902489132706	-69.8293072734086	-41.6124813460741	0	0	0	0	0	1.5	1.5	1.5	1.5	1.5	1.5
823.974897794748	0.0316891303589237	-5.58111289705554	-69.6459316005348	-41.4585986857536	0	0	0	0	0	1.5	1.5	1.5	1.5	1.5	1.5
824.21428620201	0.0289656582315482	-5.5738528704388	-69.4637284732215	-41.3033293127768	0	0	0	0	0	1.5	1.5	1.5	1.5	1.5	1.5
824.453674609272	0.0262421861041726	-5.56724481147686	-69.2826062937531	-41.1468002194096	0	0	0	0	0	1.5	1.5	1.5	1.5	1.5	1.5
824.693063016533	0.023518713976797	-5.56128872016972	-69.1024709477928	-40.9891363452342	0	0	0	0	0	1.5	1.5	1.5	1.5	1.5	1.5
824.932451423795	0.0245205406380245	-5.55562311780103	-68.9232415907573	-40.8304432625095	0	0	0	0	0	1.5	1.5	1.5	1.5	1.5	1.5
825.171839831057	0.0263923551933	-5.54952913927996	-68.7449470711852	-40.6707006681339	0	0	0	0	0	1.5	1.5	1.5	1.5	1.5	1.5
825.411228238318	0.0282641697485755	-5.54298707005381	-68.5676654027646	-40.5098348384196	0	0	0	0	0	1.5	1.5	1.5	1.5	1.5	1.5
825.65061664558	0.0301359843038519	-5.53599691012258	-68.391476265178	-40.3477732329517	0	0	0	0	0	1.5	1.5	1.5	1.5	1.5	1.5
825.890005052842	0.0320077988591273	-5.52855865948628	-68.2164608951271	-40.1844448351111	0	0	0	0	0	1.5	1.5	1.5	1.5	1.5	1.5
826.129393460103	0.0338796134144028	-5.52067231814491	-68.042702170692	-40.019780272484	0	0	0	0	0	1.5	1.5	1.5	1.5	1.5	1.5
826.368781867365	0.0335671974969151	-5.51248075278514	-67.8702803566995	-39.8537164147791	0	0	0	0	0	1.5	1.5	1.5	1.5	1.5	1.5
826.608170274627	0.0314419667526958	-5.50469953264157	-67.6991959761375	-39.6862749172618	0	0	0	0	0	1.5	1.5	1.5	1.5	1.5	1.5
826.847558681888	0.0293167360084765	-5.49742706810093	-67.5293766814659	-39.5175503959419	0	0	0	0	0	1.5	1.5	1.5	1.5	1.5	1.5
827.08694708915	0.0271915052642583	-5.49066335916321	-67.3607456323079	-39.3476381824335	0	0	0	0	0	1.5	1.5	1.5	1.5	1.5	1.5
827.326335496412	0.0250662745200379	-5.48440840582841	-67.1932241165225	-39.1766318538415	0	0	0	0	0	1.5	1.5	1.5	1.5	1.5	1.5
827.565723903674	0.0229410437758186	-5.47866220809654	-67.0267317045705	-39.0046233407096	0	0	0	0	0	1.5	1.5	1.5	1.5	1.5	1.5
827.805112310935	0.0231387802998405	-5.47334671301651	-66.8611876654813	-38.8317018332086	0	0	0	0	0	1.5	1.5	1.5	1.5	1.5	1.5
828.044500718197	0.0292885870951006	-5.46707146102771	-66.6966254386981	-38.6578458732327	0	0	0	0	0	1.5	1.5	1.5	1.5	1.5	1.5
828.283889125459	0.0354383938903608	-5.45932401658523	-66.5332863519358	-38.4828405434521	0	0	0	0	0	1.5	1.5	1.5	1.5	1.5	1.5
828.52327753272	0.041588200685621	-5.45010437968906	-66.3714379583974	-38.3064560176636	0	0	0	0	0	1.5	1.5	1.5	1.5	1.5	1.5
828.762665939982	0.0477380074808812	-5.43941255033921	-66.211353789499	-38.1284691577303	0	0	0	0	0	1.5	1.5	1.5	1.5	1.5	1.5
829.002054347244	0.0538878142761442	-5.42724852853567	-66.0533142716588	-37.9486647819386	0	0	0	0	0	1.5	1.5	1.5	1.5	1.5	1.5
829.241442754505	0.0599917150673136	-5.41361240901012	-65.8976075832052	-37.7668369828092	0	0	0	0	0	1.5	1.5	1.5	1.5	1.5	1.5
829.480831161767	0.0634788547124963	-5.39883369748848	-65.7445097987744	-37.5828075426302	0	0	0	0	0	1.5	1.5	1.5	1.5	1.5	1.5
829.720219569029	0.0669659943576789	-5.38322020516128	-65.5942262721536	-37.3964731472051	0	0	0	0	0	1.5	1.5	1.5	1.5	1.5	1.5
829.95960797629	0.0704531340028615	-5.36677193202852	-65.4469491968787	-37.2077538302904	0	0	0	0	0	1.5	1.5	1.5	1.5	1.5	1.5
830.198996383552	0.0739402736480442	-5.3494888780902	-65.3028759622729	-37.0165777698661	0	0	0	0	0	1.5	1.5	1.5	1.5	1.5	1.5
830.438384790814	0.0774274132932252	-5.33137104334633	-65.1622091942852	-36.8228818683388	0	0	0	0	0	1.5	1.5	1.5	1.5	1.5	1.5
830.677773198075	0.0809145529384078	-5.31241842779689	-65.0251567572482	-36.6266123505656	0	0	0	0	0	1.5	1.5	1.5	1.5	1.5	1.5
830.917161605337	0.0807308429319047	-5.2929640081667	-64.8919149168386	-36.4277364836195	0	0	0	0	0	1.5	1.5	1.5	1.5	1.5	1.5
831.156550012599	0.0793741130461969	-5.27380037296355	-64.7625405821427	-36.2263231343511	0	0	0	0	0	1.5	1.5	1.5	1.5	1.5	1.5
831.395938419861	0.078017383160489	-5.25496152316683	-64.6370164109123	-36.0224879138416	0	0	0	0	0	1.5	1.5	1.5	1.5	1.5	1.5
831.635326827122	0.0766606532747812	-5.23644745877652	-64.5153207680132	-35.8163439274705	0	0	0	0	0	1.5	1.5	1.5	1.5	1.5	1.5
831.874715234384	0.0753039233890733	-5.21825817979264	-64.3974284329594	-35.6080013564967	0	0	0	0	0	1.5	1.5	1.5	1.5	1.5	1.5
832.114103641646	0.0739471935033655	-5.20039368621519	-64.2833107617819	-35.3975674177204	0	0	0	0	0	1.5	1.5	1.5	1.5	1.5	1.5
832.353492048907	0.0721309649715846	-5.18288139331995	-64.1729348748116	-35.1851468269575	0	0	0	0	0	1.5	1.5	1.5	1.5	1.5	1.5
832.592880456169	0.0698524090448354	-5.16588680643823	-64.0662421188851	-34.9708524357721	0	0	0	0	0	1.5	1.5	1.5	1.5	1.5	1.5
832.832268863431	0.0675738531180874	-5.14943767943067	-63.9631474341442	-34.7548038223674	0	0	0	0	0	1.5	1.5	1.5	1.5	1.5	1.5
833.071657270693	0.0652952971913394	-5.13353401229728	-63.863560900311	-34.5371156878063	0	0	0	0	0	1.5	1.5	1.5	1.5	1.5	1.5
833.311045677954	0.0630167412645913	-5.11817580503805	-63.7673889946973	-34.3178974229368	0	0	0	0	0	1.5	1.5	1.5	1.5	1.5	1.5
833.550434085216	0.0607381853378433	-5.10336305765298	-63.6745348549349	-34.0972532061505	0	0	0	0	0	1.5	1.5	1.5	1.5	1.5	1.5
833.789822492477	0.0590289579892155	-5.08907965255859	-63.58489881149	-33.875282000305	0	0	0	0	0	1.5	1.5	1.5	1.5	1.5	1.5
834.029210899739	0.0591575299247547	-5.0749334150078	-63.498417781707	-33.6520626343046	0	0	0	0	0	1.5	1.5	1.5	1.5	1.5	1.5
834.268599307001	0.059286101860294	-5.06075639882614	-63.4151064704722	-33.4276409884517	0	0	0	0	0	1.5	1.5	1.5	1.5	1.5	1.5
834.507987714263	0.0594146737958332	-5.04654860401362	-63.3349885285533	-33.2020596042076	0	0	0	0	0	1.5	1.5	1.5	1.5	1.5	1.5
834.747376121524	0.0595432457313725	-5.03231003057023	-63.2580870705777	-32.9753615514703	0	0	0	0	0	1.5	1.5	1.5	1.5	1.5	1.5
834.986764528786	0.0596718176669117	-5.01804067849597	-63.1844246635879	-32.7475904230103	0	0	0	0	0	1.5	1.5	1.5	1.5	1.5	1.5
835.226152936048	0.0598003896024509	-5.00374054779084	-63.114023315612	-32.518790328676	0	0	0	0	0	1.5	1.5	1.5	1.5	1.5	1.5
835.465541343309	0.0565559597778597	-4.9898029849117	-63.0468750802762	-32.2890143589527	0	0	0	0	0	1.5	1.5	1.5	1.5	1.5	1.5
835.704929750571	0.0532225002325616	-4.97666313956493	-62.9828437461071	-32.0583501588658	0	0	0	0	0	1.5	1.5	1.5	1.5	1.5	1.5
835.944318157833	0.049889040687262	-4.96432128578938	-62.9217563355474	-31.8268886926678	0	0	0	0	0	1.5	1.5	1.5	1.5	1.5	1.5
836.183706565095	0.0465555811419639	-4.95277742358505	-62.8634374808282	-31.5947140078463	0	0	0	0	0	1.5	1.5	1.5	1.5	1.5	1.5
836.423094972356	0.0432221215966659	-4.94203155295194	-62.8077097088837	-31.3619036269261	0	0	0	0	0	1.5	1.5	1.5	1.5	1.5	1.5
836.662483379618	0.0398886620513678	-4.93208367389006	-62.7543937001642	-31.128528949412	0	0	0	0	0	1.5	1.5	1.5	1.5	1.5	1.5
836.90187178688	0.0331647386090727	-4.92322244871118	-62.7032925065502	-30.8946591132421	0	0	0	0	0	1.5	1.5	1.5	1.5	1.5	1.5
837.141260194141	0.0250647605682199	-4.91625271517933	-62.6540485216949	-30.6603908755224	0	0	0	0	0	1.5	1.5	1.5	1.5	1.5	1.5
837.380648601403	0.0169647825273632	-4.91122202248954	-62.6062110278127	-30.4258311548716	0	0	0	0	0	1.5	1.5	1.5	1.5	1.5	1.5
837.620037008665	0.0088648044865027	-4.9081303706418	-62.559326482462	-30.1910789387095	0	0	0	0	0	1.5	1.5	1.5	1.5	1.5	1.5
837.859425415926	0.000764826445646023	-4.90697775963612	-62.5129402014523	-29.95622767552	0	0	0	0	0	1.5	1.5	1.5	1.5	1.5	1.5
838.098813823188	-0.00733515159521066	-4.90776418947249	-62.4665969189033	-29.7213679164274	0	0	0	0	0	1.5	1.5	1.5	1.5	1.5	1.5
838.33820223045	-0.0133047149043498	-4.910376118996	-62.4198452748099	-29.4865891702212	0	0	0	0	0	1.5	1.5	1.5	1.5	1.5	1.5
838.577590637711	-0.0166200655205913	-4.91395794175779	-62.3723537577551	-29.2519590271853	0	0	0	0	0	1.5	1.5	1.5	1.5	1.5	1.5
838.816979044973	-0.0199354161368327	-4.91833342102312	-62.3239291203378	-29.017519754569	0	0	0	0	0	1.5	1.5	1.5	1.5	1.5	1.5
839.056367452235	-0.0232507667530742	-4.92350255679199	-62.274386237936	-28.7833143219215	0	0	0	0	0	1.5	1.5	1.5	1.5	1.5	1.5
839.295755859496	-0.0265661173693157	-4.92946534906438	-62.2235405693894	-28.5493883556916	0	0	0	0	0	1.5	1.5	1.5	1.5	1.5	1.5
839.535144266758	-0.0298814679855572	-4.93622179784032	-62.1712082807264	-28.3157905752183	0	0	0	0	0	1.5	1.5	1.5	1.5	1.5	1.5
839.77453267402	-0.0328495376462578	-4.94376441206108	-62.1172064859906	-28.0825732010805	0	0	0	0	0	1.5	1.5	1.5	1.5	1.5	1.5
840.013921081282	-0.0342378432713251	-4.95179438269369	-62.0613822834709	-27.849785400701	0	0	0	0	0	1.5	1.5	1.5	1.5	1.5	1.5
840.253309488543	-0.035626148896393	-4.96015669759868	-62.0036520284052	-27.6174630099892	0	0	0	0	0	1.5	1.5	1.5	1.5	1.5	1.5
840.492697895805	-0.0370144545214603	-4.96885135677605	-61.9439425524589	-27.3856414687413	0	0	0	0	0	1.5	1.5	1.5	1.5	1.5	1.5
840.732086303067	-0.0384027601465276	-4.97787836022579	-61.882181330987	-27.1543581535191	0	0	0	0	0	1.5	1.5	1.5	1.5	1.5	1.5
840.971474710328	-0.0397910657715949	-4.98723770794791	-61.8182965374441	-26.9236524441176	0	0	0	0	0	1.5	1.5	1.5	1.5	1.5	1.5
841.21086311759	-0.0411793713966622	-4.9969293999424	-61.7522171010396	-26.6935657886058	0	0	0	0	0	1.5	1.5	1.5	1.5	1.5	1.5
841.450251524852	-0.0412603685579489	-5.00681015816303	-61.6838827926023	-26.4641387512033	0	0	0	0	0	1.5	1.5	1.5	1.5	1.5	1.5
841.689639932113	-0.0412209325801526	-5.01668269181719	-61.6132857525177	-26.2353978453639	0	0	0	0	0	1.5	1.5	1.5	1.5	1.5	1.5
841.929028339375	-0.0411814966023563	-5.02654578495544	-61.5404350130452	-26.007364701455	0	0	0	0	0	1.5	1.5	1.5	1.5	1.5	1.5
842.168416746637	-0.0411420606245599	-5.03639943757778	-61.4653398137043	-25.780060814802	0	0	0	0	0	1.5	1.5	1.5	1.5	1.5	1.5
842.407805153898	-0.0411026246467636	-5.0462436496842	-61.3880095914941	-25.553507546292	0	0	0	0	0	1.5	1.5	1.5	1.5	1.5	1.5
842.64719356116	-0.0410631886689673	-5.0560784212747	-61.3084539789546	-25.3277261207046	0	0	0	0	0	1.5	1.5	1.5	1.5	1.5	1.5
842.886581968422	-0.0426879568678872	-5.06603364900726	-61.2266764573117	-25.10273995519	0	0	0	0	0	1.5	1.5	1.5	1.5	1.5	1.5
843.125970375684	-0.0452005660625742	-5.07655339576771	-61.1426031921608	-24.8786016784438	0	0	0	0	0	1.5	1.5	1.5	1.5	1.5	1.5
843.365358782945	-0.0477131752572612	-5.08767463204135	-61.0561096566565	-24.6553863403291	0	0	0	0	0	1.5	1.5	1.5	1.5	1.5	1.5
843.604747190207	-0.0502257844519482	-5.09939735782818	-60.9670723081923	-24.4331735958374	0	0	0	0	0	1.5	1.5	1.5	1.5	1.5	1.5
843.844135597469	-0.0527383936466363	-5.1117215731282	-60.8753697466953	-24.2120475585241	0	0	0	0	0	1.5	1.5	1.5	1.5	1.5	1.5
844.08352400473	-0.0552510028413233	-5.1246472779414	-60.7808829198874	-23.992096993182	0	0	0	0	0	1.5	1.5	1.5	1.5	1.5	1.5
844.322912411992	-0.0581212461890455	-5.13819106227748	-60.6834948744737	-23.7734157115997	0	0	0	0	0	1.5	1.5	1.5	1.5	1.5	1.5
844.562300819254	-0.0615566487244948	-5.15251581260137	-60.5830719739921	-23.5561116145285	0	0	0	0	0	1.5	1.5	1.5	1.5	1.5	1.5
844.801689226515	-0.0649920512599441	-5.16766295846652	-60.4794580152785	-23.3403111016508	0	0	0	0	0	1.5	1.5	1.5	1.5	1.5	1.5
845.041077633777	-0.0684274537953934	-5.18363249987295	-60.3724993477844	-23.126148931694	0	0	0	0	0	1.5	1.5	1.5	1.5	1.5	1.5
845.280466041039	-0.0718628563308427	-5.20042443682063	-60.2620471762471	-22.9137677161166	0	0	0	0	0	1.5	1.5	1.5	1.5	1.5	1.5
845.519854448301	-0.075298258866292	-5.21803876930958	-60.1479580404121	-22.7033182046247	0	0	0	0	0	1.5	1.5	1.5	1.5	1.5	1.5
845.759242855562	-0.0772382782308536	-5.23645209888368	-60.0300945373744	-22.4949594229933	0	0	0	0	0	1.5	1.5	1.5	1.5	1.5	1.5
845.998631262824	-0.0692346061056027	-5.25398405412784	-59.908460498572	-22.288778672206	0	0	0	0	0	1.5	1.5	1.5	1.5	1.5	1.5
846.238019670086	-0.0612309339803518	-5.2696000230497	-59.7834257592499	-22.0846415647303	0	0	0	0	0	1.5	1.5	1.5	1.5	1.5	1.5
846.477408077347	-0.0532272618551009	-5.28330000564924	-59.6554120227404	-21.88235860404	0	0	0	0	0	1.5	1.5	1.5	1.5	1.5	1.5
846.716796484609	-0.0452235897298501	-5.29508400192648	-59.5248309948973	-21.6817227616238	0	0	0	0	0	1.5	1.5	1.5	1.5	1.5	1.5
846.956184891871	-0.0372199176045992	-5.30495201188141	-59.3920853479198	-21.4825119752297	0	0	0	0	0	1.5	1.5	1.5	1.5	1.5	1.5
847.195573299132	-0.0292162454793445	-5.31290403551404	-59.2575698308257	-21.2844915648696	0	0	0	0	0	1.5	1.5	1.5	1.5	1.5	1.5
847.434961706394	-0.0307529692103997	-5.31992835587807	-59.1216163927478	-21.0874554317939	0	0	0	0	0	1.5	1.5	1.5	1.5	1.5	1.5
847.674350113656	-0.0337729253906944	-5.32765173144592	-58.9842159412268	-20.8914257387703	0	0	0	0	0	1.5	1.5	1.5	1.5	1.5	1.5
847.913738520917	-0.0367928815709891	-5.33609804951376	-58.8452351951763	-20.696513396864	0	0	0	0	0	1.5	1.5	1.5	1.5	1.5	1.5
848.153126928179	-0.0398128377512839	-5.34526731008161	-58.7045431899675	-20.502832815355	0	0	0	0	0	1.5	1.5	1.5	1.5	1.5	1.5
848.392515335441	-0.0428327939315786	-5.35515951314946	-58.5620117666853	-20.310502018154	0	0	0	0	0	1.5	1.5	1.5	1.5	1.5	1.5
848.631903742703	-0.0458527501118733	-5.36577465871731	-58.4175158625244	-20.1196428945701	0	0	0	0	0	1.5	1.5	1.5	1.5	1.5	1.5
848.871292149964	-0.0449063890159485	-5.37682709862265	-58.2709446247773	-19.9303729983293	0	0	0	0	0	1.5	1.5	1.5	1.5	1.5	1.5
849.110680557226	-0.041334354464146	-5.38714961573403	-58.1223502474984	-19.7426870594355	0	0	0	0	0	1.5	1.5	1.5	1.5	1.5	1.5
849.350068964488	-0.0377623199123436	-5.39661702918338	-57.9719059230044	-19.5564804895765	0	0	0	0	0	1.5	1.5	1.5	1.5	1.5	1.5
849.589457371749	-0.0341902853605411	-5.40522933897068	-57.8197843888693	-19.3716413862636	0	0	0	0	0	1.5	1.5	1.5	1.5	1.5	1.5
849.828845779011	-0.0306182508087386	-5.41298654509594	-57.6661550140072	-19.1880534310841	0	0	0	0	0	1.5	1.5	1.5	1.5	1.5	1.5
850.068234186273	-0.0270462162569362	-5.41988864755916	-57.5111840607718	-19.0055963522315	0	0	0	0	0	1.5	1.5	1.5	1.5	1.5	1.5
850.307622593534	-0.023536600794771	-5.4259381652275	-57.3550349130655	-18.8241464185327	0	0	0	0	0	1.5	1.5	1.5	1.5	1.5	1.5
850.547011000796	-0.0201497072904931	-5.43116716308334	-57.1978654407806	-18.64357943405	0	0	0	0	0	1.5	1.5	1.5	1.5	1.5	1.5
850.786399408058	-0.0167628137862136	-5.43558537789763	-57.0398267647598	-18.4637726123256	0	0	0	0	0	1.5	1.5	1.5	1.5	1.5	1.5
851.02578781532	-0.0133759202819357	-5.43919280967036	-56.8810677870574	-18.2846013692906	0	0	0	0	0	1.5	1.5	1.5	1.5	1.5	1.5
851.265176222581	-0.00998902677765779	-5.44198945840153	-56.7217358762154	-18.105939357896	0	0	0	0	0	1.5	1.5	1.5	1.5	1.5	1.5
851.504564629843	-0.00660213327337988	-5.44397532409115	-56.5619771686854	-17.9276588317187	0	0	0	0	0	1.5	1.5	1.5	1.5	1.5	1.5
851.743953037105	-0.00350296550743641	-5.44515285661618	-56.4019368656101	-17.7496310129011	0	0	0	0	0	1.5	1.5	1.5	1.5	1.5	1.5
851.983341444366	-0.00416077160240963	-5.44607016152638	-56.2417243211322	-17.5717581760123	0	0	0	0	0	1.5	1.5	1.5	1.5	1.5	1.5
852.222729851628	-0.00481857769738284	-5.44714493758994	-56.0813346897062	-17.3940450078343	0	0	0	0	0	1.5	1.5	1.5	1.5	1.5	1.5
852.46211825889	-0.00547638379235606	-5.44837718480687	-55.9207401732548	-17.2165169718409	0	0	0	0	0	1.5	1.5	1.5	1.5	1.5	1.5
852.701506666151	-0.00613418988732927	-5.44976690317715	-55.7599130614413	-17.039199628042	0	0	0	0	0	1.5	1.5	1.5	1.5	1.5	1.5
852.940895073413	-0.00679199598230249	-5.4513140927008	-55.5988257438724	-16.8621186459574	0	0	0	0	0	1.5	1.5	1.5	1.5	1.5	1.5
853.180283480675	-0.0074498020772757	-5.45301875337782	-55.4374507223878	-16.6852998175115	0	0	0	0	0	1.5	1.5	1.5	1.5	1.5	1.5
853.419671887936	-0.00570848169681496	-5.45464963966534	-55.2757715762395	-16.5087590279707	0	0	0	0	0	1.5	1.5	1.5	1.5	1.5	1.5
853.659060295198	-0.00338704405033385	-5.45573832137625	-55.1138514749103	-16.3324391917863	0	0	0	0	0	1.5	1.5	1.5	1.5	1.5	1.5
853.89844870246	-0.00106560640385275	-5.45627127782641	-54.9517884572494	-16.1562506948381	0	0	0	0	0	1.5	1.5	1.5	1.5	1.5	1.5
854.137837109722	0.00125583124262946	-5.45624850901582	-54.7896804983501	-15.9801035428151	0	0	0	0	0	1.5	1.5	1.5	1.5	1.5	1.5
854.377225516983	0.00357726888911056	-5.45567001494449	-54.627625504404	-15.8039076664568	0	0	0	0	0	1.5	1.5	1.5	1.5	1.5	1.5
854.616613924245	0.00589870653559167	-5.4545357956124	-54.465721462801	-15.6275730848349	0	0	0	0	0	1.5	1.5	1.5	1.5	1.5	1.5
854.856002331507	0.00858084140588939	-5.45282256674418	-54.3040673314925	-15.4510093926656	0	0	0	0	0	1.5	1.5	1.5	1.5	1.5	1.5
855.095390738768	0.0115710786326444	-5.45041049872354	-54.142776710977	-15.2741136113715	0	0	0	0	0	1.5	1.5	1.5	1.5	1.5	1.5
855.33477914603	0.0145613158593994	-5.44728260257585	-53.9819767333242	-15.096771766466	0	0	0	0	0	1.5	1.5	1.5	1.5	1.5	1.5
855.574167553292	0.0175515530861544	-5.44343887830111	-53.8217959446689	-14.9188705189127	0	0	0	0	0	1.5	1.5	1.5	1.5	1.5	1.5
855.813555960553	0.0205417903129094	-5.43887932589932	-53.6623640843699	-14.7402978666659	0	0	0	0	0	1.5	1.5	1.5	1.5	1.5	1.5
856.052944367815	0.0235320275396643	-5.43360394537048	-53.503812319714	-14.5609434284359	0	0	0	0	0	1.5	1.5	1.5	1.5	1.5	1.5
856.292332775077	0.0262064178359831	-5.42762308096252	-53.3462733043298	-14.3806988806989	0	0	0	0	0	1.5	1.5	1.5	1.5	1.5	1.5
856.531721182338	0.0280423316081774	-5.42112982009983	-53.1898649904379	-14.1994723718429	0	0	0	0	0	1.5	1.5	1.5	1.5	1.5	1.5
856.7711095896	0.0298782453803717	-5.41419706276335	-53.0346768049832	-14.0172000286779	0	0	0	0	0	1.5	1.5	1.5	1.5	1.5	1.5
857.010497996862	0.031714159152566	-5.40682480895307	-52.8807963222404	-13.8338224210086	0	0	0	0	0	1.5	1.5	1.5	1.5	1.5	1.5
857.249886404123	0.0335500729247603	-5.39901305866899	-52.728312506393	-13.6492818997143	0	0	0	0	0	1.5	1.5	1.5	1.5	1.5	1.5
857.489274811385	0.0353859866969546	-5.39076181191112	-52.5773157739058	-13.4635227245452	0	0	0	0	0	1.5	1.5	1.5	1.5	1.5	1.5
857.728663218647	0.0371885354764802	-5.38207110651559	-52.4278980515367	-13.2764911949438	0	0	0	0	0	1.5	1.5	1.5	1.5	1.5	1.5
857.968051625909	0.0355027815410698	-5.3733703772143	-52.2801255594785	-13.088157080703	0	0	0	0	0	1.5	1.5	1.5	1.5	1.5	1.5
858.20744003317	0.0338170276056594	-5.36507319786264	-52.1339589863445	-12.8985738175914	0	0	0	0	0	1.5	1.5	1.5	1.5	1.5	1.5
858.446828440432	0.0321312736702489	-5.35717956846061	-51.9893318997796	-12.7078134501456	0	0	0	0	0	1.5	1.5	1.5	1.5	1.5	1.5
858.686216847694	0.0304455197348385	-5.34968948900822	-51.8461763410746	-12.5159462366484	0	0	0	0	0	1.5	1.5	1.5	1.5	1.5	1.5
858.925605254955	0.0287597657994281	-5.34260295950546	-51.7044229240669	-12.3230407197195	0	0	0	0	0	1.5	1.5	1.5	1.5	1.5	1.5
859.164993662217	0.0270740118640177	-5.33591997995233	-51.5640009307177	-12.129163799961	0	0	0	0	0	1.5	1.5	1.5	1.5	1.5	1.5
859.404382069479	0.0278636431363857	-5.32942008472229	-51.4248490700639	-11.9343732243819	0	0	0	0	0	1.5	1.5	1.5	1.5	1.5	1.5
859.64377047674	0.0295046211985958	-5.32255343600903	-51.2870000584997	-11.7386585484938	0	0	0	0	0	1.5	1.5	1.5	1.5	1.5	1.5
859.883158884002	0.0311455992608059	-5.31529395617111	-51.1505368507435	-11.5419751715254	0	0	0	0	0	1.5	1.5	1.5	1.5	1.5	1.5
860.122547291264	0.032786577323016	-5.30764164520852	-51.015543906037	-11.34427986366	0	0	0	0	0	1.5	1.5	1.5	1.5	1.5	1.5
860.361935698525	0.0344275553852261	-5.29959650312127	-50.882106794021	-11.1455311842651	0	0	0	0	0	1.5	1.5	1.5	1.5	1.5	1.5
860.601324105787	0.0360685334474361	-5.29115852990936	-50.7503122294349	-10.9456895913775	0	0	0	0	0	1.5	1.5	1.5	1.5	1.5	1.5
860.840712513049	0.0345946691482134	-5.2825065542972	-50.6202423444597	-10.7447212529655	0	0	0	0	0	1.5	1.5	1.5	1.5	1.5	1.5
861.080100920311	0.029741711488096	-5.27480586245245	-50.4918337700399	-10.5426871859232	0	0	0	0	0	1.5	1.5	1.5	1.5	1.5	1.5
861.319489327572	0.024888753827981	-5.26826691241246	-50.3648667969476	-10.3397438613844	0	0	0	0	0	1.5	1.5	1.5	1.5	1.5	1.5
861.558877734834	0.0200357961678659	-5.26288970417723	-50.2391111501225	-10.1360475466581	0	0	0	0	0	1.5	1.5	1.5	1.5	1.5	1.5
861.798266142096	0.0151828385077509	-5.25867423774676	-50.1143338843395	-9.9317503158764	0	0	0	0	0	1.5	1.5	1.5	1.5	1.5	1.5
862.037654549357	0.0103298808476358	-5.25562051312106	-49.990299935247	-9.72700084856794	0	0	0	0	0	1.5	1.5	1.5	1.5	1.5	1.5
862.277042956619	0.0059892476472027	-5.25371539698396	-49.8667728431273	-9.52194512502456	0	0	0	0	0	1.5	1.5	1.5	1.5	1.5	1.5
862.516431363881	0.00352844270191375	-5.25257618461722	-49.7435493715787	-9.31670677732744	0	0	0	0	0	1.5	1.5	1.5	1.5	1.5	1.5
862.755819771142	0.00106763775662481	-5.25202606042691	-49.6204992971868	-9.11136441138575	0	0	0	0	0	1.5	1.5	1.5	1.5	1.5	1.5
862.995208178404	-0.00139316718866414	-5.25206502441304	-49.4975017066927	-8.90599060042372	0	0	0	0	0	1.5	1.5	1.5	1.5	1.5	1.5
863.234596585666	-0.00385397213395309	-5.2526930765756	-49.374435631231	-8.70065782493379	0	0	0	0	0	1.5	1.5	1.5	1.5	1.5	1.5
863.473984992928	-0.00631477707924204	-5.25391021691459	-49.2511801745057	-8.49543868640999	0	0	0	0	0	1.5	1.5	1.5	1.5	1.5	1.5
863.713373400189	-0.00877558202453099	-5.25571644543002	-49.1276146413239	-8.29040612086724	0	0	0	0	0	1.5	1.5	1.5	1.5	1.5	1.5
863.952761807451	-0.00396517451242465	-5.25728636159024	-49.0036720863838	-8.08560123645281	0	0	0	0	0	1.5	1.5	1.5	1.5	1.5	1.5
864.192150214713	0.00124096018332439	-5.25761243425489	-48.8795351794477	-7.88091406725004	0	0	0	0	0	1.5	1.5	1.5	1.5	1.5	1.5
864.431538621974	0.00644709487907095	-5.25669221862672	-48.7554590885369	-7.67619003586152	0	0	0	0	0	1.5	1.5	1.5	1.5	1.5	1.5
864.670927029236	0.0116532295748249	-5.25452571470575	-48.6316991279435	-7.47127478716968	0	0	0	0	0	1.5	1.5	1.5	1.5	1.5	1.5
864.910315436498	0.016859364270574	-5.25111292249198	-48.5085113252827	-7.26601514900008	0	0	0	0	0	1.5	1.5	1.5	1.5	1.5	1.5
865.149703843759	0.022065498966323	-5.2464538419854	-48.3861529897824	-7.06026009200765	0	0	0	0	0	1.5	1.5	1.5	1.5	1.5	1.5
865.389092251021	0.0235359503436224	-5.24085374472263	-48.2648689125134	-6.85387009536947	0	0	0	0	0	1.5	1.5	1.5	1.5	1.5	1.5
865.628480658283	0.0232703266434977	-5.23525130467373	-48.1447481581693	-6.64680087019445	0	0	0	0	0	1.5	1.5	1.5	1.5	1.5	1.5
865.867869065544	0.023004702943373	-5.22971245185933	-48.0257827675828	-6.43906570498501	0	0	0	0	0	1.5	1.5	1.5	1.5	1.5	1.5
866.107257472806	0.0227390792432483	-5.22423718627944	-47.9079631815965	-6.23067853761469	0	0	0	0	0	1.5	1.5	1.5	1.5	1.5	1.5
866.346645880068	0.0224734555431236	-5.21882550793406	-47.79127968192	-6.02165310716226	0	0	0	0	0	1.5	1.5	1.5	1.5	1.5	1.5
866.58603428733	0.0222078318429989	-5.21347741682317	-47.6757223948362	-5.81200295490432	0	0	0	0	0	1.5	1.5	1.5	1.5	1.5	1.5
866.825422694591	0.0214887476599539	-5.20821556732835	-47.5612806313818	-5.60174178469299	0	0	0	0	0	1.5	1.5	1.5	1.5	1.5	1.5
867.064811101853	0.020136698833612	-5.20323324265952	-47.4479201725267	-5.390895638547	0	0	0	0	0	1.5	1.5	1.5	1.5	1.5	1.5
867.304199509115	0.0187846500072701	-5.19857458280578	-47.3355773944283	-5.17950546354474	0	0	0	0	0	1.5	1.5	1.5	1.5	1.5	1.5
867.543587916376	0.0174326011809288	-5.19423958776711	-47.2241863206217	-4.9676122157622	0	0	0	0	0	1.5	1.5	1.5	1.5	1.5	1.5
867.782976323638	0.0160805523545868	-5.19022825754352	-47.1136804667456	-4.75525593744782	0	0	0	0	0	1.5	1.5	1.5	1.5	1.5	1.5
868.0223647309	0.0147285035282436	-5.186540592135	-47.0039928832628	-4.54247581946108	0	0	0	0	0	1.5	1.5	1.5	1.5	1.5	1.5
868.261753138161	0.0136694150952524	-5.18317127249816	-46.8950562541923	-4.32931023527895	0	0	0	0	0	1.5	1.5	1.5	1.5	1.5	1.5
868.501141545423	0.0142487003555972	-5.1798296359024	-46.7868277923708	-4.11578422689827	0	0	0	0	0	1.5	1.5	1.5	1.5	1.5	1.5
868.740529952685	0.014827985615942	-5.17634932513081	-46.6793282945742	-3.90189030538834	0	0	0	0	0	1.5	1.5	1.5	1.5	1.5	1.5
868.979918359947	0.0154072708762868	-5.1727303401834	-46.5725887249084	-3.68761615563741	0	0	0	0	0	1.5	1.5	1.5	1.5	1.5	1.5
869.219306767208	0.0159865561366316	-5.16897268106016	-46.4666401960614	-3.47294978348302	0	0	0	0	0	1.5	1.5	1.5	1.5	1.5	1.5
869.45869517447	0.0165658413969764	-5.1650763477611	-46.361513973106	-3.2578795292007	0	0	0	0	0	1.5	1.5	1.5	1.5	1.5	1.5
869.698083581732	0.0171451266573212	-5.16104134028622	-46.2572414770671	-3.04239408109055	0	0	0	0	0	1.5	1.5	1.5	1.5	1.5	1.5
869.937471988993	0.0177445699255916	-5.15686552109468	-46.1538544246091	-2.82648242406147	0	0	0	0	0	1.5	1.5	1.5	1.5	1.5	1.5
870.176860396255	0.0183466089852528	-5.15254561617685	-46.0513854667863	-2.61013355511881	0	0	0	0	0	1.5	1.5	1.5	1.5	1.5	1.5
870.416248803517	0.018948648044914	-5.14808159008741	-45.9498676963114	-2.39333674554299	0	0	0	0	0	1.5	1.5	1.5	1.5	1.5	1.5
870.655637210778	0.0195506871045752	-5.14347344282638	-45.8493343814773	-2.17608168638693	0	0	0	0	0	1.5	1.5	1.5	1.5	1.5	1.5
870.89502561804	0.0201527261642361	-5.13872117439375	-45.7498189684138	-1.95835850378853	0	0	0	0	0	1.5	1.5	1.5	1.5	1.5	1.5
871.134414025302	0.0207547652238973	-5.13382478478951	-45.6513550833147	-1.74015777425618	0	0	0	0	0	1.5	1.5	1.5	1.5	1.5	1.5
871.373802432563	0.0206053118392734	-5.128840091893	-45.5539740074563	-1.52147166003469	0	0	0	0	0	1.5	1.5	1.5	1.5	1.5	1.5
871.613190839825	0.0199963372891964	-5.12398030983447	-45.4576722351648	-1.30230810148437	0	0	0	0	0	1.5	1.5	1.5	1.5	1.5	1.5
871.852579247087	0.0193873627391201	-5.11926630922354	-45.36242066881	-1.08268605679186	0	0	0	0	0	1.5	1.5	1.5	1.5	1.5	1.5
872.091967654349	0.0187783881890437	-5.11469809006022	-45.2681894093788	-0.862624293606741	0	0	0	0	0	1.5	1.5	1.5	1.5	1.5	1.5
872.33135606161	0.0181694136389673	-5.11027565234451	-45.1749483435363	-0.642141142844913	0	0	0	0	0	1.5	1.5	1.5	1.5	1.5	1.5
872.570744468872	0.0175604390888909	-5.1059989960764	-45.0826671536107	-0.421254510901156	0	0	0	0	0	1.5	1.5	1.5	1.5	1.5	1.5
872.810132876134	0.0181475726218286	-5.10181732553588	-44.9913166574947	-0.19998134550511	0	0	0	0	0	1.5	1.5	1.5	1.5	1.5	1.5
873.049521283395	0.0209098161666882	-5.09714238248894	-44.9009363267039	0.0216898094344551	0	0	0	0	0	1.5	1.5	1.5	1.5	1.5	1.5
873.288909690657	0.0236720597115478	-5.09180619035932	-44.8116667381188	0.243810529013761	0	0	0	0	0	1.5	1.5	1.5	1.5	1.5	1.5
873.528298097919	0.0264343032564074	-5.08580874914704	-44.7236573210191	0.466433484309585	0	0	0	0	0	1.5	1.5	1.5	1.5	1.5	1.5
873.76768650518	0.029196546801267	-5.07915005885208	-44.6370584595491	0.689608830056024	0	0	0	0	0	1.5	1.5	1.5	1.5	1.5	1.5
874.007074912442	0.0319587903461266	-5.07183011947444	-44.5520215760749	0.913383900302454	0	0	0	0	0	1.5	1.5	1.5	1.5	1.5	1.5
874.246463319704	0.0345882501169547	-5.06385035736422	-44.4686991955537	1.13780289731385	0	0	0	0	0	1.5	1.5	1.5	1.5	1.5	1.5
874.485851726965	0.035870918590152	-5.05541680327733	-44.3872278484175	1.36290040831508	0	0	0	0	0	1.5	1.5	1.5	1.5	1.5	1.5
874.725240134227	0.0371535870633494	-5.0466761932276	-44.3076924295499	1.58868916318389	0	0	0	0	0	1.5	1.5	1.5	1.5	1.5	1.5
874.964628541489	0.038436255536548	-5.03762852721502	-44.2301683440315	1.81517632564635	0	0	0	0	0	1.5	1.5	1.5	1.5	1.5	1.5
875.204016948751	0.0397189240097454	-5.0282738052396	-44.1547314808351	2.04236715134637	0	0	0	0	0	1.5	1.5	1.5	1.5	1.5	1.5
875.443405356012	0.0410015924829427	-5.01861202730133	-44.0814582000526	2.27026491362045	0	0	0	0	0	1.5	1.5	1.5	1.5	1.5	1.5
875.682793763274	0.0422842609561401	-5.00864319340023	-44.010425317002	2.49887082882434	0	0	0	0	0	1.5	1.5	1.5	1.5	1.5	1.5
875.922182170536	0.0439050892657652	-4.99833388318652	-43.9417121942905	2.72818460693464	0	0	0	0	0	1.5	1.5	1.5	1.5	1.5	1.5
876.161570577797	0.0455973070299096	-4.98762096513886	-43.875413038383	2.95820783048081	0	0	0	0	0	1.5	1.5	1.5	1.5	1.5	1.5
876.400958985059	0.0472895247940541	-4.9765029497759	-43.8116286166042	3.18894093766276	0	0	0	0	0	1.5	1.5	1.5	1.5	1.5	1.5
876.640347392321	0.0489817425581985	-4.96497983709764	-43.7504602784295	3.42038123194181	0	0	0	0	0	1.5	1.5	1.5	1.5	1.5	1.5
876.879735799582	0.0506739603223429	-4.95305162710408	-43.6920098967178	3.65252274680075	0	0	0	0	0	1.5	1.5	1.5	1.5	1.5	1.5
877.119124206844	0.0523661780864873	-4.94071831979522	-43.6363798219993	3.8853561161766	0	0	0	0	0	1.5	1.5	1.5	1.5	1.5	1.5
877.358512614106	0.0530987602522131	-4.92804446477021	-43.5836700032778	4.11886782029511	0	0	0	0	0	1.5	1.5	1.5	1.5	1.5	1.5
877.597901021367	0.0530833539374139	-4.91533508117245	-43.5339312437066	4.35303035773819	0	0	0	0	0	1.5	1.5	1.5	1.5	1.5	1.5
877.837289428629	0.0530679476226148	-4.90262938566784	-43.4871720494667	4.58780603013032	0	0	0	0	0	1.5	1.5	1.5	1.5	1.5	1.5
878.076677835891	0.0530525413078156	-4.8899273782564	-43.4433991032319	4.82315676460668	0	0	0	0	0	1.5	1.5	1.5	1.5	1.5	1.5
878.316066243152	0.0530371349930165	-4.87722905893812	-43.4026185993759	5.05904442853434	0	0	0	0	0	1.5	1.5	1.5	1.5	1.5	1.5
878.555454650414	0.0530217286782173	-4.86453442771299	-43.364836243675	5.29543083578534	0	0	0	0	0	1.5	1.5	1.5	1.5	1.5	1.5
878.794843057676	0.0526788896055881	-4.85185524938921	-43.3300569740548	5.53227771356558	0	0	0	0	0	1.5	1.5	1.5	1.5	1.5	1.5
879.034231464938	0.0515727149578479	-4.83937693660375	-43.2982636535115	5.7695439157583	0	0	0	0	0	1.5	1.5	1.5	1.5	1.5	1.5
879.273619872199	0.0504665403101076	-4.82716342920537	-43.2694019408535	6.00718460819422	0	0	0	0	0	1.5	1.5	1.5	1.5	1.5	1.5
879.513008279461	0.0493603656623673	-4.81521472719406	-43.2434132197191	6.24515669497735	0	0	0	0	0	1.5	1.5	1.5	1.5	1.5	1.5
879.752396686723	0.048254191014627	-4.80353083056983	-43.2202381908277	6.48341931402493	0	0	0	0	0	1.5	1.5	1.5	1.5	1.5	1.5
879.991785093984	0.0471480163668867	-4.79211173933267	-43.1998169309049	6.72193379777462	0	0	0	0	0	1.5	1.5	1.5	1.5	1.5	1.5
880.231173501246	0.0461848738379708	-4.78095684494994	-43.1820889505352	6.96066363266895	0	0	0	0	0	1.5	1.5	1.5	1.5	1.5	1.5
880.470561908508	0.0491026844149782	-4.76955147654893	-43.1670358405718	7.19957698967974	0	0	0	0	0	1.5	1.5	1.5	1.5	1.5	1.5
880.709950315769	0.0520204949919843	-4.7574476181212	-43.154792048401	7.43865061727651	0	0	0	0	0	1.5	1.5	1.5	1.5	1.5	1.5
880.949338723031	0.0549383055689917	-4.74464526966674	-43.145526343977	7.67785800324557	0	0	0	0	0	1.5	1.5	1.5	1.5	1.5	1.5
881.188727130293	0.0578561161459991	-4.73114443118556	-43.1394073131457	7.91716637439907	0	0	0	0	0	1.5	1.5	1.5	1.5	1.5	1.5
881.428115537554	0.0607739267230066	-4.71694510267767	-43.1366032064092	8.15653634668044	0	0	0	0	0	1.5	1.5	1.5	1.5	1.5	1.5
881.667503944816	0.063691737300014	-4.70204728414305	-43.1372817646386	8.39592157835883	0	0	0	0	0	1.5	1.5	1.5	1.5	1.5	1.5
881.906892352078	0.0641650165252593	-4.68667771730981	-43.141596003352	8.63526874691525	0	0	0	0	0	1.5	1.5	1.5	1.5	1.5	1.5
882.14628075934	0.0639283099700522	-4.67134568860453	-43.1495857046847	8.87452144097433	0	0	0	0	0	1.5	1.5	1.5	1.5	1.5	1.5
882.385669166601	0.0636916034148451	-4.65607032470449	-43.1612357789216	9.1136238688052	0	0	0	0	0	1.5	1.5	1.5	1.5	1.5	1.5
882.625057573863	0.063454896859638	-4.64085162560969	-43.1765299611279	9.35252089990177	0	0	0	0	0	1.5	1.5	1.5	1.5	1.5	1.5
882.864445981125	0.0632181903044309	-4.62568959132012	-43.1954511741247	9.59115807092913	0	0	0	0	0	1.5	1.5	1.5	1.5	1.5	1.5
883.103834388386	0.0629814837492239	-4.6105842218358	-43.2179815479724	9.82948159503434	0	0	0	0	0	1.5	1.5	1.5	1.5	1.5	1.5
883.343222795648	0.0648064058288931	-4.59540928478028	-43.2441075581739	10.0674377795755	0	0	0	0	0	1.5	1.5	1.5	1.5	1.5	1.5
883.58261120291	0.0685998680749144	-4.57944132706601	-43.273926324295	10.3049592165227	0	0	0	0	0	1.5	1.5	1.5	1.5	1.5	1.5
883.821999610171	0.0723933303209357	-4.56256525846665	-43.307641432643	10.5419586698089	0	0	0	0	0	1.5	1.5	1.5	1.5	1.5	1.5
884.061388017433	0.0761867925669552	-4.54478107898222	-43.3454584529658	10.778337966815	0	0	0	0	0	1.5	1.5	1.5	1.5	1.5	1.5
884.300776424695	0.0799802548129765	-4.5260887886127	-43.3875800278681	11.0139879484007	0	0	0	0	0	1.5	1.5	1.5	1.5	1.5	1.5
884.540164831956	0.0837737170589978	-4.5064883873581	-43.4342053753049	11.2487879735465	0	0	0	0	0	1.5	1.5	1.5	1.5	1.5	1.5
884.779553239218	0.0854094293603964	-4.48604570049864	-43.4855284355763	11.4826057447588	0	0	0	0	0	1.5	1.5	1.5	1.5	1.5	1.5
885.01894164648	0.0807368064757449	-4.46615895911397	-43.5415886146477	11.7153334335408	0	0	0	0	0	1.5	1.5	1.5	1.5	1.5	1.5
885.258330053742	0.076064183591089	-4.44739078947937	-43.6021361864729	11.9469346399965	0	0	0	0	0	1.5	1.5	1.5	1.5	1.5	1.5
885.497718461003	0.0713915607064375	-4.42974119159489	-43.6668907971963	12.1773954006658	0	0	0	0	0	1.5	1.5	1.5	1.5	1.5	1.5
885.737106868265	0.066718937821786	-4.41321016546049	-43.7355745154068	12.4067162485057	0	0	0	0	0	1.5	1.5	1.5	1.5	1.5	1.5
885.976495275527	0.0620463149371345	-4.39779771107619	-43.8079120782975	12.6349112353689	0	0	0	0	0	1.5	1.5	1.5	1.5	1.5	1.5
886.215883682788	0.057373692052483	-4.38350382844198	-43.8836310606916	12.8620069628124	0	0	0	0	0	1.5	1.5	1.5	1.5	1.5	1.5
886.45527209005	0.0576603149936341	-4.36973925147157	-43.9625059933979	13.0880260985844	0	0	0	0	0	1.5	1.5	1.5	1.5	1.5	1.5
886.694660497312	0.0579833529411156	-4.35589737473317	-44.044493095728	13.3129349903631	0	0	0	0	0	1.5	1.5	1.5	1.5	1.5	1.5
886.934048904574	0.058306390888597	-4.34197816645504	-44.1295940495533	13.5366842070223	0	0	0	0	0	1.5	1.5	1.5	1.5	1.5	1.5
887.173437311835	0.0586294288360785	-4.32798162663718	-44.2178096677769	13.7592238185294	0	0	0	0	0	1.5	1.5	1.5	1.5	1.5	1.5
887.412825719097	0.0589524667835598	-4.31390775527959	-44.3091398758732	13.9805034079881	0	0	0	0	0	1.5	1.5	1.5	1.5	1.5	1.5
887.652214126358	0.0592755047310413	-4.29975655238226	-44.4035836934641	14.2004720842069	0	0	0	0	0	1.5	1.5	1.5	1.5	1.5	1.5
887.89160253362	0.0572506744870321	-4.28573341439046	-44.5011282986358	14.4190834251968	0	0	0	0	0	1.5	1.5	1.5	1.5	1.5	1.5
888.130990940882	0.0543613272026633	-4.27237410473257	-44.6016592850903	14.6363378335749	0	0	0	0	0	1.5	1.5	1.5	1.5	1.5	1.5
888.370379348144	0.0514719799182946	-4.2597064713191	-44.7050089909609	14.8522657879104	0	0	0	0	0	1.5	1.5	1.5	1.5	1.5	1.5
888.609767755405	0.0485826326339258	-4.24773051415007	-44.8110114793198	15.0669040813936	0	0	0	0	0	1.5	1.5	1.5	1.5	1.5	1.5
888.849156162667	0.0456932853495543	-4.23644623322546	-44.9195030841852	15.2802952083712	0	0	0	0	0	1.5	1.5	1.5	1.5	1.5	1.5
889.088544569929	0.0428039380651855	-4.2258536285453	-45.0303223885879	15.4924869976388	0	0	0	0	0	1.5	1.5	1.5	1.5	1.5	1.5
889.32793297719	0.0419175597251675	-4.21584062274741	-45.143313862027	15.7035302649807	0	0	0	0	0	1.5	1.5	1.5	1.5	1.5	1.5
889.567321384452	0.0433127469987442	-4.20563904905888	-45.2584227381542	15.9134260942806	0	0	0	0	0	1.5	1.5	1.5	1.5	1.5	1.5
889.806709791714	0.0447079342723209	-4.19510348371109	-45.3757016734757	16.1221170877976	0	0	0	0	0	1.5	1.5	1.5	1.5	1.5	1.5
890.046098198976	0.0461031215458976	-4.18423392670405	-45.4952073419008	16.3295409063881	0	0	0	0	0	1.5	1.5	1.5	1.5	1.5	1.5
890.285486606237	0.0474983088194743	-4.17303037803776	-45.6169948922249	16.5356331252711	0	0	0	0	0	1.5	1.5	1.5	1.5	1.5	1.5
890.524875013499	0.048893496093051	-4.16149283771222	-45.7411178606888	16.7403271958399	0	0	0	0	0	1.5	1.5	1.5	1.5	1.5	1.5
890.76426342076	0.0505079768697128	-4.14961597620924	-45.8676281533576	16.9435543645863	0	0	0	0	0	1.5	1.5	1.5	1.5	1.5	1.5
891.003651828022	0.0529831963387046	-4.13722868264924	-45.9965906954459	17.1452341589586	0	0	0	0	0	1.5	1.5	1.5	1.5	1.5	1.5
891.243040235284	0.0554584158076963	-4.12424885024293	-46.1281007318151	17.3452619452117	0	0	0	0	0	1.5	1.5	1.5	1.5	1.5	1.5
891.482428642546	0.0579336352766881	-4.11067647899032	-46.2622546020139	17.5435260844696	0	0	0	0	0	1.5	1.5	1.5	1.5	1.5	1.5
891.721817049807	0.0604088547456798	-4.0965115688914	-46.3991450431118	17.7399105503868	0	0	0	0	0	1.5	1.5	1.5	1.5	1.5	1.5
891.961205457069	0.0628840742146716	-4.08175411994618	-46.5388609230673	17.9342948150922	0	0	0	0	0	1.5	1.5	1.5	1.5	1.5	1.5
892.200593864331	0.0653592936836657	-4.06640413215464	-46.6814869619407	18.126553748092	0	0	0	0	0	1.5	1.5	1.5	1.5	1.5	1.5
892.439982271592	0.0596230230063917	-4.05138825154411	-46.8270482763948	18.3166001526447	0	0	0	0	0	1.5	1.5	1.5	1.5	1.5	1.5
892.679370678854	0.0533885423301259	-4.03786142223008	-46.9753074668134	18.5045500076746	0	0	0	0	0	1.5	1.5	1.5	1.5	1.5	1.5
892.918759086116	0.0471540616538601	-4.02582705531525	-47.1259568344136	18.6905900188892	0	0	0	0	0	1.5	1.5	1.5	1.5	1.5	1.5
893.158147493378	0.0409195809775943	-4.01528515079961	-47.2786968188132	18.874917921835	0	0	0	0	0	1.5	1.5	1.5	1.5	1.5	1.5
893.397535900639	0.0346851003013284	-4.00623570868316	-47.4332352504805	19.0577410369222	0	0	0	0	0	1.5	1.5	1.5	1.5	1.5	1.5
893.636924307901	0.0284506196250626	-3.99867872896591	-47.5892865175678	19.239274886857	0	0	0	0	0	1.5	1.5	1.5	1.5	1.5	1.5
893.876312715162	0.0256327540311401	-3.99233687674714	-47.7465819641426	19.4197319777729	0	0	0	0	0	1.5	1.5	1.5	1.5	1.5	1.5
894.115701122424	0.0244363027942658	-3.98634390086388	-47.9049829891149	19.5992194516939	0	0	0	0	0	1.5	1.5	1.5	1.5	1.5	1.5
894.355089529686	0.0232398515573915	-3.98063734153657	-48.0644312801554	19.7777772756438	0	0	0	0	0	1.5	1.5	1.5	1.5	1.5	1.5
894.594477936948	0.0220434003205173	-3.97521719876523	-48.224870499707	19.955445297691	0	0	0	0	0	1.5	1.5	1.5	1.5	1.5	1.5
894.833866344209	0.020846949083643	-3.97008347254985	-48.3862450439533	20.1322642450168	0	0	0	0	0	1.5	1.5	1.5	1.5	1.5	1.5
895.073254751471	0.0196504978467687	-3.96523616289044	-48.5485000124576	20.3082756722362	0	0	0	0	0	1.5	1.5	1.5	1.5	1.5	1.5
895.312643158733	0.019645159820943	-3.96061644861059	-48.7115825918364	20.4835205888751	0	0	0	0	0	1.5	1.5	1.5	1.5	1.5	1.5
895.552031565994	0.02133570002816	-3.95571127722684	-48.8754915643945	20.6579927738495	0	0	0	0	0	1.5	1.5	1.5	1.5	1.5	1.5
895.791419973256	0.0230262402353787	-3.95040141011547	-49.0402894868128	20.8316254886226	0	0	0	0	0	1.5	1.5	1.5	1.5	1.5	1.5
896.030808380518	0.0247167804425958	-3.94468684727649	-49.2060419707752	21.0043471364456	0	0	0	0	0	1.5	1.5	1.5	1.5	1.5	1.5
896.27019678778	0.0264073206498128	-3.93856758870989	-49.372813492587	21.1760849896066	0	0	0	0	0	1.5	1.5	1.5	1.5	1.5	1.5
896.509585195041	0.0280978608570299	-3.93204363441568	-49.5406672981892	21.3467651179339	0	0	0	0	0	1.5	1.5	1.5	1.5	1.5	1.5
896.748973602303	0.0295022147338026	-3.92512002993165	-49.7096652639455	21.5163123618627	0	0	0	0	0	1.5	1.5	1.5	1.5	1.5	1.5
896.988362009565	0.0292497968768303	-3.9180877546902	-49.8798483284824	21.6846700106661	0	0	0	0	0	1.5	1.5	1.5	1.5	1.5	1.5
897.227750416826	0.0289973790198581	-3.91111590535751	-50.0512060682464	21.8518319155063	0	0	0	0	0	1.5	1.5	1.5	1.5	1.5	1.5
897.467138824088	0.0287449611628858	-3.90420448193355	-50.2237200533488	22.0178003051389	0	0	0	0	0	1.5	1.5	1.5	1.5	1.5	1.5
897.70652723135	0.0284925433059135	-3.89735348441834	-50.3973720145319	22.1825776754351	0	0	0	0	0	1.5	1.5	1.5	1.5	1.5	1.5
897.945915638611	0.0282401254489412	-3.89056291281188	-50.5721438445482	22.3461667849559	0	0	0	0	0	1.5	1.5	1.5	1.5	1.5	1.5
898.185304045873	0.0279877075919689	-3.88383276711416	-50.7480175994445	22.5085706505544	0	0	0	0	0	1.5	1.5	1.5	1.5	1.5	1.5
898.424692453135	0.0262489345864318	-3.8773200583866	-50.9249680678333	22.6698007301288	0	0	0	0	0	1.5	1.5	1.5	1.5	1.5	1.5
898.664080860396	0.0243123384823764	-3.87126816707207	-51.10292818179	22.8299157901572	0	0	0	0	0	1.5	1.5	1.5	1.5	1.5	1.5
898.903469267658	0.022375742378321	-3.8656798744144	-51.2818172010311	22.9889924357499	0	0	0	0	0	1.5	1.5	1.5	1.5	1.5	1.5
899.14285767492	0.0204391462742637	-3.86055518041358	-51.4615557800453	23.147108618698	0	0	0	0	0	1.5	1.5	1.5	1.5	1.5	1.5
899.382246082182	0.0185025501702083	-3.85589408506962	-51.6420658844186	23.3043435002616	0	0	0	0	0	1.5	1.5	1.5	1.5	1.5	1.5
899.621634489443	0.0165659540661529	-3.85169658838252	-51.8232706866756	23.460777336156	0	0	0	0	0	1.5	1.5	1.5	1.5	1.5	1.5
899.861022896705	0.017146727064543	-3.84777683365323	-52.0051004006085	23.61648440825	0	0	0	0	0	1.5	1.5	1.5	1.5	1.5	1.5
900.100411303967	0.0192913386382516	-3.84341540839709	-52.1875691062186	23.7714421126159	0	0	0	0	0	1.5	1.5	1.5	1.5	1.5	1.5
900.339799711228	0.0214359502119602	-3.83854058799212	-52.3707514410473	23.9255554742401	0	0	0	0	0	1.5	1.5	1.5	1.5	1.5	1.5
900.57918811849	0.0235805617856678	-3.83315237243833	-52.5547221556845	24.0787267738295	0	0	0	0	0	1.5	1.5	1.5	1.5	1.5	1.5
900.818576525752	0.0257251733593765	-3.82725076173571	-52.7395545286612	24.2308571030936	0	0	0	0	0	1.5	1.5	1.5	1.5	1.5	1.5
901.057964933013	0.0278697849330851	-3.82083575588426	-52.9253202073869	24.3818462602956	0	0	0	0	0	1.5	1.5	1.5	1.5	1.5	1.5
901.297353340275	0.0290881038515643	-3.81394632603187	-53.1120883645468	24.5315935048214	0	0	0	0	0	1.5	1.5	1.5	1.5	1.5	1.5
901.536741747537	0.0285974378739382	-3.80704170105403	-53.2998904718294	24.6800419819476	0	0	0	0	0	1.5	1.5	1.5	1.5	1.5	1.5
901.776130154798	0.0281067718963121	-3.80025453582306	-53.4887044457533	24.8272013268502	0	0	0	0	0	1.5	1.5	1.5	1.5	1.5	1.5
902.01551856206	0.027616105918686	-3.79358483033898	-53.6785043028837	24.9730869372537	0	0	0	0	0	1.5	1.5	1.5	1.5	1.5	1.5
902.254906969322	0.02712543994106	-3.78703258460177	-53.8692644639592	25.1177146159761	0	0	0	0	0	1.5	1.5	1.5	1.5	1.5	1.5
902.494295376583	0.0266347739634339	-3.78059779861145	-54.0609597509868	25.2611005592288	0	0	0	0	0	1.5	1.5	1.5	1.5	1.5	1.5
902.733683783845	0.0258950367969177	-3.7742830563949	-54.2535653735055	25.403261359537	0	0	0	0	0	1.5	1.5	1.5	1.5	1.5	1.5
902.973072191107	0.0225307922400362	-3.76848676535316	-54.4470362776982	25.5442424159453	0	0	0	0	0	1.5	1.5	1.5	1.5	1.5	1.5
903.212460598369	0.0191665476831546	-3.76349583545753	-54.6412648312847	25.6841779707376	0	0	0	0	0	1.5	1.5	1.5	1.5	1.5	1.5
903.45184900563	0.015802303126273	-3.75931026670801	-54.8361334573889	25.8232209294837	0	0	0	0	0	1.5	1.5	1.5	1.5	1.5	1.5
903.691237412892	0.0124380585693915	-3.7559300591046	-55.0315267215023	25.9615257640127	0	0	0	0	0	1.5	1.5	1.5	1.5	1.5	1.5
903.930625820154	0.00907381401251148	-3.7533552126473	-55.2273309643724	26.0992482251164	0	0	0	0	0	1.5	1.5	1.5	1.5	1.5	1.5
904.170014227415	0.00570956945562991	-3.75158572733611	-55.4234339296946	26.2365450623663	0	0	0	0	0	1.5	1.5	1.5	1.5	1.5	1.5
904.409402634677	0.00723273177219062	-3.75014144672709	-55.6197423783225	26.3735479555962	0	0	0	0	0	1.5	1.5	1.5	1.5	1.5	1.5
904.648791041939	0.00982301530608003	-3.74809997266323	-55.8162879132459	26.5102104680114	0	0	0	0	0	1.5	1.5	1.5	1.5	1.5	1.5
904.8881794492	0.0124132988399694	-3.74543841474983	-56.0131542446227	26.6464104064891	0	0	0	0	0	1.5	1.5	1.5	1.5	1.5	1.5
905.127567856462	0.0150035823738588	-3.7421567729869	-56.2104244076229	26.782024715696	0	0	0	0	0	1.5	1.5	1.5	1.5	1.5	1.5
905.366956263724	0.0175938659077483	-3.73825504737444	-56.4081803441649	26.9169295946385	0	0	0	0	0	1.5	1.5	1.5	1.5	1.5	1.5
905.606344670985	0.0201841494416377	-3.73373323791244	-56.6065026698615	27.0510003482955	0	0	0	0	0	1.5	1.5	1.5	1.5	1.5	1.5
905.845733078247	0.0225669024353646	-3.72860512880193	-56.805470099784	27.1841117513254	0	0	0	0	0	1.5	1.5	1.5	1.5	1.5	1.5
906.085121485509	0.0247831997887339	-3.72293759602437	-57.0051535026444	27.3161465752757	0	0	0	0	0	1.5	1.5	1.5	1.5	1.5	1.5
906.324509892771	0.0269994971421011	-3.71673950735337	-57.205616671703	27.4469943643302	0	0	0	0	0	1.5	1.5	1.5	1.5	1.5	1.5
906.563898300032	0.0292157944954683	-3.71001086278894	-57.4069213074079	27.5765437253504	0	0	0	0	0	1.5	1.5	1.5	1.5	1.5	1.5
906.803286707294	0.0314320918488355	-3.70275166233106	-57.6091270080081	27.7046819807657	0	0	0	0	0	1.5	1.5	1.5	1.5	1.5	1.5
907.042675114556	0.0336483892022027	-3.69496190597975	-57.8122910812648	27.8312950885559	0	0	0	0	0	1.5	1.5	1.5	1.5	1.5	1.5
907.282063521817	0.0342328733430722	-3.6866983716256	-58.016467669184	27.9562686941865	0	0	0	0	0	1.5	1.5	1.5	1.5	1.5	1.5
907.521451929079	0.0308356573922634	-3.67891004565781	-58.2216517565045	28.0795813460646	0	0	0	0	0	1.5	1.5	1.5	1.5	1.5	1.5
907.760840336341	0.0274384414414545	-3.6719349738056	-58.4277406053625	28.201376105871	0	0	0	0	0	1.5	1.5	1.5	1.5	1.5	1.5
908.000228743602	0.0240412254906457	-3.66577315606898	-58.6346250969366	28.3218146184251	0	0	0	0	0	1.5	1.5	1.5	1.5	1.5	1.5
908.239617150864	0.0206440095398368	-3.66042459244795	-58.842199386022	28.4410605297771	0	0	0	0	0	1.5	1.5	1.5	1.5	1.5	1.5
908.479005558126	0.0172467935890279	-3.65588928294251	-59.0503605133935	28.5592792097788	0	0	0	0	0	1.5	1.5	1.5	1.5	1.5	1.5
908.718393965387	0.0139797026776404	-3.65216683870139	-59.2590080113692	28.676637485615	0	0	0	0	0	1.5	1.5	1.5	1.5	1.5	1.5
908.957782372649	0.0157945700732791	-3.64860303083578	-59.4680695827152	28.7932565588812	0	0	0	0	0	1.5	1.5	1.5	1.5	1.5	1.5
909.197170779911	0.0176094374689178	-3.64460476475494	-59.6775705709636	28.9090843150382	0	0	0	0	0	1.5	1.5	1.5	1.5	1.5	1.5
909.436559187173	0.0194243048645566	-3.64017204045886	-59.8875579356105	29.0240278767094	0	0	0	0	0	1.5	1.5	1.5	1.5	1.5	1.5
909.675947594434	0.021239172260197	-3.63530485794755	-60.0980774749195	29.1379937485962	0	0	0	0	0	1.5	1.5	1.5	1.5	1.5	1.5
909.915336001696	0.0230540396558358	-3.63000321722101	-60.3091737011862	29.2508877632454	0	0	0	0	0	1.5	1.5	1.5	1.5	1.5	1.5
910.154724408958	0.0248689070514745	-3.62426711827923	-60.5208897145903	29.3626150296355	0	0	0	0	0	1.5	1.5	1.5	1.5	1.5	1.5
910.394112816219	0.0253556494929579	-3.61821729132144	-60.7332637116178	29.4730863821487	0	0	0	0	0	1.5	1.5	1.5	1.5	1.5	1.5
910.633501223481	0.0254217372993471	-3.61213953244688	-60.9463042283851	29.5822668352599	0	0	0	0	0	1.5	1.5	1.5	1.5	1.5	1.5
910.872889630743	0.0254878251057362	-3.60604595291761	-61.1600052304526	29.6901487796336	0	0	0	0	0	1.5	1.5	1.5	1.5	1.5	1.5
911.112278038004	0.0255539129121254	-3.59993655273362	-61.3743604894638	29.7967248286258	0	0	0	0	0	1.5	1.5	1.5	1.5	1.5	1.5
911.351666445266	0.0256200007185146	-3.59381133189493	-61.5893636907256	29.9019876131574	0	0	0	0	0	1.5	1.5	1.5	1.5	1.5	1.5
911.591054852528	0.0256860885249038	-3.58767029040153	-61.8050084329688	30.0059297825415	0	0	0	0	0	1.5	1.5	1.5	1.5	1.5	1.5
911.830443259789	0.0244126387798491	-3.58159271024504	-62.0212868936654	30.1085468346757	0	0	0	0	0	1.5	1.5	1.5	1.5	1.5	1.5
912.069831667051	0.0217697306493506	-3.57606494831442	-62.2381600068605	30.209901244297	0	0	0	0	0	1.5	1.5	1.5	1.5	1.5	1.5
912.309220074313	0.0191268225188522	-3.57116986795171	-62.4555584328989	30.3101240931104	0	0	0	0	0	1.5	1.5	1.5	1.5	1.5	1.5
912.548608481575	0.0164839143883537	-3.56690746915689	-62.6734135253904	30.4093505080022	0	0	0	0	0	1.5	1.5	1.5	1.5	1.5	1.5
912.787996888836	0.0138410062578553	-3.56327775192998	-62.8916585193112	30.5077165042134	0	0	0	0	0	1.5	1.5	1.5	1.5	1.5	1.5
913.027385296098	0.0111980981273543	-3.56028071627096	-63.1102282763963	30.6053588510311	0	0	0	0	0	1.5	1.5	1.5	1.5	1.5	1.5
913.26677370336	0.00916929549588268	-3.55789955335776	-63.3290591521697	30.7024146621008	0	0	0	0	0	1.5	1.5	1.5	1.5	1.5	1.5
913.506162110622	0.00921186668226999	-3.55569943478903	-63.5481072956831	30.7989791340268	0	0	0	0	0	1.5	1.5	1.5	1.5	1.5	1.5
913.745550517883	0.00925443786865728	-3.5534891251718	-63.7673678513357	30.8950603233163	0	0	0	0	0	1.5	1.5	1.5	1.5	1.5	1.5
913.984938925145	0.00929700905504459	-3.55126862450607	-63.9868407270947	30.9906555260769	0	0	0	0	0	1.5	1.5	1.5	1.5	1.5	1.5
914.224327332406	0.0093395802414319	-3.54903793279184	-64.2065258150269	31.0857620343101	0	0	0	0	0	1.5	1.5	1.5	1.5	1.5	1.5
914.463715739668	0.00938215142781921	-3.54679705002909	-64.4264229912073	31.1803771359504	0	0	0	0	0	1.5	1.5	1.5	1.5	1.5	1.5
914.70310414693	0.00942472261420652	-3.54454597621785	-64.6465321156267	31.2744981149043	0	0	0	0	0	1.5	1.5	1.5	1.5	1.5	1.5
914.942492554192	0.00747922947496186	-3.54251381316815	-64.8668461568161	31.3681384536461	0	0	0	0	0	1.5	1.5	1.5	1.5	1.5	1.5
915.181880961453	0.00545687004410318	-3.54096543703813	-65.0873275178029	31.4613841909254	0	0	0	0	0	1.5	1.5	1.5	1.5	1.5	1.5
915.421269368715	0.00343451061324451	-3.53990119031117	-65.3079305102333	31.5543418363047	0	0	0	0	0	1.5	1.5	1.5	1.5	1.5	1.5
915.660657775977	0.00141215118238583	-3.53932107298727	-65.5286098635183	31.647118077548	0	0	0	0	0	1.5	1.5	1.5	1.5	1.5	1.5
915.900046183238	-0.000610208248472849	-3.53922508506644	-65.7493205704548	31.7398197135217	0	0	0	0	0	1.5	1.5	1.5	1.5	1.5	1.5
916.1394345905	-0.00263256767933153	-3.53961322654867	-65.9700177321794	31.8325535886692	0	0	0	0	0	1.5	1.5	1.5	1.5	1.5	1.5
916.378822997762	-0.00497417377738867	-3.54051212561979	-66.1906558281491	31.9254278922951	0	0	0	0	0	1.5	1.5	1.5	1.5	1.5	1.5
916.618211405024	-0.00745465851717632	-3.54199978480335	-66.41118311638	32.0185649637539	0	0	0	0	0	1.5	1.5	1.5	1.5	1.5	1.5
916.857599812285	-0.00993514325696163	-3.544081243278	-66.6315438255056	32.1120954223589	0	0	0	0	0	1.5	1.5	1.5	1.5	1.5	1.5
917.096988219547	-0.0124156279967458	-3.54675650104375	-66.8516814367631	32.2061497015506	0	0	0	0	0	1.5	1.5	1.5	1.5	1.5	1.5
917.336376626808	-0.0148961127365311	-3.55002555810059	-67.0715384996585	32.3008578340579	0	0	0	0	0	1.5	1.5	1.5	1.5	1.5	1.5
917.57576503407	-0.0173765974763164	-3.55388841444852	-67.2910564015801	32.3963493466641	0	0	0	0	0	1.5	1.5	1.5	1.5	1.5	1.5
917.815153441332	-0.0183881155161613	-3.55826922614569	-67.510176194417	32.4927507638254	0	0	0	0	0	1.5	1.5	1.5	1.5	1.5	1.5
918.054541848594	-0.0174631375810922	-3.56256041333433	-67.7288719576358	32.5901103280137	0	0	0	0	0	1.5	1.5	1.5	1.5	1.5	1.5
918.293930255855	-0.016538159646023	-3.56663017152835	-67.9471588188801	32.6883832980418	0	0	0	0	0	1.5	1.5	1.5	1.5	1.5	1.5
918.533318663117	-0.0156131817109539	-3.57047850072773	-68.1650549193616	32.787519710111	0	0	0	0	0	1.5	1.5	1.5	1.5	1.5	1.5
918.772707070379	-0.0146882037758848	-3.57410540093249	-68.3825789800201	32.8874698463906	0	0	0	0	0	1.5	1.5	1.5	1.5	1.5	1.5
919.01209547764	-0.0137632258408157	-3.57751087214262	-68.599750267568	32.9881842247525	0	0	0	0	0	1.5	1.5	1.5	1.5	1.5	1.5
919.251483884902	-0.0145164186608821	-3.58072814760022	-68.8165883743049	33.0896139850458	0	0	0	0	0	1.5	1.5	1.5	1.5	1.5	1.5
919.490872292164	-0.0237345873920497	-3.58530657130781	-69.033048558058	33.1918475308518	0	0	0	0	0	1.5	1.5	1.5	1.5	1.5	1.5
919.730260699425	-0.0329527561232173	-3.59209171774582	-69.2489241564052	33.2953091919813	0	0	0	0	0	1.5	1.5	1.5	1.5	1.5	1.5
919.969649106687	-0.0421709248543937	-3.60108358691426	-69.4639765763634	33.4004704000982	0	0	0	0	0	1.5	1.5	1.5	1.5	1.5	1.5
920.209037513949	-0.0513890935855613	-3.61228217881311	-69.6779560321879	33.5077970171823	0	0	0	0	0	1.5	1.5	1.5	1.5	1.5	1.5
920.448425921211	-0.0606072623167246	-3.62568749344239	-69.8905985218403	33.6177475631655	0	0	0	0	0	1.5	1.5	1.5	1.5	1.5	1.5
920.687814328472	-0.0698254310478922	-3.64129953080209	-70.1016228871992	33.730771288116	0	0	0	0	0	1.5	1.5	1.5	1.5	1.5	1.5
920.927202735734	-0.0780538592864305	-3.65901149864936	-70.3107317535959	33.8472993658611	0	0	0	0	0	1.5	1.5	1.5	1.5	1.5	1.5
921.166591142996	-0.0861740943842212	-3.6786686327779	-70.5176262736014	33.9677137402223	0	0	0	0	0	1.5	1.5	1.5	1.5	1.5	1.5
921.405979550257	-0.0942943294820119	-3.70026965705308	-70.7219922278663	34.0923698179021	0	0	0	0	0	1.5	1.5	1.5	1.5	1.5	1.5
921.645367957519	-0.102414564579803	-3.72381457147491	-70.9234917624875	34.2216064204148	0	0	0	0	0	1.5	1.5	1.5	1.5	1.5	1.5
921.884756364781	-0.110534799677593	-3.74930337604339	-71.12176179621	34.3557432924478	0	0	0	0	0	1.5	1.5	1.5	1.5	1.5	1.5
922.124144772042	-0.118655034775384	-3.77673607075853	-71.3164126401579	34.495078372039	0	0	0	0	0	1.5	1.5	1.5	1.5	1.5	1.5
922.363533179304	-0.119264847890845	-3.80552784897163	-71.5070454568373	34.6398608308582	0	0	0	0	0	1.5	1.5	1.5	1.5	1.5	1.5
922.602921586566	-0.115840201045998	-3.83366856057372	-71.6934707866644	34.7900228240731	0	0	0	0	0	1.5	1.5	1.5	1.5	1.5	1.5
922.842309993827	-0.112415554201151	-3.86098945142218	-71.8756612072627	34.9452964392713	0	0	0	0	0	1.5	1.5	1.5	1.5	1.5	1.5
923.081698401089	-0.108990907356304	-3.88749052151703	-72.05360792689	35.1054164586852	0	0	0	0	0	1.5	1.5	1.5	1.5	1.5	1.5
923.321086808351	-0.105566260511458	-3.91317177085825	-72.2273171480898	35.2701245835716	0	0	0	0	0	1.5	1.5	1.5	1.5	1.5	1.5
923.560475215613	-0.102141613666609	-3.93803319944586	-72.3968092441792	35.4391698058299	0	0	0	0	0	1.5	1.5	1.5	1.5	1.5	1.5
923.799863622874	-0.101629168344103	-3.96221320629567	-72.5621147503205	35.6123117091231	0	0	0	0	0	1.5	1.5	1.5	1.5	1.5	1.5
924.039252030136	-0.105539231828037	-3.98701006297175	-72.7231478294974	35.7894337588854	0	0	0	0	0	1.5	1.5	1.5	1.5	1.5	1.5
924.278640437398	-0.109449295311971	-4.01274294351754	-72.8796547189262	35.9705669717481	0	0	0	0	0	1.5	1.5	1.5	1.5	1.5	1.5
924.518028844659	-0.113359358795905	-4.03941184793305	-73.0313622725744	36.1557377879669	0	0	0	0	0	1.5	1.5	1.5	1.5	1.5	1.5
924.757417251921	-0.117269422279838	-4.06701677621826	-73.1779893114075	36.344956396728	0	0	0	0	0	1.5	1.5	1.5	1.5	1.5	1.5
924.996805659183	-0.121179485763772	-4.09555772837318	-73.3192470420682	36.5382157379915	0	0	0	0	0	1.5	1.5	1.5	1.5	1.5	1.5
925.236194066444	-0.125604920944936	-4.12504352257066	-73.4548394837919	36.7354905443255	0	0	0	0	0	1.5	1.5	1.5	1.5	1.5	1.5
925.475582473706	-0.133120236556642	-4.15601142425708	-73.584421087306	36.9367635868061	0	0	0	0	0	1.5	1.5	1.5	1.5	1.5	1.5
925.714970880968	-0.140635552168347	-4.18877840537785	-73.7075233397159	37.1420621925032	0	0	0	0	0	1.5	1.5	1.5	1.5	1.5	1.5
925.954359288229	-0.148150867780052	-4.22334446593297	-73.8236448642742	37.3513870479965	0	0	0	0	0	1.5	1.5	1.5	1.5	1.5	1.5
926.193747695491	-0.155666183391758	-4.25970960592245	-73.9322705141715	37.5646965939955	0	0	0	0	0	1.5	1.5	1.5	1.5	1.5	1.5
926.433136102753	-0.163181499003463	-4.29787382534629	-74.0328731166342	37.7819037999961	0	0	0	0	0	1.5	1.5	1.5	1.5	1.5	1.5
926.672524510014	-0.170696814615168	-4.33783712420448	-74.1249156590485	38.0028729226644	0	0	0	0	0	1.5	1.5	1.5	1.5	1.5	1.5
926.911912917276	-0.173778158364124	-4.37911822819163	-74.2078867479541	38.2274045875459	0	0	0	0	0	1.5	1.5	1.5	1.5	1.5	1.5
927.151301324538	-0.176403953047909	-4.42103299714286	-74.2814479974118	38.4551921258879	0	0	0	0	0	1.5	1.5	1.5	1.5	1.5	1.5
927.3906897318	-0.179029747731695	-4.46357635090124	-74.3453271294705	38.6858815773865	0	0	0	0	0	1.5	1.5	1.5	1.5	1.5	1.5
927.630078139061	-0.181655542415481	-4.50674828946677	-74.3992637030234	38.9190955463202	0	0	0	0	0	1.5	1.5	1.5	1.5	1.5	1.5
927.869466546323	-0.184281337099266	-4.55054881283944	-74.4430107860899	39.1544332631238	0	0	0	0	0	1.5	1.5	1.5	1.5	1.5	1.5
928.108854953585	-0.186907131783052	-4.59497792101926	-74.4763367176301	39.3914707405328	0	0	0	0	0	1.5	1.5	1.5	1.5	1.5	1.5
928.348243360846	-0.194309598913071	-4.64042111503298	-74.4990062436573	39.6297627006943	0	0	0	0	0	1.5	1.5	1.5	1.5	1.5	1.5
928.587631768108	-0.204019719023321	-4.68809882552619	-74.5105685470976	39.8688490186103	0	0	0	0	0	1.5	1.5	1.5	1.5	1.5	1.5
928.82702017537	-0.213729839133571	-4.73810102620691	-74.5104447411617	40.1082124552476	0	0	0	0	0	1.5	1.5	1.5	1.5	1.5	1.5
929.066408582631	-0.223439959243821	-4.79042771707515	-74.4980796650279	40.3472539564328	0	0	0	0	0	1.5	1.5	1.5	1.5	1.5	1.5
929.305796989893	-0.233150079354071	-4.8450788981309	-74.4729525544274	40.5852900364722	0	0	0	0	0	1.5	1.5	1.5	1.5	1.5	1.5
929.545185397155	-0.242860199464321	-4.90205456937417	-74.4345862734052	40.8215511985	0	0	0	0	0	1.5	1.5	1.5	1.5	1.5	1.5
929.784573804416	-0.247722776812135	-4.96108650319807	-74.3825670107325	41.0551836494503	0	0	0	0	0	1.5	1.5	1.5	1.5	1.5	1.5
930.023962211678	-0.246946822335992	-5.02029558692849	-74.3168074470896	41.2853265387452	0	0	0	0	0	1.5	1.5	1.5	1.5	1.5	1.5
930.26335061894	-0.246170867859849	-5.07931891615276	-74.2375654317395	41.5111824166061	0	0	0	0	0	1.5	1.5	1.5	1.5	1.5	1.5
930.502739026202	-0.245394913383706	-5.13815649087091	-74.1451588014398	41.7319793680478	0	0	0	0	0	1.5	1.5	1.5	1.5	1.5	1.5
930.742127433463	-0.244618958907563	-5.19680831108288	-74.0399482832145	41.9469703681918	0	0	0	0	0	1.5	1.5	1.5	1.5	1.5	1.5
930.981515840725	-0.24384300443142	-5.2552743767887	-73.9223355464921	42.155435548302	0	0	0	0	0	1.5	1.5	1.5	1.5	1.5	1.5
931.220904247987	-0.238407737790231	-5.31340278020001	-73.7927638769551	42.3566861703035	0	0	0	0	0	1.5	1.5	1.5	1.5	1.5	1.5
931.460292655248	-0.220526246996034	-5.36833451802813	-73.6519723290282	42.5502582222639	0	0	0	0	0	1.5	1.5	1.5	1.5	1.5	1.5
931.69968106251	-0.202644756201837	-5.41898563425556	-73.5011598853864	42.7361349665745	0	0	0	0	0	1.5	1.5	1.5	1.5	1.5	1.5
931.939069469772	-0.184763265407639	-5.46535612888231	-73.341508603549	42.9144829648334	0	0	0	0	0	1.5	1.5	1.5	1.5	1.5	1.5
932.178457877033	-0.166881774613442	-5.50744600190837	-73.174125026289	43.0856001365153	0	0	0	0	0	1.5	1.5	1.5	1.5	1.5	1.5
932.417846284295	-0.149000283819245	-5.54525525333374	-73.0000382821725	43.2498979973017	0	0	0	0	0	1.5	1.5	1.5	1.5	1.5	1.5
932.657234691557	-0.131910732599221	-5.57878779203746	-72.820200884923	43.4078851808981	0	0	0	0	0	1.5	1.5	1.5	1.5	1.5	1.5
932.896623098819	-0.133233829137804	-5.61052405920163	-72.6353614094428	43.5599916175866	0	0	0	0	0	1.5	1.5	1.5	1.5	1.5	1.5
933.13601150608	-0.134556925676387	-5.64257706033881	-72.4457655445531	43.7061261833623	0	0	0	0	0	1.5	1.5	1.5	1.5	1.5	1.5
933.375399913342	-0.13588002221497	-5.67494679544902	-72.2515618156516	43.8460787379671	0	0	0	0	0	1.5	1.5	1.5	1.5	1.5	1.5
933.614788320604	-0.137203118753553	-5.70763326453226	-72.0529094013117	43.9796411793215	0	0	0	0	0	1.5	1.5	1.5	1.5	1.5	1.5
933.854176727865	-0.138526215292136	-5.74063646758854	-71.8499782569256	44.1066079416958	0	0	0	0	0	1.5	1.5	1.5	1.5	1.5	1.5
934.093565135127	-0.139849311830719	-5.77395640461782	-71.6429492186418	44.2267765112339	0	0	0	0	0	1.5	1.5	1.5	1.5	1.5	1.5
934.332953542389	-0.14262045145535	-5.80772939240024	-71.4320101191161	44.3399403787412	0	0	0	0	0	1.5	1.5	1.5	1.5	1.5	1.5
934.57234194965	-0.145784687805653	-5.84224981586713	-71.2173314790689	44.4458375003647	0	0	0	0	0	1.5	1.5	1.5	1.5	1.5	1.5
934.811730356912	-0.148948924155956	-5.87752772083412	-70.999089069769	44.5441793387419	0	0	0	0	0	1.5	1.5	1.5	1.5	1.5	1.5
935.051118764174	-0.152113160506258	-5.9135631073012	-70.7774800837792	44.6346783209125	0	0	0	0	0	1.5	1.5	1.5	1.5	1.5	1.5
935.290507171435	-0.155277396856561	-5.95035597526838	-70.552723810483	44.7170492055343	0	0	0	0	0	1.5	1.5	1.5	1.5	1.5	1.5
935.529895578697	-0.158441633206863	-5.98790632473567	-70.3250621763526	44.791010387649	0	0	0	0	0	1.5	1.5	1.5	1.5	1.5	1.5
935.769283985959	-0.147748550961147	-6.02528152501188	-70.0947710908483	44.8563257004096	0	0	0	0	0	1.5	1.5	1.5	1.5	1.5	1.5
936.008672393221	-0.126268184656586	-6.05807973996317	-69.8623158351143	44.9134765928394	0	0	0	0	0	1.5	1.5	1.5	1.5	1.5	1.5
936.248060800482	-0.104787818352024	-6.08573580423741	-69.6282364893216	44.9635766403723	0	0	0	0	0	1.5	1.5	1.5	1.5	1.5	1.5
936.487449207744	-0.0833074520474623	-6.1082497178346	-69.3929716314752	45.0077901395354	0	0	0	0	0	1.5	1.5	1.5	1.5	1.5	1.5
936.726837615006	-0.0618270857429006	-6.12562148075475	-69.1568698546392	45.0473036467741	0	0	0	0	0	1.5	1.5	1.5	1.5	1.5	1.5
936.966226022267	-0.0403467194383389	-6.13785109299785	-68.9202076309365	45.0833187137908	0	0	0	0	0	1.5	1.5	1.5	1.5	1.5	1.5
937.205614429529	-0.0249282383005968	-6.14515682826517	-68.6832068940185	45.1170412759615	0	0	0	0	0	1.5	1.5	1.5	1.5	1.5	1.5
937.445002836791	-0.0235984318483451	-6.15096518940351	-68.4460000872689	45.149283782711	0	0	0	0	0	1.5	1.5	1.5	1.5	1.5	1.5
937.684391244052	-0.0222686253960941	-6.15645521029327	-68.2086148868563	45.1801857601763	0	0	0	0	0	1.5	1.5	1.5	1.5	1.5	1.5
937.923779651314	-0.0209388189438431	-6.16162689093446	-67.971068292795	45.2098218436646	0	0	0	0	0	1.5	1.5	1.5	1.5	1.5	1.5
938.163168058576	-0.0196090124915921	-6.16648023132709	-67.7333761007727	45.2382668588144	0	0	0	0	0	1.5	1.5	1.5	1.5	1.5	1.5
938.402556465838	-0.0182792060393411	-6.17101523147114	-67.4955529726774	45.265595800449	0	0	0	0	0	1.5	1.5	1.5	1.5	1.5	1.5
938.641944873099	-0.0171987226701635	-6.17523292816824	-67.2576125071315	45.2918838103704	0	0	0	0	0	1.5	1.5	1.5	1.5	1.5	1.5
938.881333280361	-0.0230452467007245	-6.18004989803303	-67.0195593712715	45.3171306532269	0	0	0	0	0	1.5	1.5	1.5	1.5	1.5	1.5
939.120721687623	-0.0288917707312856	-6.18626645797352	-66.781370731009	45.3410638199789	0	0	0	0	0	1.5	1.5	1.5	1.5	1.5	1.5
939.360110094884	-0.0347382947618467	-6.19388260798969	-66.5430224510283	45.3633490122784	0	0	0	0	0	1.5	1.5	1.5	1.5	1.5	1.5
939.599498502146	-0.0405848187924077	-6.20289834808157	-66.3044973235313	45.3836513459812	0	0	0	0	0	1.5	1.5	1.5	1.5	1.5	1.5
939.838886909408	-0.0464313428229688	-6.21331367824913	-66.0657864788955	45.401635338342	0	0	0	0	0	1.5	1.5	1.5	1.5	1.5	1.5
940.078275316669	-0.0522778668535298	-6.22512859849239	-65.8268907994856	45.4169649536381	0	0	0	0	0	1.5	1.5	1.5	1.5	1.5	1.5
940.317663723931	-0.0531208557226333	-6.23788109118409	-65.5878236896491	45.4293321261014	0	0	0	0	0	1.5	1.5	1.5	1.5	1.5	1.5
940.557052131193	-0.0524815060695293	-6.25052108178034	-65.3486186403794	45.4386590199036	0	0	0	0	0	1.5	1.5	1.5	1.5	1.5	1.5
940.796440538454	-0.051842156416425	-6.26300801948145	-65.10931525564	45.4449800136441	0	0	0	0	0	1.5	1.5	1.5	1.5	1.5	1.5
941.035828945716	-0.0512028067633209	-6.27534190428742	-64.8699518172088	45.4483307439628	0	0	0	0	0	1.5	1.5	1.5	1.5	1.5	1.5
941.275217352978	-0.0505634571102169	-6.28752273619825	-64.6305652523746	45.4487473326629	0	0	0	0	0	1.5	1.5	1.5	1.5	1.5	1.5
941.51460576024	-0.0499241074571128	-6.29955051521394	-64.391191144744	45.4462663531141	0	0	0	0	0	1.5	1.5	1.5	1.5	1.5	1.5
941.753994167501	-0.0485052974354605	-6.31137782634706	-64.1518636943483	45.44092671978	0	0	0	0	0	1.5	1.5	1.5	1.5	1.5	1.5
941.993382574763	-0.0463322296331317	-6.32272932862386	-63.9126142065816	45.4328102702869	0	0	0	0	0	1.5	1.5	1.5	1.5	1.5	1.5
942.232770982025	-0.0441591618308029	-6.33356062366058	-63.6734693407409	45.4220407578118	0	0	0	0	0	1.5	1.5	1.5	1.5	1.5	1.5
942.472159389286	-0.0419860940284741	-6.34387171145723	-63.4344515719288	45.4087438419178	0	0	0	0	0	1.5	1.5	1.5	1.5	1.5	1.5
942.711547796548	-0.0398130262261454	-6.35366259201381	-63.1955794168356	45.3930452674585	0	0	0	0	0	1.5	1.5	1.5	1.5	1.5	1.5
942.95093620381	-0.0376399584238166	-6.36293326533032	-62.9568676294398	45.3750707958047	0	0	0	0	0	1.5	1.5	1.5	1.5	1.5	1.5
943.190324611071	-0.0347615620474821	-6.37166306703143	-62.7183273619276	45.3549465479206	0	0	0	0	0	1.5	1.5	1.5	1.5	1.5	1.5
943.429713018333	-0.0297068935882929	-6.37937956748806	-62.4799615538293	45.3328497928014	0	0	0	0	0	1.5	1.5	1.5	1.5	1.5	1.5
943.669101425595	-0.0246522251291037	-6.38588603891301	-62.2417587417952	45.3090584585733	0	0	0	0	0	1.5	1.5	1.5	1.5	1.5	1.5
943.908489832856	-0.0195975566699146	-6.39118248130629	-62.0037003387715	45.2838617881773	0	0	0	0	0	1.5	1.5	1.5	1.5	1.5	1.5
944.147878240118	-0.0145428882107254	-6.39526889466788	-61.7657626508839	45.2575485528888	0	0	0	0	0	1.5	1.5	1.5	1.5	1.5	1.5
944.38726664738	-0.00948821975153387	-6.39814527899779	-61.5279179280997	45.230407113217	0	0	0	0	0	1.5	1.5	1.5	1.5	1.5	1.5
944.626655054642	-0.00443355129234471	-6.39981163429602	-61.2901354125831	45.2027255043609	0	0	0	0	0	1.5	1.5	1.5	1.5	1.5	1.5
944.866043461903	-0.0032745357416448	-6.40072447580978	-61.0523865554355	45.1747561197882	0	0	0	0	0	1.5	1.5	1.5	1.5	1.5	1.5
945.105431869165	-0.0021989076348997	-6.40137961525585	-60.8146596921796	45.1466003750311	0	0	0	0	0	1.5	1.5	1.5	1.5	1.5	1.5
945.344820276427	-0.0011232795281546	-6.40177726180265	-60.5769476801608	45.1183194961053	0	0	0	0	0	1.5	1.5	1.5	1.5	1.5	1.5
945.584208683688	-4.76514214095012e-05	-6.40191741545016	-60.3392432800955	45.089974697256	0	0	0	0	0	1.5	1.5	1.5	1.5	1.5	1.5
945.82359709095	0.0010279766853356	-6.4018000761984	-60.1015392033222	45.0616271868605	0	0	0	0	0	1.5	1.5	1.5	1.5	1.5	1.5
946.062985498212	0.0021036047920807	-6.40142524404735	-59.8638281590847	45.0333381730466	0	0	0	0	0	1.5	1.5	1.5	1.5	1.5	1.5
946.302373905473	0.00199474402157496	-6.40089401738401	-59.6261035777205	45.0051631565328	0	0	0	0	0	1.5	1.5	1.5	1.5	1.5	1.5
946.541762312735	0.0014092909132054	-6.40048657413336	-59.3883656120548	44.9771012888458	0	0	0	0	0	1.5	1.5	1.5	1.5	1.5	1.5
946.781150719997	0.000823837804835852	-6.40021928156984	-59.1506181918083	44.9491196278039	0	0	0	0	0	1.5	1.5	1.5	1.5	1.5	1.5
947.020539127258	0.000238384696466298	-6.40009213969347	-58.9128652571723	44.9211848551268	0	0	0	0	0	1.5	1.5	1.5	1.5	1.5	1.5
947.25992753452	-0.000347068411903255	-6.40010514850424	-58.6751107286244	44.8932636502123	0	0	0	0	0	1.5	1.5	1.5	1.5	1.5	1.5
947.499315941782	-0.000932521520272808	-6.40025830800215	-58.4373585209376	44.8653226917872	0	0	0	0	0	1.5	1.5	1.5	1.5	1.5	1.5
947.738704349044	-0.00337190192906171	-6.40065083558835	-58.1996129716691	44.8373251439983	0	0	0	0	0	1.5	1.5	1.5	1.5	1.5	1.5
947.978092756305	-0.00810375003568688	-6.40202440461142	-57.9618909050964	44.8091290541363	0	0	0	0	0	1.5	1.5	1.5	1.5	1.5	1.5
948.217481163567	-0.0128355981423121	-6.40453072321613	-57.7242240281607	44.7804718554169	0	0	0	0	0	1.5	1.5	1.5	1.5	1.5	1.5
948.456869570829	-0.0175674462489372	-6.40816979140249	-57.4866463967391	44.7510845242125	0	0	0	0	0	1.5	1.5	1.5	1.5	1.5	1.5
948.69625797809	-0.0222992943555624	-6.41294160917051	-57.2491945468274	44.7206983487058	0	0	0	0	0	1.5	1.5	1.5	1.5	1.5	1.5
948.935646385352	-0.0270311424621876	-6.41884617652017	-57.0119084062115	44.6890450644214	0	0	0	0	0	1.5	1.5	1.5	1.5	1.5	1.5
949.175034792614	-0.0315357940428789	-6.42587856577153	-56.7748321933761	44.6558570794825	0	0	0	0	0	1.5	1.5	1.5	1.5	1.5	1.5
949.414423199875	-0.035013825595445	-6.43384416949608	-56.5380124571792	44.6208868205387	0	0	0	0	0	1.5	1.5	1.5	1.5	1.5	1.5
949.653811607137	-0.038491857148011	-6.4426423736544	-56.3014942914437	44.5839328344863	0	0	0	0	0	1.5	1.5	1.5	1.5	1.5	1.5
949.893200014399	-0.0419698887005771	-6.45227317824649	-56.0653268255087	44.544801075441	0	0	0	0	0	1.5	1.5	1.5	1.5	1.5	1.5
950.13258842166	-0.0454479202531432	-6.46273658327236	-55.8295645979747	44.5032985610166	0	0	0	0	0	1.5	1.5	1.5	1.5	1.5	1.5
950.371976828922	-0.0489259518057092	-6.474032588732	-55.5942680274871	44.4592335631804	0	0	0	0	0	1.5	1.5	1.5	1.5	1.5	1.5
950.611365236184	-0.0524039833582753	-6.48616119462542	-55.3595038772864	44.4124158233862	0	0	0	0	0	1.5	1.5	1.5	1.5	1.5	1.5
950.850753643446	-0.0485061524725819	-6.49831097847488	-55.1253331524619	44.3627149631867	0	0	0	0	0	1.5	1.5	1.5	1.5	1.5	1.5
951.090142050707	-0.0439590609385513	-6.50937852855768	-54.8917550638846	44.3102983530945	0	0	0	0	0	1.5	1.5	1.5	1.5	1.5	1.5
951.329530457969	-0.0394119694045229	-6.51935755764048	-54.6587412709195	44.2554266284025	0	0	0	0	0	1.5	1.5	1.5	1.5	1.5	1.5
951.568918865231	-0.0348648778704945	-6.52824806572327	-54.4262553440959	44.1983588984609	0	0	0	0	0	1.5	1.5	1.5	1.5	1.5	1.5
951.808307272492	-0.0303177863364661	-6.53605005280606	-54.1942536349182	44.1393527489288	0	0	0	0	0	1.5	1.5	1.5	1.5	1.5	1.5
952.047695679754	-0.0257706948024377	-6.54276351888885	-53.9626861302983	44.0786643233141	0	0	0	0	0	1.5	1.5	1.5	1.5	1.5	1.5
952.287084087016	-0.025175117784741	-6.5486978649613	-53.7315015212004	44.0165328501587	0	0	0	0	0	1.5	1.5	1.5	1.5	1.5	1.5
952.526472494277	-0.0266686054724339	-6.55490325812983	-53.5006962207956	43.9530069583187	0	0	0	0	0	1.5	1.5	1.5	1.5	1.5	1.5
952.765860901539	-0.0281620931601268	-6.56146617493718	-53.2703012240978	43.8880088866136	0	0	0	0	0	1.5	1.5	1.5	1.5	1.5	1.5
953.005249308801	-0.0296555808478198	-6.56838661538335	-53.0403497021122	43.8214590681003	0	0	0	0	0	1.5	1.5	1.5	1.5	1.5	1.5
953.244637716062	-0.0311490685355127	-6.57566457946834	-52.810876469918	43.7532784823592	0	0	0	0	0	1.5	1.5	1.5	1.5	1.5	1.5
953.484026123324	-0.0326425562232056	-6.58330006719215	-52.5819180674612	43.6833887045136	0	0	0	0	0	1.5	1.5	1.5	1.5	1.5	1.5
953.723414530586	-0.0327730214909679	-6.59122961761044	-52.3535122433106	43.6117138347931	0	0	0	0	0	1.5	1.5	1.5	1.5	1.5	1.5
953.962802937848	-0.0307624406739462	-6.59883444415658	-52.1256733723251	43.5382564853023	0	0	0	0	0	1.5	1.5	1.5	1.5	1.5	1.5
954.202191345109	-0.0287518598569246	-6.60595796096327	-51.8983815597868	43.4631232760498	0	0	0	0	0	1.5	1.5	1.5	1.5	1.5	1.5
954.441579752371	-0.026741279039903	-6.6126001680305	-51.6716121958839	43.3864274194775	0	0	0	0	0	1.5	1.5	1.5	1.5	1.5	1.5
954.680968159633	-0.0247306982228804	-6.61876106535828	-51.4453383895318	43.3082814483242	0	0	0	0	0	1.5	1.5	1.5	1.5	1.5	1.5
954.920356566894	-0.0227201174058588	-6.6244406529466	-51.2195311353085	43.2287972398031	0	0	0	0	0	1.5	1.5	1.5	1.5	1.5	1.5
955.159744974156	-0.0206558904969673	-6.62963813129147	-50.9941594762601	43.1480860523872	0	0	0	0	0	1.5	1.5	1.5	1.5	1.5	1.5
955.399133381418	-0.0182144571307969	-6.63429068659563	-50.7691886757491	43.0662640196065	0	0	0	0	0	1.5	1.5	1.5	1.5	1.5	1.5
955.638521788679	-0.0157730237646264	-6.63835879105483	-50.5445767360843	42.9834618032652	0	0	0	0	0	1.5	1.5	1.5	1.5	1.5	1.5
955.877910195941	-0.0133315903984559	-6.64184244466906	-50.3202790067543	42.899812056308	0	0	0	0	0	1.5	1.5	1.5	1.5	1.5	1.5
956.117298603203	-0.0108901570322855	-6.64474164743833	-50.0962493465685	42.8154468933514	0	0	0	0	0	1.5	1.5	1.5	1.5	1.5	1.5
956.356687010464	-0.00844872366611502	-6.64705639936264	-49.8724403570742	42.7304979667085	0	0	0	0	0	1.5	1.5	1.5	1.5	1.5	1.5
956.596075417726	-0.00600729029994456	-6.64878670044198	-49.6488036146464	42.645096546096	0	0	0	0	0	1.5	1.5	1.5	1.5	1.5	1.5
956.835463824988	-0.00958791644751932	-6.65055133948941	-49.4253051004416	42.5593340313956	0	0	0	0	0	1.5	1.5	1.5	1.5	1.5	1.5
957.07485223225	-0.0141613712567903	-6.65339399156798	-49.2020041350722	42.4730586020361	0	0	0	0	0	1.5	1.5	1.5	1.5	1.5	1.5
957.314240639511	-0.0187348260660612	-6.65733147570902	-48.9789970008474	42.3860266913286	0	0	0	0	0	1.5	1.5	1.5	1.5	1.5	1.5
957.553629046773	-0.0233082808753321	-6.66236379191253	-48.7563825286502	42.2979955305563	0	0	0	0	0	1.5	1.5	1.5	1.5	1.5	1.5
957.793017454035	-0.0278817356846031	-6.66849094017853	-48.5342628226482	42.2087236628846	0	0	0	0	0	1.5	1.5	1.5	1.5	1.5	1.5
958.032405861296	-0.0324551904938762	-6.67571292050699	-48.3127440456138	42.1179712977459	0	0	0	0	0	1.5	1.5	1.5	1.5	1.5	1.5
958.271794268558	-0.0340367196980748	-6.68381727402935	-48.0919332829276	42.0255099533057	0	0	0	0	0	1.5	1.5	1.5	1.5	1.5	1.5
958.51118267582	-0.0335670483071942	-6.69190905320319	-47.8718819331187	41.9312555089069	0	0	0	0	0	1.5	1.5	1.5	1.5	1.5	1.5
958.750571083081	-0.0330973769163136	-6.69988839849082	-47.6525950504508	41.8352358829934	0	0	0	0	0	1.5	1.5	1.5	1.5	1.5	1.5
958.989959490343	-0.0326277055254331	-6.70775530989226	-47.4340758023574	41.7374818437321	0	0	0	0	0	1.5	1.5	1.5	1.5	1.5	1.5
959.229347897605	-0.0321580341345525	-6.71550978740749	-47.2163267230604	41.6380240092891	0	0	0	0	0	1.5	1.5	1.5	1.5	1.5	1.5
959.468736304867	-0.0316883627436719	-6.72315183103653	-46.9993497250995	41.5368928420379	0	0	0	0	0	1.5	1.5	1.5	1.5	1.5	1.5
959.708124712128	-0.0318623414779229	-6.73070677437434	-46.7831463981126	41.4341180436765	0	0	0	0	0	1.5	1.5	1.5	1.5	1.5	1.5
959.94751311939	-0.033350053991708	-6.73851232011693	-46.5677357665927	41.3296920967517	0	0	0	0	0	1.5	1.5	1.5	1.5	1.5	1.5
960.186901526652	-0.0348377665054931	-6.74667400698867	-46.3531657386483	41.2235497653551	0	0	0	0	0	1.5	1.5	1.5	1.5	1.5	1.5
960.426289933913	-0.0363254790192782	-6.75519183498954	-46.1394884164237	41.1156217105901	0	0	0	0	0	1.5	1.5	1.5	1.5	1.5	1.5
960.665678341175	-0.0378131915330634	-6.76406580411955	-45.9267577476333	41.005839671918	0	0	0	0	0	1.5	1.5	1.5	1.5	1.5	1.5
960.905066748437	-0.0393009040468485	-6.7732959143787	-45.7150295889788	40.8941365408028	0	0	0	0	0	1.5	1.5	1.5	1.5	1.5	1.5
961.144455155698	-0.0408116020034104	-6.78288234121563	-45.5043617676968	40.7804464368348	0	0	0	0	0	1.5	1.5	1.5	1.5	1.5	1.5
961.38384356296	-0.0426597511116123	-6.79287337835272	-45.2948161501988	40.6647011690973	0	0	0	0	0	1.5	1.5	1.5	1.5	1.5	1.5
961.623231970222	-0.0445079002198149	-6.80330684096121	-45.0864635368644	40.546822086221	0	0	0	0	0	1.5	1.5	1.5	1.5	1.5	1.5
961.862620377483	-0.0463560493280167	-6.81418272904109	-44.8793787706744	40.4267298539484	0	0	0	0	0	1.5	1.5	1.5	1.5	1.5	1.5
962.102008784745	-0.0482041984362186	-6.82550104259237	-44.6736394875788	40.3043470727279	0	0	0	0	0	1.5	1.5	1.5	1.5	1.5	1.5
962.341397192007	-0.0500523475444204	-6.83726178161504	-44.4693261974241	40.1795984116031	0	0	0	0	0	1.5	1.5	1.5	1.5	1.5	1.5
962.580785599269	-0.0519004966526222	-6.8494649461091	-44.2665223596983	40.0524107480556	0	0	0	0	0	1.5	1.5	1.5	1.5	1.5	1.5
962.82017400653	-0.0503389267551003	-6.86178340056277	-44.0653030523502	39.9227308587823	0	0	0	0	0	1.5	1.5	1.5	1.5	1.5	1.5
963.059562413792	-0.0479332215770385	-6.87354600709648	-43.8656607426578	39.790635828799	0	0	0	0	0	1.5	1.5	1.5	1.5	1.5	1.5
963.298950821054	-0.0455275163989766	-6.88473271569927	-43.6675471789229	39.6562586441825	0	0	0	0	0	1.5	1.5	1.5	1.5	1.5	1.5
963.538339228315	-0.0431218112209148	-6.89534352637114	-43.4709097941194	39.5197302195715	0	0	0	0	0	1.5	1.5	1.5	1.5	1.5	1.5
963.777727635577	-0.0407161060428529	-6.9053784391121	-43.2756921285093	39.3811791761143	0	0	0	0	0	1.5	1.5	1.5	1.5	1.5	1.5
964.017116042839	-0.0383104008647911	-6.91483745392214	-43.0818340759234	39.2407318989259	0	0	0	0	0	1.5	1.5	1.5	1.5	1.5	1.5
964.2565044501	-0.0376015312634142	-6.92382968293607	-42.8892749154042	39.0985088519882	0	0	0	0	0	1.5	1.5	1.5	1.5	1.5	1.5
964.495892857362	-0.038354316687895	-6.93292115766771	-42.6980055563844	38.9545559183404	0	0	0	0	0	1.5	1.5	1.5	1.5	1.5	1.5
964.735281264624	-0.0391071021123758	-6.94219284050312	-42.5080659822646	38.8088529424417	0	0	0	0	0	1.5	1.5	1.5	1.5	1.5	1.5
964.974669671886	-0.039859887536857	-6.95164473144231	-42.3194987783211	38.6613782243164	0	0	0	0	0	1.5	1.5	1.5	1.5	1.5	1.5
965.214058079147	-0.0406126729613378	-6.96127683048528	-42.1323473672886	38.5121109612806	0	0	0	0	0	1.5	1.5	1.5	1.5	1.5	1.5
965.453446486409	-0.0413654583858186	-6.97108913763202	-41.9466560119738	38.3610312793464	0	0	0	0	0	1.5	1.5	1.5	1.5	1.5	1.5
965.692834893671	-0.0427292544231609	-6.98110163560497	-41.7624700966413	38.2081199312441	0	0	0	0	0	1.5	1.5	1.5	1.5	1.5	1.5
965.932223300932	-0.0457182672824944	-6.99168829127865	-41.5798632958595	38.0533264217931	0	0	0	0	0	1.5	1.5	1.5	1.5	1.5	1.5
966.171611708194	-0.0487072801418278	-7.00299048198001	-41.3989616412331	37.8965437989744	0	0	0	0	0	1.5	1.5	1.5	1.5	1.5	1.5
966.411000115456	-0.0516962930011612	-7.01500820770905	-41.2199004455759	37.7376626862239	0	0	0	0	0	1.5	1.5	1.5	1.5	1.5	1.5
966.650388522717	-0.0546853058604947	-7.02774146846577	-41.0428192742273	37.5765779446826	0	0	0	0	0	1.5	1.5	1.5	1.5	1.5	1.5
966.889776929979	-0.0576743187198281	-7.04119026425017	-40.8678621175484	37.4131890250302	0	0	0	0	0	1.5	1.5	1.5	1.5	1.5	1.5
967.129165337241	-0.0606222076805567	-7.05535454671014	-40.6951775458034	37.2474003340271	0	0	0	0	0	1.5	1.5	1.5	1.5	1.5	1.5
967.368553744502	-0.0594247679484155	-7.06972347385634	-40.5248897972879	37.0791507983831	0	0	0	0	0	1.5	1.5	1.5	1.5	1.5	1.5
967.607942151764	-0.0582273282162743	-7.08380574781227	-40.357012591766	36.9084958648117	0	0	0	0	0	1.5	1.5	1.5	1.5	1.5	1.5
967.847330559026	-0.0570298884841331	-7.09760136857793	-40.1915303127739	36.7355174962561	0	0	0	0	0	1.5	1.5	1.5	1.5	1.5	1.5
968.086718966287	-0.0558324487519919	-7.11111033615333	-40.0284248802813	36.5602960480324	0	0	0	0	0	1.5	1.5	1.5	1.5	1.5	1.5
968.326107373549	-0.0546350090198512	-7.12433265053844	-39.8676758420964	36.3829102500054	0	0	0	0	0	1.5	1.5	1.5	1.5	1.5	1.5
968.565495780811	-0.0534375692877089	-7.13726831173331	-39.7092604636234	36.2034371927224	0	0	0	0	0	1.5	1.5	1.5	1.5	1.5	1.5
968.804884188073	-0.0501105344700715	-7.14972627634219	-39.5531451250275	36.0219597342698	0	0	0	0	0	1.5	1.5	1.5	1.5	1.5	1.5
969.044272595334	-0.0460716765080323	-7.16123872948867	-39.3992174746352	35.8386227359116	0	0	0	0	0	1.5	1.5	1.5	1.5	1.5	1.5
969.283661002596	-0.042032818545993	-7.17178432686046	-39.2473210383902	35.653599086002	0	0	0	0	0	1.5	1.5	1.5	1.5	1.5	1.5
969.523049409858	-0.0379939605839538	-7.18136306845756	-39.0972938779018	35.4670562694565	0	0	0	0	0	1.5	1.5	1.5	1.5	1.5	1.5
969.762437817119	-0.0339551026219145	-7.18997495427997	-38.9489694561931	35.2791565057402	0	0	0	0	0	1.5	1.5	1.5	1.5	1.5	1.5
970.001826224381	-0.0299162446598753	-7.19761998432769	-38.8021771568555	35.0900571900422	0	0	0	0	0	1.5	1.5	1.5	1.5	1.5	1.5
970.241214631643	-0.0292097172418777	-7.20449127194578	-38.6567487181253	34.8999068373923	0	0	0	0	0	1.5	1.5	1.5	1.5	1.5	1.5
970.480603038904	-0.0320535298107861	-7.21182412751359	-38.51266069306	34.7087388648087	0	0	0	0	0	1.5	1.5	1.5	1.5	1.5	1.5
970.719991446166	-0.0348973423796945	-7.21983775884282	-38.3700438359089	34.5164709921086	0	0	0	0	0	1.5	1.5	1.5	1.5	1.5	1.5
970.959379853428	-0.0377411549486028	-7.22853216593347	-38.2290382129629	34.3230185101012	0	0	0	0	0	1.5	1.5	1.5	1.5	1.5	1.5
971.198768260689	-0.0405849675175112	-7.23790734878555	-38.0897861960534	34.1283000838076	0	0	0	0	0	1.5	1.5	1.5	1.5	1.5	1.5
971.438156667951	-0.0434287800864196	-7.24796330739904	-37.9524325978379	33.932238063934	0	0	0	0	0	1.5	1.5	1.5	1.5	1.5	1.5
971.677545075213	-0.0451272434022963	-7.25866984308063	-37.8171243548668	33.7347591040741	0	0	0	0	0	1.5	1.5	1.5	1.5	1.5	1.5
971.916933482475	-0.0427715648412355	-7.26919082093345	-37.6839377330247	33.5358430296656	0	0	0	0	0	1.5	1.5	1.5	1.5	1.5	1.5
972.156321889736	-0.040415886280177	-7.27914787664751	-37.5527946989292	33.3355736095039	0	0	0	0	0	1.5	1.5	1.5	1.5	1.5	1.5
972.395710296998	-0.0380602077191185	-7.28854101022281	-37.4235953393897	33.1340446695253	0	0	0	0	0	1.5	1.5	1.5	1.5	1.5	1.5
972.63509870426	-0.0357045291580599	-7.29737022165936	-37.296237427457	32.9313468661434	0	0	0	0	0	1.5	1.5	1.5	1.5	1.5	1.5
972.874487111521	-0.0333488505970014	-7.30563551095717	-37.1706166049138	32.7275678382545	0	0	0	0	0	1.5	1.5	1.5	1.5	1.5	1.5
973.113875518783	-0.0309931720359429	-7.31333687811621	-37.0466265565454	32.5227923656798	0	0	0	0	0	1.5	1.5	1.5	1.5	1.5	1.5
973.353263926045	-0.0291526711364242	-7.32053328443995	-36.9241630463088	32.3171002392709	0	0	0	0	0	1.5	1.5	1.5	1.5	1.5	1.5
973.592652333306	-0.0273357832751839	-7.32729462500509	-36.8031379629663	32.110558426555	0	0	0	0	0	1.5	1.5	1.5	1.5	1.5	1.5
973.832040740568	-0.0255188954139437	-7.33362102367894	-36.6834670155588	31.9032290202253	0	0	0	0	0	1.5	1.5	1.5	1.5	1.5	1.5
974.07142914783	-0.0237020075527034	-7.33951248046153	-36.5650648274086	31.6951723798573	0	0	0	0	0	1.5	1.5	1.5	1.5	1.5	1.5
974.310817555091	-0.0218851196914632	-7.34496899535284	-36.4478450251692	31.4864472369212	0	0	0	0	0	1.5	1.5	1.5	1.5	1.5	1.5
974.550205962353	-0.020068231830223	-7.34999056835287	-36.3317203247686	31.2771108018422	0	0	0	0	0	1.5	1.5	1.5	1.5	1.5	1.5
974.789594369615	-0.0178226941184621	-7.35454176591198	-36.2166009006072	31.0672198096067	0	0	0	0	0	1.5	1.5	1.5	1.5	1.5	1.5
975.028982776876	-0.015385131887833	-7.35851655020011	-36.1023778533483	30.8568396072817	0	0	0	0	0	1.5	1.5	1.5	1.5	1.5	1.5
975.268371184138	-0.0129475696572027	-7.36190781034825	-35.9889303936755	30.6460401089998	0	0	0	0	0	1.5	1.5	1.5	1.5	1.5	1.5
975.5077595914	-0.0105100074265701	-7.36471554635641	-35.8761368335337	30.4348899618362	0	0	0	0	0	1.5	1.5	1.5	1.5	1.5	1.5
975.747147998662	-0.00807244519593981	-7.36693975822457	-35.7638748643621	30.2234566717502	0	0	0	0	0	1.5	1.5	1.5	1.5	1.5	1.5
975.986536405923	-0.00563488296530952	-7.36858044595273	-35.6520216782571	30.0118068160752	0	0	0	0	0	1.5	1.5	1.5	1.5	1.5	1.5
976.225924813185	1.61895109323778e-05	-7.36947413709078	-35.5404491805067	29.8000088395565	0	0	0	0	0	1.5	1.5	1.5	1.5	1.5	1.5
976.465313220447	0.0100149029895586	-7.36827347346238	-35.4288637182544	29.588217699976	0	0	0	0	0	1.5	1.5	1.5	1.5	1.5	1.5
976.704701627708	0.0200136164681848	-7.36467923373967	-35.3167708717615	29.3766947907038	0	0	0	0	0	1.5	1.5	1.5	1.5	1.5	1.5
976.94409003497	0.030012329946811	-7.35869141792265	-35.2036660116013	29.1657115485713	0	0	0	0	0	1.5	1.5	1.5	1.5	1.5	1.5
977.183478442232	0.0400110434254372	-7.35031002601132	-35.089048416886	28.9555466595318	0	0	0	0	0	1.5	1.5	1.5	1.5	1.5	1.5
977.422866849494	0.0500097569040634	-7.33953505800566	-34.9724233362239	28.7464896213941	0	0	0	0	0	1.5	1.5	1.5	1.5	1.5	1.5
977.662255256755	0.0596140575393796	-7.32637406440212	-34.8533042606854	28.5388441854326	0	0	0	0	0	1.5	1.5	1.5	1.5	1.5	1.5
977.901643664017	0.0671467333245679	-7.31120153248804	-34.7312464256911	28.3329131415503	0	0	0	0	0	1.5	1.5	1.5	1.5	1.5	1.5
978.141032071278	0.0746794091097525	-7.29422576531534	-34.6058946378663	28.1289710851528	0	0	0	0	0	1.5	1.5	1.5	1.5	1.5	1.5
978.38042047854	0.0822120848949407	-7.275446762884	-34.4769174708876	27.9273030024473	0	0	0	0	0	1.5	1.5	1.5	1.5	1.5	1.5
978.619808885802	0.0897447606801289	-7.25486452519402	-34.3439969776917	27.7282127497399	0	0	0	0	0	1.5	1.5	1.5	1.5	1.5	1.5
978.859197293064	0.0972774364653243	-7.23247905224538	-34.2068307041474	27.5320244992435	0	0	0	0	0	1.5	1.5	1.5	1.5	1.5	1.5
979.098585700325	0.104810112250513	-7.20829034403813	-34.0651338760172	27.3390840315577	0	0	0	0	0	1.5	1.5	1.5	1.5	1.5	1.5
979.337974107587	0.105241777929436	-7.18306694479467	-33.9186853887074	27.1497256143946	0	0	0	0	0	1.5	1.5	1.5	1.5	1.5	1.5
979.577362514849	0.104921292392325	-7.15791164345989	-33.7675132758881	26.9641164013343	0	0	0	0	0	1.5	1.5	1.5	1.5	1.5	1.5
979.81675092211	0.104600806855214	-7.1328330626474	-33.6117273743095	26.7823622846255	0	0	0	0	0	1.5	1.5	1.5	1.5	1.5	1.5
980.056139329372	0.104280321318103	-7.10783120235718	-33.4514395968059	26.6045656232337	0	0	0	0	0	1.5	1.5	1.5	1.5	1.5	1.5
980.295527736634	0.103959835780992	-7.08290606258924	-33.2867637682117	26.430825258932	0	0	0	0	0	1.5	1.5	1.5	1.5	1.5	1.5
980.534916143896	0.103639350243881	-7.05805764334358	-33.1178155144167	26.2612364960792	0	0	0	0	0	1.5	1.5	1.5	1.5	1.5	1.5
980.774304551157	0.0990715095998177	-7.03361703734994	-32.9447239336531	26.0958785447625	0	0	0	0	0	1.5	1.5	1.5	1.5	1.5	1.5
981.013692958419	0.0922293270262708	-7.01071943605606	-32.7677609006	25.9346693934607	0	0	0	0	0	1.5	1.5	1.5	1.5	1.5	1.5
981.253081365681	0.085387144452724	-6.98945977395066	-32.5872814653351	25.7774058427947	0	0	0	0	0	1.5	1.5	1.5	1.5	1.5	1.5
981.492469772942	0.0785449618791803	-6.96983805103375	-32.4036248684644	25.6238635843889	0	0	0	0	0	1.5	1.5	1.5	1.5	1.5	1.5
981.731858180204	0.0717027793056334	-6.9518542673053	-32.2171134101808	25.473801128171	0	0	0	0	0	1.5	1.5	1.5	1.5	1.5	1.5
981.971246587466	0.0648605967320866	-6.93550842276533	-32.0280533166166	25.3269617111782	0	0	0	0	0	1.5	1.5	1.5	1.5	1.5	1.5
982.210634994727	0.0632286197275537	-6.92055485427956	-31.8367311362505	25.1830812824535	0	0	0	0	0	1.5	1.5	1.5	1.5	1.5	1.5
982.450023401989	0.0696128735746581	-6.9046544975296	-31.6432368497048	25.04213603399	0	0	0	0	0	1.5	1.5	1.5	1.5	1.5	1.5
982.689411809251	0.0759971274217565	-6.88722582441965	-31.4474211699324	24.9044349871696	0	0	0	0	0	1.5	1.5	1.5	1.5	1.5	1.5
982.928800216513	0.0823813812688549	-6.86826883494969	-31.2491333204521	24.7703192836486	0	0	0	0	0	1.5	1.5	1.5	1.5	1.5	1.5
983.168188623774	0.0887656351159533	-6.84778352911971	-31.0482397895918	24.6401401970958	0	0	0	0	0	1.5	1.5	1.5	1.5	1.5	1.5
983.407577031036	0.0951498889630517	-6.82576990692973	-30.8446261361546	24.5142593992002	0	0	0	0	0	1.5	1.5	1.5	1.5	1.5	1.5
983.646965438298	0.101404399981469	-6.80222999742152	-30.6381988727284	24.393049054376	0	0	0	0	0	1.5	1.5	1.5	1.5	1.5	1.5
983.886353845559	0.106795654734622	-6.77730965767638	-30.4288939375454	24.2768798337135	0	0	0	0	0	1.5	1.5	1.5	1.5	1.5	1.5
984.125742252821	0.112186909487776	-6.75109871404274	-30.216688366047	24.1660993118728	0	0	0	0	0	1.5	1.5	1.5	1.5	1.5	1.5
984.365130660083	0.11757816424093	-6.7235971665206	-30.0015851474784	24.0610574015616	0	0	0	0	0	1.5	1.5	1.5	1.5	1.5	1.5
984.604519067344	0.122969418994084	-6.69480501510996	-29.7836115819357	23.9621110759871	0	0	0	0	0	1.5	1.5	1.5	1.5	1.5	1.5
984.843907474606	0.128360673747235	-6.66472225981084	-29.5628208454229	23.869623571731	0	0	0	0	0	1.5	1.5	1.5	1.5	1.5	1.5
985.083295881868	0.133751928500389	-6.6333489006232	-29.3392935621366	23.7839634138543	0	0	0	0	0	1.5	1.5	1.5	1.5	1.5	1.5
985.322684289129	0.126642864925365	-6.60202244964886	-29.1131698629589	23.7054128502727	0	0	0	0	0	1.5	1.5	1.5	1.5	1.5	1.5
985.562072696391	0.118050566292108	-6.57273406426558	-28.8847678956433	23.6337521629272	0	0	0	0	0	1.5	1.5	1.5	1.5	1.5	1.5
985.801461103653	0.109458267658842	-6.54550257556682	-28.6544311532006	23.5685735389614	0	0	0	0	0	1.5	1.5	1.5	1.5	1.5	1.5
986.040849510915	0.100865969025584	-6.52032798355261	-28.4224647562287	23.5094518562185	0	0	0	0	0	1.5	1.5	1.5	1.5	1.5	1.5
986.280237918176	0.0922736703923266	-6.49721028822293	-28.1891375907543	23.4559477358581	0	0	0	0	0	1.5	1.5	1.5	1.5	1.5	1.5
986.519626325438	0.0836813717590689	-6.47614948957779	-27.9546846898754	23.4076100874068	0	0	0	0	0	1.5	1.5	1.5	1.5	1.5	1.5
986.7590147327	0.0837637320867918	-6.45648725492511	-27.7193039162895	23.3640111055525	0	0	0	0	0	1.5	1.5	1.5	1.5	1.5	1.5
986.998403139961	0.0888528957167686	-6.43582604512672	-27.4830956625007	23.3251468332281	0	0	0	0	0	1.5	1.5	1.5	1.5	1.5	1.5
987.237791547223	0.0939420593467454	-6.41394654855266	-27.2461147575918	23.2913152793923	0	0	0	0	0	1.5	1.5	1.5	1.5	1.5	1.5
987.477179954485	0.0990312229767221	-6.39084876520292	-27.0084335565523	23.2628212742444	0	0	0	0	0	1.5	1.5	1.5	1.5	1.5	1.5
987.716568361746	0.104120386606699	-6.36653269507751	-26.7701442744936	23.239969493811	0	0	0	0	0	1.5	1.5	1.5	1.5	1.5	1.5
987.955956769008	0.109209550236676	-6.34099833817643	-26.5313600868718	23.2230636505462	0	0	0	0	0	1.5	1.5	1.5	1.5	1.5	1.5
988.19534517627	0.111806522432684	-6.31435959983378	-26.2922163211237	23.2124020873087	0	0	0	0	0	1.5	1.5	1.5	1.5	1.5	1.5
988.434733583531	0.110369013047086	-6.28776647604828	-26.0528730988262	23.2081295835957	0	0	0	0	0	1.5	1.5	1.5	1.5	1.5	1.5
988.674121990793	0.108931503661487	-6.26151747534501	-25.8135003588113	23.2101815390732	0	0	0	0	0	1.5	1.5	1.5	1.5	1.5	1.5
988.913510398055	0.107493994275889	-6.23561259772399	-25.574262325473	23.2184742040743	0	0	0	0	0	1.5	1.5	1.5	1.5	1.5	1.5
989.152898805316	0.10605648489029	-6.21005184318521	-25.3353166905682	23.2329197231851	0	0	0	0	0	1.5	1.5	1.5	1.5	1.5	1.5
989.392287212578	0.10461897550469	-6.18483521172864	-25.0968146018026	23.2534264674438	0	0	0	0	0	1.5	1.5	1.5	1.5	1.5	1.5
989.63167561984	0.104011800881927	-6.15994992589057	-24.8589006810572	23.2798994877531	0	0	0	0	0	1.5	1.5	1.5	1.5	1.5	1.5
989.871064027102	0.109032839652964	-6.13444971730393	-24.6217254334483	23.3123279635373	0	0	0	0	0	1.5	1.5	1.5	1.5	1.5	1.5
990.110452434363	0.114053878424	-6.10774753024309	-24.3854779153552	23.3509351478435	0	0	0	0	0	1.5	1.5	1.5	1.5	1.5	1.5
990.349840841625	0.119074917195036	-6.07984336470805	-24.1503730595075	23.3959773259666	0	0	0	0	0	1.5	1.5	1.5	1.5	1.5	1.5
990.589229248887	0.124095955966073	-6.05073722069882	-23.9166481414238	23.4477018510125	0	0	0	0	0	1.5	1.5	1.5	1.5	1.5	1.5
990.828617656148	0.129116994737109	-6.02042909821538	-23.6845634004404	23.5063456554728	0	0	0	0	0	1.5	1.5	1.5	1.5	1.5	1.5
991.06800606341	0.134138033508145	-5.98891899725775	-23.454402566279	23.5721336361006	0	0	0	0	0	1.5	1.5	1.5	1.5	1.5	1.5
991.307394470672	0.127038939955674	-5.95747950910118	-23.2264453126949	23.6451923368682	0	0	0	0	0	1.5	1.5	1.5	1.5	1.5	1.5
991.546782877933	0.118243451384573	-5.92812062860504	-23.0008136771753	23.7251489380864	0	0	0	0	0	1.5	1.5	1.5	1.5	1.5	1.5
991.786171285195	0.109447962813472	-5.90086728610902	-22.7775342769668	23.8114598393765	0	0	0	0	0	1.5	1.5	1.5	1.5	1.5	1.5
992.025559692457	0.100652474242371	-5.87571948161313	-22.5565916303219	23.9035909199582	0	0	0	0	0	1.5	1.5	1.5	1.5	1.5	1.5
992.264948099718	0.0918569856712699	-5.85267721511736	-22.337931879378	24.0010187751734	0	0	0	0	0	1.5	1.5	1.5	1.5	1.5	1.5
992.50433650698	0.0830614971001689	-5.83174048662172	-22.1214663731574	24.1032313011765	0	0	0	0	0	1.5	1.5	1.5	1.5	1.5	1.5
992.743724914242	0.0801455937040115	-5.81246432606599	-21.9070852840173	24.2097479418766	0	0	0	0	0	1.5	1.5	1.5	1.5	1.5	1.5
992.983113321504	0.0806490934366547	-5.79321813404062	-21.6947891961722	24.32036173709	0	0	0	0	0	1.5	1.5	1.5	1.5	1.5	1.5
993.222501728765	0.0811525931692979	-5.77385141001619	-21.4846681413239	24.4350533265368	0	0	0	0	0	1.5	1.5	1.5	1.5	1.5	1.5
993.461890136027	0.0816560929019411	-5.75436415399271	-21.2768147486801	24.5538050136103	0	0	0	0	0	1.5	1.5	1.5	1.5	1.5	1.5
993.701278543289	0.0821595926345843	-5.73475636597018	-21.0713222594841	24.6765967494783	0	0	0	0	0	1.5	1.5	1.5	1.5	1.5	1.5
993.94066695055	0.0826630923672275	-5.71502804594859	-20.8682844734815	24.8034060879632	0	0	0	0	0	1.5	1.5	1.5	1.5	1.5	1.5
994.180055357812	0.0873473738993543	-5.69499599713505	-20.6677986540571	24.9342125992756	0	0	0	0	0	1.5	1.5	1.5	1.5	1.5	1.5
994.419443765074	0.0992709828284474	-5.67265886154362	-20.4701081162646	25.0692047376828	0	0	0	0	0	1.5	1.5	1.5	1.5	1.5	1.5
994.658832172335	0.111194591757535	-5.64746735220185	-20.2756821917558	25.2088555099423	0	0	0	0	0	1.5	1.5	1.5	1.5	1.5	1.5
994.898220579597	0.123118200686628	-5.61942146910973	-20.0850432334087	25.3536306466756	0	0	0	0	0	1.5	1.5	1.5	1.5	1.5	1.5
995.137608986859	0.135041809615721	-5.58852121226726	-19.8987547253828	25.5039597555339	0	0	0	0	0	1.5	1.5	1.5	1.5	1.5	1.5
995.37699739412	0.146965418544814	-5.55476658167444	-19.7174238542101	25.6602303000608	0	0	0	0	0	1.5	1.5	1.5	1.5	1.5	1.5
995.616385801382	0.156141527058345	-5.51820093209304	-19.5417030961811	25.8227806855787	0	0	0	0	0	1.5	1.5	1.5	1.5	1.5	1.5
995.855774208644	0.147224457724892	-5.48188978213573	-19.3720874729819	25.9916920624256	0	0	0	0	0	1.5	1.5	1.5	1.5	1.5	1.5
996.095162615905	0.138307388391439	-5.44771327520359	-19.2085280067207	26.1664763075931	0	0	0	0	0	1.5	1.5	1.5	1.5	1.5	1.5
996.334551023167	0.129390319057978	-5.4156714112966	-19.0508431586376	26.3465801527408	0	0	0	0	0	1.5	1.5	1.5	1.5	1.5	1.5
996.573939430429	0.120473249724525	-5.38576419041482	-18.8988108520941	26.5314820607775	0	0	0	0	0	1.5	1.5	1.5	1.5	1.5	1.5
996.813327837691	0.111556180391072	-5.35799161255821	-18.7521728276978	26.7206920382959	0	0	0	0	0	1.5	1.5	1.5	1.5	1.5	1.5
997.052716244952	0.102639111057619	-5.33235367772679	-18.6106387171119	26.9137510079914	0	0	0	0	0	1.5	1.5	1.5	1.5	1.5	1.5
997.292104652214	0.0990283864566708	-5.30829186022677	-18.4739221472229	27.1102519647677	0	0	0	0	0	1.5	1.5	1.5	1.5	1.5	1.5
997.531493059476	0.096145533578566	-5.28493067329865	-18.3419017597403	27.3099387710104	0	0	0	0	0	1.5	1.5	1.5	1.5	1.5	1.5
997.770881466737	0.0932626807004613	-5.26225960792938	-18.2145117814112	27.5126112862263	0	0	0	0	0	1.5	1.5	1.5	1.5	1.5	1.5
998.010269873999	0.0903798278223579	-5.24027866411898	-18.0916778844496	27.7180774292171	0	0	0	0	0	1.5	1.5	1.5	1.5	1.5	1.5
998.249658281261	0.0874969749442532	-5.21898784186743	-17.9733176836793	27.9261531549499	0	0	0	0	0	1.5	1.5	1.5	1.5	1.5	1.5
998.489046688522	0.0846141220661484	-5.19838714117474	-17.8593412942865	28.1366624551847	0	0	0	0	0	1.5	1.5	1.5	1.5	1.5	1.5
998.728435095784	0.079840943390775	-5.17861805522581	-17.7496455695003	28.3494341339325	0	0	0	0	0	1.5	1.5	1.5	1.5	1.5	1.5
998.967823503046	0.0739352800299881	-5.1602119326261	-17.6440347422708	28.5642632396656	0	0	0	0	0	1.5	1.5	1.5	1.5	1.5	1.5
999.207211910307	0.0680296166692012	-5.14321955737216	-17.5422423596362	28.7809282837355	0	0	0	0	0	1.5	1.5	1.5	1.5	1.5	1.5
999.446600317569	0.0621239533084143	-5.12764092946398	-17.4439916296896	28.9992226823046	0	0	0	0	0	1.5	1.5	1.5	1.5	1.5	1.5
999.685988724831	0.0562182899476218	-5.11347604890154	-17.3489978990791	29.2189544331629	0	0	0	0	0	1.5	1.5	1.5	1.5	1.5	1.5
999.925377132093	0.0503126265868349	-5.10072491568489	-17.2569696870966	29.4399450237081	0	0	0	0	0	1.5	1.5	1.5	1.5	1.5	1.5
1000.16476553935	0.0487066442473324	-5.08920067430628	-17.1676146584646	29.6620302830593	0	0	0	0	0	1.5	1.5	1.5	1.5	1.5	1.5
1000.40415394662	0.0546433799533474	-5.07683027546435	-17.0808824343161	29.8851526707278	0	0	0	0	0	1.5	1.5	1.5	1.5	1.5	1.5
1000.64354235388	0.0605801156593624	-5.06303869091743	-16.9970763392203	30.109390132921	0	0	0	0	0	1.5	1.5	1.5	1.5	1.5	1.5
1000.88293076114	0.0665168513653774	-5.04782592066551	-16.9165310125229	30.3348189565538	0	0	0	0	0	1.5	1.5	1.5	1.5	1.5	1.5
1001.1223191684	0.0724535870713924	-5.03119196470859	-16.8395854752943	30.5615012724471	0	0	0	0	0	1.5	1.5	1.5	1.5	1.5	1.5
1001.36170757566	0.0783903227774046	-5.01313682304668	-16.766583166969	30.7894835427846	0	0	0	0	0	1.5	1.5	1.5	1.5	1.5	1.5
1001.60109598292	0.0838900214079415	-4.99366575625026	-16.6978718280498	31.0187950121511	0	0	0	0	0	1.5	1.5	1.5	1.5	1.5	1.5
1001.84048439019	0.0854808860401265	-4.97339304036503	-16.6337501219683	31.2494316390748	0	0	0	0	0	1.5	1.5	1.5	1.5	1.5	1.5
1002.07987279745	0.0870717506723116	-4.95273948992933	-16.5743610977792	31.4813318681494	0	0	0	0	0	1.5	1.5	1.5	1.5	1.5	1.5
1002.31926120471	0.0886626153044967	-4.93170510494317	-16.519818381482	31.7144193811616	0	0	0	0	0	1.5	1.5	1.5	1.5	1.5	1.5
1002.55864961197	0.0902534799366817	-4.91028988540653	-16.470234848589	31.9486118077862	0	0	0	0	0	1.5	1.5	1.5	1.5	1.5	1.5
1002.79803801923	0.0918443445688668	-4.88849383131943	-16.4257224015113	32.1838206147889	0	0	0	0	0	1.5	1.5	1.5	1.5	1.5	1.5
1003.03742642649	0.0934352092010519	-4.86631694268186	-16.3863917352718	32.4199510015642	0	0	0	0	0	1.5	1.5	1.5	1.5	1.5	1.5
1003.27681483376	0.0890434489709771	-4.8443667822841	-16.3523113397692	32.6568962109346	0	0	0	0	0	1.5	1.5	1.5	1.5	1.5	1.5
1003.51620324102	0.0835830736408147	-4.82370438813452	-16.3232887211048	32.894514514471	0	0	0	0	0	1.5	1.5	1.5	1.5	1.5	1.5
1003.75559164828	0.0781226983106524	-4.80434914453828	-16.2990260033449	33.1326664426501	0	0	0	0	0	1.5	1.5	1.5	1.5	1.5	1.5
1003.99498005554	0.07266232298049	-4.78630105149537	-16.2792210668175	33.3712309377835	0	0	0	0	0	1.5	1.5	1.5	1.5	1.5	1.5
1004.2343684628	0.0672019476503277	-4.76956010900581	-16.2635686018088	33.6101042752459	0	0	0	0	0	1.5	1.5	1.5	1.5	1.5	1.5
1004.47375687006	0.0617415723201679	-4.75412631706959	-16.2517608188443	33.8491989178382	0	0	0	0	0	1.5	1.5	1.5	1.5	1.5	1.5
1004.71314527733	0.0583267873060228	-4.73985594494211	-16.2434947839611	34.0884425446765	0	0	0	0	0	1.5	1.5	1.5	1.5	1.5	1.5
1004.95253368459	0.0563510748004387	-4.72612966956319	-16.2385722874562	34.3277784566905	0	0	0	0	0	1.5	1.5	1.5	1.5	1.5	1.5
1005.19192209185	0.0543753622948547	-4.71287635685419	-16.2368787321676	34.5671591212377	0	0	0	0	0	1.5	1.5	1.5	1.5	1.5	1.5
1005.43131049911	0.0523996497892707	-4.7000960068151	-16.2383012108323	34.8065416729069	0	0	0	0	0	1.5	1.5	1.5	1.5	1.5	1.5
1005.67069890637	0.0504239372836866	-4.68778861944594	-16.2427262843234	35.0458876669783	0	0	0	0	0	1.5	1.5	1.5	1.5	1.5	1.5
1005.91008731363	0.0484482247781026	-4.67595419474669	-16.2500400917583	35.2851629245833	0	0	0	0	0	1.5	1.5	1.5	1.5	1.5	1.5
1006.1494757209	0.0474580938900164	-4.66455435723203	-16.260129445635	35.5243373290426	0	0	0	0	0	1.5	1.5	1.5	1.5	1.5	1.5
1006.38886412816	0.0485121148765189	-4.65306727952143	-16.2729442041636	35.7633811772015	0	0	0	0	0	1.5	1.5	1.5	1.5	1.5	1.5
1006.62825253542	0.0495661358630224	-4.64132788140565	-16.2885341054291	36.0022600301173	0	0	0	0	0	1.5	1.5	1.5	1.5	1.5	1.5
1006.86764094268	0.0506201568495249	-4.62933616288469	-16.3069572690981	36.2409370290868	0	0	0	0	0	1.5	1.5	1.5	1.5	1.5	1.5
1007.10702934994	0.0516741778360274	-4.61709212395856	-16.3282712628396	36.4793731992965	0	0	0	0	0	1.5	1.5	1.5	1.5	1.5	1.5
1007.34641775721	0.0527281988225299	-4.60459576462724	-16.3525330472201	36.717527413202	0	0	0	0	0	1.5	1.5	1.5	1.5	1.5	1.5
1007.58580616447	0.0539113463160429	-4.59184614431835	-16.3797989225244	36.9553563546564	0	0	0	0	0	1.5	1.5	1.5	1.5	1.5	1.5
1007.82519457173	0.0570872027213085	-4.57856026138715	-16.4101484365533	37.1928113472984	0	0	0	0	0	1.5	1.5	1.5	1.5	1.5	1.5
1008.06458297899	0.0602630591265757	-4.5645141152494	-16.4437400498737	37.4298292175406	0	0	0	0	0	1.5	1.5	1.5	1.5	1.5	1.5
1008.30397138625	0.0634389155318428	-4.5497077059051	-16.4807473009488	37.6663376231297	0	0	0	0	0	1.5	1.5	1.5	1.5	1.5	1.5
1008.54335979351	0.0666147719371099	-4.53414103335424	-16.5213418520582	37.902256538635	0	0	0	0	0	1.5	1.5	1.5	1.5	1.5	1.5
1008.78274820078	0.0697906283423771	-4.51781409759685	-16.5656931901443	38.1374978940322	0	0	0	0	0	1.5	1.5	1.5	1.5	1.5	1.5
1009.02213660804	0.0729664847476442	-4.5007268986329	-16.6139682977981	38.3719652246907	0	0	0	0	0	1.5	1.5	1.5	1.5	1.5	1.5
1009.2615250153	0.0706026516292388	-4.48341099139384	-16.6662981527449	38.6055609446974	0	0	0	0	0	1.5	1.5	1.5	1.5	1.5	1.5
1009.50091342256	0.0668682252827785	-4.46695652425942	-16.7225680228667	38.8382393025508	0	0	0	0	0	1.5	1.5	1.5	1.5	1.5	1.5
1009.74030182982	0.0631337989363182	-4.45139603550012	-16.7825551900129	39.0699874264965	0	0	0	0	0	1.5	1.5	1.5	1.5	1.5	1.5
1009.97969023708	0.0593993725898579	-4.43672952511593	-16.8460379695222	39.3008027616133	0	0	0	0	0	1.5	1.5	1.5	1.5	1.5	1.5
1010.21907864435	0.055664946243394	-4.42295699310685	-16.9127963748564	39.5306923415175	0	0	0	0	0	1.5	1.5	1.5	1.5	1.5	1.5
1010.45846705161	0.0519305198969337	-4.41007843947289	-16.9826122352123	39.7596721726224	0	0	0	0	0	1.5	1.5	1.5	1.5	1.5	1.5
1010.69785545887	0.0506992427293708	-4.39793216854108	-17.0552758978427	39.987764480866	0	0	0	0	0	1.5	1.5	1.5	1.5	1.5	1.5
1010.93724386613	0.0516030026636391	-4.38568718274912	-17.1307065446289	40.214956714469	0	0	0	0	0	1.5	1.5	1.5	1.5	1.5	1.5
1011.17663227339	0.052506762597907	-4.37322584730595	-17.2089378894575	40.4411997798748	0	0	0	0	0	1.5	1.5	1.5	1.5	1.5	1.5
1011.41602068065	0.0534105225321752	-4.36054816221156	-17.2900067256614	40.6664416183093	0	0	0	0	0	1.5	1.5	1.5	1.5	1.5	1.5
1011.65540908792	0.0543142824664435	-4.34765412746596	-17.3739487482386	40.8906284877067	0	0	0	0	0	1.5	1.5	1.5	1.5	1.5	1.5
1011.89479749518	0.0552180424007118	-4.33454374306915	-17.4607984975719	41.1137049538301	0	0	0	0	0	1.5	1.5	1.5	1.5	1.5	1.5
1012.13418590244	0.0555513300252792	-4.32123588380226	-17.5505889165516	41.3356140414953	0	0	0	0	0	1.5	1.5	1.5	1.5	1.5	1.5
1012.3735743097	0.0543913245301459	-4.30807638532019	-17.6433154644728	41.5563124099624	0	0	0	0	0	1.5	1.5	1.5	1.5	1.5	1.5
1012.61296271696	0.0532313190350126	-4.29519457870601	-17.7389077365753	41.7757848104634	0	0	0	0	0	1.5	1.5	1.5	1.5	1.5	1.5
1012.85235112422	0.0520713135398793	-4.28259046395973	-17.8372889289915	41.9940213606642	0	0	0	0	0	1.5	1.5	1.5	1.5	1.5	1.5
1013.09173953149	0.050911308044746	-4.27026404108134	-17.9383828141023	42.2110147023108	0	0	0	0	0	1.5	1.5	1.5	1.5	1.5	1.5
1013.33112793875	0.0497513025496127	-4.25821531007085	-18.0421137780457	42.4267599302293	0	0	0	0	0	1.5	1.5	1.5	1.5	1.5	1.5
1013.57051634601	0.0486089661503042	-4.24644423971189	-18.148406854651	42.6412545215456	0	0	0	0	0	1.5	1.5	1.5	1.5	1.5	1.5
1013.80990475327	0.0486460309773661	-4.23480338028157	-18.2571983824242	42.854492805828	0	0	0	0	0	1.5	1.5	1.5	1.5	1.5	1.5
1014.04929316053	0.0486830958044281	-4.22315364796134	-18.3684656993412	43.066449748621	0	0	0	0	0	1.5	1.5	1.5	1.5	1.5	1.5
1014.28868156779	0.04872016063149	-4.21149504275119	-18.4821955852857	43.2770955970667	0	0	0	0	0	1.5	1.5	1.5	1.5	1.5	1.5
1014.52806997506	0.048757225458552	-4.19982756465113	-18.5983744507822	43.4864007108311	0	0	0	0	0	1.5	1.5	1.5	1.5	1.5	1.5
1014.76745838232	0.0487942902856139	-4.18815121366115	-18.7169883375454	43.6943355667688	0	0	0	0	0	1.5	1.5	1.5	1.5	1.5	1.5
1015.00684678958	0.0488313551126759	-4.17646598978126	-18.8380229190894	43.9008707635935	0	0	0	0	0	1.5	1.5	1.5	1.5	1.5	1.5
1015.24623519684	0.0475309982490229	-4.16489200365311	-18.9614573534273	44.1059807569948	0	0	0	0	0	1.5	1.5	1.5	1.5	1.5	1.5
1015.4856236041	0.0457855679240475	-4.15372255157946	-19.0872173881274	44.3096732394488	0	0	0	0	0	1.5	1.5	1.5	1.5	1.5	1.5
1015.72501201136	0.0440401375990722	-4.14297093529129	-19.2152024514775	44.5119751945464	0	0	0	0	0	1.5	1.5	1.5	1.5	1.5	1.5
1015.96440041863	0.0422947072740968	-4.13263715478861	-19.3453132189698	44.7129166978083	0	0	0	0	0	1.5	1.5	1.5	1.5	1.5	1.5
1016.20378882589	0.0405492769491214	-4.1227212100714	-19.4774518344435	44.9125306408518	0	0	0	0	0	1.5	1.5	1.5	1.5	1.5	1.5
1016.44317723315	0.0388038466241461	-4.11322310113968	-19.6115218972793	45.1108525936117	0	0	0	0	0	1.5	1.5	1.5	1.5	1.5	1.5
1016.68256564041	0.0371263301330464	-4.10413885828795	-19.7474285707799	45.3079205808935	0	0	0	0	0	1.5	1.5	1.5	1.5	1.5	1.5
1016.92195404767	0.035519969127004	-4.09544351735128	-19.8850815027707	45.5037728690068	0	0	0	0	0	1.5	1.5	1.5	1.5	1.5	1.5
1017.16134245493	0.0339136081209632	-4.08713272061735	-20.0243948218672	45.6984476716836	0	0	0	0	0	1.5	1.5	1.5	1.5	1.5	1.5
1017.4007308622	0.0323072471149223	-4.07920646808613	-20.1652840413603	45.8919851030075	0	0	0	0	0	1.5	1.5	1.5	1.5	1.5	1.5
1017.64011926946	0.0307008861088815	-4.07166475975765	-20.3076658823402	46.0844271702837	0	0	0	0	0	1.5	1.5	1.5	1.5	1.5	1.5
1017.87950767672	0.0290945251028414	-4.06450759563188	-20.4514582398489	46.2758176685158	0	0	0	0	0	1.5	1.5	1.5	1.5	1.5	1.5
1018.11889608398	0.0276108831861629	-4.05773170798855	-20.5965801915033	46.4662020416595	0	0	0	0	0	1.5	1.5	1.5	1.5	1.5	1.5
1018.35828449124	0.0265561580420682	-4.05124822712569	-20.7429593355482	46.6556215627541	0	0	0	0	0	1.5	1.5	1.5	1.5	1.5	1.5
1018.5976728985	0.0255014328979736	-4.04501723523518	-20.8905397179856	46.8441067208792	0	0	0	0	0	1.5	1.5	1.5	1.5	1.5	1.5
1018.83706130577	0.0244467077538789	-4.03903873231702	-21.0392680166596	47.0316874555223	0	0	0	0	0	1.5	1.5	1.5	1.5	1.5	1.5
1019.07644971303	0.0233919826097843	-4.0333127183712	-21.1890915515665	47.2183946094739	0	0	0	0	0	1.5	1.5	1.5	1.5	1.5	1.5
1019.31583812029	0.0223372574656896	-4.02783919339772	-21.33995826677	47.404259885135	0	0	0	0	0	1.5	1.5	1.5	1.5	1.5	1.5
1019.55522652755	0.021282532321595	-4.02261815739659	-21.4918167111927	47.5893158015646	0	0	0	0	0	1.5	1.5	1.5	1.5	1.5	1.5
1019.79461493481	0.0194547069790795	-4.0177383160489	-21.6446108004567	47.7735999899114	0	0	0	0	0	1.5	1.5	1.5	1.5	1.5	1.5
1020.03400334207	0.0175935024804066	-4.0133038601217	-21.7982615098265	47.9571706169655	0	0	0	0	0	1.5	1.5	1.5	1.5	1.5	1.5
1020.27339174934	0.0157322979817338	-4.00931495497502	-21.9526840191499	48.1400925187269	0	0	0	0	0	1.5	1.5	1.5	1.5	1.5	1.5
1020.5127801566	0.0138710934830592	-4.00577160060887	-22.1077943610089	48.3224315748971	0	0	0	0	0	1.5	1.5	1.5	1.5	1.5	1.5
1020.75216856386	0.0120098889843863	-4.00267379702324	-22.2635093370478	48.5042545930342	0	0	0	0	0	1.5	1.5	1.5	1.5	1.5	1.5
1020.99155697112	0.0101486844857143	-4.00002154421815	-22.4197464317948	48.6856291947484	0	0	0	0	0	1.5	1.5	1.5	1.5	1.5	1.5
1021.23094537838	0.0114334327265979	-3.99755407739958	-22.576434611938	48.8666142637997	0	0	0	0	0	1.5	1.5	1.5	1.5	1.5	1.5
1021.47033378565	0.0141150798384598	-3.99449606853415	-22.7336184956452	49.0471689412326	0	0	0	0	0	1.5	1.5	1.5	1.5	1.5	1.5
1021.70972219291	0.0167967269503218	-3.99079610443778	-22.8914115441552	49.2271914341722	0	0	0	0	0	1.5	1.5	1.5	1.5	1.5	1.5
1021.94911060017	0.0194783740621837	-3.98645418511046	-23.049927140972	49.4065779582872	0	0	0	0	0	1.5	1.5	1.5	1.5	1.5	1.5
1022.18849900743	0.0221600211740456	-3.98147031055219	-23.209277432614	49.5852233484652	0	0	0	0	0	1.5	1.5	1.5	1.5	1.5	1.5
1022.42788741469	0.0248416682859076	-3.97584448076298	-23.3695731195367	49.763020848746	0	0	0	0	0	1.5	1.5	1.5	1.5	1.5	1.5
1022.66727582195	0.0248437213186277	-3.96971390335501	-23.5309197897365	49.9398650723318	0	0	0	0	0	1.5	1.5	1.5	1.5	1.5	1.5
1022.90666422922	0.0212616398284059	-3.9641953588694	-23.6933071625727	50.1157542567052	0	0	0	0	0	1.5	1.5	1.5	1.5	1.5	1.5
1023.14605263648	0.0176795583381842	-3.95953432316642	-23.856587726561	50.2908147123943	0	0	0	0	0	1.5	1.5	1.5	1.5	1.5	1.5
1023.38544104374	0.0140974768479624	-3.95573079624607	-24.0206077806811	50.4651826057463	0	0	0	0	0	1.5	1.5	1.5	1.5	1.5	1.5
1023.624829451	0.0105153953577407	-3.95278477810834	-24.1852153913372	50.6389960187488	0	0	0	0	0	1.5	1.5	1.5	1.5	1.5	1.5
1023.86421785826	0.00693331386751558	-3.95069626875323	-24.3502600438947	50.8123945519163	0	0	0	0	0	1.5	1.5	1.5	1.5	1.5	1.5
1024.10360626552	0.00449777458533121	-3.94944305510952	-24.5155924950578	50.9855187349684	0	0	0	0	0	1.5	1.5	1.5	1.5	1.5	1.5
1024.34299467279	0.00799913937463616	-3.94794724694524	-24.681140026128	51.1584372526201	0	0	0	0	0	1.5	1.5	1.5	1.5	1.5	1.5
1024.58238308005	0.0115005041639411	-3.9456132526408	-24.8470183531726	51.3310384231758	0	0	0	0	0	1.5	1.5	1.5	1.5	1.5	1.5
1024.82177148731	0.0150018689532461	-3.94244107219621	-25.0133712050937	51.5031822295641	0	0	0	0	0	1.5	1.5	1.5	1.5	1.5	1.5
1025.06115989457	0.018503233742551	-3.93843070561147	-25.1803411565479	51.6747274655258	0	0	0	0	0	1.5	1.5	1.5	1.5	1.5	1.5
1025.30054830183	0.0220045985318559	-3.93358215288657	-25.3480692683417	51.8455313815327	0	0	0	0	0	1.5	1.5	1.5	1.5	1.5	1.5
1025.53993670909	0.0255059633211609	-3.92789541402152	-25.5166947213966	52.0154493370892	0	0	0	0	0	1.5	1.5	1.5	1.5	1.5	1.5
1025.77932511636	0.0253707053039039	-3.92176052390652	-25.6863348017423	52.1843542591196	0	0	0	0	0	1.5	1.5	1.5	1.5	1.5	1.5
1026.01871352362	0.0248135642326091	-3.91575375772955	-25.8569975640057	52.3522258135841	0	0	0	0	0	1.5	1.5	1.5	1.5	1.5	1.5
1026.25810193088	0.0242564231613142	-3.90988036466626	-26.0286544912671	52.519080673003	0	0	0	0	0	1.5	1.5	1.5	1.5	1.5	1.5
1026.49749033814	0.0236992820900193	-3.90414034471664	-26.20127740748	52.6849359743461	0	0	0	0	0	1.5	1.5	1.5	1.5	1.5	1.5
1026.7368787454	0.0231421410187244	-3.89853369788071	-26.3748385039341	52.849809274823	0	0	0	0	0	1.5	1.5	1.5	1.5	1.5	1.5
1026.97626715266	0.0225849999474296	-3.89306042415845	-26.5493103346057	53.0137185386604	0	0	0	0	0	1.5	1.5	1.5	1.5	1.5	1.5
1027.21565555993	0.021275254236633	-3.88777740799481	-26.7246638637455	53.1766842272659	0	0	0	0	0	1.5	1.5	1.5	1.5	1.5	1.5
1027.45504396719	0.0195262857333524	-3.88289370016119	-26.9008447519793	53.338755169259	0	0	0	0	0	1.5	1.5	1.5	1.5	1.5	1.5
1027.69443237445	0.0177773172300735	-3.87842867511192	-27.0777813205362	53.5000008359197	0	0	0	0	0	1.5	1.5	1.5	1.5	1.5	1.5
1027.93382078171	0.0160283487267947	-3.874382332847	-27.2554025217106	53.6604920824752	0	0	0	0	0	1.5	1.5	1.5	1.5	1.5	1.5
1028.17320918897	0.0142793802235158	-3.87075467336644	-27.4336382427687	53.8203006379727	0	0	0	0	0	1.5	1.5	1.5	1.5	1.5	1.5
1028.41259759623	0.0125304117202369	-3.86754569667022	-27.6124192192289	53.9794990135823	0	0	0	0	0	1.5	1.5	1.5	1.5	1.5	1.5
1028.6519860035	0.0128457860653318	-3.86466509110137	-27.7916786899694	54.1381584382761	0	0	0	0	0	1.5	1.5	1.5	1.5	1.5	1.5
1028.89137441076	0.016744795130163	-3.8611232700502	-27.9714342783177	54.2962554907863	0	0	0	0	0	1.5	1.5	1.5	1.5	1.5	1.5
1029.13076281802	0.0206438041949942	-3.85664807142911	-28.1518220981466	54.4536306739544	0	0	0	0	0	1.5	1.5	1.5	1.5	1.5	1.5
1029.37015122528	0.0245428132598254	-3.85123949523808	-28.332985372873	54.6101124225843	0	0	0	0	0	1.5	1.5	1.5	1.5	1.5	1.5
1029.60953963254	0.0284418223246566	-3.84489754147713	-28.5150648040822	54.7655270233064	0	0	0	0	0	1.5	1.5	1.5	1.5	1.5	1.5
1029.8489280398	0.0323408313894878	-3.83762221014624	-28.6981980722234	54.9196982358896	0	0	0	0	0	1.5	1.5	1.5	1.5	1.5	1.5
1030.08831644707	0.0359149439716622	-3.82941740420152	-28.8825193058485	55.0724469529556	0	0	0	0	0	1.5	1.5	1.5	1.5	1.5	1.5
1030.32770485433	0.0365767534666537	-3.8207405682068	-29.0681327093296	55.223622726272	0	0	0	0	0	1.5	1.5	1.5	1.5	1.5	1.5
1030.56709326159	0.0372385629616458	-3.81190530269115	-29.255062661733	55.3731674675194	0	0	0	0	0	1.5	1.5	1.5	1.5	1.5	1.5
1030.80648166885	0.0379003724566385	-3.80291160765458	-29.4433182605481	55.5210398880921	0	0	0	0	0	1.5	1.5	1.5	1.5	1.5	1.5
1031.04587007611	0.0385621819516306	-3.79375948309711	-29.6329077030496	55.6671982023074	0	0	0	0	0	1.5	1.5	1.5	1.5	1.5	1.5
1031.28525848337	0.0392239914466227	-3.78444892901871	-29.823838261987	55.811600131718	0	0	0	0	0	1.5	1.5	1.5	1.5	1.5	1.5
1031.52464689064	0.0398858009416149	-3.7749799454194	-30.0161162610027	55.9542029102317	0	0	0	0	0	1.5	1.5	1.5	1.5	1.5	1.5
1031.7640352979	0.0384928408242506	-3.76555822696233	-30.209739008466	56.0949744157528	0	0	0	0	0	1.5	1.5	1.5	1.5	1.5	1.5
1032.00342370516	0.0366978132031941	-3.75655834150803	-30.4046506942801	56.2339559161032	0	0	0	0	0	1.5	1.5	1.5	1.5	1.5	1.5
1032.24281211242	0.0349027855821376	-3.74798816485693	-30.6007758616039	56.3712198134109	0	0	0	0	0	1.5	1.5	1.5	1.5	1.5	1.5
1032.48220051968	0.033107757961081	-3.73984769700902	-30.7980411128519	56.5068402901237	0	0	0	0	0	1.5	1.5	1.5	1.5	1.5	1.5
1032.72158892694	0.0313127303400245	-3.73213693796431	-30.9963750889988	56.6408931136214	0	0	0	0	0	1.5	1.5	1.5	1.5	1.5	1.5
1032.96097733421	0.029517702718968	-3.7248558877228	-31.1957083843957	56.7734555279507	0	0	0	0	0	1.5	1.5	1.5	1.5	1.5	1.5
1033.20036574147	0.0307195845089453	-3.7177994343322	-31.3959785659054	56.9045983075871	0	0	0	0	0	1.5	1.5	1.5	1.5	1.5	1.5
1033.43975414873	0.0341657405953367	-3.71003303701652	-31.5972097720445	57.0342614214859	0	0	0	0	0	1.5	1.5	1.5	1.5	1.5	1.5
1033.67914255599	0.0376118966817282	-3.70144166988414	-31.799494621401	57.1622742985982	0	0	0	0	0	1.5	1.5	1.5	1.5	1.5	1.5
1033.91853096325	0.0410580527681196	-3.69202533293506	-32.0029237387701	57.2884605904356	0	0	0	0	0	1.5	1.5	1.5	1.5	1.5	1.5
1034.15791937051	0.0445042088545111	-3.68178402616928	-32.2075831343298	57.4126412668939	0	0	0	0	0	1.5	1.5	1.5	1.5	1.5	1.5
1034.39730777778	0.0479503649409058	-3.6707177495868	-32.4135537344131	57.534634449298	0	0	0	0	0	1.5	1.5	1.5	1.5	1.5	1.5
1034.63669618504	0.0495145317196599	-3.65889563673781	-32.6209100627686	57.65425673567	0	0	0	0	0	1.5	1.5	1.5	1.5	1.5	1.5
1034.8760845923	0.0468284559992236	-3.64736393954738	-32.829660220309	57.7714298817952	0	0	0	0	0	1.5	1.5	1.5	1.5	1.5	1.5
1035.11547299956	0.0441423802787873	-3.63647525774545	-33.0397108931784	57.8862556546873	0	0	0	0	0	1.5	1.5	1.5	1.5	1.5	1.5
1035.35486140682	0.041456304558351	-3.62622959133202	-33.2509633194552	57.9988554796579	0	0	0	0	0	1.5	1.5	1.5	1.5	1.5	1.5
1035.59424981409	0.0387702288379147	-3.61662694030709	-33.4633228959249	58.1093533503248	0	0	0	0	0	1.5	1.5	1.5	1.5	1.5	1.5
1035.83363822135	0.0360841531174784	-3.60766730467066	-33.6766989641422	58.2178756045058	0	0	0	0	0	1.5	1.5	1.5	1.5	1.5	1.5
1036.07302662861	0.033441586197272	-3.59935044868741	-33.8910045886702	58.3245507116558	0	0	0	0	0	1.5	1.5	1.5	1.5	1.5	1.5
1036.31241503587	0.0317166859385804	-3.59155138119415	-34.1061609048541	58.4294996451826	0	0	0	0	0	1.5	1.5	1.5	1.5	1.5	1.5
1036.55180344313	0.0299917856798889	-3.5841652348265	-34.3221079041991	58.5328119990432	0	0	0	0	0	1.5	1.5	1.5	1.5	1.5	1.5
1036.79119185039	0.0282668854211989	-3.57719200958447	-34.538791135162	58.6345712970035	0	0	0	0	0	1.5	1.5	1.5	1.5	1.5	1.5
1037.03058025765	0.0265419851625073	-3.57063170546805	-34.7561580318592	58.7348620553479	0	0	0	0	0	1.5	1.5	1.5	1.5	1.5	1.5
1037.26996866492	0.0248170849038157	-3.56448432247724	-34.9741578160393	58.8337697049266	0	0	0	0	0	1.5	1.5	1.5	1.5	1.5	1.5
1037.50935707218	0.0230921846451241	-3.55874986061204	-35.192741397029	58.9313805168257	0	0	0	0	0	1.5	1.5	1.5	1.5	1.5	1.5
1037.74874547944	0.0277721140244705	-3.55283106939642	-35.4118761605252	59.0277475191949	0	0	0	0	0	1.5	1.5	1.5	1.5	1.5	1.5
1037.9881338867	0.0342683487660972	-3.54540518560981	-35.631646903614	59.1226546658109	0	0	0	0	0	1.5	1.5	1.5	1.5	1.5	1.5
1038.22752229396	0.040764583507724	-3.53642417853521	-35.8521885742408	59.2157556629425	0	0	0	0	0	1.5	1.5	1.5	1.5	1.5	1.5
1038.46691070123	0.0472608182493508	-3.52588804817261	-36.0736279819054	59.3066999752329	0	0	0	0	0	1.5	1.5	1.5	1.5	1.5	1.5
1038.70629910849	0.0537570529909775	-3.51379679452202	-36.296081785464	59.3951330937132	0	0	0	0	0	1.5	1.5	1.5	1.5	1.5	1.5
1038.94568751575	0.0602532877326043	-3.50015041758343	-36.5196547945811	59.4806961091768	0	0	0	0	0	1.5	1.5	1.5	1.5	1.5	1.5
1039.18507592301	0.0603935857689927	-3.48534218391919	-36.7444327454987	59.563040641916	0	0	0	0	0	1.5	1.5	1.5	1.5	1.5	1.5
1039.42446433027	0.0545943479475767	-3.47157879476583	-36.9703735946179	59.6421395511558	0	0	0	0	0	1.5	1.5	1.5	1.5	1.5	1.5
1039.66385273753	0.0487951101261607	-3.45920367591787	-37.1973292255066	59.7182790260824	0	0	0	0	0	1.5	1.5	1.5	1.5	1.5	1.5
1039.9032411448	0.0429958723047446	-3.44821682737531	-37.4251590446645	59.7917624012086	0	0	0	0	0	1.5	1.5	1.5	1.5	1.5	1.5
1040.14262955206	0.0371966344833286	-3.43861824913815	-37.6537333979265	59.8628970230476	0	0	0	0	0	1.5	1.5	1.5	1.5	1.5	1.5
1040.38201795932	0.0313973966619126	-3.43040794120639	-37.8829323314469	59.9319935955727	0	0	0	0	0	1.5	1.5	1.5	1.5	1.5	1.5
1040.62140636658	0.0266742480609389	-3.42355321754695	-38.1126445120038	59.9993649567275	0	0	0	0	0	1.5	1.5	1.5	1.5	1.5	1.5
1040.86079477384	0.0251154164843028	-3.41735429489289	-38.3427869192378	60.0652519691348	0	0	0	0	0	1.5	1.5	1.5	1.5	1.5	1.5
1041.1001831811	0.0235565849076666	-3.41152853844716	-38.5733213426704	60.1297541167959	0	0	0	0	0	1.5	1.5	1.5	1.5	1.5	1.5
1041.33957158837	0.021997753331029	-3.40607594820975	-38.8042158779377	60.1929552332656	0	0	0	0	0	1.5	1.5	1.5	1.5	1.5	1.5
1041.57895999563	0.0204389217543929	-3.40099652418066	-39.0354400656201	60.2549395969282	0	0	0	0	0	1.5	1.5	1.5	1.5	1.5	1.5
1041.81834840289	0.0188800901777567	-3.39629026635989	-39.2669647992153	60.3157918892479	0	0	0	0	0	1.5	1.5	1.5	1.5	1.5	1.5
1042.05773681015	0.0173212586011206	-3.39195717474744	-39.498762232293	60.3755971555237	0	0	0	0	0	1.5	1.5	1.5	1.5	1.5	1.5
1042.29712521741	0.0164196845727032	-3.38791953659979	-39.7308071846048	60.4344348286674	0	0	0	0	0	1.5	1.5	1.5	1.5	1.5	1.5
1042.53651362467	0.0155262058792245	-3.38409579868287	-39.9630816322125	60.4923599587298	0	0	0	0	0	1.5	1.5	1.5	1.5	1.5	1.5
1042.77590203194	0.0146327271857458	-3.3804859492073	-40.1955697861025	60.549421378253	0	0	0	0	0	1.5	1.5	1.5	1.5	1.5	1.5
1043.0152904392	0.0137392484922671	-3.37708998817308	-40.4282564085046	60.6056680688964	0	0	0	0	0	1.5	1.5	1.5	1.5	1.5	1.5
1043.25467884646	0.0128457697987884	-3.37390791558023	-40.661126781978	60.6611491497311	0	0	0	0	0	1.5	1.5	1.5	1.5	1.5	1.5
1043.49406725372	0.0119522911053106	-3.37093973142872	-40.8941666783428	60.7159138660779	0	0	0	0	0	1.5	1.5	1.5	1.5	1.5	1.5
1043.73345566098	0.00933480152340839	-3.36833456092023	-41.1273603910961	60.7700199574722	0	0	0	0	0	1.5	1.5	1.5	1.5	1.5	1.5
1043.97284406824	0.00605569834026349	-3.36649240729557	-41.3606743540791	60.8236052908519	0	0	0	0	0	1.5	1.5	1.5	1.5	1.5	1.5
1044.21223247551	0.00277659515711859	-3.36543523295916	-41.5940657747372	60.8768523462463	0	0	0	0	0	1.5	1.5	1.5	1.5	1.5	1.5
1044.45162088277	-0.000502508026026308	-3.36516303791102	-41.8274925464879	60.9299442604937	0	0	0	0	0	1.5	1.5	1.5	1.5	1.5	1.5
1044.69100929003	-0.00378161120917432	-3.36567582215114	-42.0609129280428	60.9830642539182	0	0	0	0	0	1.5	1.5	1.5	1.5	1.5	1.5
1044.93039769729	-0.00706071439231922	-3.36697358567951	-42.2942851119949	61.0363955317641	0	0	0	0	0	1.5	1.5	1.5	1.5	1.5	1.5
1045.16978610455	-0.00851127817275959	-3.36895636082619	-42.5275676140322	61.0901176354352	0	0	0	0	0	1.5	1.5	1.5	1.5	1.5	1.5
1045.40917451181	-0.00778704393251538	-3.3709071755111	-42.7607415632241	61.1443089702856	0	0	0	0	0	1.5	1.5	1.5	1.5	1.5	1.5
1045.64856291908	-0.00706280969227118	-3.37268461691475	-42.9938140940282	61.1989348782967	0	0	0	0	0	1.5	1.5	1.5	1.5	1.5	1.5
1045.88795132634	-0.00633857545202697	-3.37428868503715	-43.2267939384168	61.2539547778773	0	0	0	0	0	1.5	1.5	1.5	1.5	1.5	1.5
1046.1273397336	-0.00561434121178277	-3.37571937987829	-43.4596900335546	61.3093281344975	0	0	0	0	0	1.5	1.5	1.5	1.5	1.5	1.5
1046.36672814086	-0.00489010697153856	-3.37697670143818	-43.6925115006436	61.3650144563545	0	0	0	0	0	1.5	1.5	1.5	1.5	1.5	1.5
1046.60611654812	-0.00469999953736702	-3.37807284666764	-43.925267580312	61.4209734703946	0	0	0	0	0	1.5	1.5	1.5	1.5	1.5	1.5
1046.84550495538	-0.00677545948059892	-3.37944639259609	-44.1579572166918	61.4772081005023	0	0	0	0	0	1.5	1.5	1.5	1.5	1.5	1.5
1047.08489336265	-0.00885091942383081	-3.38131677957469	-44.3905553207309	61.5338200674566	0	0	0	0	0	1.5	1.5	1.5	1.5	1.5	1.5
1047.32428176991	-0.0109263793670627	-3.38368400760344	-44.6230329324989	61.5909247325651	0	0	0	0	0	1.5	1.5	1.5	1.5	1.5	1.5
1047.56367017717	-0.0130018393102946	-3.38654807668233	-44.8553603582812	61.6486372751147	0	0	0	0	0	1.5	1.5	1.5	1.5	1.5	1.5
1047.80305858443	-0.0150772992535265	-3.38990898681137	-45.0875069994031	61.7070726461157	0	0	0	0	0	1.5	1.5	1.5	1.5	1.5	1.5
1048.04244699169	-0.0171527591967584	-3.39376673799055	-45.3194411816307	61.7663455198011	0	0	0	0	0	1.5	1.5	1.5	1.5	1.5	1.5
1048.28183539895	-0.0170999234401599	-3.39788569803855	-45.5511343792751	61.8265534148221	0	0	0	0	0	1.5	1.5	1.5	1.5	1.5	1.5
1048.52122380622	-0.016874458446111	-3.40195223462227	-45.7825791805617	61.887709236428	0	0	0	0	0	1.5	1.5	1.5	1.5	1.5	1.5
1048.76061221348	-0.0166489934520621	-3.40596479750018	-46.0137750563869	61.9497994904355	0	0	0	0	0	1.5	1.5	1.5	1.5	1.5	1.5
1049.00000062074	-0.0164235284580132	-3.40992338667227	-46.24472163533	62.0128106987274	0	0	0	0	0	1.5	1.5	1.5	1.5	1.5	1.5
1049.239389028	-0.0161980634639643	-3.41382800213854	-46.4754186990525	62.0767294089186	0	0	0	0	0	1.5	1.5	1.5	1.5	1.5	1.5
1049.47877743526	-0.0159725984699154	-3.417678643899	-46.7058661800169	62.1415421949933	0	0	0	0	0	1.5	1.5	1.5	1.5	1.5	1.5
1049.71816584252	-0.0201632383266189	-3.4218238892705	-46.9360591012528	62.2072532896435	0	0	0	0	0	1.5	1.5	1.5	1.5	1.5	1.5
1049.95755424979	-0.0266343485200545	-3.42742528915995	-47.1659313204921	62.2740771052009	0	0	0	0	0	1.5	1.5	1.5	1.5	1.5	1.5
1050.19694265705	-0.0331054587134962	-3.43457579781183	-47.3953726157207	62.3423651510862	0	0	0	0	0	1.5	1.5	1.5	1.5	1.5	1.5
1050.43633106431	-0.0395765689069379	-3.44327541522613	-47.6242652901986	62.4124692984717	0	0	0	0	0	1.5	1.5	1.5	1.5	1.5	1.5
1050.67571947157	-0.0460476791003797	-3.45352414140286	-47.8524832441415	62.484738747285	0	0	0	0	0	1.5	1.5	1.5	1.5	1.5	1.5
1050.91510787883	-0.0525187892938214	-3.46532197634201	-48.0798903786564	62.5595193584693	0	0	0	0	0	1.5	1.5	1.5	1.5	1.5	1.5
1051.15449628609	-0.0593303224624012	-3.47868497556322	-48.3063388608415	62.6371533859684	0	0	0	0	0	1.5	1.5	1.5	1.5	1.5	1.5
1051.39388469336	-0.0666653784189261	-3.49376593064112	-48.5316608245346	62.7179972839413	0	0	0	0	0	1.5	1.5	1.5	1.5	1.5	1.5
1051.63327310062	-0.0740004343754579	-3.51060281308165	-48.7556634460163	62.8024264322688	0	0	0	0	0	1.5	1.5	1.5	1.5	1.5	1.5
1051.87266150788	-0.0813354903319827	-3.52919562288476	-48.9781347728207	62.890810068631	0	0	0	0	0	1.5	1.5	1.5	1.5	1.5	1.5
1052.11204991514	-0.0886705462885075	-3.54954436005049	-49.1988425124523	62.9835081028896	0	0	0	0	0	1.5	1.5	1.5	1.5	1.5	1.5
1052.3514383224	-0.0960056022450323	-3.57164902457882	-49.4175323265643	63.0808694972302	0	0	0	0	0	1.5	1.5	1.5	1.5	1.5	1.5
1052.59082672967	-0.102026152682035	-3.5954878223474	-49.6339263410853	63.183230242865	0	0	0	0	0	1.5	1.5	1.5	1.5	1.5	1.5
1052.83021513693	-0.0998713757964466	-3.61965378623367	-49.8477819304222	63.2907932828552	0	0	0	0	0	1.5	1.5	1.5	1.5	1.5	1.5
1053.06960354419	-0.0977165989108582	-3.64330392151329	-50.0590052428616	63.4034380817992	0	0	0	0	0	1.5	1.5	1.5	1.5	1.5	1.5
1053.30899195145	-0.0955618220252699	-3.66643822818627	-50.2675362056245	63.520992712757	0	0	0	0	0	1.5	1.5	1.5	1.5	1.5	1.5
1053.54838035871	-0.0934070451396816	-3.6890567062526	-50.4733238166389	63.6432867254709	0	0	0	0	0	1.5	1.5	1.5	1.5	1.5	1.5
1053.78776876597	-0.0912522682540933	-3.71115935571228	-50.6763258433572	63.7701514317614	0	0	0	0	0	1.5	1.5	1.5	1.5	1.5	1.5
1054.02715717324	-0.0890974913685049	-3.73274617656532	-50.8765085189557	63.9014201659073	0	0	0	0	0	1.5	1.5	1.5	1.5	1.5	1.5
1054.2665455805	-0.0893036068754084	-3.75406669488225	-51.0738361985405	64.0369429548568	0	0	0	0	0	1.5	1.5	1.5	1.5	1.5	1.5
1054.50593398776	-0.0898225109142022	-3.77550705290057	-51.268221701873	64.17665297734	0	0	0	0	0	1.5	1.5	1.5	1.5	1.5	1.5
1054.74532239502	-0.090341414952996	-3.79707163053025	-51.4595583479105	64.3205101171027	0	0	0	0	0	1.5	1.5	1.5	1.5	1.5	1.5
1054.98471080228	-0.0908603189917898	-3.8187604277713	-51.6477392973054	64.4684712383623	0	0	0	0	0	1.5	1.5	1.5	1.5	1.5	1.5
1055.22409920954	-0.0913792230305841	-3.84057344462373	-51.8326576575939	64.6204901100284	0	0	0	0	0	1.5	1.5	1.5	1.5	1.5	1.5
1055.46348761681	-0.0918981270693779	-3.86251068108752	-52.0142065679975	64.7765173656375	0	0	0	0	0	1.5	1.5	1.5	1.5	1.5	1.5
1055.70287602407	-0.0907148695695839	-3.88444464196738	-52.1922835769912	64.9364957615683	0	0	0	0	0	1.5	1.5	1.5	1.5	1.5	1.5
1055.94226443133	-0.0885136988063509	-3.90589726272703	-52.366845855423	65.1003024241437	0	0	0	0	0	1.5	1.5	1.5	1.5	1.5	1.5
1056.18165283859	-0.0863125280431178	-3.92682294872356	-52.5378984422001	65.2677710210519	0	0	0	0	0	1.5	1.5	1.5	1.5	1.5	1.5
1056.42104124585	-0.0841113572798847	-3.94722169995697	-52.7054546422451	65.4387381003578	0	0	0	0	0	1.5	1.5	1.5	1.5	1.5	1.5
1056.66042965311	-0.0819101865166538	-3.96709351642725	-52.8695347843262	65.6130442410674	0	0	0	0	0	1.5	1.5	1.5	1.5	1.5	1.5
1056.89981806038	-0.0797090157534207	-3.98643839813441	-53.0301658857203	65.7905341609567	0	0	0	0	0	1.5	1.5	1.5	1.5	1.5	1.5
1057.13920646764	-0.0788663345019502	-4.00531649838685	-53.1873799756521	65.9710579595082	0	0	0	0	0	1.5	1.5	1.5	1.5	1.5	1.5
1057.3785948749	-0.0803373625099745	-4.02437225811577	-53.3411512452725	66.1545231389516	0	0	0	0	0	1.5	1.5	1.5	1.5	1.5	1.5
1057.61798328216	-0.0818083905179988	-4.04378016489658	-53.4913658395699	66.3409114068392	0	0	0	0	0	1.5	1.5	1.5	1.5	1.5	1.5
1057.85737168942	-0.0832794185260231	-4.06354021872927	-53.6379015536585	66.5302054357346	0	0	0	0	0	1.5	1.5	1.5	1.5	1.5	1.5
1058.09676009668	-0.0847504465340475	-4.08365241961383	-53.7806345250673	66.722382897213	0	0	0	0	0	1.5	1.5	1.5	1.5	1.5	1.5
1058.33614850395	-0.0862214745420718	-4.10411676755027	-53.9194393577913	66.9174162994909	0	0	0	0	0	1.5	1.5	1.5	1.5	1.5	1.5
1058.57553691121	-0.0878898640644639	-4.12493584512113	-54.054189238104	67.1152728379752	0	0	0	0	0	1.5	1.5	1.5	1.5	1.5	1.5
1058.81492531847	-0.0911661690774262	-4.14636781441334	-54.1847363837003	67.3159269152686	0	0	0	0	0	1.5	1.5	1.5	1.5	1.5	1.5
1059.05431372573	-0.0944424740903885	-4.16858409314432	-54.3108735094553	67.519381770172	0	0	0	0	0	1.5	1.5	1.5	1.5	1.5	1.5
1059.29370213299	-0.0977187791033508	-4.19158468131405	-54.4323788164008	67.7256358452992	0	0	0	0	0	1.5	1.5	1.5	1.5	1.5	1.5
1059.53309054025	-0.100995084116313	-4.21536957892253	-54.5490262929119	67.9346752533455	0	0	0	0	0	1.5	1.5	1.5	1.5	1.5	1.5
1059.77247894752	-0.104271389129275	-4.23993878596978	-54.6605860384818	68.1464731521945	0	0	0	0	0	1.5	1.5	1.5	1.5	1.5	1.5
1060.01186735478	-0.107547694142238	-4.26529230245577	-54.7668246428101	68.3609891160757	0	0	0	0	0	1.5	1.5	1.5	1.5	1.5	1.5
1060.25125576204	-0.106172470111422	-4.29095259829483	-54.8675353736349	68.5781549776462	0	0	0	0	0	1.5	1.5	1.5	1.5	1.5	1.5
1060.4906441693	-0.104025472300526	-4.31611207361667	-54.962694823823	68.7978103114844	0	0	0	0	0	1.5	1.5	1.5	1.5	1.5	1.5
1060.73003257656	-0.10187847448963	-4.34075758255217	-55.0523554654737	69.0197672402405	0	0	0	0	0	1.5	1.5	1.5	1.5	1.5	1.5
1060.96942098382	-0.0997314766787341	-4.36488912510132	-55.1365768656853	69.2438448704225	0	0	0	0	0	1.5	1.5	1.5	1.5	1.5	1.5
1061.20880939109	-0.0975844788678381	-4.38850670126412	-55.2154250983231	69.4698694310489	0	0	0	0	0	1.5	1.5	1.5	1.5	1.5	1.5
1061.44819779835	-0.095437481056942	-4.41161031104058	-55.288972303571	69.6976743235969	0	0	0	0	0	1.5	1.5	1.5	1.5	1.5	1.5
1061.68758620561	-0.0950630710906665	-4.43432777089229	-55.3572903588759	69.9271018561301	0	0	0	0	0	1.5	1.5	1.5	1.5	1.5	1.5
1061.92697461287	-0.0958584743011661	-4.45717997322394	-55.4203683714609	70.1580249601891	0	0	0	0	0	1.5	1.5	1.5	1.5	1.5	1.5
1062.16636302013	-0.0966538775116664	-4.4802225858633	-55.4781311343117	70.3903345320031	0	0	0	0	0	1.5	1.5	1.5	1.5	1.5	1.5
1062.40575142739	-0.097449280722166	-4.50345560881033	-55.5305037597755	70.623918221401	0	0	0	0	0	1.5	1.5	1.5	1.5	1.5	1.5
1062.64513983466	-0.0982446839326656	-4.52687904206505	-55.5774135184054	70.8586599176802	0	0	0	0	0	1.5	1.5	1.5	1.5	1.5	1.5
1062.88452824192	-0.0990400871431652	-4.55049288562746	-55.618789992543	71.0944397600001	0	0	0	0	0	1.5	1.5	1.5	1.5	1.5	1.5
1063.12391664918	-0.0995612214934714	-4.57428572859092	-55.6545655458464	71.3311341089329	0	0	0	0	0	1.5	1.5	1.5	1.5	1.5	1.5
1063.36330505644	-0.0995675720749715	-4.59812029095706	-55.6846922200843	71.5686135399312	0	0	0	0	0	1.5	1.5	1.5	1.5	1.5	1.5
1063.6026934637	-0.0995739226564717	-4.6219563735788	-55.7091504739593	71.8067435256936	0	0	0	0	0	1.5	1.5	1.5	1.5	1.5	1.5
1063.84208187096	-0.0995802732379719	-4.64579397645613	-55.7279260500749	72.0453888141391	0	0	0	0	0	1.5	1.5	1.5	1.5	1.5	1.5
1064.08147027823	-0.0995866238194721	-4.66963309958904	-55.7410079174017	72.2844138344965	0	0	0	0	0	1.5	1.5	1.5	1.5	1.5	1.5
1064.32085868549	-0.0995929744009723	-4.69347374297755	-55.7483882785755	72.5236827742534	0	0	0	0	0	1.5	1.5	1.5	1.5	1.5	1.5
1064.56024709275	-0.0994939618860693	-4.71731472918367	-55.7500625841325	72.7630596563158	0	0	0	0	0	1.5	1.5	1.5	1.5	1.5	1.5
1064.79963550001	-0.0983717850109204	-4.74099811218433	-55.7460435769894	73.0024087288623	0	0	0	0	0	1.5	1.5	1.5	1.5	1.5	1.5
1065.03902390727	-0.0972496081357715	-4.76441285905018	-55.7363897531849	73.2415969289323	0	0	0	0	0	1.5	1.5	1.5	1.5	1.5	1.5
1065.27841231453	-0.0961274312606227	-4.78755896978122	-55.7211706365311	73.4804957141643	0	0	0	0	0	1.5	1.5	1.5	1.5	1.5	1.5
1065.5178007218	-0.0950052543854728	-4.81043644437747	-55.7004585344821	73.7189811832541	0	0	0	0	0	1.5	1.5	1.5	1.5	1.5	1.5
1065.75718912906	-0.0938830775103239	-4.8330452828389	-55.674328330801	73.9569340797393	0	0	0	0	0	1.5	1.5	1.5	1.5	1.5	1.5
1065.99657753632	-0.0927609006351751	-4.85538548516552	-55.6428572832149	74.1942397883024	0	0	0	0	0	1.5	1.5	1.5	1.5	1.5	1.5
1066.23596594358	-0.0883715208825748	-4.87712920249115	-55.6061464767759	74.430791825985	0	0	0	0	0	1.5	1.5	1.5	1.5	1.5	1.5
1066.47535435084	-0.0833521534707925	-4.89768353093744	-55.5644400386376	74.6665148941792	0	0	0	0	0	1.5	1.5	1.5	1.5	1.5	1.5
1066.71474275811	-0.0783327860590103	-4.91703628101356	-55.5180386127213	74.9013593714901	0	0	0	0	0	1.5	1.5	1.5	1.5	1.5	1.5
1066.95413116537	-0.073313418647228	-4.93518745271952	-55.4672417130407	75.1352929326437	0	0	0	0	0	1.5	1.5	1.5	1.5	1.5	1.5
1067.19351957263	-0.0682940512354457	-4.9521370460553	-55.4123471271138	75.3682994173148	0	0	0	0	0	1.5	1.5	1.5	1.5	1.5	1.5
1067.43290797989	-0.0632746838236635	-4.96788506102092	-55.3536505734672	75.6003777223663	0	0	0	0	0	1.5	1.5	1.5	1.5	1.5	1.5
1067.67229638715	-0.0620411778483952	-4.9826943951264	-55.2914337149149	75.8315374749748	0	0	0	0	0	1.5	1.5	1.5	1.5	1.5	1.5
1067.91168479441	-0.0635473447250243	-4.997726613321	-55.225786260378	76.0617463847034	0	0	0	0	0	1.5	1.5	1.5	1.5	1.5	1.5
1068.15107320168	-0.0650535116016533	-5.01311939040527	-55.1566445159462	76.2909299294778	0	0	0	0	0	1.5	1.5	1.5	1.5	1.5	1.5
1068.39046160894	-0.0665596784782824	-5.0288727263792	-55.0839422454585	76.519008872512	0	0	0	0	0	1.5	1.5	1.5	1.5	1.5	1.5
1068.6298500162	-0.0680658453549114	-5.0449866212428	-55.0076152717551	76.7459003941794	0	0	0	0	0	1.5	1.5	1.5	1.5	1.5	1.5
1068.86923842346	-0.0695720122315405	-5.06146107499606	-54.927601623	76.9715180562099	0	0	0	0	0	1.5	1.5	1.5	1.5	1.5	1.5
1069.10862683072	-0.0713728618839058	-5.0783072704299	-54.8438414204284	77.1957716705771	0	0	0	0	0	1.5	1.5	1.5	1.5	1.5	1.5
1069.34801523798	-0.0738084924313269	-5.09568463701671	-54.7562595046528	77.4185603046139	0	0	0	0	0	1.5	1.5	1.5	1.5	1.5	1.5
1069.58740364525	-0.076244122978748	-5.11364506532095	-54.6647551134679	77.639766578093	0	0	0	0	0	1.5	1.5	1.5	1.5	1.5	1.5
1069.82679205251	-0.0786797535261668	-5.13218855534259	-54.5692288244875	77.859265770586	0	0	0	0	0	1.5	1.5	1.5	1.5	1.5	1.5
1070.06618045977	-0.0811153840735879	-5.15131510708167	-54.4695855431249	78.0769266972195	0	0	0	0	0	1.5	1.5	1.5	1.5	1.5	1.5
1070.30556886703	-0.083551014621009	-5.17102472053818	-54.3657348527591	78.2926116259455	0	0	0	0	0	1.5	1.5	1.5	1.5	1.5	1.5
1070.54495727429	-0.0858009032650988	-5.19131603546896	-54.2575913874491	78.5061762155425	0	0	0	0	0	1.5	1.5	1.5	1.5	1.5	1.5
1070.78434568155	-0.0852007114540223	-5.21178393756236	-54.1451056911974	78.7174858865089	0	0	0	0	0	1.5	1.5	1.5	1.5	1.5	1.5
1071.02373408882	-0.0846005196429458	-5.23210816069404	-54.0283337761398	78.9264575514484	0	0	0	0	0	1.5	1.5	1.5	1.5	1.5	1.5
1071.26312249608	-0.0840003278318692	-5.25228870486403	-53.9073538934305	79.1330216641714	0	0	0	0	0	1.5	1.5	1.5	1.5	1.5	1.5
1071.50251090334	-0.0834001360207927	-5.27232557007231	-53.7822449826744	79.3371114795203	0	0	0	0	0	1.5	1.5	1.5	1.5	1.5	1.5
1071.7418993106	-0.0827999442097162	-5.29221875631888	-53.6530865868372	79.5386630323839	0	0	0	0	0	1.5	1.5	1.5	1.5	1.5	1.5
1071.98128771786	-0.0821997523986397	-5.31196826360375	-53.5199587691961	79.7376151146729	0	0	0	0	0	1.5	1.5	1.5	1.5	1.5	1.5
1072.22067612512	-0.0804459148812211	-5.33146342595445	-53.3829478118827	79.9339133349696	0	0	0	0	0	1.5	1.5	1.5	1.5	1.5	1.5
1072.46006453239	-0.0784062487453581	-5.35047710917478	-53.2421821952634	80.1275370015167	0	0	0	0	0	1.5	1.5	1.5	1.5	1.5	1.5
1072.69945293965	-0.0763665826094971	-5.36900251996749	-53.097807248103	80.31848475676	0	0	0	0	0	1.5	1.5	1.5	1.5	1.5	1.5
1072.93884134691	-0.074326916473636	-5.38703965833259	-52.9499657418063	80.5067615340582	0	0	0	0	0	1.5	1.5	1.5	1.5	1.5	1.5
1073.17822975417	-0.0722872503377749	-5.40458852427009	-52.7987976957473	80.6923782377287	0	0	0	0	0	1.5	1.5	1.5	1.5	1.5	1.5
1073.41761816143	-0.0702475842019139	-5.42164911777997	-52.6444402877706	80.8753514875043	0	0	0	0	0	1.5	1.5	1.5	1.5	1.5	1.5
1073.65700656869	-0.0682443835641528	-5.43822381594666	-52.4870277029494	81.0557032986849	0	0	0	0	0	1.5	1.5	1.5	1.5	1.5	1.5
1073.89639497596	-0.0662716739391901	-5.45432460832508	-52.3266897147531	81.2334595955318	0	0	0	0	0	1.5	1.5	1.5	1.5	1.5	1.5
1074.13578338322	-0.0642989643142275	-5.4699531568884	-52.1635518750579	81.4086500300394	0	0	0	0	0	1.5	1.5	1.5	1.5	1.5	1.5
1074.37517179048	-0.0623262546892649	-5.4851094616366	-51.9977367609711	81.581308827816	0	0	0	0	0	1.5	1.5	1.5	1.5	1.5	1.5
1074.61456019774	-0.0603535450643022	-5.4997935225697	-51.8293639986315	81.7514746078874	0	0	0	0	0	1.5	1.5	1.5	1.5	1.5	1.5
1074.853948605	-0.0583808354393396	-5.51400533968768	-51.6585502528974	81.9191901684045	0	0	0	0	0	1.5	1.5	1.5	1.5	1.5	1.5
1075.09333701226	-0.0584863356181402	-5.52781491713019	-51.4854081492104	82.0845011344663	0	0	0	0	0	1.5	1.5	1.5	1.5	1.5	1.5
1075.33272541953	-0.0638982463924341	-5.54246364221064	-51.3099509586324	82.247352474386	0	0	0	0	0	1.5	1.5	1.5	1.5	1.5	1.5
1075.57211382679	-0.0693101571667279	-5.55840791599159	-51.1320236302096	82.4075007218451	0	0	0	0	0	1.5	1.5	1.5	1.5	1.5	1.5
1075.81150223405	-0.0747220679410218	-5.57564773847304	-50.951464050512	82.5646746008382	0	0	0	0	0	1.5	1.5	1.5	1.5	1.5	1.5
1076.05089064131	-0.0801339787153208	-5.59418310965501	-50.7681223975469	82.718593433379	0	0	0	0	0	1.5	1.5	1.5	1.5	1.5	1.5
1076.29027904857	-0.0855458894896095	-5.61401402953744	-50.5818623972725	82.868966780933	0	0	0	0	0	1.5	1.5	1.5	1.5	1.5	1.5
1076.52966745583	-0.0908123425164564	-5.63514011006322	-50.3925626365995	83.0154941796479	0	0	0	0	0	1.5	1.5	1.5	1.5	1.5	1.5
1076.7690558631	-0.0896981924153763	-5.65674617478886	-50.2001572534468	83.1579187166985	0	0	0	0	0	1.5	1.5	1.5	1.5	1.5	1.5
1077.00844427036	-0.0885840423142962	-5.67808552489636	-50.0047381267845	83.2961793396292	0	0	0	0	0	1.5	1.5	1.5	1.5	1.5	1.5
1077.24783267762	-0.0874698922132161	-5.6991581603857	-49.8064311103926	83.4302651934228	0	0	0	0	0	1.5	1.5	1.5	1.5	1.5	1.5
1077.48722108488	-0.086355742112136	-5.7199640812569	-49.6053600171977	83.5601696112034	0	0	0	0	0	1.5	1.5	1.5	1.5	1.5	1.5
1077.72660949214	-0.0852415920110558	-5.74050328750995	-49.4016465271649	83.6858899711955	0	0	0	0	0	1.5	1.5	1.5	1.5	1.5	1.5
1077.9659978994	-0.0841274419099757	-5.76077577914486	-49.1954101024975	83.807427554104	0	0	0	0	0	1.5	1.5	1.5	1.5	1.5	1.5
1078.20538630667	-0.0830444562028964	-5.78078441685547	-48.9867678250585	83.9247872480749	0	0	0	0	0	1.5	1.5	1.5	1.5	1.5	1.5
1078.44477471393	-0.0819709428650113	-5.80053580363373	-48.7758337398441	84.0379762855901	0	0	0	0	0	1.5	1.5	1.5	1.5	1.5	1.5
1078.68416312119	-0.0808974295271263	-5.82003020376386	-48.5627192208069	84.1470047060036	0	0	0	0	0	1.5	1.5	1.5	1.5	1.5	1.5
1078.92355152845	-0.0798239161892412	-5.83926761724586	-48.3475332720813	84.2518858276893	0	0	0	0	0	1.5	1.5	1.5	1.5	1.5	1.5
1079.16293993571	-0.0787504028513562	-5.85824804407973	-48.1303824779474	84.3526361216047	0	0	0	0	0	1.5	1.5	1.5	1.5	1.5	1.5
1079.40232834297	-0.0776768895134701	-5.87697148426548	-47.9113709561051	84.4492750821157	0	0	0	0	0	1.5	1.5	1.5	1.5	1.5	1.5
1079.64171675024	-0.0781349328346237	-5.89553088068067	-47.6905988867729	84.5418216217715	0	0	0	0	0	1.5	1.5	1.5	1.5	1.5	1.5
1079.8811051575	-0.080082227623082	-5.91446855770239	-47.4681333540648	84.6302194928026	0	0	0	0	0	1.5	1.5	1.5	1.5	1.5	1.5
1080.12049356476	-0.0820295224115404	-5.93387239452199	-47.2440143167506	84.714336486367	0	0	0	0	0	1.5	1.5	1.5	1.5	1.5	1.5
1080.35988197202	-0.0839768171999987	-5.95374239113946	-47.0182869691025	84.7940364775117	0	0	0	0	0	1.5	1.5	1.5	1.5	1.5	1.5
1080.59927037928	-0.085924111988457	-5.97407854755482	-46.7910033023228	84.8691827972904	0	0	0	0	0	1.5	1.5	1.5	1.5	1.5	1.5
1080.83865878655	-0.0878714067769153	-5.99488086376805	-46.5622223043599	84.9396384425803	0	0	0	0	0	1.5	1.5	1.5	1.5	1.5	1.5
1081.07804719381	-0.0879823394927445	-6.01609442727458	-46.3320104462464	85.0052673584253	0	0	0	0	0	1.5	1.5	1.5	1.5	1.5	1.5
1081.31743560107	-0.082579106962358	-6.03650964377814	-46.1004746691201	85.0660621194676	0	0	0	0	0	1.5	1.5	1.5	1.5	1.5	1.5
1081.55682400833	-0.0771758744319715	-6.0556313890522	-45.8677818941594	85.122268309132	0	0	0	0	0	1.5	1.5	1.5	1.5	1.5	1.5
1081.79621241559	-0.071772641901585	-6.07345966309674	-45.6340900139154	85.1741662534142	0	0	0	0	0	1.5	1.5	1.5	1.5	1.5	1.5
1082.03560082285	-0.0663694093711985	-6.08999446591177	-45.3995405493261	85.222041637822	0	0	0	0	0	1.5	1.5	1.5	1.5	1.5	1.5
1082.27498923012	-0.060966176840812	-6.10523579749728	-45.1642596695997	85.2661846744892	0	0	0	0	0	1.5	1.5	1.5	1.5	1.5	1.5
1082.51437763738	-0.0555629443104255	-6.11918365785328	-44.9283592490876	85.3068893665293	0	0	0	0	0	1.5	1.5	1.5	1.5	1.5	1.5
1082.75376604464	-0.0510418579002111	-6.13194272364497	-44.6919366817269	85.3444446811151	0	0	0	0	0	1.5	1.5	1.5	1.5	1.5	1.5
1082.9931544519	-0.0465284497442162	-6.14362132391647	-44.4550726319267	85.3791084953199	0	0	0	0	0	1.5	1.5	1.5	1.5	1.5	1.5
1083.23254285916	-0.042015041588217	-6.1542194665982	-44.2178369466707	85.4111319661931	0	0	0	0	0	1.5	1.5	1.5	1.5	1.5	1.5
1083.47193126642	-0.0375016334322178	-6.16373715169015	-43.9802909618862	85.4407677882893	0	0	0	0	0	1.5	1.5	1.5	1.5	1.5	1.5
1083.71131967369	-0.0329882252762186	-6.1721743791923	-43.7424883065713	85.4682699083339	0	0	0	0	0	1.5	1.5	1.5	1.5	1.5	1.5
1083.95070808095	-0.0284748171202193	-6.17953114910467	-43.5044757150296	85.4938932813134	0	0	0	0	0	1.5	1.5	1.5	1.5	1.5	1.5
1084.19009648821	-0.0296221329200021	-6.18629975824039	-43.2662910442958	85.5178652590627	0	0	0	0	0	1.5	1.5	1.5	1.5	1.5	1.5
1084.42948489547	-0.0328996681658674	-6.19378325543093	-43.0279423381426	85.5401461098777	0	0	0	0	0	1.5	1.5	1.5	1.5	1.5	1.5
1084.66887330273	-0.0361772034117327	-6.20205135656372	-42.7894256692554	85.5605490920385	0	0	0	0	0	1.5	1.5	1.5	1.5	1.5	1.5
1084.90826170999	-0.0394547386575981	-6.21110406163876	-42.5507413843092	85.5788856740082	0	0	0	0	0	1.5	1.5	1.5	1.5	1.5	1.5
1085.14765011726	-0.0427322739034634	-6.22094137065606	-42.3118947065058	85.5949670869353	0	0	0	0	0	1.5	1.5	1.5	1.5	1.5	1.5
1085.38703852452	-0.0460098091493287	-6.23156328361561	-42.0728961817669	85.6086043833466	0	0	0	0	0	1.5	1.5	1.5	1.5	1.5	1.5
1085.62642693178	-0.0499163981083855	-6.24300458617994	-41.8337620715432	85.6196072354735	0	0	0	0	0	1.5	1.5	1.5	1.5	1.5	1.5
1085.86581533904	-0.0545555294598533	-6.255509270352	-41.5945137467732	85.6277498265865	0	0	0	0	0	1.5	1.5	1.5	1.5	1.5	1.5
1086.1052037463	-0.059194660811321	-6.26912450878937	-41.3551797754904	85.6327672322032	0	0	0	0	0	1.5	1.5	1.5	1.5	1.5	1.5
1086.34459215356	-0.0638337921627931	-6.28385030149205	-41.115799050443	85.634392759688	0	0	0	0	0	1.5	1.5	1.5	1.5	1.5	1.5
1086.58398056083	-0.0684729235142608	-6.29968664846003	-40.8764217735772	85.6323602490593	0	0	0	0	0	1.5	1.5	1.5	1.5	1.5	1.5
1086.82336896809	-0.0731120548657286	-6.31663354969331	-40.6371103322651	85.6264044138934	0	0	0	0	0	1.5	1.5	1.5	1.5	1.5	1.5
1087.06275737535	-0.0762961372163491	-6.3346560512566	-40.39794013758	85.61626180874	0	0	0	0	0	1.5	1.5	1.5	1.5	1.5	1.5
1087.30214578261	-0.0736853641718076	-6.35260796762461	-40.1589928984953	85.6017881284133	0	0	0	0	0	1.5	1.5	1.5	1.5	1.5	1.5
1087.54153418987	-0.0710745911272661	-6.36993489519177	-39.9203379074293	85.5831020099979	0	0	0	0	0	1.5	1.5	1.5	1.5	1.5	1.5
1087.78092259713	-0.0684638180827245	-6.38663683395807	-39.6820351669578	85.5603581926166	0	0	0	0	0	1.5	1.5	1.5	1.5	1.5	1.5
1088.0203110044	-0.065853045038183	-6.40271378392352	-39.4441369702528	85.5337119324207	0	0	0	0	0	1.5	1.5	1.5	1.5	1.5	1.5
1088.25969941166	-0.0632422719936415	-6.41816574508812	-39.206688185362	85.5033187780292	0	0	0	0	0	1.5	1.5	1.5	1.5	1.5	1.5
1088.49908781892	-0.0606314989491	-6.43299271745186	-38.9697265437204	85.4693343692228	0	0	0	0	0	1.5	1.5	1.5	1.5	1.5	1.5
1088.73847622618	-0.0609406186170602	-6.44752391658344	-38.7332868941249	85.431889831547	0	0	0	0	0	1.5	1.5	1.5	1.5	1.5	1.5
1088.97786463344	-0.0614295946754633	-6.46217092181163	-38.4974186779984	85.3910001062653	0	0	0	0	0	1.5	1.5	1.5	1.5	1.5	1.5
1089.2172530407	-0.0619185707338665	-6.47693498223962	-38.2621772822512	85.3466463657408	0	0	0	0	0	1.5	1.5	1.5	1.5	1.5	1.5
1089.45664144797	-0.0624075467922696	-6.49181609786743	-38.0276191754343	85.2988107458902	0	0	0	0	0	1.5	1.5	1.5	1.5	1.5	1.5
1089.69602985523	-0.0628965228506727	-6.50681426869504	-37.793801898572	85.2474763876268	0	0	0	0	0	1.5	1.5	1.5	1.5	1.5	1.5
1089.93541826249	-0.0633854989090758	-6.52192949472247	-37.5607840558558	85.1926274729589	0	0	0	0	0	1.5	1.5	1.5	1.5	1.5	1.5
1090.17480666975	-0.0632883929348893	-6.53711417758854	-37.3286246632981	85.1342517575575	0	0	0	0	0	1.5	1.5	1.5	1.5	1.5	1.5
1090.41419507701	-0.0629135993547098	-6.55221982455227	-37.0973762074343	85.0723658018987	0	0	0	0	0	1.5	1.5	1.5	1.5	1.5	1.5
1090.65358348427	-0.0625388057745303	-6.56723575027779	-36.8670859677928	85.007004205536	0	0	0	0	0	1.5	1.5	1.5	1.5	1.5	1.5
1090.89297189154	-0.0621640121943508	-6.5821619547651	-36.6378000059624	84.9382023647913	0	0	0	0	0	1.5	1.5	1.5	1.5	1.5	1.5
1091.1323602988	-0.0617892186141713	-6.59699843801419	-36.4095632325223	84.8659961768004	0	0	0	0	0	1.5	1.5	1.5	1.5	1.5	1.5
1091.37174870606	-0.0614144250339918	-6.61174520002508	-36.1824194094457	84.7904220102616	0	0	0	0	0	1.5	1.5	1.5	1.5	1.5	1.5
1091.61113711332	-0.059528063478375	-6.62632631342841	-35.9564103012036	84.7115190722705	0	0	0	0	0	1.5	1.5	1.5	1.5	1.5	1.5
1091.85052552058	-0.0555513825076437	-6.64010065606998	-35.7315459677093	84.6294097859101	0	0	0	0	0	1.5	1.5	1.5	1.5	1.5	1.5
1092.08991392784	-0.0515747015369124	-6.65292302738779	-35.5077931674964	84.544317432	0	0	0	0	0	1.5	1.5	1.5	1.5	1.5	1.5
1092.32930233511	-0.0475980205661811	-6.66479342738182	-35.2851077589636	84.4564690092428	0	0	0	0	0	1.5	1.5	1.5	1.5	1.5	1.5
1092.56869074237	-0.0436213395954498	-6.67571185605208	-35.0634375654861	84.3660888926257	0	0	0	0	0	1.5	1.5	1.5	1.5	1.5	1.5
1092.80807914963	-0.0396446586247185	-6.68567831339857	-34.8427230470893	84.2733988906235	0	0	0	0	0	1.5	1.5	1.5	1.5	1.5	1.5
1093.04746755689	-0.0367068628639383	-6.69471212267263	-34.6228980572892	84.1786181184066	0	0	0	0	0	1.5	1.5	1.5	1.5	1.5	1.5
1093.28685596415	-0.0394155918466974	-6.70382353926766	-34.4039299607568	84.0818742000326	0	0	0	0	0	1.5	1.5	1.5	1.5	1.5	1.5
1093.52624437141	-0.042124320829454	-6.71358339417956	-34.1858845496545	83.9830685660792	0	0	0	0	0	1.5	1.5	1.5	1.5	1.5	1.5
1093.76563277868	-0.0448330498122106	-6.72399168740834	-33.9688466895289	83.8820692620108	0	0	0	0	0	1.5	1.5	1.5	1.5	1.5	1.5
1094.00502118594	-0.0475417787949672	-6.73504841895402	-33.7529054099398	83.7787465179017	0	0	0	0	0	1.5	1.5	1.5	1.5	1.5	1.5
1094.2444095932	-0.0502505077777238	-6.74675358881657	-33.5381541329496	83.6729729662615	0	0	0	0	0	1.5	1.5	1.5	1.5	1.5	1.5
1094.48379800046	-0.0529592367604804	-6.75910719699602	-33.324690892962	83.5646238736562	0	0	0	0	0	1.5	1.5	1.5	1.5	1.5	1.5
1094.72318640772	-0.054196225390924	-6.77195215645322	-33.1126133265998	83.4535872706138	0	0	0	0	0	1.5	1.5	1.5	1.5	1.5	1.5
1094.96257481498	-0.0552545317783121	-6.78505277766939	-32.9019941997864	83.3398086551434	0	0	0	0	0	1.5	1.5	1.5	1.5	1.5	1.5
1095.20196322225	-0.0563128381657002	-6.79840674516602	-32.6928984955486	83.2232541855551	0	0	0	0	0	1.5	1.5	1.5	1.5	1.5	1.5
1095.44135162951	-0.0573711445530884	-6.81201405894313	-32.4853930306483	83.1038916816902	0	0	0	0	0	1.5	1.5	1.5	1.5	1.5	1.5
1095.68074003677	-0.0584294509404765	-6.82587471900071	-32.279546466747	82.9816906825532	0	0	0	0	0	1.5	1.5	1.5	1.5	1.5	1.5
1095.92012844403	-0.0594877573278646	-6.83998872533876	-32.0754293096271	82.8566225235995	0	0	0	0	0	1.5	1.5	1.5	1.5	1.5	1.5
1096.15951685129	-0.0570676210391663	-6.85409382031351	-31.8731068052777	82.7286715221782	0	0	0	0	0	1.5	1.5	1.5	1.5	1.5	1.5
1096.39890525856	-0.0526036952023321	-6.86722084117218	-31.672549415801	82.5979706421048	0	0	0	0	0	1.5	1.5	1.5	1.5	1.5	1.5
1096.63829366582	-0.048139769365498	-6.87927924993464	-31.4736535403178	82.464754480296	0	0	0	0	0	1.5	1.5	1.5	1.5	1.5	1.5
1096.87768207308	-0.0436758435286639	-6.89026904660088	-31.276305832088	82.3292549794593	0	0	0	0	0	1.5	1.5	1.5	1.5	1.5	1.5
1097.11707048034	-0.0392119176918298	-6.90019023117091	-31.0803854160448	82.1916994271875	0	0	0	0	0	1.5	1.5	1.5	1.5	1.5	1.5
1097.3564588876	-0.0347479918549956	-6.90904280364473	-30.885764667161	82.0523107644728	0	0	0	0	0	1.5	1.5	1.5	1.5	1.5	1.5
1097.59584729486	-0.0312159363245689	-6.91686770547541	-30.6923106762144	81.9113069642649	0	0	0	0	0	1.5	1.5	1.5	1.5	1.5	1.5
1097.83523570213	-0.0292907656173539	-6.92411000697868	-30.4999193508762	81.7688564922878	0	0	0	0	0	1.5	1.5	1.5	1.5	1.5	1.5
1098.07462410939	-0.0273655949101389	-6.93089144493263	-30.3085315395325	81.6250604716006	0	0	0	0	0	1.5	1.5	1.5	1.5	1.5	1.5
1098.31401251665	-0.0254404242029238	-6.93721201933729	-30.1180897889112	81.4800137261956	0	0	0	0	0	1.5	1.5	1.5	1.5	1.5	1.5
1098.55340092391	-0.0235152534957088	-6.94307173019263	-29.9285348755764	81.3338098262123	0	0	0	0	0	1.5	1.5	1.5	1.5	1.5	1.5
1098.79278933117	-0.0215900827884938	-6.94847057749867	-29.7398059430222	81.1865411590241	0	0	0	0	0	1.5	1.5	1.5	1.5	1.5	1.5
1099.03217773843	-0.0202487022457534	-6.95341564472535	-29.551840671729	81.0382989592537	0	0	0	0	0	1.5	1.5	1.5	1.5	1.5	1.5
1099.2715661457	-0.0240824457884499	-6.95872182618534	-29.3646210821004	80.8891161845615	0	0	0	0	0	1.5	1.5	1.5	1.5	1.5	1.5
1099.51095455296	-0.0279161893311464	-6.96494576140587	-29.1782647284682	80.7388566293496	0	0	0	0	0	1.5	1.5	1.5	1.5	1.5	1.5
1099.75034296022	-0.0317499328738429	-6.97208745038694	-28.9929167797841	80.5873551316291	0	0	0	0	0	1.5	1.5	1.5	1.5	1.5	1.5
1099.98973136748	-0.0355836764165394	-6.98014689312854	-28.8087257778102	80.4344493630602	0	0	0	0	0	1.5	1.5	1.5	1.5	1.5	1.5
1100.22911977474	-0.0394174199592395	-6.98912408963069	-28.6258440620053	80.2799802637996	0	0	0	0	0	1.5	1.5	1.5	1.5	1.5	1.5
1100.468508182	-0.0432511635019359	-6.99901903989336	-28.4444281790309	80.1237924944501	0	0	0	0	0	1.5	1.5	1.5	1.5	1.5	1.5
1100.70789658927	-0.0398367449616737	-7.00910593337728	-28.2646071758347	79.9657712032035	0	0	0	0	0	1.5	1.5	1.5	1.5	1.5	1.5
1100.94728499653	-0.0350067438822921	-7.01806426517142	-28.0863008860557	79.8060423917645	0	0	0	0	0	1.5	1.5	1.5	1.5	1.5	1.5
1101.18667340379	-0.0301767428029105	-7.02586635070008	-27.9093392594843	79.6448248324054	0	0	0	0	0	1.5	1.5	1.5	1.5	1.5	1.5
1101.42606181105	-0.0253467417235289	-7.03251218996328	-27.7335467474109	79.482333013532	0	0	0	0	0	1.5	1.5	1.5	1.5	1.5	1.5
1101.66545021831	-0.0205167406441473	-7.03800178296102	-27.558743317398	79.3187774377603	0	0	0	0	0	1.5	1.5	1.5	1.5	1.5	1.5
1101.90483862557	-0.0156867395647657	-7.04233512969329	-27.3847452084383	79.154365218542	0	0	0	0	0	1.5	1.5	1.5	1.5	1.5	1.5
1102.14422703284	-0.0148069262448537	-7.04578297932599	-27.2113742078893	78.9892917484187	0	0	0	0	0	1.5	1.5	1.5	1.5	1.5	1.5
1102.3836154401	-0.0168752155170081	-7.0495751480535	-27.0385929956518	78.8236010922721	0	0	0	0	0	1.5	1.5	1.5	1.5	1.5	1.5
1102.62300384736	-0.0189435047891625	-7.05386244125562	-26.8664825657982	78.6572138281312	0	0	0	0	0	1.5	1.5	1.5	1.5	1.5	1.5
1102.86239225462	-0.021011794061317	-7.05864485893236	-26.6951284773248	78.4900478128924	0	0	0	0	0	1.5	1.5	1.5	1.5	1.5	1.5
1103.10178066188	-0.0230800833334714	-7.06392240108372	-26.5246174300763	78.3220220432413	0	0	0	0	0	1.5	1.5	1.5	1.5	1.5	1.5
1103.34116906914	-0.0251483726056259	-7.06969506770969	-26.3550373792498	78.1530567902034	0	0	0	0	0	1.5	1.5	1.5	1.5	1.5	1.5
1103.58055747641	-0.027245938377179	-7.07596393271767	-26.1864776653872	77.9830737183057	0	0	0	0	0	1.5	1.5	1.5	1.5	1.5	1.5
1103.81994588367	-0.0294097587070446	-7.08274529126131	-26.0190304843443	77.8119946972135	0	0	0	0	0	1.5	1.5	1.5	1.5	1.5	1.5
1104.05933429093	-0.0315735790369101	-7.09004464330733	-25.8527919508399	77.6397410904476	0	0	0	0	0	1.5	1.5	1.5	1.5	1.5	1.5
1104.29872269819	-0.0337373993667756	-7.09786198885571	-25.6878601600588	77.4662359837185	0	0	0	0	0	1.5	1.5	1.5	1.5	1.5	1.5
1104.53811110545	-0.0359012196966412	-7.10619732790645	-25.5243350766835	77.2914045654278	0	0	0	0	0	1.5	1.5	1.5	1.5	1.5	1.5
1104.77749951271	-0.0380650400265067	-7.11505066045957	-25.3623186339905	77.1151742970518	0	0	0	0	0	1.5	1.5	1.5	1.5	1.5	1.5
1105.01688791998	-0.0398373208849436	-7.12441992557417	-25.2019148214489	76.9374750931972	0	0	0	0	0	1.5	1.5	1.5	1.5	1.5	1.5
1105.25627632724	-0.0330976837872171	-7.13314982287522	-25.0431572238613	76.7583034699362	0	0	0	0	0	1.5	1.5	1.5	1.5	1.5	1.5
1105.4956647345	-0.0263580466894907	-7.14026632918592	-24.8858240398839	76.5778794230715	0	0	0	0	0	1.5	1.5	1.5	1.5	1.5	1.5
1105.73505314176	-0.0196184095917642	-7.14576944450627	-24.7296322894397	76.3964660779372	0	0	0	0	0	1.5	1.5	1.5	1.5	1.5	1.5
1105.97444154902	-0.0128787724940377	-7.14965916883627	-24.5742941535103	76.2143210791148	0	0	0	0	0	1.5	1.5	1.5	1.5	1.5	1.5
1106.21382995628	-0.00613913539631118	-7.15193550217593	-24.4195182490635	76.0316979590526	0	0	0	0	0	1.5	1.5	1.5	1.5	1.5	1.5
1106.45321836355	0.000600501701415318	-7.15259844452525	-24.2650108709825	75.8488475356355	0	0	0	0	0	1.5	1.5	1.5	1.5	1.5	1.5
1106.69260677081	0.00314235215061324	-7.15203895427744	-24.110495748175	75.6660036548498	0	0	0	0	0	1.5	1.5	1.5	1.5	1.5	1.5
1106.93199517807	0.00448709045068216	-7.15112575422113	-23.9558435590633	75.4832756987417	0	0	0	0	0	1.5	1.5	1.5	1.5	1.5	1.5
1107.17138358533	0.00583182875075235	-7.14989063940498	-23.8009951850783	75.300713974078	0	0	0	0	0	1.5	1.5	1.5	1.5	1.5	1.5
1107.41077199259	0.00717656705082126	-7.148333609829	-23.6458920985384	75.1183686135907	0	0	0	0	0	1.5	1.5	1.5	1.5	1.5	1.5
1107.65016039985	0.00852130535089017	-7.14645466549318	-23.4904759812563	74.9362899955375	0	0	0	0	0	1.5	1.5	1.5	1.5	1.5	1.5
1107.88954880712	0.00986604365095908	-7.14425380639752	-23.3346887736302	74.7545287996476	0	0	0	0	0	1.5	1.5	1.5	1.5	1.5	1.5
1108.12893721438	0.00963616499941275	-7.1418275645322	-23.1784757113118	74.5731334853651	0	0	0	0	0	1.5	1.5	1.5	1.5	1.5	1.5
1108.36832562164	0.007906564651952	-7.13972780147707	-23.0218471921968	74.3920967612952	0	0	0	0	0	1.5	1.5	1.5	1.5	1.5	1.5
1108.6077140289	0.00617696430449125	-7.13804208469432	-22.8648762881588	74.2113568065738	0	0	0	0	0	1.5	1.5	1.5	1.5	1.5	1.5
1108.84710243616	0.0044473639570305	-7.13677041418394	-22.7076382887844	74.0308491520337	0	0	0	0	0	1.5	1.5	1.5	1.5	1.5	1.5
1109.08649084342	0.00271776360956975	-7.13591278994594	-22.5502081957754	73.8505089961607	0	0	0	0	0	1.5	1.5	1.5	1.5	1.5	1.5
1109.32587925069	0.000988163262108994	-7.13546921198033	-22.3926608030526	73.6702712985937	0	0	0	0	0	1.5	1.5	1.5	1.5	1.5	1.5
1109.56526765795	-9.88664360859917e-05	-7.13542073542588	-22.2350704970529	73.4900711183238	0	0	0	0	0	1.5	1.5	1.5	1.5	1.5	1.5
1109.80465606521	0.000780229145606859	-7.13533918025898	-22.0774764264002	73.3098742304729	0	0	0	0	0	1.5	1.5	1.5	1.5	1.5	1.5
1110.04404447247	0.00165932472729971	-7.13504717980095	-21.9198487022325	73.129706781431	0	0	0	0	0	1.5	1.5	1.5	1.5	1.5	1.5
1110.28343287973	0.00253842030899256	-7.13454473405178	-21.7621494249276	72.9496019612299	0	0	0	0	0	1.5	1.5	1.5	1.5	1.5	1.5
1110.52282128699	0.00341751589068541	-7.13383184301149	-21.6043407344203	72.7695930050606	0	0	0	0	0	1.5	1.5	1.5	1.5	1.5	1.5
1110.76220969426	0.00429661147237826	-7.13290850668006	-21.4463848312166	72.5897132171481	0	0	0	0	0	1.5	1.5	1.5	1.5	1.5	1.5
1111.00159810152	0.00517570705407111	-7.1317747250575	-21.2882439974809	72.4099959945613	0	0	0	0	0	1.5	1.5	1.5	1.5	1.5	1.5
1111.24098650878	0.00584133272823588	-7.1304555476204	-21.1298820873254	72.2304735540963	0	0	0	0	0	1.5	1.5	1.5	1.5	1.5	1.5
1111.48037491604	0.00650268351229448	-7.12897804042689	-20.9712693002916	72.051172737329	0	0	0	0	0	1.5	1.5	1.5	1.5	1.5	1.5
1111.7197633233	0.00716403429635308	-7.12734221352253	-20.8123775971366	71.8721190486802	0	0	0	0	0	1.5	1.5	1.5	1.5	1.5	1.5
1111.95915173057	0.00782538508041168	-7.12554806690734	-20.6531790566933	71.6933381244247	0	0	0	0	0	1.5	1.5	1.5	1.5	1.5	1.5
1112.19854013783	0.00848673586447028	-7.12359560058131	-20.4936458882625	71.5148557457576	0	0	0	0	0	1.5	1.5	1.5	1.5	1.5	1.5
1112.43792854509	0.00914808664852888	-7.12148481454445	-20.3337504441304	71.336697851748	0	0	0	0	0	1.5	1.5	1.5	1.5	1.5	1.5
1112.67731695235	0.00773542013053151	-7.11939312461086	-20.1734727425851	71.1588837726667	0	0	0	0	0	1.5	1.5	1.5	1.5	1.5	1.5
1112.91670535961	0.0054947165673944	-7.11780955393488	-20.0128665098284	70.9813663494868	0	0	0	0	0	1.5	1.5	1.5	1.5	1.5	1.5
1113.15609376687	0.00325401300425729	-7.11676238171602	-19.852026905273	70.8040603262442	0	0	0	0	0	1.5	1.5	1.5	1.5	1.5	1.5
1113.39548217414	0.00101330944112018	-7.11625160795428	-19.6910492273221	70.6268796403215	0	0	0	0	0	1.5	1.5	1.5	1.5	1.5	1.5
1113.6348705814	-0.00122739412201693	-7.11627723264967	-19.5300285728396	70.4497380067757	0	0	0	0	0	1.5	1.5	1.5	1.5	1.5	1.5
1113.87425898866	-0.00346809768515405	-7.11683925580219	-19.3690599758709	70.2725490714838	0	0	0	0	0	1.5	1.5	1.5	1.5	1.5	1.5
1114.11364739592	-0.00436269249371174	-7.11786538228585	-19.2082366284343	70.0952283022591	0	0	0	0	0	1.5	1.5	1.5	1.5	1.5	1.5
1114.35303580318	-0.00360337434205033	-7.11881887431183	-19.0475949976578	69.9177428897643	0	0	0	0	0	1.5	1.5	1.5	1.5	1.5	1.5
1114.59242421044	-0.00284405619038892	-7.11959059437488	-18.8871065245207	69.7401189705566	0	0	0	0	0	1.5	1.5	1.5	1.5	1.5	1.5
1114.83181261771	-0.0020847380387275	-7.12018054247499	-18.7267390193344	69.5623858246696	0	0	0	0	0	1.5	1.5	1.5	1.5	1.5	1.5
1115.07120102497	-0.00132541988706609	-7.12058871861217	-18.5664602327838	69.3845726662283	0	0	0	0	0	1.5	1.5	1.5	1.5	1.5	1.5
1115.31058943223	-0.000566101735404678	-7.12081512278643	-18.4062378718949	69.2067086610023	0	0	0	0	0	1.5	1.5	1.5	1.5	1.5	1.5
1115.54997783949	0.000172683329110422	-7.12086020412135	-18.2460396208234	69.028822939617	0	0	0	0	0	1.5	1.5	1.5	1.5	1.5	1.5
1115.78936624675	0.000819640442464679	-7.12074142871776	-18.0858344517416	68.8509434487771	0	0	0	0	0	1.5	1.5	1.5	1.5	1.5	1.5
1116.02875465401	0.00146659755581893	-7.12046777928125	-17.9255943839843	68.6730953960553	0	0	0	0	0	1.5	1.5	1.5	1.5	1.5	1.5
1116.26814306128	0.00211355466917319	-7.1200392558118	-17.7652918867884	68.495303613216	0	0	0	0	0	1.5	1.5	1.5	1.5	1.5	1.5
1116.50753146854	0.00276051178252745	-7.11945585830942	-17.6048994555453	68.31759296102	0	0	0	0	0	1.5	1.5	1.5	1.5	1.5	1.5
1116.7469198758	0.0034074688958817	-7.11871758677411	-17.4443896233682	68.1399883419896	0	0	0	0	0	1.5	1.5	1.5	1.5	1.5	1.5
1116.98630828306	0.00405442600923596	-7.11782444120586	-17.283734972692	67.962514713143	0	0	0	0	0	1.5	1.5	1.5	1.5	1.5	1.5
1117.22569669032	0.00265152997598113	-7.11700135948911	-17.1229203332774	67.7851860408354	0	0	0	0	0	1.5	1.5	1.5	1.5	1.5	1.5
1117.46508509758	0.00106256837395448	-7.11655680344491	-16.9619931735598	67.6079594687837	0	0	0	0	0	1.5	1.5	1.5	1.5	1.5	1.5
1117.70447350485	-0.000526393228072167	-7.11649262638782	-16.8010209372392	67.4307738355229	0	0	0	0	0	1.5	1.5	1.5	1.5	1.5	1.5
1117.94386191211	-0.00211535483009882	-7.11680882831784	-16.6400710304328	67.253567919873	0	0	0	0	0	1.5	1.5	1.5	1.5	1.5	1.5
1118.18325031937	-0.00370431643212547	-7.11750540923496	-16.4792108823969	67.0762805261407	0	0	0	0	0	1.5	1.5	1.5	1.5	1.5	1.5
1118.42263872663	-0.00529327803415212	-7.11858236913919	-16.3185080153196	66.898850561101	0	0	0	0	0	1.5	1.5	1.5	1.5	1.5	1.5
1118.66202713389	-0.00545782074907245	-7.11992874733835	-16.158025836181	66.72122097213	0	0	0	0	0	1.5	1.5	1.5	1.5	1.5	1.5
1118.90141554115	-0.00485811676398158	-7.12116350526368	-15.9977752105923	66.5433824519856	0	0	0	0	0	1.5	1.5	1.5	1.5	1.5	1.5
1119.14080394842	-0.00425841277889071	-7.12225470100719	-15.8377315131802	66.3653576819057	0	0	0	0	0	1.5	1.5	1.5	1.5	1.5	1.5
1119.38019235568	-0.00365870879379983	-7.12320233456889	-15.6778693780053	66.187169851293	0	0	0	0	0	1.5	1.5	1.5	1.5	1.5	1.5
1119.61958076294	-0.00305900480870896	-7.12400640594876	-15.5181633687052	66.0088420715291	0	0	0	0	0	1.5	1.5	1.5	1.5	1.5	1.5
1119.8589691702	-0.00245930082361809	-7.12466691514681	-15.358587988518	65.8303973868666	0	0	0	0	0	1.5	1.5	1.5	1.5	1.5	1.5
1120.09835757746	-0.00110318689416209	-7.12514900937959	-15.1991168916561	65.6518594983982	0	0	0	0	0	1.5	1.5	1.5	1.5	1.5	1.5
1120.33774598472	0.00146146079015681	-7.12510612607093	-15.0396896915718	65.4732824075781	0	0	0	0	0	1.5	1.5	1.5	1.5	1.5	1.5
1120.57713439199	0.00402610847447572	-7.12444929583793	-14.8802000276962	65.2947611075664	0	0	0	0	0	1.5	1.5	1.5	1.5	1.5	1.5
1120.81652279925	0.00659075615879463	-7.1231785186806	-14.7205383863081	65.1163936159694	0	0	0	0	0	1.5	1.5	1.5	1.5	1.5	1.5
1121.05591120651	0.00915540384311597	-7.12129379459892	-14.56059553725	64.9382782669035	0	0	0	0	0	1.5	1.5	1.5	1.5	1.5	1.5
1121.29529961377	0.0117200515274349	-7.11879512359291	-14.400262715656	64.7605139116311	0	0	0	0	0	1.5	1.5	1.5	1.5	1.5	1.5
1121.53468802103	0.0138668255810398	-7.11568846108569	-14.2394318471176	64.5832000796843	0	0	0	0	0	1.5	1.5	1.5	1.5	1.5	1.5
1121.77407642829	0.0129219313830348	-7.11248200215462	-14.0780301894509	64.4064056642457	0	0	0	0	0	1.5	1.5	1.5	1.5	1.5	1.5
1122.01346483556	0.0119770371850298	-7.10950173994063	-13.9160824065552	64.230111357117	0	0	0	0	0	1.5	1.5	1.5	1.5	1.5	1.5
1122.25285324282	0.0110321429870249	-7.10674767444374	-13.7536298165629	64.0542820953034	0	0	0	0	0	1.5	1.5	1.5	1.5	1.5	1.5
1122.49224165008	0.0100872487890199	-7.10421980566394	-13.590713426227	63.8788824693896	0	0	0	0	0	1.5	1.5	1.5	1.5	1.5	1.5
1122.73163005734	0.00914235459101493	-7.10191813360123	-13.4273739540315	63.7038767521955	0	0	0	0	0	1.5	1.5	1.5	1.5	1.5	1.5
1122.9710184646	0.00819746039300996	-7.09984265825561	-13.2636518536629	63.5292289271107	0	0	0	0	0	1.5	1.5	1.5	1.5	1.5	1.5
1123.21040687186	0.00769288565072312	-7.09794840665393	-13.0995851089543	63.3549048160618	0	0	0	0	0	1.5	1.5	1.5	1.5	1.5	1.5
1123.44979527913	0.00726400044586005	-7.0961581540838	-12.9351975956034	63.1808831516661	0	0	0	0	0	1.5	1.5	1.5	1.5	1.5	1.5
1123.68918368639	0.00683511524099698	-7.09447057165976	-12.7705077191779	63.0071476039711	0	0	0	0	0	1.5	1.5	1.5	1.5	1.5	1.5
1123.92857209365	0.0064062300361339	-7.09288565938182	-12.6055337867025	62.8336817596729	0	0	0	0	0	1.5	1.5	1.5	1.5	1.5	1.5
1124.16796050091	0.00597734483127083	-7.09140341724996	-12.4402940228963	62.6604691172486	0	0	0	0	0	1.5	1.5	1.5	1.5	1.5	1.5
1124.40734890817	0.00554845962640776	-7.09002384526419	-12.2748065751197	62.4874930926964	0	0	0	0	0	1.5	1.5	1.5	1.5	1.5	1.5
1124.64673731543	0.00513893317377355	-7.08874558243764	-12.109089472351	62.3147370694143	0	0	0	0	0	1.5	1.5	1.5	1.5	1.5	1.5
1124.8861257227	0.00474300695965851	-7.08756277148304	-11.9431599528333	62.142185055801	0	0	0	0	0	1.5	1.5	1.5	1.5	1.5	1.5
1125.12551412996	0.00434708074554347	-7.08647474067423	-11.7770346196651	61.9698215516682	0	0	0	0	0	1.5	1.5	1.5	1.5	1.5	1.5
1125.36490253722	0.00395115453142843	-7.08548149001121	-11.6107300066298	61.7976310162069	0	0	0	0	0	1.5	1.5	1.5	1.5	1.5	1.5
1125.60429094448	0.00355522831731338	-7.08458301949398	-11.4442625985261	61.6255978574418	0	0	0	0	0	1.5	1.5	1.5	1.5	1.5	1.5
1125.84367935174	0.00315930210319834	-7.08377932912255	-11.2776488355522	61.4537064369647	0	0	0	0	0	1.5	1.5	1.5	1.5	1.5	1.5
1126.083067759	0.0030981917804674	-7.08305753657759	-11.1109048806856	61.2819413048826	0	0	0	0	0	1.5	1.5	1.5	1.5	1.5	1.5
1126.32245616627	0.00374384209634871	-7.08223858478148	-10.9440313510778	61.1103020569154	0	0	0	0	0	1.5	1.5	1.5	1.5	1.5	1.5
1126.56184457353	0.00438949241223002	-7.08126507178462	-10.7770040617833	60.9388124373043	0	0	0	0	0	1.5	1.5	1.5	1.5	1.5	1.5
1126.80123298079	0.00503514272811133	-7.08013699758698	-10.6097966668037	60.7674984258622	0	0	0	0	0	1.5	1.5	1.5	1.5	1.5	1.5
1127.04062138805	0.00568079304399264	-7.07885436218858	-10.4423829017738	60.596386085713	0	0	0	0	0	1.5	1.5	1.5	1.5	1.5	1.5
1127.28000979531	0.00632644335987395	-7.07741716558941	-10.2747365961481	60.4255015753693	0	0	0	0	0	1.5	1.5	1.5	1.5	1.5	1.5
1127.51939820258	0.00686641218069107	-7.0758261095094	-10.1068316876746	60.2548711585579	0	0	0	0	0	1.5	1.5	1.5	1.5	1.5	1.5
1127.75878660984	0.00560700883604207	-7.07433311331425	-9.93865744314071	60.0845061904613	0	0	0	0	0	1.5	1.5	1.5	1.5	1.5	1.5
1127.9981750171	0.00434760549139188	-7.07314160367987	-9.77025467161628	59.9143671023974	0	0	0	0	0	1.5	1.5	1.5	1.5	1.5	1.5
1128.23756342436	0.00308820214674288	-7.07225158060627	-9.60167491188413	59.7444033699432	0	0	0	0	0	1.5	1.5	1.5	1.5	1.5	1.5
1128.47695183162	0.00182879880209388	-7.07166304409345	-9.43296954434433	59.5745643083785	0	0	0	0	0	1.5	1.5	1.5	1.5	1.5	1.5
1128.71634023888	0.000569395457444881	-7.0713759941414	-9.26418983672604	59.4047991192882	0	0	0	0	0	1.5	1.5	1.5	1.5	1.5	1.5
1128.95572864615	-0.000690007887204119	-7.07139043075013	-9.09538698996978	59.2350569369939	0	0	0	0	0	1.5	1.5	1.5	1.5	1.5	1.5
1129.19511705341	-0.00152551337472418	-7.07166629025309	-8.92661039383224	59.0652886544533	0	0	0	0	0	1.5	1.5	1.5	1.5	1.5	1.5
1129.43450546067	-0.00224807671734043	-7.07211796711399	-8.75789577368327	58.8954587822205	0	0	0	0	0	1.5	1.5	1.5	1.5	1.5	1.5
1129.67389386793	-0.00297064005995669	-7.07274261726262	-8.58927257550877	58.7255381398519	0	0	0	0	0	1.5	1.5	1.5	1.5	1.5	1.5
1129.91328227519	-0.00369320340257294	-7.07354024069899	-8.42077025850961	58.555497628042	0	0	0	0	0	1.5	1.5	1.5	1.5	1.5	1.5
1130.15267068245	-0.0044157667451892	-7.07451083742309	-8.25241834402186	58.3853082102794	0	0	0	0	0	1.5	1.5	1.5	1.5	1.5	1.5
1130.39205908972	-0.00513833008780545	-7.07565440743493	-8.08424643052629	58.2149409282242	0	0	0	0	0	1.5	1.5	1.5	1.5	1.5	1.5
1130.63144749698	-0.00550414812329709	-7.07694858530329	-7.91628354221048	58.044367572691	0	0	0	0	0	1.5	1.5	1.5	1.5	1.5	1.5
1130.87083590424	-0.00554560911189446	-7.07827117719587	-7.74854505123518	57.873573545211	0	0	0	0	0	1.5	1.5	1.5	1.5	1.5	1.5
1131.1102243115	-0.00558707010049187	-7.07960369436847	-7.5810334465736	57.7025569864938	0	0	0	0	0	1.5	1.5	1.5	1.5	1.5	1.5
1131.34961271876	-0.00562853108908931	-7.0809461368211	-7.41375072305035	57.5313165376047	0	0	0	0	0	1.5	1.5	1.5	1.5	1.5	1.5
1131.58900112602	-0.00566999207768672	-7.08229850455375	-7.24669888174745	57.359850846825	0	0	0	0	0	1.5	1.5	1.5	1.5	1.5	1.5
1131.82838953329	-0.00571145306628413	-7.08366079756643	-7.07987993003391	57.1881585697192	0	0	0	0	0	1.5	1.5	1.5	1.5	1.5	1.5
1132.06777794055	-0.00604426904305394	-7.08504200596185	-6.91329601448662	57.0162382405934	0	0	0	0	0	1.5	1.5	1.5	1.5	1.5	1.5
1132.30716634781	-0.00721592503077939	-7.08662917433151	-6.74696420800794	56.844073994455	0	0	0	0	0	1.5	1.5	1.5	1.5	1.5	1.5
1132.54655475507	-0.00838758101850485	-7.08849682356193	-6.58093005428093	56.6716226892599	0	0	0	0	0	1.5	1.5	1.5	1.5	1.5	1.5
1132.78594316233	-0.0095592370062303	-7.0906449536531	-6.41524250598306	56.4988383617664	0	0	0	0	0	1.5	1.5	1.5	1.5	1.5	1.5
1133.02533156959	-0.0107308929939558	-7.09307356460504	-6.24995079456539	56.325675341769	0	0	0	0	0	1.5	1.5	1.5	1.5	1.5	1.5
1133.26471997686	-0.0119025489816812	-7.09578265641774	-6.08510446799901	56.1520882941708	0	0	0	0	0	1.5	1.5	1.5	1.5	1.5	1.5
1133.50410838412	-0.0130742049694067	-7.0987722290912	-5.92075342804851	55.9780322614963	0	0	0	0	0	1.5	1.5	1.5	1.5	1.5	1.5
1133.74349679138	-0.0115828687862234	-7.10172606895357	-5.75692970016737	55.8034798222816	0	0	0	0	0	1.5	1.5	1.5	1.5	1.5	1.5
1133.98288519864	-0.0100702173307451	-7.10431781785249	-5.59359058755475	55.6284737888613	0	0	0	0	0	1.5	1.5	1.5	1.5	1.5	1.5
1134.2222736059	-0.00855756587526674	-7.10654745552875	-5.43067382316971	55.4530744910792	0	0	0	0	0	1.5	1.5	1.5	1.5	1.5	1.5
1134.46166201316	-0.00704491441978839	-7.10841498198233	-5.26811671019524	55.2773418023536	0	0	0	0	0	1.5	1.5	1.5	1.5	1.5	1.5
1134.70105042043	-0.00553226296431004	-7.10992039721324	-5.10585618804928	55.1013352068777	0	0	0	0	0	1.5	1.5	1.5	1.5	1.5	1.5
1134.94043882769	-0.00401961150883026	-7.11106370122149	-4.94382889768419	54.9251138674901	0	0	0	0	0	1.5	1.5	1.5	1.5	1.5	1.5
1135.17982723495	-0.00341054000243304	-7.1119234304042	-4.78197460004502	54.7487336180728	0	0	0	0	0	1.5	1.5	1.5	1.5	1.5	1.5
1135.41921564221	-0.00314221781326565	-7.11270775753253	-4.6202645400705	54.5722211168266	0	0	0	0	0	1.5	1.5	1.5	1.5	1.5	1.5
1135.65860404947	-0.00287389562409825	-7.11342785143937	-4.45868729974227	54.3955870248098	0	0	0	0	0	1.5	1.5	1.5	1.5	1.5	1.5
1135.89799245673	-0.00260557343493086	-7.11408371212471	-4.29723161729315	54.2188418124797	0	0	0	0	0	1.5	1.5	1.5	1.5	1.5	1.5
1136.137380864	-0.00233725124576347	-7.11467533958855	-4.1358862094848	54.0419959269224	0	0	0	0	0	1.5	1.5	1.5	1.5	1.5	1.5
1136.37676927126	-0.00206892905659608	-7.1152027338309	-3.97463977363546	53.8650597940141	0	0	0	0	0	1.5	1.5	1.5	1.5	1.5	1.5
1136.61615767852	-0.00174878438417787	-7.11566304034039	-3.81348091211764	53.6880438911421	0	0	0	0	0	1.5	1.5	1.5	1.5	1.5	1.5
1136.85554608578	-0.0013678519809239	-7.11603608364812	-3.65239604478849	53.5109606497453	0	0	0	0	0	1.5	1.5	1.5	1.5	1.5	1.5
1137.09493449304	-0.000986919577669924	-7.11631793615455	-3.49136917123031	53.3338246704996	0	0	0	0	0	1.5	1.5	1.5	1.5	1.5	1.5
1137.3343229003	-0.00060598717441595	-7.1165085978597	-3.33038415151058	53.1566506521367	0	0	0	0	0	1.5	1.5	1.5	1.5	1.5	1.5
1137.57371130757	-0.000225054771162338	-7.11660806876356	-3.16942483528744	52.979453281941	0	0	0	0	0	1.5	1.5	1.5	1.5	1.5	1.5
1137.81309971483	0.000155877632091636	-7.11661634886613	-3.00847506582936	52.8022472401657	0	0	0	0	0	1.5	1.5	1.5	1.5	1.5	1.5
1138.05248812209	0.000288736662147953	-7.11653920542518	-2.84751875019518	52.6250471443501	0	0	0	0	0	1.5	1.5	1.5	1.5	1.5	1.5
1138.29187652935	-0.000607546085266043	-7.11657736506518	-2.68655491060585	52.4478538830069	0	0	0	0	0	1.5	1.5	1.5	1.5	1.5	1.5
1138.53126493661	-0.00150382883267919	-7.11683008440455	-2.525616844035	52.2706372135002	0	0	0	0	0	1.5	1.5	1.5	1.5	1.5	1.5
1138.77065334387	-0.00240011158009233	-7.11729736344328	-2.36474258678432	52.093362619046	0	0	0	0	0	1.5	1.5	1.5	1.5	1.5	1.5
1139.01004175114	-0.00329639432750548	-7.11797920218137	-2.20397021242733	51.9159956239452	0	0	0	0	0	1.5	1.5	1.5	1.5	1.5	1.5
1139.2494301584	-0.00419267707491862	-7.11887560061882	-2.04333785397204	51.738501818117	0	0	0	0	0	1.5	1.5	1.5	1.5	1.5	1.5
1139.48881856566	-0.00508895982233177	-7.11998655875563	-1.88288372595341	51.5608468816945	0	0	0	0	0	1.5	1.5	1.5	1.5	1.5	1.5
1139.72820697292	-0.00435337384909678	-7.12113076422453	-1.72263616601987	51.3830055962716	0	0	0	0	0	1.5	1.5	1.5	1.5	1.5	1.5
1139.96759538018	-0.00349166770133937	-7.12206977022536	-1.56257402240096	51.204997406861	0	0	0	0	0	1.5	1.5	1.5	1.5	1.5	1.5
1140.20698378744	-0.00262996155358195	-7.12280249376395	-1.40266072315648	51.026855486784	0	0	0	0	0	1.5	1.5	1.5	1.5	1.5	1.5
1140.44637219471	-0.00176825540582454	-7.1233289348403	-1.24285960886896	50.848612921506	0	0	0	0	0	1.5	1.5	1.5	1.5	1.5	1.5
1140.68576060197	-0.000906549258067122	-7.12364909345441	-1.08313395778399	50.6703027271147	0	0	0	0	0	1.5	1.5	1.5	1.5	1.5	1.5
1140.92514900923	-4.48431103097068e-05	-7.12376296960629	-0.923447006276015	50.4919578730144	0	0	0	0	0	1.5	1.5	1.5	1.5	1.5	1.5
1141.16453741649	-0.000234608364882382	-7.1237539245397	-0.76376525170867	50.3136083656222	0	0	0	0	0	1.5	1.5	1.5	1.5	1.5	1.5
1141.40392582375	-0.000960366140925952	-7.12389695606153	-0.604093948912377	50.1352495012657	0	0	0	0	0	1.5	1.5	1.5	1.5	1.5	1.5
1141.64331423101	-0.00168612391696952	-7.12421372558142	-0.444463655662525	49.9568539337012	0	0	0	0	0	1.5	1.5	1.5	1.5	1.5	1.5
1141.88270263828	-0.00241188169301378	-7.12470423309939	-0.284905383669491	49.7783939487786	0	0	0	0	0	1.5	1.5	1.5	1.5	1.5	1.5
1142.12209104554	-0.00313763946905735	-7.12536847861541	-0.125450178203799	49.5998418699005	0	0	0	0	0	1.5	1.5	1.5	1.5	1.5	1.5
1142.3614794528	-0.00386339724510092	-7.1262064621295	0.0338708675036381	49.4211700742244	0	0	0	0	0	1.5	1.5	1.5	1.5	1.5	1.5
1142.60086786006	-0.00373254414462016	-7.12717753919105	0.193027558618424	49.2423518632884	0	0	0	0	0	1.5	1.5	1.5	1.5	1.5	1.5
1142.84025626732	-0.00229738022031868	-7.12789928618587	0.352027803047282	49.0633945239425	0	0	0	0	0	1.5	1.5	1.5	1.5	1.5	1.5
1143.07964467459	-0.000862216296017197	-7.12827747157468	0.5109296054509	48.8843497640869	0	0	0	0	0	1.5	1.5	1.5	1.5	1.5	1.5
1143.31903308185	0.000572947628284286	-7.1283120953575	0.669794449749254	48.7052722089265	0	0	0	0	0	1.5	1.5	1.5	1.5	1.5	1.5
1143.55842148911	0.00200811155258577	-7.12800315753432	0.828683853673157	48.5262164455822	0	0	0	0	0	1.5	1.5	1.5	1.5	1.5	1.5
1143.79780989637	0.00344327547688725	-7.12735065810515	0.987659312487371	48.3472370864832	0	0	0	0	0	1.5	1.5	1.5	1.5	1.5	1.5
1144.03719830363	0.00443747824802461	-7.12636148694236	1.14678218907521	48.1683887849903	0	0	0	0	0	1.5	1.5	1.5	1.5	1.5	1.5
1144.27658671089	0.00249461914922945	-7.1255317550649	1.30607913582584	47.9896955031293	0	0	0	0	0	1.5	1.5	1.5	1.5	1.5	1.5
1144.51597511816	0.000551760050434291	-7.12516712113264	1.4654827704279	47.8110973784058	0	0	0	0	0	1.5	1.5	1.5	1.5	1.5	1.5
1144.75536352542	-0.00139109904836087	-7.12526758514557	1.62490999458163	47.6325203091485	0	0	0	0	0	1.5	1.5	1.5	1.5	1.5	1.5
1144.99475193268	-0.00333395814715603	-7.1258331471037	1.78427773935648	47.4538901607639	0	0	0	0	0	1.5	1.5	1.5	1.5	1.5	1.5
1145.23414033994	-0.00527681724595304	-7.12686380700702	1.94350286179027	47.2751328816751	0	0	0	0	0	1.5	1.5	1.5	1.5	1.5	1.5
1145.4735287472	-0.0072196763447482	-7.12835956485554	2.10250204168049	47.096174619435	0	0	0	0	0	1.5	1.5	1.5	1.5	1.5	1.5
1145.71291715446	-0.00794633791793246	-7.13019454061078	2.26119818514495	46.9169475917329	0	0	0	0	0	1.5	1.5	1.5	1.5	1.5	1.5
1145.95230556173	-0.00848274641379283	-7.13216100677625	2.4195531267638	46.737419032646	0	0	0	0	0	1.5	1.5	1.5	1.5	1.5	1.5
1146.19169396899	-0.0090191549096532	-7.13425588291718	2.57754317523588	46.5575692810305	0	0	0	0	0	1.5	1.5	1.5	1.5	1.5	1.5
1146.43108237625	-0.00955556340551357	-7.13647916903358	2.73514454191822	46.3773788397074	0	0	0	0	0	1.5	1.5	1.5	1.5	1.5	1.5
1146.67047078351	-0.0100919719013739	-7.13883086512545	2.89233330874729	46.1968283628275	0	0	0	0	0	1.5	1.5	1.5	1.5	1.5	1.5
1146.90985919077	-0.0106283803972343	-7.14131097119278	3.04908542113426	46.0158986653811	0	0	0	0	0	1.5	1.5	1.5	1.5	1.5	1.5
1147.14924759803	-0.00998982423678118	-7.14383517530141	3.20537973839889	45.8345733633306	0	0	0	0	0	1.5	1.5	1.5	1.5	1.5	1.5
1147.3886360053	-0.00856633381500078	-7.14605623986187	3.36124090159291	45.6528755819149	0	0	0	0	0	1.5	1.5	1.5	1.5	1.5	1.5
1147.62802441256	-0.00714284339322038	-7.1479365373175	3.51672914219251	45.4708585506426	0	0	0	0	0	1.5	1.5	1.5	1.5	1.5	1.5
1147.86741281982	-0.00571935297143998	-7.14947606766832	3.67190592971775	45.2885759052357	0	0	0	0	0	1.5	1.5	1.5	1.5	1.5	1.5
1148.10680122708	-0.00429586254965958	-7.1506748309143	3.82683300619994	45.106080963848	0	0	0	0	0	1.5	1.5	1.5	1.5	1.5	1.5
1148.34618963434	-0.00287237212787918	-7.15153282705547	3.98157233121955	44.9234267897951	0	0	0	0	0	1.5	1.5	1.5	1.5	1.5	1.5
1148.5855780416	-0.00357136724180248	-7.15213478904218	4.13618430538786	44.7406647985314	0	0	0	0	0	1.5	1.5	1.5	1.5	1.5	1.5
1148.82496644887	-0.00851158519852482	-7.15358104841203	4.29062621294037	44.5577590943485	0	0	0	0	0	1.5	1.5	1.5	1.5	1.5	1.5
1149.06435485613	-0.0134518031552472	-7.15620993869007	4.4446950851569	44.3745391199199	0	0	0	0	0	1.5	1.5	1.5	1.5	1.5	1.5
1149.30374326339	-0.0183920211119695	-7.16002145987629	4.59817310485059	44.1908240211584	0	0	0	0	0	1.5	1.5	1.5	1.5	1.5	1.5
1149.54313167065	-0.0233322390686918	-7.1650156119707	4.75084070576733	44.0064350465956	0	0	0	0	0	1.5	1.5	1.5	1.5	1.5	1.5
1149.78252007791	-0.0282724570254142	-7.1711923949733	4.90247594852629	43.8211963347315	0	0	0	0	0	1.5	1.5	1.5	1.5	1.5	1.5
1150.02190848517	-0.0329560741228813	-7.1785497175558	5.05285392260829	43.6349357224114	0	0	0	0	0	1.5	1.5	1.5	1.5	1.5	1.5
1150.26129689244	-0.0341278042189116	-7.18657926895038	5.20178050977239	43.4475127428628	0	0	0	0	0	1.5	1.5	1.5	1.5	1.5	1.5
1150.5006852997	-0.0352995343149419	-7.1948893189464	5.34917090736202	43.2588793671359	0	0	0	0	0	1.5	1.5	1.5	1.5	1.5	1.5
1150.74007370696	-0.0364712644109711	-7.20347986754384	5.49496202427999	43.0690072856481	0	0	0	0	0	1.5	1.5	1.5	1.5	1.5	1.5
1150.97946211422	-0.0376429945070014	-7.21235091474272	5.63908984151301	42.8778696231896	0	0	0	0	0	1.5	1.5	1.5	1.5	1.5	1.5
1151.21885052148	-0.0388147246030317	-7.22150246054303	5.78148940211419	42.6854410008145	0	0	0	0	0	1.5	1.5	1.5	1.5	1.5	1.5
1151.45823892874	-0.039986454699062	-7.23093450494476	5.92209480341118	42.4916975988588	0	0	0	0	0	1.5	1.5	1.5	1.5	1.5	1.5
1151.69762733601	-0.0438246470671364	-7.24090359355385	6.0608257535739	42.2966077240681	0	0	0	0	0	1.5	1.5	1.5	1.5	1.5	1.5
1151.93701574327	-0.0483136365023279	-7.25193201202961	6.19750207272581	42.1000732171957	0	0	0	0	0	1.5	1.5	1.5	1.5	1.5	1.5
1152.17640415053	-0.0528026259375237	-7.26403504253648	6.33189609818731	41.9019713347664	0	0	0	0	0	1.5	1.5	1.5	1.5	1.5	1.5
1152.41579255779	-0.0572916153727152	-7.27721268507446	6.46377523012908	41.702186763981	0	0	0	0	0	1.5	1.5	1.5	1.5	1.5	1.5
1152.65518096505	-0.0617806048079067	-7.29146493964353	6.59290185125087	41.5006125713916	0	0	0	0	0	1.5	1.5	1.5	1.5	1.5	1.5
1152.89456937231	-0.0662695942430982	-7.30679180624371	6.71903309852935	41.2971510367812	0	0	0	0	0	1.5	1.5	1.5	1.5	1.5	1.5
1153.13395777958	-0.0699663065482583	-7.32314203281999	6.84192258982708	41.0917156355779	0	0	0	0	0	1.5	1.5	1.5	1.5	1.5	1.5
1153.37334618684	-0.0729893563880506	-7.34025299704967	6.96135519506128	40.8842517493345	0	0	0	0	0	1.5	1.5	1.5	1.5	1.5	1.5
1153.6127345941	-0.0760124062278429	-7.35808764436557	7.07714465568723	40.6747330357866	0	0	0	0	0	1.5	1.5	1.5	1.5	1.5	1.5
1153.85212300136	-0.0790354560676353	-7.3766459747677	7.18910252978953	40.4631423952233	0	0	0	0	0	1.5	1.5	1.5	1.5	1.5	1.5
1154.09151140862	-0.0820585059074276	-7.39592798825604	7.29703714993824	40.2494717333441	0	0	0	0	0	1.5	1.5	1.5	1.5	1.5	1.5
1154.33089981588	-0.08508155574722	-7.4159336848306	7.4007537773636	40.0337224357895	0	0	0	0	0	1.5	1.5	1.5	1.5	1.5	1.5
1154.57028822315	-0.0866117372339147	-7.43661247507901	7.50005583672142	39.8159063130789	0	0	0	0	0	1.5	1.5	1.5	1.5	1.5	1.5
1154.80967663041	-0.0843618024123725	-7.45707701674892	7.59483778728821	39.596085496532	0	0	0	0	0	1.5	1.5	1.5	1.5	1.5	1.5
1155.04906503767	-0.0821118675908302	-7.47700295010546	7.68516146024823	39.3743952903173	0	0	0	0	0	1.5	1.5	1.5	1.5	1.5	1.5
1155.28845344493	-0.0798619327692879	-7.49639027514862	7.77111035827124	39.1509723696611	0	0	0	0	0	1.5	1.5	1.5	1.5	1.5	1.5
1155.52784185219	-0.0776119979477435	-7.51523899187843	7.85277247587453	38.9259470123313	0	0	0	0	0	1.5	1.5	1.5	1.5	1.5	1.5
1155.76723025946	-0.0753620631262013	-7.53354910029486	7.9302399654051	38.6994431568788	0	0	0	0	0	1.5	1.5	1.5	1.5	1.5	1.5
1156.00661866672	-0.0732863043966974	-7.55132111486116	8.00360881696687	38.4715784757829	0	0	0	0	0	1.5	1.5	1.5	1.5	1.5	1.5
1156.24600707398	-0.0780946001485958	-7.56944053167563	8.07290904946139	38.242443757032	0	0	0	0	0	1.5	1.5	1.5	1.5	1.5	1.5
1156.48539548124	-0.0829028959004942	-7.58871099875178	8.1379136447647	38.0120540032972	0	0	0	0	0	1.5	1.5	1.5	1.5	1.5	1.5
1156.7247838885	-0.0877111916523926	-7.60913251608963	8.19833331090237	37.7804200640688	0	0	0	0	0	1.5	1.5	1.5	1.5	1.5	1.5
1156.96417229576	-0.0925194874042909	-7.63070508368916	8.25387627660468	37.5475691117659	0	0	0	0	0	1.5	1.5	1.5	1.5	1.5	1.5
1157.20356070303	-0.0973277831561847	-7.65342870155037	8.30424873003929	37.3135456952501	0	0	0	0	0	1.5	1.5	1.5	1.5	1.5	1.5
1157.44294911029	-0.102136078908083	-7.67730336967328	8.34915535966694	37.0784127923618	0	0	0	0	0	1.5	1.5	1.5	1.5	1.5	1.5
1157.68233751755	-0.103444296253574	-7.70200835184793	8.38831935741878	36.8422559122864	0	0	0	0	0	1.5	1.5	1.5	1.5	1.5	1.5
1157.92172592481	-0.103680860959027	-7.72680003259241	8.42162445837275	36.6052018158299	0	0	0	0	0	1.5	1.5	1.5	1.5	1.5	1.5
1158.16111433207	-0.10391742566448	-7.75164834418494	8.4490362204403	36.3673942123509	0	0	0	0	0	1.5	1.5	1.5	1.5	1.5	1.5
1158.40050273933	-0.104153990369933	-7.77655328662552	8.47052425768015	36.1289783744274	0	0	0	0	0	1.5	1.5	1.5	1.5	1.5	1.5
1158.6398911466	-0.104390555075385	-7.80151485991415	8.48606174656239	35.89010095718	0	0	0	0	0	1.5	1.5	1.5	1.5	1.5	1.5
1158.87927955386	-0.104627119780838	-7.82653306405084	8.49562548426052	35.6509099133747	0	0	0	0	0	1.5	1.5	1.5	1.5	1.5	1.5
1159.11866796112	-0.102835984024924	-7.85148250659165	8.49920111448357	35.4115544354995	0	0	0	0	0	1.5	1.5	1.5	1.5	1.5	1.5
1159.35805636838	-0.0991478226392682	-7.87565879747665	8.49688809381529	35.1721830333373	0	0	0	0	0	1.5	1.5	1.5	1.5	1.5	1.5
1159.59744477564	-0.0954596612536122	-7.89895218528181	8.48889480232535	34.9329335282789	0	0	0	0	0	1.5	1.5	1.5	1.5	1.5	1.5
1159.8368331829	-0.0917714998679562	-7.92136267000713	8.47543673661614	34.6939287343011	0	0	0	0	0	1.5	1.5	1.5	1.5	1.5	1.5
1160.07622159017	-0.0880833384823002	-7.94289025165262	8.45673160634738	34.4552768656063	0	0	0	0	0	1.5	1.5	1.5	1.5	1.5	1.5
1160.31560999743	-0.0843951770966442	-7.96353493021827	8.43299872604739	34.2170720702498	0	0	0	0	0	1.5	1.5	1.5	1.5	1.5	1.5
1160.55499840469	-0.0811306590473435	-7.98330981984191	8.40445820009854	33.9793950167267	0	0	0	0	0	1.5	1.5	1.5	1.5	1.5	1.5
1160.79438681195	-0.0790805739934614	-8.00248617579344	8.37130089958446	33.742317715358	0	0	0	0	0	1.5	1.5	1.5	1.5	1.5	1.5
1161.03377521921	-0.0770304889395793	-8.02117176514917	8.33366167540178	33.5059103742302	0	0	0	0	0	1.5	1.5	1.5	1.5	1.5	1.5
1161.27316362647	-0.0749804038856972	-8.03936658790911	8.29166966579	33.270237084061	0	0	0	0	0	1.5	1.5	1.5	1.5	1.5	1.5
1161.51255203374	-0.0729303188318151	-8.05707064407325	8.24545441030732	33.0353552779007	0	0	0	0	0	1.5	1.5	1.5	1.5	1.5	1.5
1161.751940441	-0.070880233777933	-8.07428393364158	8.19514564575498	32.8013159163664	0	0	0	0	0	1.5	1.5	1.5	1.5	1.5	1.5
1161.99132884826	-0.0688285611507539	-8.09100645646986	8.14087311816681	32.5681636767872	0	0	0	0	0	1.5	1.5	1.5	1.5	1.5	1.5
1162.23071725552	-0.0646871718716165	-8.10698751580616	8.08278581202147	32.3359322089028	0	0	0	0	0	1.5	1.5	1.5	1.5	1.5	1.5
1162.47010566278	-0.0605457825924752	-8.1219771745591	8.02110934746458	32.10462775551	0	0	0	0	0	1.5	1.5	1.5	1.5	1.5	1.5
1162.70949407004	-0.0564043933133378	-8.13597543272863	7.95608688351829	31.8742412262528	0	0	0	0	0	1.5	1.5	1.5	1.5	1.5	1.5
1162.94888247731	-0.0522630040342004	-8.14898229031478	7.88795955798937	31.6447533855045	0	0	0	0	0	1.5	1.5	1.5	1.5	1.5	1.5
1163.18827088457	-0.0481216147550629	-8.16099774731754	7.81696640740079	31.41613559842	0	0	0	0	0	1.5	1.5	1.5	1.5	1.5	1.5
1163.42765929183	-0.0439802254759255	-8.17202180373693	7.74334433422658	31.1883505694495	0	0	0	0	0	1.5	1.5	1.5	1.5	1.5	1.5
1163.66704769909	-0.0401902807314126	-8.1820855022025	7.66732638614966	30.9613536584908	0	0	0	0	0	1.5	1.5	1.5	1.5	1.5	1.5
1163.90643610635	-0.0365251340131677	-8.19126789267655	7.58912790047377	30.7350984847359	0	0	0	0	0	1.5	1.5	1.5	1.5	1.5	1.5
1164.14582451361	-0.0328599872949192	-8.19957288951535	7.50895407202974	30.5095355504618	0	0	0	0	0	1.5	1.5	1.5	1.5	1.5	1.5
1164.38521292088	-0.0291948405766707	-8.20700049271889	7.4270083495548	30.2846101304358	0	0	0	0	0	1.5	1.5	1.5	1.5	1.5	1.5
1164.62460132814	-0.0255296938584223	-8.21355070228717	7.34349261580287	30.0602627952849	0	0	0	0	0	1.5	1.5	1.5	1.5	1.5	1.5
1164.8639897354	-0.0218645471401738	-8.21922351822019	7.25860731073474	29.836429954147	0	0	0	0	0	1.5	1.5	1.5	1.5	1.5	1.5
1165.10337814266	-0.015678546668588	-8.22387608976282	7.17255660559081	29.6130424424953	0	0	0	0	0	1.5	1.5	1.5	1.5	1.5	1.5
1165.34276654992	-0.00668881352048212	-8.22655333312798	7.08567494161104	29.3899766418954	0	0	0	0	0	1.5	1.5	1.5	1.5	1.5	1.5
1165.58215495718	0.0023009196276238	-8.2270785385931	6.99843618570986	29.167050180222	0	0	0	0	0	1.5	1.5	1.5	1.5	1.5	1.5
1165.82154336445	0.0112906527757297	-8.22545170615819	6.91132024254144	28.9440757221117	0	0	0	0	0	1.5	1.5	1.5	1.5	1.5	1.5
1166.06093177171	0.0202803859238442	-8.22167283582324	6.8248073255973	28.720866725496	0	0	0	0	0	1.5	1.5	1.5	1.5	1.5	1.5
1166.30032017897	0.0292701190719501	-8.21574192758827	6.73937915327772	28.4972405451118	0	0	0	0	0	1.5	1.5	1.5	1.5	1.5	1.5
1166.53970858623	0.0374190725085951	-8.20767985631508	6.6555197789045	28.2730216718973	0	0	0	0	0	1.5	1.5	1.5	1.5	1.5	1.5
1166.77909699349	0.0423554570496561	-8.19813130752958	6.57365420149233	28.0480674515655	0	0	0	0	0	1.5	1.5	1.5	1.5	1.5	1.5
1167.01848540075	0.0472918415907172	-8.18740104551117	6.49407377464969	27.8222949660097	0	0	0	0	0	1.5	1.5	1.5	1.5	1.5	1.5
1167.25787380802	0.0522282261317782	-8.17548907025983	6.41705447592421	27.5956362811611	0	0	0	0	0	1.5	1.5	1.5	1.5	1.5	1.5
1167.49726221528	0.0571646106728392	-8.16239538177559	6.34287508989717	27.3680326577984	0	0	0	0	0	1.5	1.5	1.5	1.5	1.5	1.5
1167.73665062254	0.0621009952139002	-8.14811998005842	6.27181730001278	27.1394355739927	0	0	0	0	0	1.5	1.5	1.5	1.5	1.5	1.5
1167.9760390298	0.0670373797549612	-8.13266286510834	6.20416571922356	26.9098077619666	0	0	0	0	0	1.5	1.5	1.5	1.5	1.5	1.5
1168.21542743706	0.0711505216468839	-8.11611724398101	6.14020106553939	26.6791261086953	0	0	0	0	0	1.5	1.5	1.5	1.5	1.5	1.5
1168.45481584432	0.0752165840042034	-8.09859794983235	6.0801746923383	26.4473888043031	0	0	0	0	0	1.5	1.5	1.5	1.5	1.5	1.5
1168.69420425159	0.0792826463615228	-8.08010528749215	6.02433056255089	26.214608630102	0	0	0	0	0	1.5	1.5	1.5	1.5	1.5	1.5
1168.93359265885	0.0833487087188422	-8.0606392569604	5.97291431990305	25.9808109186453	0	0	0	0	0	1.5	1.5	1.5	1.5	1.5	1.5
1169.17298106611	0.0874147710761616	-8.0401998582371	5.92617297673244	25.7460342987742	0	0	0	0	0	1.5	1.5	1.5	1.5	1.5	1.5
1169.41236947337	0.0914808334334849	-8.01878709132224	5.88435453463226	25.510331439732	0	0	0	0	0	1.5	1.5	1.5	1.5	1.5	1.5
1169.65175788063	0.0922129285252158	-7.9966745936089	5.84769272321971	25.2737719749755	0	0	0	0	0	1.5	1.5	1.5	1.5	1.5	1.5
1169.8911462879	0.0914169306113825	-7.9746951638567	5.81625996215331	25.0364610311846	0	0	0	0	0	1.5	1.5	1.5	1.5	1.5	1.5
1170.13053469516	0.0906209326975492	-7.95290628677728	5.79002765308008	24.7985190040022	0	0	0	0	0	1.5	1.5	1.5	1.5	1.5	1.5
1170.36992310242	0.0898249347837166	-7.93130796237066	5.76896292360956	24.5600638530992	0	0	0	0	0	1.5	1.5	1.5	1.5	1.5	1.5
1170.60931150968	0.0890289368698833	-7.90990019063678	5.75303017591412	24.3212108261034	0	0	0	0	0	1.5	1.5	1.5	1.5	1.5	1.5
1170.84869991694	0.0882329389560499	-7.88868297157569	5.74219121159215	24.082072421421	0	0	0	0	0	1.5	1.5	1.5	1.5	1.5	1.5
1171.0880883242	0.0864556736019556	-7.86770713463329	5.73640360010866	23.8427583837153	0	0	0	0	0	1.5	1.5	1.5	1.5	1.5	1.5
1171.32747673146	0.0833922528261058	-7.84737732234113	5.73556588086933	23.6033755647953	0	0	0	0	0	1.5	1.5	1.5	1.5	1.5	1.5
1171.56686513873	0.080328832050256	-7.82778085746928	5.73950684833115	23.3640234301336	0	0	0	0	0	1.5	1.5	1.5	1.5	1.5	1.5
1171.80625354599	0.0772654112744062	-7.80891774001773	5.74804950509396	23.1247910466755	0	0	0	0	0	1.5	1.5	1.5	1.5	1.5	1.5
1172.04564195325	0.0742019904985564	-7.79078796998648	5.76101541126455	22.8857573145194	0	0	0	0	0	1.5	1.5	1.5	1.5	1.5	1.5
1172.28503036051	0.0711385697227066	-7.77339154737554	5.77822504653845	22.6469913355767	0	0	0	0	0	1.5	1.5	1.5	1.5	1.5	1.5
1172.52441876777	0.0678591642890854	-7.75673292035546	5.79949807584689	22.4085527859016	0	0	0	0	0	1.5	1.5	1.5	1.5	1.5	1.5
1172.76380717504	0.0635404725198227	-7.74100514547023	5.82463475510325	22.1704902405197	0	0	0	0	0	1.5	1.5	1.5	1.5	1.5	1.5
1173.0031955823	0.0592217807505558	-7.72631121532909	5.85338955878162	21.9328372590134	0	0	0	0	0	1.5	1.5	1.5	1.5	1.5	1.5
1173.24258398956	0.0549030889812931	-7.71265112993207	5.88551060735725	21.6956155134268	0	0	0	0	0	1.5	1.5	1.5	1.5	1.5	1.5
1173.48197239682	0.0505843972120303	-7.70002488927914	5.92074667583567	21.4588361486204	0	0	0	0	0	1.5	1.5	1.5	1.5	1.5	1.5
1173.72136080408	0.0462657054427676	-7.6884324933703	5.95884736727359	21.222500571521	0	0	0	0	0	1.5	1.5	1.5	1.5	1.5	1.5
1173.96074921134	0.0419470136735048	-7.67787394220557	5.99956323566326	20.9866012389343	0	0	0	0	0	1.5	1.5	1.5	1.5	1.5	1.5
1174.20013761861	0.0335808948329669	-7.66879078986111	6.04261428669219	20.7511165857451	0	0	0	0	0	1.5	1.5	1.5	1.5	1.5	1.5
1174.43952602587	0.0248215454874105	-7.66180035627687	6.08755699258619	20.5159852841177	0	0	0	0	0	1.5	1.5	1.5	1.5	1.5	1.5
1174.67891443313	0.0160621961418542	-7.6569068093811	6.13389609285587	20.2811249370856	0	0	0	0	0	1.5	1.5	1.5	1.5	1.5	1.5
1174.91830284039	0.00730284679629793	-7.65411014917382	6.1811379424281	20.0464443467524	0	0	0	0	0	1.5	1.5	1.5	1.5	1.5	1.5
1175.15769124765	-0.00145650254925838	-7.65341037565502	6.22879000671703	19.8118466323308	0	0	0	0	0	1.5	1.5	1.5	1.5	1.5	1.5
1175.39707965491	-0.0102158518948147	-7.6548074888247	6.27636026806963	19.5772323316273	0	0	0	0	0	1.5	1.5	1.5	1.5	1.5	1.5
1175.63646806218	-0.0166841584223289	-7.65812445299028	6.32336554981294	19.3425042770591	0	0	0	0	0	1.5	1.5	1.5	1.5	1.5	1.5
1175.87585646944	-0.0218947308713037	-7.66274212242124	6.36943441787079	19.107590746213	0	0	0	0	0	1.5	1.5	1.5	1.5	1.5	1.5
1176.1152448767	-0.0271053033202784	-7.66860714249169	6.41427137154827	18.8724391084973	0	0	0	0	0	1.5	1.5	1.5	1.5	1.5	1.5
1176.35463328396	-0.0323158757692581	-7.67571951320162	6.4575815354946	18.6370016485829	0	0	0	0	0	1.5	1.5	1.5	1.5	1.5	1.5
1176.59402169122	-0.0375264482182329	-7.68407923455103	6.49906903325482	18.4012363771845	0	0	0	0	0	1.5	1.5	1.5	1.5	1.5	1.5
1176.83341009848	-0.0427370206672076	-7.69368630653993	6.53843687575766	18.1651081458768	0	0	0	0	0	1.5	1.5	1.5	1.5	1.5	1.5
1177.07279850575	-0.0468038432024955	-7.70448861891111	6.57538845748072	17.9285900054967	0	0	0	0	0	1.5	1.5	1.5	1.5	1.5	1.5
1177.31218691301	-0.0490096399983668	-7.71595693747993	6.60969448319475	17.691673821968	0	0	0	0	0	1.5	1.5	1.5	1.5	1.5	1.5
1177.55157532027	-0.0512154367942382	-7.72795329823047	6.64121861421954	17.4543715855461	0	0	0	0	0	1.5	1.5	1.5	1.5	1.5	1.5
1177.79096372753	-0.0534212335901095	-7.7404777011627	6.66983101739223	17.2167008241997	0	0	0	0	0	1.5	1.5	1.5	1.5	1.5	1.5
1178.03035213479	-0.0556270303859808	-7.75353014627665	6.69540171489127	16.9786837337476	0	0	0	0	0	1.5	1.5	1.5	1.5	1.5	1.5
1178.26974054205	-0.0578328271818521	-7.7671106335723	6.71780067923031	16.7403473849569	0	0	0	0	0	1.5	1.5	1.5	1.5	1.5	1.5
1178.50912894932	-0.0598272104078437	-7.78121616824898	6.73689796939587	16.5017239315109	0	0	0	0	0	1.5	1.5	1.5	1.5	1.5	1.5
1178.74851735658	-0.0602466392596863	-7.79558831206183	6.75258752949709	16.2628522906513	0	0	0	0	0	1.5	1.5	1.5	1.5	1.5	1.5
1178.98790576384	-0.0606660681115289	-7.81006086227947	6.7648304861372	16.0237792489149	0	0	0	0	0	1.5	1.5	1.5	1.5	1.5	1.5
1179.2272941711	-0.0610854969633716	-7.82463381890192	6.77360027386216	15.784553652106	0	0	0	0	0	1.5	1.5	1.5	1.5	1.5	1.5
1179.46668257836	-0.0615049258152142	-7.83930718192917	6.77887101384487	15.5452254243058	0	0	0	0	0	1.5	1.5	1.5	1.5	1.5	1.5
1179.70607098562	-0.0619243546670568	-7.85408095136123	6.78061754461997	15.3058455654358	0	0	0	0	0	1.5	1.5	1.5	1.5	1.5	1.5
1179.94545939289	-0.0623437835188998	-7.8689551271981	6.77881545320956	15.066466148081	0	0	0	0	0	1.5	1.5	1.5	1.5	1.5	1.5
1180.18484780015	-0.0654243833285796	-7.88420257403147	6.77342246118113	14.827140813666	0	0	0	0	0	1.5	1.5	1.5	1.5	1.5	1.5
1180.42423620741	-0.068950313102832	-7.90028644630896	6.76428193167995	14.5879295580579	0	0	0	0	0	1.5	1.5	1.5	1.5	1.5	1.5
1180.66362461467	-0.0724762428770845	-7.91721438529923	6.75119444337126	14.3489020310362	0	0	0	0	0	1.5	1.5	1.5	1.5	1.5	1.5
1180.90301302193	-0.0760021726513369	-7.93498639100228	6.73396203293454	14.1101378268812	0	0	0	0	0	1.5	1.5	1.5	1.5	1.5	1.5
1181.14240142919	-0.0795281024255893	-7.95360246341809	6.71238865660402	13.871726954823	0	0	0	0	0	1.5	1.5	1.5	1.5	1.5	1.5
1181.38178983646	-0.0830540321998418	-7.97306260254669	6.68628060753785	13.6337702974708	0	0	0	0	0	1.5	1.5	1.5	1.5	1.5	1.5
1181.62117824372	-0.0833955368538612	-7.99313957483793	6.65545768780854	13.3963785851017	0	0	0	0	0	1.5	1.5	1.5	1.5	1.5	1.5
1181.86056665098	-0.0815799725863431	-8.01288618705896	6.6199052555646	13.1596488405168	0	0	0	0	0	1.5	1.5	1.5	1.5	1.5	1.5
1182.09995505824	-0.0797644083188249	-8.03219817424172	6.57973670216759	12.9236583411426	0	0	0	0	0	1.5	1.5	1.5	1.5	1.5	1.5
1182.3393434655	-0.0779488440513067	-8.05107553638619	6.53506955253411	12.6884776585097	0	0	0	0	0	1.5	1.5	1.5	1.5	1.5	1.5
1182.57873187276	-0.0761332797837886	-8.06951827349238	6.48602191748557	12.4541712038497	0	0	0	0	0	1.5	1.5	1.5	1.5	1.5	1.5
1182.81812028003	-0.0743177155162704	-8.08752638556029	6.43271229479114	12.2207973728781	0	0	0	0	0	1.5	1.5	1.5	1.5	1.5	1.5
1183.05750868729	-0.0713750180244439	-8.10505403136384	6.37526058781155	11.9884083877864	0	0	0	0	0	1.5	1.5	1.5	1.5	1.5	1.5
1183.29689709455	-0.066242286286083	-8.12152602500912	6.31385549877932	11.7570322249572	0	0	0	0	0	1.5	1.5	1.5	1.5	1.5	1.5
1183.53628550181	-0.0611095545477319	-8.13676930217864	6.2487890994943	11.5266584776144	0	0	0	0	0	1.5	1.5	1.5	1.5	1.5	1.5
1183.77567390907	-0.0559768228093759	-8.15078386287241	6.18035956120313	11.2972608539404	0	0	0	0	0	1.5	1.5	1.5	1.5	1.5	1.5
1184.01506231633	-0.0508440910710199	-8.16356970709045	6.1088621859172	11.0688004546514	0	0	0	0	0	1.5	1.5	1.5	1.5	1.5	1.5
1184.2544507236	-0.0457113593326639	-8.17512683483273	6.03458938011526	10.8412269019852	0	0	0	0	0	1.5	1.5	1.5	1.5	1.5	1.5
1184.49383913086	-0.0409931276096614	-8.18545906492377	5.95783067773002	10.6144794620272	0	0	0	0	0	1.5	1.5	1.5	1.5	1.5	1.5
1184.73322753812	-0.0412454803554563	-8.19530254961187	5.87881235721027	10.3885094378427	0	0	0	0	0	1.5	1.5	1.5	1.5	1.5	1.5
1184.97261594538	-0.0414978331012511	-8.20520644462185	5.7975667707542	10.1633306293544	0	0	0	0	0	1.5	1.5	1.5	1.5	1.5	1.5
1185.21200435264	-0.041750185847046	-8.21517074995371	5.71408828530766	9.93897003155135	0	0	0	0	0	1.5	1.5	1.5	1.5	1.5	1.5
1185.4513927599	-0.0420025385928409	-8.22519546560745	5.62837163646496	9.71545496332665	0	0	0	0	0	1.5	1.5	1.5	1.5	1.5	1.5
1185.69078116717	-0.0422548913386357	-8.23528059158308	5.54041193663376	9.49281306471725	0	0	0	0	0	1.5	1.5	1.5	1.5	1.5	1.5
1185.93016957443	-0.0425072440844306	-8.2454261278806	5.45020468324892	9.27107229397091	0	0	0	0	0	1.5	1.5	1.5	1.5	1.5	1.5
1186.16955798169	-0.0427776485154689	-8.25563383070503	5.35774566210107	9.05026096874887	0	0	0	0	0	1.5	1.5	1.5	1.5	1.5	1.5
1186.40894638895	-0.043052210486366	-8.265907167326	5.26303031998147	8.83040804181909	0	0	0	0	0	1.5	1.5	1.5	1.5	1.5	1.5
1186.64833479621	-0.0433267724572631	-8.27624623089988	5.16605420537247	8.61154294127101	0	0	0	0	0	1.5	1.5	1.5	1.5	1.5	1.5
1186.88772320348	-0.0436013344281604	-8.28665102142668	5.06681330039186	8.39369543655681	0	0	0	0	0	1.5	1.5	1.5	1.5	1.5	1.5
1187.12711161074	-0.0438758963990575	-8.29712153890638	4.96530403145372	8.17689563420738	0	0	0	0	0	1.5	1.5	1.5	1.5	1.5	1.5
1187.366500018	-0.0441504583699545	-8.30765778333898	4.86152327869093	7.96117397386363	0	0	0	0	0	1.5	1.5	1.5	1.5	1.5	1.5
1187.60588842526	-0.0430506856621407	-8.31816940149663	4.75547192893603	7.74655945612515	0	0	0	0	0	1.5	1.5	1.5	1.5	1.5	1.5
1187.84527683252	-0.0408230912017208	-8.32820860642386	4.64721637473159	7.53304818432538	0	0	0	0	0	1.5	1.5	1.5	1.5	1.5	1.5
1188.08466523978	-0.0385954967413009	-8.33771455106118	4.53687942028909	7.32060493435075	0	0	0	0	0	1.5	1.5	1.5	1.5	1.5	1.5
1188.32405364705	-0.0363679022808809	-8.3466872354086	4.4245843270895	7.10919008842806	0	0	0	0	0	1.5	1.5	1.5	1.5	1.5	1.5
1188.56344205431	-0.034140307820461	-8.35512665946612	4.31045287957703	6.89876080799463	0	0	0	0	0	1.5	1.5	1.5	1.5	1.5	1.5
1188.80283046157	-0.031912713360041	-8.36303282323373	4.19460542565374	6.68927124161878	0	0	0	0	0	1.5	1.5	1.5	1.5	1.5	1.5
1189.04221886883	-0.0292900854863782	-8.3703922456509	4.07716119218414	6.48067257816422	0	0	0	0	0	1.5	1.5	1.5	1.5	1.5	1.5
1189.28160727609	-0.0256769585074985	-8.37697148220769	3.95826136696357	6.2729000238707	0	0	0	0	0	1.5	1.5	1.5	1.5	1.5	1.5
1189.52099568335	-0.0220638315286187	-8.38268577805177	3.83808661340362	6.06586214776763	0	0	0	0	0	1.5	1.5	1.5	1.5	1.5	1.5
1189.76038409062	-0.018450704549739	-8.38753513318314	3.71681995712719	5.85946182014205	0	0	0	0	0	1.5	1.5	1.5	1.5	1.5	1.5
1189.99977249788	-0.0148375775708593	-8.3915195476018	3.59464280134149	5.65359905939815	0	0	0	0	0	1.5	1.5	1.5	1.5	1.5	1.5
1190.23916090514	-0.0112244505919796	-8.39463902130776	3.47173517332896	5.44817151018313	0	0	0	0	0	1.5	1.5	1.5	1.5	1.5	1.5
1190.4785493124	-0.00765727937658956	-8.39689366222786	3.34827598110881	5.24307491573509	0	0	0	0	0	1.5	1.5	1.5	1.5	1.5	1.5
1190.71793771966	-0.00638635016932578	-8.39857460328245	3.22442299015155	5.03821586013541	0	0	0	0	0	1.5	1.5	1.5	1.5	1.5	1.5
1190.95732612692	-0.00511542096206199	-8.39995129861836	3.10025694699171	4.83354638464171	0	0	0	0	0	1.5	1.5	1.5	1.5	1.5	1.5
1191.19671453419	-0.0038444917547982	-8.40102374823561	2.97584036052357	4.62902910653806	0	0	0	0	0	1.5	1.5	1.5	1.5	1.5	1.5
1191.43610294145	-0.00257356254753441	-8.40179195213419	2.85123560114155	4.42462641417559	0	0	0	0	0	1.5	1.5	1.5	1.5	1.5	1.5
1191.67549134871	-0.00130263334027062	-8.40225591031409	2.72650493484334	4.22030052403744	0	0	0	0	0	1.5	1.5	1.5	1.5	1.5	1.5
1191.91487975597	-3.17041330068326e-05	-8.40241562277533	2.60171055759455	4.01601353764528	0	0	0	0	0	1.5	1.5	1.5	1.5	1.5	1.5
1192.15426816323	0.00110648619489861	-8.40228306352342	2.47691401534638	3.81172787372413	0	0	0	0	0	1.5	1.5	1.5	1.5	1.5	1.5
1192.39365657049	0.0022012867712145	-8.40188714227245	2.3521715679113	3.60740917515462	0	0	0	0	0	1.5	1.5	1.5	1.5	1.5	1.5
1192.63304497776	0.00329608734753039	-8.40122913845524	2.22753680752463	3.40302477271279	0	0	0	0	0	1.5	1.5	1.5	1.5	1.5	1.5
1192.87243338502	0.00439088792384628	-8.40030905207181	2.10306335657587	3.19854209498207	0	0	0	0	0	1.5	1.5	1.5	1.5	1.5	1.5
1193.11182179228	0.00548568850016217	-8.39912688312214	1.97880491460342	2.99392869744801	0	0	0	0	0	1.5	1.5	1.5	1.5	1.5	1.5
1193.35121019954	0.00658048907647806	-8.39768263160623	1.85481528366035	2.78915230480656	0	0	0	0	0	1.5	1.5	1.5	1.5	1.5	1.5
1193.5905986068	0.00142636447609858	-8.396341058532	1.73113623570928	2.58418817959808	0	0	0	0	0	1.5	1.5	1.5	1.5	1.5	1.5
1193.82998701406	-0.010292558837474	-8.39740229060532	1.60751308304381	2.37919032680023	0	0	0	0	0	1.5	1.5	1.5	1.5	1.5	1.5
1194.06937542133	-0.0220114821510354	-8.4012688970655	1.48338527949287	2.1744978113222	0	0	0	0	0	1.5	1.5	1.5	1.5	1.5	1.5
1194.30876382859	-0.0337304054645969	-8.40794087791254	1.35818077344726	1.97046245167805	0	0	0	0	0	1.5	1.5	1.5	1.5	1.5	1.5
1194.54815223585	-0.0454493287781583	-8.41741823314642	1.2313330886557	1.76744510063023	0	0	0	0	0	1.5	1.5	1.5	1.5	1.5	1.5
1194.78754064311	-0.0571682520917198	-8.42970096276717	1.10228444608405	1.56582035936367	0	0	0	0	0	1.5	1.5	1.5	1.5	1.5	1.5
1195.02692905037	-0.0633453437984199	-8.44464217737498	0.970491234347153	1.36597972390005	0	0	0	0	0	1.5	1.5	1.5	1.5	1.5	1.5
1195.26631745763	-0.0500383896441023	-8.45821355305408	0.835775874314699	1.16809667529393	0	0	0	0	0	1.5	1.5	1.5	1.5	1.5	1.5
1195.5057058649	-0.0367314354897846	-8.46859939817267	0.69869943605029	0.971840863461738	0	0	0	0	0	1.5	1.5	1.5	1.5	1.5	1.5
1195.74509427216	-0.023424481335467	-8.47579971273075	0.559902302288198	0.776797491883975	0	0	0	0	0	1.5	1.5	1.5	1.5	1.5	1.5
1195.98448267942	-0.0101175271811494	-8.47981449672832	0.42001343293992	0.582535205319714	0	0	0	0	0	1.5	1.5	1.5	1.5	1.5	1.5
1196.22387108668	0.00318942697316824	-8.48064375016539	0.279654377232827	0.388612176979471	0	0	0	0	0	1.5	1.5	1.5	1.5	1.5	1.5
1196.46325949394	0.0164963811274859	-8.47828747304196	0.139443453365462	0.194582078701587	0	0	0	0	0	1.5	1.5	1.5	1.5	1.5	1.5
1196.7026479012	0.0298033352818035	-8.47274566535801	4.02967659240971e-11	-8.02049537895755e-11	0	0	0	0	0	1.5	1.5	1.5	1.5	1.5	1.5
