abscissa	curvature	dir_mid_line	x_mid_line	y_mid_line	elevation	slope	banking	torsion	upsilon	width_no_kerbs_L	width_no_kerbs_R	width_kerbs_L	width_kerbs_R	width_kerbsMod_and_Constraint_MLT_L	width_kerbsMod_and_Constraint_MLT_R
0	0.0420741465705699	-1.69303842494373	863922.293881036	4598858.63137542	0	0	0	0	0	1.5	1.5	1.5	1.5	1.5	1.5
0.100503970553117	0.0362576740168775	-1.68910209544888	863922.281827019	4598858.53159699	0	0	0	0	0	1.5	1.5	1.5	1.5	1.5	1.5
0.201007941106234	0.0304412014631852	-1.68575034454029	863922.270136676	4598858.43177527	0	0	0	0	0	1.5	1.5	1.5	1.5	1.5	1.5
0.301511911659351	0.0246247289094928	-1.68298317221797	863922.258751787	4598858.33191825	0	0	0	0	0	1.5	1.5	1.5	1.5	1.5	1.5
0.402015882212469	0.0188082563558004	-1.6808005784819	863922.247614065	4598858.23203334	0	0	0	0	0	1.5	1.5	1.5	1.5	1.5	1.5
0.502519852765586	0.0129917838021081	-1.67920256333209	863922.236665175	4598858.13212754	0	0	0	0	0	1.5	1.5	1.5	1.5	1.5	1.5
0.603023823318703	0.00717531124841568	-1.67818912676854	863922.225846743	4598858.03220753	0	0	0	0	0	1.5	1.5	1.5	1.5	1.5	1.5
0.70352779387182	0.00135883869472331	-1.67776026879125	863922.21510037	4598857.93227974	0	0	0	0	0	1.5	1.5	1.5	1.5	1.5	1.5
0.804031764424937	-0.00445763385896907	-1.67791598940022	863922.204367645	4598857.83235048	0	0	0	0	0	1.5	1.5	1.5	1.5	1.5	1.5
0.904535734978055	-0.0102741064126614	-1.67865628859545	863922.193590151	4598857.73242604	0	0	0	0	0	1.5	1.5	1.5	1.5	1.5	1.5
1.00503970553117	-0.0160905789663538	-1.67998116637693	863922.182709483	4598857.63251279	0	0	0	0	0	1.5	1.5	1.5	1.5	1.5	1.5
1.10554367608429	-0.0219070515200462	-1.68189062274468	863922.171667254	4598857.53261728	0	0	0	0	0	1.5	1.5	1.5	1.5	1.5	1.5
1.20604764663741	-0.0277235240737386	-1.68438465769869	863922.160405108	4598857.43274632	0	0	0	0	0	1.5	1.5	1.5	1.5	1.5	1.5
1.30655161719052	-0.0335399966274309	-1.68746327123895	863922.148864735	4598857.33290715	0	0	0	0	0	1.5	1.5	1.5	1.5	1.5	1.5
1.40705558774364	-0.0360120844901145	-1.6910676821648	863922.136988566	4598857.23310739	0	0	0	0	0	1.5	1.5	1.5	1.5	1.5	1.5
1.50755955829676	-0.0322665903952163	-1.69449882112984	863922.124755657	4598857.13335071	0	0	0	0	0	1.5	1.5	1.5	1.5	1.5	1.5
1.60806352884987	-0.028521096300318	-1.69755352306666	863922.112199308	4598857.03363422	0	0	0	0	0	1.5	1.5	1.5	1.5	1.5	1.5
1.70856749940299	-0.0247756022054198	-1.70023178797526	863922.099357175	4598856.93395413	0	0	0	0	0	1.5	1.5	1.5	1.5	1.5	1.5
1.80907146995611	-0.0210301081105216	-1.70253361585564	863922.086266872	4598856.83430631	0	0	0	0	0	1.5	1.5	1.5	1.5	1.5	1.5
1.90957544050923	-0.0172846140156233	-1.70445900670779	863922.072965981	4598856.73468637	0	0	0	0	0	1.5	1.5	1.5	1.5	1.5	1.5
2.01007941106234	-0.0135391199207251	-1.70600796053173	863922.059492053	4598856.63508969	0	0	0	0	0	1.5	1.5	1.5	1.5	1.5	1.5
2.11058338161546	-0.00979362582582684	-1.70718047732745	863922.045882612	4598856.53551143	0	0	0	0	0	1.5	1.5	1.5	1.5	1.5	1.5
2.21108735216858	-0.0060481317309286	-1.70797655709495	863922.032175163	4598856.43594661	0	0	0	0	0	1.5	1.5	1.5	1.5	1.5	1.5
2.3115913227217	-0.00230263763603034	-1.70839619983422	863922.018407194	4598856.33639014	0	0	0	0	0	1.5	1.5	1.5	1.5	1.5	1.5
2.41209529327481	0.00144285645886788	-1.70843940554528	863922.004616185	4598856.23683685	0	0	0	0	0	1.5	1.5	1.5	1.5	1.5	1.5
2.51259926382793	0.00518835055376612	-1.70810617422811	863921.990839614	4598856.13728157	0	0	0	0	0	1.5	1.5	1.5	1.5	1.5	1.5
2.61310323438105	0.00893384464866437	-1.70739650588273	863921.977114957	4598856.03771912	0	0	0	0	0	1.5	1.5	1.5	1.5	1.5	1.5
2.71360720493416	0.0126793387435626	-1.70631040050912	863921.963479702	4598855.93814439	0	0	0	0	0	1.5	1.5	1.5	1.5	1.5	1.5
2.81411117548728	0.0157640483181416	-1.70485271571513	863921.949971326	4598855.83855237	0	0	0	0	0	1.5	1.5	1.5	1.5	1.5	1.5
2.9146151460404	0.0149925382073063	-1.70330713618189	863921.936616066	4598855.73893971	0	0	0	0	0	1.5	1.5	1.5	1.5	1.5	1.5
3.01511911659352	0.014221028096471	-1.70183909647812	863921.923410918	4598855.63930703	0	0	0	0	0	1.5	1.5	1.5	1.5	1.5	1.5
3.11562308714663	0.0134495179856357	-1.70044859660381	863921.910348185	4598855.53965558	0	0	0	0	0	1.5	1.5	1.5	1.5	1.5	1.5
3.21612705769975	0.0126780078748004	-1.69913563655896	863921.897420166	4598855.43998656	0	0	0	0	0	1.5	1.5	1.5	1.5	1.5	1.5
3.31663102825287	0.0119064977639652	-1.69790021634357	863921.884619155	4598855.34030116	0	0	0	0	0	1.5	1.5	1.5	1.5	1.5	1.5
3.41713499880598	0.0111349876531299	-1.69674233595764	863921.871937441	4598855.2406005	0	0	0	0	0	1.5	1.5	1.5	1.5	1.5	1.5
3.5176389693591	0.0103634775422946	-1.69566199540117	863921.859367311	4598855.14088571	0	0	0	0	0	1.5	1.5	1.5	1.5	1.5	1.5
3.61814293991222	0.00959196743145931	-1.69465919467416	863921.846901048	4598855.04115788	0	0	0	0	0	1.5	1.5	1.5	1.5	1.5	1.5
3.71864691046534	0.00882045732062403	-1.69373393377661	863921.834530931	4598854.94141808	0	0	0	0	0	1.5	1.5	1.5	1.5	1.5	1.5
3.81915088101845	0.00804894720978874	-1.69288621270853	863921.822249237	4598854.84166736	0	0	0	0	0	1.5	1.5	1.5	1.5	1.5	1.5
3.91965485157157	0.00727743709895346	-1.6921160314699	863921.810048241	4598854.74190673	0	0	0	0	0	1.5	1.5	1.5	1.5	1.5	1.5
4.02015882212469	0.00650592698811818	-1.69142339006073	863921.797920214	4598854.6421372	0	0	0	0	0	1.5	1.5	1.5	1.5	1.5	1.5
4.1206627926778	0.0057344168772829	-1.69080828848103	863921.785857426	4598854.54235976	0	0	0	0	0	1.5	1.5	1.5	1.5	1.5	1.5
4.22116676323092	0.00496290676644762	-1.69027072673079	863921.773852145	4598854.44257539	0	0	0	0	0	1.5	1.5	1.5	1.5	1.5	1.5
4.32167073378404	0.00384024029544227	-1.68981917118599	863921.761896502	4598854.34278506	0	0	0	0	0	1.5	1.5	1.5	1.5	1.5	1.5
4.42217470433715	0.00233682175323174	-1.68950876155487	863921.749979202	4598854.24299014	0	0	0	0	0	1.5	1.5	1.5	1.5	1.5	1.5
4.52267867489027	0.0008334032110212	-1.68934945145664	863921.738085341	4598854.14319242	0	0	0	0	0	1.5	1.5	1.5	1.5	1.5	1.5
4.62318264544339	-0.000670015331189345	-1.68934124089131	863921.726199839	4598854.04339371	0	0	0	0	0	1.5	1.5	1.5	1.5	1.5	1.5
4.72368661599651	-0.00217343387339988	-1.68948412985887	863921.714307616	4598853.9435958	0	0	0	0	0	1.5	1.5	1.5	1.5	1.5	1.5
4.82419058654962	-0.00367685241561041	-1.68977811835933	863921.702393594	4598853.84380049	0	0	0	0	0	1.5	1.5	1.5	1.5	1.5	1.5
4.92469455710274	-0.00518027095782095	-1.69022320639269	863921.690442694	4598853.74400958	0	0	0	0	0	1.5	1.5	1.5	1.5	1.5	1.5
5.02519852765586	-0.00668368950003148	-1.69081939395894	863921.678439842	4598853.64422492	0	0	0	0	0	1.5	1.5	1.5	1.5	1.5	1.5
5.12570249820897	-0.00818710804224201	-1.69156668105808	863921.666369963	4598853.54444834	0	0	0	0	0	1.5	1.5	1.5	1.5	1.5	1.5
5.22620646876209	-0.00969052658445256	-1.69246506769012	863921.654217989	4598853.44468173	0	0	0	0	0	1.5	1.5	1.5	1.5	1.5	1.5
5.32671043931521	-0.0111939451266631	-1.69351455385506	863921.641968854	4598853.344927	0	0	0	0	0	1.5	1.5	1.5	1.5	1.5	1.5
5.42721440986833	-0.0126973636688736	-1.69471513955289	863921.629607499	4598853.24518612	0	0	0	0	0	1.5	1.5	1.5	1.5	1.5	1.5
5.52771838042144	-0.0142007822110842	-1.69606682478362	863921.617118872	4598853.14546109	0	0	0	0	0	1.5	1.5	1.5	1.5	1.5	1.5
5.62822235097456	-0.0157042007532947	-1.69756960954724	863921.604487927	4598853.04575399	0	0	0	0	0	1.5	1.5	1.5	1.5	1.5	1.5
5.72872632152768	-0.0172076192955052	-1.69922349384375	863921.591699626	4598852.94606696	0	0	0	0	0	1.5	1.5	1.5	1.5	1.5	1.5
5.8292302920808	-0.0147299738738124	-1.70085698733213	863921.578743827	4598852.84640155	0	0	0	0	0	1.5	1.5	1.5	1.5	1.5	1.5
5.92973426263391	-0.0115891821860509	-1.70217957717494	863921.565640517	4598852.74675543	0	0	0	0	0	1.5	1.5	1.5	1.5	1.5	1.5
6.03023823318703	-0.0084483904982894	-1.70318650498245	863921.552421152	4598852.64712463	0	0	0	0	0	1.5	1.5	1.5	1.5	1.5	1.5
6.13074220374015	-0.00530759881052792	-1.70387777075466	863921.539117195	4598852.54750509	0	0	0	0	0	1.5	1.5	1.5	1.5	1.5	1.5
6.23124617429326	-0.00216680712276645	-1.70425337449157	863921.525760099	4598852.44789266	0	0	0	0	0	1.5	1.5	1.5	1.5	1.5	1.5
6.33175014484638	0.000973984564995055	-1.70431331619318	863921.51238131	4598852.34828315	0	0	0	0	0	1.5	1.5	1.5	1.5	1.5	1.5
6.4322541153995	0.00411477625275653	-1.70405759585949	863921.499012273	4598852.24867232	0	0	0	0	0	1.5	1.5	1.5	1.5	1.5	1.5
6.53275808595262	0.00725556794051803	-1.7034862134905	863921.485684431	4598852.14905597	0	0	0	0	0	1.5	1.5	1.5	1.5	1.5	1.5
6.63326205650573	0.0103963596282795	-1.70259916908621	863921.472429234	4598852.04942994	0	0	0	0	0	1.5	1.5	1.5	1.5	1.5	1.5
6.73376602705885	0.013537151316041	-1.70139646264662	863921.459278142	4598851.94979011	0	0	0	0	0	1.5	1.5	1.5	1.5	1.5	1.5
6.83426999761197	0.0166779430038025	-1.69987809417173	863921.446262626	4598851.85013248	0	0	0	0	0	1.5	1.5	1.5	1.5	1.5	1.5
6.93477396816508	0.019818734691564	-1.69804406366154	863921.433414174	4598851.75045318	0	0	0	0	0	1.5	1.5	1.5	1.5	1.5	1.5
7.0352779387182	0.0229595263793255	-1.69589437111605	863921.420764297	4598851.65074849	0	0	0	0	0	1.5	1.5	1.5	1.5	1.5	1.5
7.13578190927132	0.026100318067087	-1.69342901653526	863921.408344524	4598851.55101489	0	0	0	0	0	1.5	1.5	1.5	1.5	1.5	1.5
7.23628587982444	0.0283410824109504	-1.6906523289649	863921.396186401	4598851.45124905	0	0	0	0	0	1.5	1.5	1.5	1.5	1.5	1.5
7.33678985037755	0.0220787437221171	-1.68811863260442	863921.384300874	4598851.35145037	0	0	0	0	0	1.5	1.5	1.5	1.5	1.5	1.5
7.43729382093067	0.0158164050332838	-1.68621432614711	863921.372636828	4598851.25162555	0	0	0	0	0	1.5	1.5	1.5	1.5	1.5	1.5
7.53779779148379	0.00955406634445054	-1.68493940959298	863921.361131479	4598851.1517823	0	0	0	0	0	1.5	1.5	1.5	1.5	1.5	1.5
7.6383017620369	0.00329172765561722	-1.68429388294202	863921.349722006	4598851.05192805	0	0	0	0	0	1.5	1.5	1.5	1.5	1.5	1.5
7.73880573259002	-0.00297061103321605	-1.68427774619424	863921.338345568	4598850.95207003	0	0	0	0	0	1.5	1.5	1.5	1.5	1.5	1.5
7.83930970314314	-0.00923294972204931	-1.68489099934963	863921.326939318	4598850.85221541	0	0	0	0	0	1.5	1.5	1.5	1.5	1.5	1.5
7.93981367369626	-0.0154952884108826	-1.6861336424082	863921.315440414	4598850.75237142	0	0	0	0	0	1.5	1.5	1.5	1.5	1.5	1.5
8.04031764424937	-0.021757627099716	-1.68800567536995	863921.303786033	4598850.65254547	0	0	0	0	0	1.5	1.5	1.5	1.5	1.5	1.5
8.14082161480249	-0.0280199657885492	-1.69050709823488	863921.29191339	4598850.55274525	0	0	0	0	0	1.5	1.5	1.5	1.5	1.5	1.5
8.24132558535561	-0.0342823044773825	-1.69363791100298	863921.279759746	4598850.45297888	0	0	0	0	0	1.5	1.5	1.5	1.5	1.5	1.5
8.34182955590872	-0.0405446431662157	-1.69739811367425	863921.267262432	4598850.353255	0	0	0	0	0	1.5	1.5	1.5	1.5	1.5	1.5
8.44233352646184	-0.046806981855049	-1.7017877062487	863921.254358861	4598850.25358288	0	0	0	0	0	1.5	1.5	1.5	1.5	1.5	1.5
8.54283749701496	-0.0530693205438823	-1.70680668872633	863921.240986552	4598850.1539726	0	0	0	0	0	1.5	1.5	1.5	1.5	1.5	1.5
8.64334146756808	-0.0593316592327157	-1.71245506110714	863921.22708315	4598850.05443509	0	0	0	0	0	1.5	1.5	1.5	1.5	1.5	1.5
8.74384543812119	-0.0600657277537901	-1.71863921163718	863921.2125875	4598849.95498213	0	0	0	0	0	1.5	1.5	1.5	1.5	1.5	1.5
8.84434940867431	-0.0499221173584214	-1.72416631921036	863921.197499689	4598849.85561724	0	0	0	0	0	1.5	1.5	1.5	1.5	1.5	1.5
8.94485337922743	-0.0397785069630526	-1.72867395366306	863921.181913514	4598849.75632927	0	0	0	0	0	1.5	1.5	1.5	1.5	1.5	1.5
9.04535734978055	-0.0296348965676837	-1.73216211499529	863921.165930515	4598849.65710436	0	0	0	0	0	1.5	1.5	1.5	1.5	1.5	1.5
9.14586132033366	-0.019491286172315	-1.73463080320703	863921.14965205	4598849.55792748	0	0	0	0	0	1.5	1.5	1.5	1.5	1.5	1.5
9.24636529088678	-0.00934767577694608	-1.73608001829829	863921.13317933	4598849.45878266	0	0	0	0	0	1.5	1.5	1.5	1.5	1.5	1.5
9.3468692614399	0.000795934618422658	-1.73650976026908	863921.116613472	4598849.35965334	0	0	0	0	0	1.5	1.5	1.5	1.5	1.5	1.5
9.44737323199301	0.0109395450137914	-1.73592002911939	863921.100055544	4598849.26052271	0	0	0	0	0	1.5	1.5	1.5	1.5	1.5	1.5
9.54787720254613	0.0210831554091601	-1.73431082484922	863921.083606619	4598849.16137394	0	0	0	0	0	1.5	1.5	1.5	1.5	1.5	1.5
9.64838117309925	0.0312267658045289	-1.73168214745857	863921.067367823	4598849.06219055	0	0	0	0	0	1.5	1.5	1.5	1.5	1.5	1.5
9.74888514365237	0.0413703761998978	-1.72803399694745	863921.05144039	4598848.96295672	0	0	0	0	0	1.5	1.5	1.5	1.5	1.5	1.5
9.84938911420548	0.0515139865952665	-1.72336637331584	863921.035925702	4598848.86365755	0	0	0	0	0	1.5	1.5	1.5	1.5	1.5	1.5
9.9498930847586	0.0616575969906353	-1.71767927656376	863921.020925334	4598848.76427944	0	0	0	0	0	1.5	1.5	1.5	1.5	1.5	1.5
10.0503970553117	0.071801207386004	-1.71097270669119	863921.006541087	4598848.66481033	0	0	0	0	0	1.5	1.5	1.5	1.5	1.5	1.5
10.1509010258648	0.0819448177813727	-1.70324666369815	863920.992875016	4598848.56524007	0	0	0	0	0	1.5	1.5	1.5	1.5	1.5	1.5
10.2514049964179	0.0826710274310473	-1.69471083861866	863920.980026358	4598848.4655611	0	0	0	0	0	1.5	1.5	1.5	1.5	1.5	1.5
10.3519089669711	0.0715608928143862	-1.68696037843331	863920.968000201	4598848.36577949	0	0	0	0	0	1.5	1.5	1.5	1.5	1.5	1.5
10.4524129375242	0.0604507581977254	-1.68032653089032	863920.956691987	4598848.2659139	0	0	0	0	0	1.5	1.5	1.5	1.5	1.5	1.5
10.5529169080773	0.0493406235810645	-1.67480929598968	863920.945990708	4598848.1659814	0	0	0	0	0	1.5	1.5	1.5	1.5	1.5	1.5
10.6534208786304	0.0382304889644037	-1.67040867373139	863920.935785113	4598848.06599702	0	0	0	0	0	1.5	1.5	1.5	1.5	1.5	1.5
10.7539248491835	0.0271203543477428	-1.66712466411546	863920.925963759	4598847.96597412	0	0	0	0	0	1.5	1.5	1.5	1.5	1.5	1.5
10.8544288197367	0.0160102197310818	-1.66495726714188	863920.916415073	4598847.8659248	0	0	0	0	0	1.5	1.5	1.5	1.5	1.5	1.5
10.9549327902898	0.00490008511442096	-1.66390648281066	863920.907027386	4598847.76586023	0	0	0	0	0	1.5	1.5	1.5	1.5	1.5	1.5
11.0554367608429	-0.00621004950223988	-1.66397231112179	863920.897688979	4598847.66579104	0	0	0	0	0	1.5	1.5	1.5	1.5	1.5	1.5
11.155940731396	-0.0173201841189007	-1.66515475207527	863920.888288117	4598847.5657277	0	0	0	0	0	1.5	1.5	1.5	1.5	1.5	1.5
11.2564447019491	-0.0284303187355616	-1.66745380567111	863920.878713087	4598847.4656809	0	0	0	0	0	1.5	1.5	1.5	1.5	1.5	1.5
11.3569486725022	-0.0395404533522226	-1.6708694719093	863920.868852229	4598847.3656619	0	0	0	0	0	1.5	1.5	1.5	1.5	1.5	1.5
11.4574526430554	-0.0506505879688835	-1.67540175078984	863920.858593981	4598847.2656829	0	0	0	0	0	1.5	1.5	1.5	1.5	1.5	1.5
11.5579566136085	-0.0617607225855443	-1.68105064231274	863920.847826922	4598847.16575747	0	0	0	0	0	1.5	1.5	1.5	1.5	1.5	1.5
11.6584605841616	-0.0728708572022054	-1.687816146478	863920.836439823	4598847.06590086	0	0	0	0	0	1.5	1.5	1.5	1.5	1.5	1.5
11.7589645547147	-0.0740262855119922	-1.69541516955016	863920.824327041	4598846.96612972	0	0	0	0	0	1.5	1.5	1.5	1.5	1.5	1.5
11.8594685252678	-0.0675458519281877	-1.70252945051637	863920.811474707	4598846.86645112	0	0	0	0	0	1.5	1.5	1.5	1.5	1.5	1.5
11.9599724958209	-0.061065418344383	-1.70899242217651	863920.797945989	4598846.76686203	0	0	0	0	0	1.5	1.5	1.5	1.5	1.5	1.5
12.0604764663741	-0.0545849847605785	-1.71480408453057	863920.783806315	4598846.66735782	0	0	0	0	0	1.5	1.5	1.5	1.5	1.5	1.5
12.1609804369272	-0.0481045511767739	-1.71996443757855	863920.769120972	4598846.56793264	0	0	0	0	0	1.5	1.5	1.5	1.5	1.5	1.5
12.2614844074803	-0.0416241175929694	-1.72447348132045	863920.753955107	4598846.46857959	0	0	0	0	0	1.5	1.5	1.5	1.5	1.5	1.5
12.3619883780334	-0.0351436840091648	-1.72833121575627	863920.73837374	4598846.36929084	0	0	0	0	0	1.5	1.5	1.5	1.5	1.5	1.5
12.4624923485865	-0.0286632504253602	-1.73153764088602	863920.722441772	4598846.27005772	0	0	0	0	0	1.5	1.5	1.5	1.5	1.5	1.5
12.5629963191396	-0.0221828168415556	-1.73409275670969	863920.706224001	4598846.17087089	0	0	0	0	0	1.5	1.5	1.5	1.5	1.5	1.5
12.6635002896928	-0.015702383257751	-1.73599656322728	863920.689785135	4598846.07172046	0	0	0	0	0	1.5	1.5	1.5	1.5	1.5	1.5
12.7640042602459	-0.00922194967394648	-1.73724906043879	863920.673189813	4598845.97259608	0	0	0	0	0	1.5	1.5	1.5	1.5	1.5	1.5
12.864508230799	-0.00274151609014192	-1.73785024834422	863920.656502625	4598845.87348713	0	0	0	0	0	1.5	1.5	1.5	1.5	1.5	1.5
12.9650122013521	0.00373891749366263	-1.73780012694358	863920.639788129	4598845.77438277	0	0	0	0	0	1.5	1.5	1.5	1.5	1.5	1.5
13.0655161719052	0.0102193510774673	-1.73709869623686	863920.623110876	4598845.67527214	0	0	0	0	0	1.5	1.5	1.5	1.5	1.5	1.5
13.1660201424583	0.0166997846612719	-1.73574595622406	863920.606535428	4598845.57614444	0	0	0	0	0	1.5	1.5	1.5	1.5	1.5	1.5
13.2665241130115	0.0210977110222915	-1.73381208232737	863920.590124825	4598845.47698932	0	0	0	0	0	1.5	1.5	1.5	1.5	1.5	1.5
13.3670280835646	0.0244725753237699	-1.73152208496886	863920.573924324	4598845.37779967	0	0	0	0	0	1.5	1.5	1.5	1.5	1.5	1.5
13.4675320541177	0.0278474396252484	-1.72889290034798	863920.557967838	4598845.27857047	0	0	0	0	0	1.5	1.5	1.5	1.5	1.5	1.5
13.5680360246708	0.0312223039267268	-1.72592452846471	863920.542289136	4598845.17929702	0	0	0	0	0	1.5	1.5	1.5	1.5	1.5	1.5
13.6685399952239	0.0345971682282052	-1.72261696931907	863920.52692203	4598845.07997486	0	0	0	0	0	1.5	1.5	1.5	1.5	1.5	1.5
13.7690439657771	0.0379720325296836	-1.71897022291105	863920.511900375	4598844.98059988	0	0	0	0	0	1.5	1.5	1.5	1.5	1.5	1.5
13.8695479363302	0.0413468968311621	-1.71498428924066	863920.497258079	4598844.88116831	0	0	0	0	0	1.5	1.5	1.5	1.5	1.5	1.5
13.9700519068833	0.0447217611326404	-1.71065916830789	863920.4830291	4598844.78167676	0	0	0	0	0	1.5	1.5	1.5	1.5	1.5	1.5
14.0705558774364	0.0480966254341189	-1.70599486011274	863920.469247452	4598844.68212227	0	0	0	0	0	1.5	1.5	1.5	1.5	1.5	1.5
14.1710598479895	0.0514714897355973	-1.70099136465522	863920.455947201	4598844.58250234	0	0	0	0	0	1.5	1.5	1.5	1.5	1.5	1.5
14.2715638185426	0.0548463540370758	-1.69564868193532	863920.44316247	4598844.48281495	0	0	0	0	0	1.5	1.5	1.5	1.5	1.5	1.5
14.3720677890958	0.0582212183385541	-1.68996681195304	863920.430927437	4598844.38305863	0	0	0	0	0	1.5	1.5	1.5	1.5	1.5	1.5
14.4725717596489	0.0615960826400326	-1.68394575470839	863920.419276333	4598844.28323243	0	0	0	0	0	1.5	1.5	1.5	1.5	1.5	1.5
14.573075730202	0.0649709469415109	-1.67758551020136	863920.408243439	4598844.18333604	0	0	0	0	0	1.5	1.5	1.5	1.5	1.5	1.5
14.6735797007551	0.0683458112429894	-1.67088607843196	863920.397863085	4598844.08336975	0	0	0	0	0	1.5	1.5	1.5	1.5	1.5	1.5
14.7740836713082	0.0608098592424274	-1.66426438548844	863920.388159069	4598843.98333554	0	0	0	0	0	1.5	1.5	1.5	1.5	1.5	1.5
14.8745876418613	0.049836152887323	-1.65870420371598	863920.379066268	4598843.88324387	0	0	0	0	0	1.5	1.5	1.5	1.5	1.5	1.5
14.9750916124145	0.0388624465322191	-1.6542469230039	863920.370474907	4598843.78310786	0	0	0	0	0	1.5	1.5	1.5	1.5	1.5	1.5
15.0755955829676	0.0278887401771147	-1.65089254335219	863920.362274721	4598843.68293903	0	0	0	0	0	1.5	1.5	1.5	1.5	1.5	1.5
15.1760995535207	0.0169150338220105	-1.64864106476085	863920.354355332	4598843.58274757	0	0	0	0	0	1.5	1.5	1.5	1.5	1.5	1.5
15.2766035240738	0.00594132746690612	-1.64749248722988	863920.34660628	4598843.48254279	0	0	0	0	0	1.5	1.5	1.5	1.5	1.5	1.5
15.3771074946269	-0.00503237888819787	-1.64744681075929	863920.338917065	4598843.38233339	0	0	0	0	0	1.5	1.5	1.5	1.5	1.5	1.5
15.47761146518	-0.0160060852433022	-1.64850403534907	863920.331177168	4598843.28212789	0	0	0	0	0	1.5	1.5	1.5	1.5	1.5	1.5
15.5781154357332	-0.0269797915984066	-1.65066416099922	863920.323276084	4598843.18193499	0	0	0	0	0	1.5	1.5	1.5	1.5	1.5	1.5
15.6786194062863	-0.0379534979535106	-1.65392718770974	863920.315103351	4598843.08176391	0	0	0	0	0	1.5	1.5	1.5	1.5	1.5	1.5
15.7791233768394	-0.048927204308615	-1.65829311548063	863920.306548581	4598842.98162477	0	0	0	0	0	1.5	1.5	1.5	1.5	1.5	1.5
15.8796273473925	-0.0599009106637192	-1.6637619443119	863920.297501498	4598842.88152895	0	0	0	0	0	1.5	1.5	1.5	1.5	1.5	1.5
15.9801313179456	-0.0708746170188235	-1.67033367420353	863920.287851983	4598842.78148946	0	0	0	0	0	1.5	1.5	1.5	1.5	1.5	1.5
16.0806352884987	-0.0818483233739277	-1.67800830515554	863920.277490127	4598842.68152132	0	0	0	0	0	1.5	1.5	1.5	1.5	1.5	1.5
16.1811392590519	-0.0928220297290319	-1.68678583716792	863920.266306293	4598842.58164186	0	0	0	0	0	1.5	1.5	1.5	1.5	1.5	1.5
16.281643229605	-0.0858955360379843	-1.69584942858949	863920.254215857	4598842.48186812	0	0	0	0	0	1.5	1.5	1.5	1.5	1.5	1.5
16.3821472001581	-0.0771572229724848	-1.70404315343459	863920.241264569	4598842.3822024	0	0	0	0	0	1.5	1.5	1.5	1.5	1.5	1.5
16.4826511707112	-0.0684189099069853	-1.71135864312067	863920.227540802	4598842.28264005	0	0	0	0	0	1.5	1.5	1.5	1.5	1.5	1.5
16.5831551412643	-0.0596805968414859	-1.71779589764773	863920.213132729	4598842.18317438	0	0	0	0	0	1.5	1.5	1.5	1.5	1.5	1.5
16.6836591118174	-0.0509422837759864	-1.72335491701576	863920.198128304	4598842.08379687	0	0	0	0	0	1.5	1.5	1.5	1.5	1.5	1.5
16.7841630823706	-0.0422039707104866	-1.72803570122479	863920.182615269	4598841.98449744	0	0	0	0	0	1.5	1.5	1.5	1.5	1.5	1.5
16.8846670529237	-0.0334656576449875	-1.73183825027479	863920.166681175	4598841.88526468	0	0	0	0	0	1.5	1.5	1.5	1.5	1.5	1.5
16.9851710234768	-0.0247273445794877	-1.73476256416577	863920.150413404	4598841.78608605	0	0	0	0	0	1.5	1.5	1.5	1.5	1.5	1.5
17.0856749940299	-0.0159890315139886	-1.73680864289773	863920.133899203	4598841.68694814	0	0	0	0	0	1.5	1.5	1.5	1.5	1.5	1.5
17.186178964583	-0.00725071844848879	-1.73797648647068	863920.117225711	4598841.58783688	0	0	0	0	0	1.5	1.5	1.5	1.5	1.5	1.5
17.2866829351362	0.00148759461701067	-1.73826609488461	863920.100479997	4598841.4887378	0	0	0	0	0	1.5	1.5	1.5	1.5	1.5	1.5
17.3871869056893	0.0102259076825101	-1.73767746813951	863920.0837491	4598841.38963621	0	0	0	0	0	1.5	1.5	1.5	1.5	1.5	1.5
17.4876908762424	0.0189642207480096	-1.7362106062354	863920.067120064	4598841.29051748	0	0	0	0	0	1.5	1.5	1.5	1.5	1.5	1.5
17.5881948467955	0.0277025338135091	-1.73386550917227	863920.050679979	4598841.19136726	0	0	0	0	0	1.5	1.5	1.5	1.5	1.5	1.5
17.6886988173486	0.0363169719790702	-1.73064225382072	863920.034516015	4598841.09217167	0	0	0	0	0	1.5	1.5	1.5	1.5	1.5	1.5
17.7892027879017	0.0350239302741885	-1.72705723185108	863920.018698157	4598840.99292031	0	0	0	0	0	1.5	1.5	1.5	1.5	1.5	1.5
17.8897067584549	0.033730888569307	-1.72360216570686	863920.003229765	4598840.89361388	0	0	0	0	0	1.5	1.5	1.5	1.5	1.5	1.5
17.990210729008	0.0324378468644254	-1.72027705538808	863919.988098118	4598840.79425557	0	0	0	0	0	1.5	1.5	1.5	1.5	1.5	1.5
18.0907146995611	0.0311448051595438	-1.71708190089472	863919.973290471	4598840.69484847	0	0	0	0	0	1.5	1.5	1.5	1.5	1.5	1.5
18.1912186701142	0.0298517634546622	-1.7140167022268	863919.958794058	4598840.59539549	0	0	0	0	0	1.5	1.5	1.5	1.5	1.5	1.5
18.2917226406673	0.0285587217497807	-1.71108145938431	863919.94459609	4598840.49589947	0	0	0	0	0	1.5	1.5	1.5	1.5	1.5	1.5
18.3922266112204	0.0272656800448991	-1.70827617236725	863919.930683759	4598840.3963631	0	0	0	0	0	1.5	1.5	1.5	1.5	1.5	1.5
18.4927305817736	0.0259726383400175	-1.70560084117562	863919.917044241	4598840.29678898	0	0	0	0	0	1.5	1.5	1.5	1.5	1.5	1.5
18.5932345523267	0.024679596635136	-1.70305546580943	863919.903664691	4598840.19717959	0	0	0	0	0	1.5	1.5	1.5	1.5	1.5	1.5
18.6937385228798	0.0233865549302543	-1.70064004626866	863919.890532254	4598840.09753732	0	0	0	0	0	1.5	1.5	1.5	1.5	1.5	1.5
18.7942424934329	0.0220935132253728	-1.69835458255333	863919.877634055	4598839.99786445	0	0	0	0	0	1.5	1.5	1.5	1.5	1.5	1.5
18.894746463986	0.0208004715204912	-1.69619907466343	863919.86495721	4598839.89816319	0	0	0	0	0	1.5	1.5	1.5	1.5	1.5	1.5
18.9952504345391	0.0195074298156096	-1.69417352259896	863919.852488821	4598839.79843564	0	0	0	0	0	1.5	1.5	1.5	1.5	1.5	1.5
19.0957544050923	0.0182143881107281	-1.69227792635992	863919.840215978	4598839.69868384	0	0	0	0	0	1.5	1.5	1.5	1.5	1.5	1.5
19.1962583756454	0.0169138437475982	-1.6905123251802	863919.828125763	4598839.59890973	0	0	0	0	0	1.5	1.5	1.5	1.5	1.5	1.5
19.2967623461985	0.0155487042203519	-1.68888101769768	863919.816205086	4598839.49911523	0	0	0	0	0	1.5	1.5	1.5	1.5	1.5	1.5
19.3972663167516	0.0141835646931056	-1.687386912158	863919.804440372	4598839.39930221	0	0	0	0	0	1.5	1.5	1.5	1.5	1.5	1.5
19.4977702873047	0.0128184251658592	-1.68603000856117	863919.792817954	4598839.29947253	0	0	0	0	0	1.5	1.5	1.5	1.5	1.5	1.5
19.5982742578578	0.011453285638613	-1.68481030690719	863919.781324156	4598839.19962795	0	0	0	0	0	1.5	1.5	1.5	1.5	1.5	1.5
19.698778228411	0.0100881461113667	-1.68372780719605	863919.769945296	4598839.09977021	0	0	0	0	0	1.5	1.5	1.5	1.5	1.5	1.5
19.7992821989641	0.00872300658412041	-1.68278250942776	863919.758667688	4598838.99990098	0	0	0	0	0	1.5	1.5	1.5	1.5	1.5	1.5
19.8997861695172	0.00735786705687407	-1.68197441360232	863919.74747764	4598838.9000219	0	0	0	0	0	1.5	1.5	1.5	1.5	1.5	1.5
20.0002901400703	0.00599272752962778	-1.68130351971973	863919.736361454	4598838.80013458	0	0	0	0	0	1.5	1.5	1.5	1.5	1.5	1.5
20.1007941106234	0.00462758800238149	-1.68076982777998	863919.725305431	4598838.70024057	0	0	0	0	0	1.5	1.5	1.5	1.5	1.5	1.5
20.2012980811765	0.00326244847513519	-1.68037333778308	863919.71429587	4598838.60034143	0	0	0	0	0	1.5	1.5	1.5	1.5	1.5	1.5
20.3018020517297	0.0018973089478889	-1.68011404972903	863919.703319065	4598838.50043869	0	0	0	0	0	1.5	1.5	1.5	1.5	1.5	1.5
20.4023060222828	0.000532169420642607	-1.67999196361782	863919.69236131	4598838.40053386	0	0	0	0	0	1.5	1.5	1.5	1.5	1.5	1.5
20.5028099928359	-0.000832970106603687	-1.68000707944946	863919.681408899	4598838.30062844	0	0	0	0	0	1.5	1.5	1.5	1.5	1.5	1.5
20.603313963389	-0.00219810963385003	-1.68015939722395	863919.670448124	4598838.20072394	0	0	0	0	0	1.5	1.5	1.5	1.5	1.5	1.5
20.7038179339421	-0.00313355900177131	-1.68044499370527	863919.659465302	4598838.10082186	0	0	0	0	0	1.5	1.5	1.5	1.5	1.5	1.5
20.8043219044953	-0.00213376137839401	-1.68070968701146	863919.648453187	4598838.000923	0	0	0	0	0	1.5	1.5	1.5	1.5	1.5	1.5
20.9048258750484	-0.0011339637550167	-1.68087389668676	863919.637419648	4598837.90102651	0	0	0	0	0	1.5	1.5	1.5	1.5	1.5	1.5
21.0053298456015	-0.000134166131639389	-1.68093762273115	863919.626374725	4598837.80113128	0	0	0	0	0	1.5	1.5	1.5	1.5	1.5	1.5
21.1058338161546	0.00086563149173792	-1.68090086514464	863919.615328454	4598837.70123619	0	0	0	0	0	1.5	1.5	1.5	1.5	1.5	1.5
21.2063377867077	0.00186542911511526	-1.68076362392724	863919.604290875	4598837.60134015	0	0	0	0	0	1.5	1.5	1.5	1.5	1.5	1.5
21.3068417572608	0.00286522673849254	-1.68052589907893	863919.593272024	4598837.50144203	0	0	0	0	0	1.5	1.5	1.5	1.5	1.5	1.5
21.407345727814	0.00386502436186988	-1.68018769059973	863919.582281941	4598837.40154075	0	0	0	0	0	1.5	1.5	1.5	1.5	1.5	1.5
21.5078496983671	0.00486482198524715	-1.67974899848963	863919.571330666	4598837.30163521	0	0	0	0	0	1.5	1.5	1.5	1.5	1.5	1.5
21.6083536689202	0.0058646196086245	-1.67920982274863	863919.560428239	4598837.20172432	0	0	0	0	0	1.5	1.5	1.5	1.5	1.5	1.5
21.7088576394733	0.00686441723200181	-1.67857016337673	863919.549584704	4598837.10180703	0	0	0	0	0	1.5	1.5	1.5	1.5	1.5	1.5
21.8093616100264	0.00786421485537911	-1.67783002037393	863919.538810104	4598837.00188228	0	0	0	0	0	1.5	1.5	1.5	1.5	1.5	1.5
21.9098655805795	0.00886401247875642	-1.67698939374023	863919.528114486	4598836.90194905	0	0	0	0	0	1.5	1.5	1.5	1.5	1.5	1.5
22.0103695511327	0.00986381010213373	-1.67604828347563	863919.517507901	4598836.80200632	0	0	0	0	0	1.5	1.5	1.5	1.5	1.5	1.5
22.1108735216858	0.010863607725511	-1.67500668958014	863919.507000399	4598836.70205314	0	0	0	0	0	1.5	1.5	1.5	1.5	1.5	1.5
22.2113774922389	0.0117370240705644	-1.67386627269766	863919.496602021	4598836.60208854	0	0	0	0	0	1.5	1.5	1.5	1.5	1.5	1.5
22.311881462792	0.0122534934296119	-1.67266070156546	863919.486321245	4598836.50211178	0	0	0	0	0	1.5	1.5	1.5	1.5	1.5	1.5
22.4123854333451	0.0127699627886594	-1.67140322321201	863919.4761636	4598836.40212244	0	0	0	0	0	1.5	1.5	1.5	1.5	1.5	1.5
22.5128894038982	0.0132864321477069	-1.67009383763731	863919.466134293	4598836.30212014	0	0	0	0	0	1.5	1.5	1.5	1.5	1.5	1.5
22.6133933744514	0.0138029015067544	-1.66873254484136	863919.456238532	4598836.20210454	0	0	0	0	0	1.5	1.5	1.5	1.5	1.5	1.5
22.7138973450045	0.0143193708658019	-1.66731934482415	863919.446481527	4598836.1020753	0	0	0	0	0	1.5	1.5	1.5	1.5	1.5	1.5
22.8144013155576	0.0148358402248495	-1.66585423758568	863919.436868489	4598836.00203213	0	0	0	0	0	1.5	1.5	1.5	1.5	1.5	1.5
22.9149052861107	0.015352309583897	-1.66433722312597	863919.427404633	4598835.90197474	0	0	0	0	0	1.5	1.5	1.5	1.5	1.5	1.5
23.0154092566638	0.0158687789429445	-1.662768301445	863919.418095173	4598835.80190287	0	0	0	0	0	1.5	1.5	1.5	1.5	1.5	1.5
23.1159132272169	0.016385248301992	-1.66114747254278	863919.408945327	4598835.70181628	0	0	0	0	0	1.5	1.5	1.5	1.5	1.5	1.5
23.2164171977701	0.0169017176610395	-1.6594747364193	863919.399960315	4598835.60171475	0	0	0	0	0	1.5	1.5	1.5	1.5	1.5	1.5
23.3169211683232	0.017418187020087	-1.65775009307457	863919.391145357	4598835.50159811	0	0	0	0	0	1.5	1.5	1.5	1.5	1.5	1.5
23.4174251388763	0.0179346563791345	-1.65597354250859	863919.382505676	4598835.40146619	0	0	0	0	0	1.5	1.5	1.5	1.5	1.5	1.5
23.5179291094294	0.018451125738182	-1.65414508472136	863919.374046497	4598835.30131886	0	0	0	0	0	1.5	1.5	1.5	1.5	1.5	1.5
23.6184330799825	0.0189675950972295	-1.65226471971287	863919.365773047	4598835.20115602	0	0	0	0	0	1.5	1.5	1.5	1.5	1.5	1.5
23.7189370505357	0.0172278072872648	-1.65037187991214	863919.357690097	4598835.10097762	0	0	0	0	0	1.5	1.5	1.5	1.5	1.5	1.5
23.8194410210888	0.0112567837997303	-1.64894047266023	863919.349777592	4598835.00078561	0	0	0	0	0	1.5	1.5	1.5	1.5	1.5	1.5
23.9199449916419	0.00528576031219559	-1.64810917697708	863919.341978445	4598834.90058471	0	0	0	0	0	1.5	1.5	1.5	1.5	1.5	1.5
24.020448962195	-0.000685263175338686	-1.64787799286269	863919.334232529	4598834.80037967	0	0	0	0	0	1.5	1.5	1.5	1.5	1.5	1.5
24.1209529327481	-0.00665628666287338	-1.64824692031707	863919.326479712	4598834.70017518	0	0	0	0	0	1.5	1.5	1.5	1.5	1.5	1.5
24.2214569033012	-0.0126273101504077	-1.64921595934021	863919.318659862	4598834.59997589	0	0	0	0	0	1.5	1.5	1.5	1.5	1.5	1.5
24.3219608738544	-0.0185983336379423	-1.65078510993212	863919.310712856	4598834.49978661	0	0	0	0	0	1.5	1.5	1.5	1.5	1.5	1.5
24.4224648444075	-0.0245693571254768	-1.65295437209278	863919.30257859	4598834.39961237	0	0	0	0	0	1.5	1.5	1.5	1.5	1.5	1.5
24.5229688149606	-0.0305403806130113	-1.65572374582221	863919.294196989	4598834.29945854	0	0	0	0	0	1.5	1.5	1.5	1.5	1.5	1.5
24.6234727855137	-0.0365114041005458	-1.6590932311204	863919.285508013	4598834.19933092	0	0	0	0	0	1.5	1.5	1.5	1.5	1.5	1.5
24.7239767560668	-0.0424824275880803	-1.66306282798736	863919.276451677	4598834.09923588	0	0	0	0	0	1.5	1.5	1.5	1.5	1.5	1.5
24.8244807266199	-0.0484534510756148	-1.66763253642308	863919.266968055	4598833.99918044	0	0	0	0	0	1.5	1.5	1.5	1.5	1.5	1.5
24.9249846971731	-0.0544244745631492	-1.67280235642756	863919.256997303	4598833.89917239	0	0	0	0	0	1.5	1.5	1.5	1.5	1.5	1.5
25.0254886677262	-0.0603954980506837	-1.67857228800081	863919.246479675	4598833.7992204	0	0	0	0	0	1.5	1.5	1.5	1.5	1.5	1.5
25.1259926382793	-0.0663665215382184	-1.68494233114281	863919.23535554	4598833.69933413	0	0	0	0	0	1.5	1.5	1.5	1.5	1.5	1.5
25.2264966088324	-0.0659642902408814	-1.69177343678062	863919.223567418	4598833.59952407	0	0	0	0	0	1.5	1.5	1.5	1.5	1.5	1.5
25.3270005793855	-0.0572559345926027	-1.69796549770473	863919.21112229	4598833.49979376	0	0	0	0	0	1.5	1.5	1.5	1.5	1.5	1.5
25.4275045499386	-0.0485475789443244	-1.7032823343092	863919.198103473	4598833.40013667	0	0	0	0	0	1.5	1.5	1.5	1.5	1.5	1.5
25.5280085204918	-0.039839223296046	-1.70772394659402	863919.184598558	4598833.30054426	0	0	0	0	0	1.5	1.5	1.5	1.5	1.5	1.5
25.6285124910449	-0.0311308676477677	-1.71129033455921	863919.170694981	4598833.20100669	0	0	0	0	0	1.5	1.5	1.5	1.5	1.5	1.5
25.729016461598	-0.0224225119994893	-1.71398149820475	863919.156480038	4598833.10151308	0	0	0	0	0	1.5	1.5	1.5	1.5	1.5	1.5
25.8295204321511	-0.0137141563512107	-1.71579743753065	863919.142040915	4598833.00205175	0	0	0	0	0	1.5	1.5	1.5	1.5	1.5	1.5
25.9300244027042	-0.00500580070293261	-1.71673815253692	863919.127464715	4598832.9026104	0	0	0	0	0	1.5	1.5	1.5	1.5	1.5	1.5
26.0305283732573	0.00370255494534606	-1.71680364322354	863919.112838486	4598832.80317639	0	0	0	0	0	1.5	1.5	1.5	1.5	1.5	1.5
26.1310323438105	0.0124109105936244	-1.71599390959052	863919.09824926	4598832.70373696	0	0	0	0	0	1.5	1.5	1.5	1.5	1.5	1.5
26.2315363143636	0.0211192662419028	-1.71430895163786	863919.083784083	4598832.6042794	0	0	0	0	0	1.5	1.5	1.5	1.5	1.5	1.5
26.3320402849167	0.0298276218901811	-1.71174876936556	863919.069530045	4598832.50479139	0	0	0	0	0	1.5	1.5	1.5	1.5	1.5	1.5
26.4325442554698	0.0385359775384592	-1.70831336277362	863919.055574319	4598832.40526111	0	0	0	0	0	1.5	1.5	1.5	1.5	1.5	1.5
26.5330482260229	0.0472443331867382	-1.70400273186204	863919.042004183	4598832.30567756	0	0	0	0	0	1.5	1.5	1.5	1.5	1.5	1.5
26.633552196576	0.0559526888350162	-1.69881687663082	863919.028907049	4598832.20603073	0	0	0	0	0	1.5	1.5	1.5	1.5	1.5	1.5
26.7340561671292	0.0562149181151436	-1.69299185798831	863919.016366121	4598832.10631241	0	0	0	0	0	1.5	1.5	1.5	1.5	1.5	1.5
26.8345601376823	0.0497372421470267	-1.6876675515908	863919.004386558	4598832.00652506	0	0	0	0	0	1.5	1.5	1.5	1.5	1.5	1.5
26.9350641082354	0.0432595661789095	-1.68299427734804	863918.992905956	4598831.90667905	0	0	0	0	0	1.5	1.5	1.5	1.5	1.5	1.5
27.0355680787885	0.0367818902107926	-1.67897203526003	863918.981859564	4598831.80678405	0	0	0	0	0	1.5	1.5	1.5	1.5	1.5	1.5
27.1360720493416	0.0303042142426757	-1.67560082532677	863918.971182529	4598831.70684888	0	0	0	0	0	1.5	1.5	1.5	1.5	1.5	1.5
27.2365760198947	0.023826538274559	-1.67288064754827	863918.960809914	4598831.60688163	0	0	0	0	0	1.5	1.5	1.5	1.5	1.5	1.5
27.3370799904479	0.0173488623064416	-1.67081150192451	863918.950676715	4598831.50688981	0	0	0	0	0	1.5	1.5	1.5	1.5	1.5	1.5
27.437583961001	0.0108711863383249	-1.66939338845551	863918.940717878	4598831.40688047	0	0	0	0	0	1.5	1.5	1.5	1.5	1.5	1.5
27.5380879315541	0.00439351037020798	-1.66862630714126	863918.930868317	4598831.30686031	0	0	0	0	0	1.5	1.5	1.5	1.5	1.5	1.5
27.6385919021072	-0.00208416559790894	-1.66851025798177	863918.921062923	4598831.2068358	0	0	0	0	0	1.5	1.5	1.5	1.5	1.5	1.5
27.7390958726603	-0.0085618415660261	-1.66904524097702	863918.911236576	4598831.10681335	0	0	0	0	0	1.5	1.5	1.5	1.5	1.5	1.5
27.8395998432135	-0.015039517534143	-1.67023125612703	863918.901324165	4598831.00679939	0	0	0	0	0	1.5	1.5	1.5	1.5	1.5	1.5
27.9401038137666	-0.0215171935022597	-1.67206830343179	863918.891260591	4598830.90680054	0	0	0	0	0	1.5	1.5	1.5	1.5	1.5	1.5
28.0406077843197	-0.0279948694703766	-1.67455638289131	863918.880980789	4598830.8068237	0	0	0	0	0	1.5	1.5	1.5	1.5	1.5	1.5
28.1411117548728	-0.0344725454384938	-1.67769549450557	863918.870419735	4598830.7068762	0	0	0	0	0	1.5	1.5	1.5	1.5	1.5	1.5
28.2416157254259	-0.0398719703792819	-1.68145098362928	863918.859513204	4598830.60696582	0	0	0	0	0	1.5	1.5	1.5	1.5	1.5	1.5
28.342119695979	-0.0446637474492912	-1.68569907127694	863918.848206525	4598830.50709995	0	0	0	0	0	1.5	1.5	1.5	1.5	1.5	1.5
28.4426236665322	-0.0494555245193007	-1.69042875154615	863918.836451678	4598830.40728586	0	0	0	0	0	1.5	1.5	1.5	1.5	1.5	1.5
28.5431276370853	-0.05424730158931	-1.69564002443689	863918.824200857	4598830.30753145	0	0	0	0	0	1.5	1.5	1.5	1.5	1.5	1.5
28.6436316076384	-0.0590390786593192	-1.70133288994918	863918.811406356	4598830.20784533	0	0	0	0	0	1.5	1.5	1.5	1.5	1.5	1.5
28.7441355781915	-0.0638308557293285	-1.70750734808301	863918.798020583	4598830.10823691	0	0	0	0	0	1.5	1.5	1.5	1.5	1.5	1.5
28.8446395487446	-0.068622632799338	-1.71416339883838	863918.78399608	4598830.00871644	0	0	0	0	0	1.5	1.5	1.5	1.5	1.5	1.5
28.9451435192977	-0.0734144098693474	-1.7213010422153	863918.769285542	4598829.90929509	0	0	0	0	0	1.5	1.5	1.5	1.5	1.5	1.5
29.0456474898509	-0.0782061869393567	-1.72892027821375	863918.753841842	4598829.80998501	0	0	0	0	0	1.5	1.5	1.5	1.5	1.5	1.5
29.146151460404	-0.0829979640093659	-1.73702110683375	863918.737618051	4598829.71079942	0	0	0	0	0	1.5	1.5	1.5	1.5	1.5	1.5
29.2466554309571	-0.0877897410793756	-1.74560352807528	863918.720567471	4598829.61175265	0	0	0	0	0	1.5	1.5	1.5	1.5	1.5	1.5
29.3471594015102	-0.0925815181493847	-1.75466754193836	863918.702643662	4598829.5128602	0	0	0	0	0	1.5	1.5	1.5	1.5	1.5	1.5
29.4476633720633	-0.0973732952193941	-1.76421314842298	863918.683800473	4598829.41413885	0	0	0	0	0	1.5	1.5	1.5	1.5	1.5	1.5
29.5481673426164	-0.102165072289403	-1.77424034752914	863918.663992083	4598829.31560666	0	0	0	0	0	1.5	1.5	1.5	1.5	1.5	1.5
29.6486713131696	-0.106956849359413	-1.78474913925684	863918.643173035	4598829.2172831	0	0	0	0	0	1.5	1.5	1.5	1.5	1.5	1.5
29.7491752837227	-0.117644592134347	-1.79598196736105	863918.6212918	4598829.11919053	0	0	0	0	0	1.5	1.5	1.5	1.5	1.5	1.5
29.8496792542758	-0.129641670061937	-1.80840859296804	863918.598252256	4598829.02136365	0	0	0	0	0	1.5	1.5	1.5	1.5	1.5	1.5
29.9501832248289	-0.141638747989528	-1.82204097254178	863918.5739401	4598828.92384539	0	0	0	0	0	1.5	1.5	1.5	1.5	1.5	1.5
30.050687195382	-0.153635825917119	-1.83687910608228	863918.548242294	4598828.82668323	0	0	0	0	0	1.5	1.5	1.5	1.5	1.5	1.5
30.1511911659351	-0.16563290384471	-1.85292299358953	863918.521047371	4598828.72992959	0	0	0	0	0	1.5	1.5	1.5	1.5	1.5	1.5
30.2516951364883	-0.1776299817723	-1.87017263506355	863918.492245704	4598828.6336422	0	0	0	0	0	1.5	1.5	1.5	1.5	1.5	1.5
30.3521991070414	-0.189627059699891	-1.88862803050432	863918.461729799	4598828.53788448	0	0	0	0	0	1.5	1.5	1.5	1.5	1.5	1.5
30.4527030775945	-0.201624137627482	-1.90828917991185	863918.429394632	4598828.44272588	0	0	0	0	0	1.5	1.5	1.5	1.5	1.5	1.5
30.5532070481476	-0.213621215555073	-1.92915608328614	863918.395138009	4598828.3482422	0	0	0	0	0	1.5	1.5	1.5	1.5	1.5	1.5
30.6537110187007	-0.225618293482663	-1.95122874062719	863918.358860972	4598828.25451592	0	0	0	0	0	1.5	1.5	1.5	1.5	1.5	1.5
30.7542149892538	-0.237615371410254	-1.97450715193499	863918.320468237	4598828.16163649	0	0	0	0	0	1.5	1.5	1.5	1.5	1.5	1.5
30.854718959807	-0.249612449337845	-1.99899131720956	863918.279868676	4598828.06970054	0	0	0	0	0	1.5	1.5	1.5	1.5	1.5	1.5
30.9552229303601	-0.261609527265435	-2.02468123645088	863918.236975841	4598827.97881216	0	0	0	0	0	1.5	1.5	1.5	1.5	1.5	1.5
31.0557269009132	-0.273606605193026	-2.05157690965896	863918.191708515	4598827.88908307	0	0	0	0	0	1.5	1.5	1.5	1.5	1.5	1.5
31.1562308714663	-0.285483132393122	-2.07967830640272	863918.143991327	4598827.80063279	0	0	0	0	0	1.5	1.5	1.5	1.5	1.5	1.5
31.2567348420194	-0.27348218078397	-2.1077674230906	863918.093790762	4598827.71356794	0	0	0	0	0	1.5	1.5	1.5	1.5	1.5	1.5
31.3572388125726	-0.261481229174818	-2.13465039649135	863918.041216247	4598827.62791539	0	0	0	0	0	1.5	1.5	1.5	1.5	1.5	1.5
31.4577427831257	-0.249480277565666	-2.16032722660496	863917.98640906	4598827.54367368	0	0	0	0	0	1.5	1.5	1.5	1.5	1.5	1.5
31.5582467536788	-0.237479325956513	-2.18479791343143	863917.929506922	4598827.46083232	0	0	0	0	0	1.5	1.5	1.5	1.5	1.5	1.5
31.6587507242319	-0.225478374347361	-2.20806245697077	863917.870643811	4598827.37937235	0	0	0	0	0	1.5	1.5	1.5	1.5	1.5	1.5
31.759254694785	-0.213477422738208	-2.23012085722298	863917.809949831	4598827.29926692	0	0	0	0	0	1.5	1.5	1.5	1.5	1.5	1.5
31.8597586653381	-0.201476471129057	-2.25097311418804	863917.747551129	4598827.22048187	0	0	0	0	0	1.5	1.5	1.5	1.5	1.5	1.5
31.9602626358913	-0.189475519519903	-2.27061922786598	863917.683569866	4598827.14297626	0	0	0	0	0	1.5	1.5	1.5	1.5	1.5	1.5
32.0607666064444	-0.177474567910752	-2.28905919825678	863917.618124223	4598827.06670287	0	0	0	0	0	1.5	1.5	1.5	1.5	1.5	1.5
32.1612705769975	-0.165473616301599	-2.30629302536044	863917.551328464	4598826.99160876	0	0	0	0	0	1.5	1.5	1.5	1.5	1.5	1.5
32.2617745475506	-0.153472664692447	-2.32232070917696	863917.483293013	4598826.91763573	0	0	0	0	0	1.5	1.5	1.5	1.5	1.5	1.5
32.3622785181037	-0.141471713083294	-2.33714224970635	863917.414124589	4598826.84472077	0	0	0	0	0	1.5	1.5	1.5	1.5	1.5	1.5
32.4627824886568	-0.129470761474143	-2.35075764694861	863917.343926351	4598826.7727965	0	0	0	0	0	1.5	1.5	1.5	1.5	1.5	1.5
32.56328645921	-0.11746980986499	-2.36316690090373	863917.272798088	4598826.70179165	0	0	0	0	0	1.5	1.5	1.5	1.5	1.5	1.5
32.6637904297631	-0.110620892809605	-2.37445544951575	863917.200835764	4598826.63163208	0	0	0	0	0	1.5	1.5	1.5	1.5	1.5	1.5
32.7642944003162	-0.114231992475904	-2.38575475339651	863917.128092429	4598826.56228262	0	0	0	0	0	1.5	1.5	1.5	1.5	1.5	1.5
32.8647983708693	-0.117843092142203	-2.3974169871318	863917.054557746	4598826.49377288	0	0	0	0	0	1.5	1.5	1.5	1.5	1.5	1.5
32.9653023414224	-0.121454191808502	-2.40944215072161	863916.980216857	4598826.42613888	0	0	0	0	0	1.5	1.5	1.5	1.5	1.5	1.5
33.0658063119755	-0.1250652914748	-2.42183024416595	863916.905055972	4598826.35941737	0	0	0	0	0	1.5	1.5	1.5	1.5	1.5	1.5
33.1663102825287	-0.128676391141099	-2.43458126746481	863916.829062415	4598826.29364586	0	0	0	0	0	1.5	1.5	1.5	1.5	1.5	1.5
33.2668142530818	-0.132287490807398	-2.4476952206182	863916.752224677	4598826.22886265	0	0	0	0	0	1.5	1.5	1.5	1.5	1.5	1.5
33.3673182236349	-0.135898590473697	-2.46117210362612	863916.674532468	4598826.16510674	0	0	0	0	0	1.5	1.5	1.5	1.5	1.5	1.5
33.467822194188	-0.139509690139996	-2.47501191648856	863916.595976764	4598826.10241792	0	0	0	0	0	1.5	1.5	1.5	1.5	1.5	1.5
33.5683261647411	-0.143120789806295	-2.48921465920553	863916.516549867	4598826.0408367	0	0	0	0	0	1.5	1.5	1.5	1.5	1.5	1.5
33.6688301352943	-0.146731889472594	-2.50378033177702	863916.436245455	4598825.98040433	0	0	0	0	0	1.5	1.5	1.5	1.5	1.5	1.5
33.7693341058474	-0.150342989138892	-2.51870893420304	863916.35505864	4598825.92116278	0	0	0	0	0	1.5	1.5	1.5	1.5	1.5	1.5
33.8698380764005	-0.153954088805191	-2.53400046648358	863916.272986019	4598825.86315471	0	0	0	0	0	1.5	1.5	1.5	1.5	1.5	1.5
33.9703420469536	-0.15756518847149	-2.54965492861866	863916.19002574	4598825.80642347	0	0	0	0	0	1.5	1.5	1.5	1.5	1.5	1.5
34.0708460175067	-0.161176288137789	-2.56567232060825	863916.106177548	4598825.75101306	0	0	0	0	0	1.5	1.5	1.5	1.5	1.5	1.5
34.1713499880598	-0.157094673345943	-2.58185930574254	863916.021444578	4598825.6969654	0	0	0	0	0	1.5	1.5	1.5	1.5	1.5	1.5
34.271853958613	-0.145324293015168	-2.59705645918747	863915.935870445	4598825.64425941	0	0	0	0	0	1.5	1.5	1.5	1.5	1.5	1.5
34.3723579291661	-0.133553912684396	-2.61107064267424	863915.849535536	4598825.59280879	0	0	0	0	0	1.5	1.5	1.5	1.5	1.5	1.5
34.4728618997192	-0.121783532353623	-2.62390185620284	863915.762517705	4598825.54252155	0	0	0	0	0	1.5	1.5	1.5	1.5	1.5	1.5
34.5733658702723	-0.110013152022849	-2.63555009977328	863915.674890798	4598825.49330307	0	0	0	0	0	1.5	1.5	1.5	1.5	1.5	1.5
34.6738698408254	-0.0982427716920753	-2.64601537338556	863915.586724966	4598825.44505639	0	0	0	0	0	1.5	1.5	1.5	1.5	1.5	1.5
34.7743738113785	-0.0864723913613025	-2.65529767703968	863915.498086976	4598825.39768253	0	0	0	0	0	1.5	1.5	1.5	1.5	1.5	1.5
34.8748777819317	-0.0747020110305288	-2.66339701073563	863915.409040544	4598825.35108075	0	0	0	0	0	1.5	1.5	1.5	1.5	1.5	1.5
34.9753817524848	-0.0629316306997559	-2.67031337447342	863915.31964668	4598825.30514879	0	0	0	0	0	1.5	1.5	1.5	1.5	1.5	1.5
35.0758857230379	-0.0511612503689822	-2.67604676825305	863915.229964036	4598825.25978313	0	0	0	0	0	1.5	1.5	1.5	1.5	1.5	1.5
35.176389693591	-0.0393908700382094	-2.68059719207451	863915.140049267	4598825.21487917	0	0	0	0	0	1.5	1.5	1.5	1.5	1.5	1.5
35.2768936641441	-0.0276204897074357	-2.68396464593781	863915.049957395	4598825.17033152	0	0	0	0	0	1.5	1.5	1.5	1.5	1.5	1.5
35.3773976346972	-0.0158501093766629	-2.68614912984295	863914.959742184	4598825.12603412	0	0	0	0	0	1.5	1.5	1.5	1.5	1.5	1.5
35.4779016052504	-0.00407972904588919	-2.68715064378992	863914.869456507	4598825.08188048	0	0	0	0	0	1.5	1.5	1.5	1.5	1.5	1.5
35.5784055758035	0.0076906512848845	-2.68696918777873	863914.77915273	4598825.03776387	0	0	0	0	0	1.5	1.5	1.5	1.5	1.5	1.5
35.6789095463566	0.010166120052355	-2.68592037282875	863914.688879942	4598824.99358388	0	0	0	0	0	1.5	1.5	1.5	1.5	1.5	1.5
35.7794135169097	0.00818051866495245	-2.68499841781005	863914.598651993	4598824.9493124	0	0	0	0	0	1.5	1.5	1.5	1.5	1.5	1.5
35.8799174874628	0.00619491727754976	-2.68427602361472	863914.508460472	4598824.90496674	0	0	0	0	0	1.5	1.5	1.5	1.5	1.5	1.5
35.9804214580159	0.00420931589014707	-2.68375319024277	863914.418296578	4598824.86056494	0	0	0	0	0	1.5	1.5	1.5	1.5	1.5	1.5
36.0809254285691	0.00222371450274452	-2.68342991769418	863914.328151476	4598824.81612499	0	0	0	0	0	1.5	1.5	1.5	1.5	1.5	1.5
36.1814293991222	0.000238113115341824	-2.68330620596896	863914.238016307	4598824.77166491	0	0	0	0	0	1.5	1.5	1.5	1.5	1.5	1.5
36.2819333696753	-0.00174748827206087	-2.68338205506711	863914.147882203	4598824.72720266	0	0	0	0	0	1.5	1.5	1.5	1.5	1.5	1.5
36.3824373402284	-0.00373308965946342	-2.68365746498864	863914.057740291	4598824.68275625	0	0	0	0	0	1.5	1.5	1.5	1.5	1.5	1.5
36.4829413107815	-0.00571869104686597	-2.68413243573353	863913.96758171	4598824.63834365	0	0	0	0	0	1.5	1.5	1.5	1.5	1.5	1.5
36.5834452813346	-0.00770429243426866	-2.68480696730179	863913.877397619	4598824.59398289	0	0	0	0	0	1.5	1.5	1.5	1.5	1.5	1.5
36.6839492518878	-0.00968989382167135	-2.68568105969342	863913.787179207	4598824.54969197	0	0	0	0	0	1.5	1.5	1.5	1.5	1.5	1.5
36.7844532224409	-0.0116754952090739	-2.68675471290842	863913.696917705	4598824.50548893	0	0	0	0	0	1.5	1.5	1.5	1.5	1.5	1.5
36.884957192994	-0.0136610965964765	-2.68802792694679	863913.606604398	4598824.46139184	0	0	0	0	0	1.5	1.5	1.5	1.5	1.5	1.5
36.9854611635471	-0.0156466979838793	-2.68950070180853	863913.516230633	4598824.4174188	0	0	0	0	0	1.5	1.5	1.5	1.5	1.5	1.5
37.0859651341002	-0.0176322993712818	-2.69117303749364	863913.425787833	4598824.37358792	0	0	0	0	0	1.5	1.5	1.5	1.5	1.5	1.5
37.1864691046533	-0.0180539644442078	-2.69297094841588	863913.335268516	4598824.32991529	0	0	0	0	0	1.5	1.5	1.5	1.5	1.5	1.5
37.2869730752065	-0.0183782804919715	-2.69480174105201	863913.244670106	4598824.28640698	0	0	0	0	0	1.5	1.5	1.5	1.5	1.5	1.5
37.3874770457596	-0.0187025965397351	-2.69666512873865	863913.153991486	4598824.24306608	0	0	0	0	0	1.5	1.5	1.5	1.5	1.5	1.5
37.4879810163127	-0.0190269125874987	-2.6985611114758	863913.06323156	4598824.19989571	0	0	0	0	0	1.5	1.5	1.5	1.5	1.5	1.5
37.5884849868658	-0.0193512286352623	-2.70048968926347	863912.972389247	4598824.15689898	0	0	0	0	0	1.5	1.5	1.5	1.5	1.5	1.5
37.6889889574189	-0.0196755446830259	-2.70245086210165	863912.881463483	4598824.114079	0	0	0	0	0	1.5	1.5	1.5	1.5	1.5	1.5
37.7894929279721	-0.0199998607307895	-2.70444462999035	863912.790453222	4598824.07143892	0	0	0	0	0	1.5	1.5	1.5	1.5	1.5	1.5
37.8899968985252	-0.0203241767785531	-2.70647099292956	863912.699357436	4598824.02898185	0	0	0	0	0	1.5	1.5	1.5	1.5	1.5	1.5
37.9905008690783	-0.0206484928263167	-2.70852995091928	863912.608175115	4598823.98671095	0	0	0	0	0	1.5	1.5	1.5	1.5	1.5	1.5
38.0910048396314	-0.0209728088740803	-2.71062150395952	863912.516905269	4598823.94462937	0	0	0	0	0	1.5	1.5	1.5	1.5	1.5	1.5
38.1915088101845	-0.021297124921844	-2.71274565205028	863912.425546924	4598823.90274026	0	0	0	0	0	1.5	1.5	1.5	1.5	1.5	1.5
38.2920127807376	-0.0216214409696076	-2.71490239519154	863912.334099127	4598823.8610468	0	0	0	0	0	1.5	1.5	1.5	1.5	1.5	1.5
38.3925167512908	-0.0219457570173712	-2.71709173338333	863912.242560945	4598823.81955216	0	0	0	0	0	1.5	1.5	1.5	1.5	1.5	1.5
38.4930207218439	-0.0222700730651348	-2.71931366662562	863912.150931465	4598823.77825952	0	0	0	0	0	1.5	1.5	1.5	1.5	1.5	1.5
38.593524692397	-0.0219584013717369	-2.7215605610252	863912.059209817	4598823.73717201	0	0	0	0	0	1.5	1.5	1.5	1.5	1.5	1.5
38.6940286629501	-0.0196201253665743	-2.72364996453868	863911.967398518	4598823.69628522	0	0	0	0	0	1.5	1.5	1.5	1.5	1.5	1.5
38.7945326335032	-0.0172818493614118	-2.72550436202938	863911.875506769	4598823.65557955	0	0	0	0	0	1.5	1.5	1.5	1.5	1.5	1.5
38.8950366040563	-0.0149435733562491	-2.72712375349732	863911.783544454	4598823.61503354	0	0	0	0	0	1.5	1.5	1.5	1.5	1.5	1.5
38.9955405746095	-0.0126052973510865	-2.72850813894249	863911.691521345	4598823.5746257	0	0	0	0	0	1.5	1.5	1.5	1.5	1.5	1.5
39.0960445451626	-0.010267021345924	-2.7296575183649	863911.599447115	4598823.53433447	0	0	0	0	0	1.5	1.5	1.5	1.5	1.5	1.5
39.1965485157157	-0.00792874534076149	-2.73057189176453	863911.507331357	4598823.49413827	0	0	0	0	0	1.5	1.5	1.5	1.5	1.5	1.5
39.2970524862688	-0.00559046933559883	-2.7312512591414	863911.415183595	4598823.45401549	0	0	0	0	0	1.5	1.5	1.5	1.5	1.5	1.5
39.3975564568219	-0.00325219333043617	-2.7316956204955	863911.323013304	4598823.41394449	0	0	0	0	0	1.5	1.5	1.5	1.5	1.5	1.5
39.498060427375	-0.000913917325273676	-2.73190497582683	863911.230829919	4598823.37390361	0	0	0	0	0	1.5	1.5	1.5	1.5	1.5	1.5
39.5985643979282	0.00142435867988882	-2.73187932513539	863911.138642856	4598823.3338712	0	0	0	0	0	1.5	1.5	1.5	1.5	1.5	1.5
39.6990683684813	0.00376263468505164	-2.73161866842119	863911.046461526	4598823.2938256	0	0	0	0	0	1.5	1.5	1.5	1.5	1.5	1.5
39.7995723390344	0.00610091069021413	-2.73112300568421	863910.954295346	4598823.25374514	0	0	0	0	0	1.5	1.5	1.5	1.5	1.5	1.5
39.9000763095875	0.00843918669537663	-2.73039233692447	863910.862153761	4598823.21360818	0	0	0	0	0	1.5	1.5	1.5	1.5	1.5	1.5
40.0005802801406	0.0107774627005393	-2.72942666214197	863910.770046254	4598823.17339307	0	0	0	0	0	1.5	1.5	1.5	1.5	1.5	1.5
40.1010842506938	0.0118784302065758	-2.72825355444017	863910.677982198	4598823.1330786	0	0	0	0	0	1.5	1.5	1.5	1.5	1.5	1.5
40.2015882212469	0.0114265818225488	-2.72708243131881	863910.585966011	4598823.09265499	0	0	0	0	0	1.5	1.5	1.5	1.5	1.5	1.5
40.3020921918	0.0109747334385219	-2.72595672075414	863910.493996307	4598823.05212574	0	0	0	0	0	1.5	1.5	1.5	1.5	1.5	1.5
40.4025961623531	0.0105228850544949	-2.72487642274614	863910.402071362	4598823.01149506	0	0	0	0	0	1.5	1.5	1.5	1.5	1.5	1.5
40.5031001329062	0.010071036670468	-2.72384153729484	863910.310189439	4598822.97076719	0	0	0	0	0	1.5	1.5	1.5	1.5	1.5	1.5
40.6036041034593	0.00961918828644104	-2.72285206440021	863910.218348787	4598822.92994634	0	0	0	0	0	1.5	1.5	1.5	1.5	1.5	1.5
40.7041080740125	0.00916733990241408	-2.72190800406226	863910.126547642	4598822.88903672	0	0	0	0	0	1.5	1.5	1.5	1.5	1.5	1.5
40.8046120445656	0.00871549151838714	-2.721009356281	863910.034784227	4598822.84804254	0	0	0	0	0	1.5	1.5	1.5	1.5	1.5	1.5
40.9051160151187	0.00826364313436018	-2.72015612105642	863909.943056756	4598822.80696799	0	0	0	0	0	1.5	1.5	1.5	1.5	1.5	1.5
41.0056199856718	0.00781179475033325	-2.71934829838853	863909.85136343	4598822.76581727	0	0	0	0	0	1.5	1.5	1.5	1.5	1.5	1.5
41.1061239562249	0.00735994636630629	-2.71858588827732	863909.75970244	4598822.72459458	0	0	0	0	0	1.5	1.5	1.5	1.5	1.5	1.5
41.206627926778	0.00690809798227932	-2.71786889072279	863909.668071967	4598822.68330409	0	0	0	0	0	1.5	1.5	1.5	1.5	1.5	1.5
41.3071318973312	0.00645624959825239	-2.71719730572494	863909.576470184	4598822.64195	0	0	0	0	0	1.5	1.5	1.5	1.5	1.5	1.5
41.4076358678843	0.00600440121422543	-2.71657113328377	863909.484895254	4598822.60053648	0	0	0	0	0	1.5	1.5	1.5	1.5	1.5	1.5
41.5081398384374	0.0055525528301985	-2.71599037339929	863909.393345332	4598822.5590677	0	0	0	0	0	1.5	1.5	1.5	1.5	1.5	1.5
41.6086438089905	0.00489055009173137	-2.71546209438157	863909.3018185	4598822.51754798	0	0	0	0	0	1.5	1.5	1.5	1.5	1.5	1.5
41.7091477795436	0.00412471271981867	-2.7150090595275	863909.210312079	4598822.4759833	0	0	0	0	0	1.5	1.5	1.5	1.5	1.5	1.5
41.8096517500967	0.00335887534790602	-2.7146329943701	863909.118822896	4598822.43438069	0	0	0	0	0	1.5	1.5	1.5	1.5	1.5	1.5
41.9101557206499	0.00259303797599338	-2.71433389890938	863909.027347762	4598822.39274719	0	0	0	0	0	1.5	1.5	1.5	1.5	1.5	1.5
42.010659691203	0.00182720060408068	-2.71411177314534	863908.935883481	4598822.35108986	0	0	0	0	0	1.5	1.5	1.5	1.5	1.5	1.5
42.1111636617561	0.00106136323216798	-2.71396661707797	863908.844426852	4598822.30941573	0	0	0	0	0	1.5	1.5	1.5	1.5	1.5	1.5
42.2116676323092	0.000295525860255329	-2.71389843070727	863908.752974669	4598822.26773184	0	0	0	0	0	1.5	1.5	1.5	1.5	1.5	1.5
42.3121716028623	-0.000470311511657317	-2.71390721403325	863908.661523724	4598822.22604524	0	0	0	0	0	1.5	1.5	1.5	1.5	1.5	1.5
42.4126755734154	-0.00123614888357007	-2.71399296705591	863908.570070808	4598822.18436296	0	0	0	0	0	1.5	1.5	1.5	1.5	1.5	1.5
42.5131795439686	-0.00200198625548272	-2.71415568977524	863908.478612715	4598822.14269205	0	0	0	0	0	1.5	1.5	1.5	1.5	1.5	1.5
42.6136835145217	-0.00276782362739536	-2.71439538219125	863908.387146239	4598822.10103954	0	0	0	0	0	1.5	1.5	1.5	1.5	1.5	1.5
42.7141874850748	-0.00353366099930806	-2.71471204430393	863908.29566818	4598822.05941247	0	0	0	0	0	1.5	1.5	1.5	1.5	1.5	1.5
42.8146914556279	-0.00429949837122076	-2.71510567611329	863908.204175343	4598822.01781789	0	0	0	0	0	1.5	1.5	1.5	1.5	1.5	1.5
42.915195426181	-0.00506533574313341	-2.71557627761932	863908.112664542	4598821.97626285	0	0	0	0	0	1.5	1.5	1.5	1.5	1.5	1.5
43.0156993967341	-0.00583117311504606	-2.71612384882203	863908.021132597	4598821.93475441	0	0	0	0	0	1.5	1.5	1.5	1.5	1.5	1.5
43.1162033672873	-0.00240675338875916	-2.7165439721518	863907.929579084	4598821.89329356	0	0	0	0	0	1.5	1.5	1.5	1.5	1.5	1.5
43.2167073378404	0.00114375616964352	-2.71660744026946	863907.838015544	4598821.85185485	0	0	0	0	0	1.5	1.5	1.5	1.5	1.5	1.5
43.3172113083935	0.00469426572804594	-2.71631406807901	863907.746456768	4598821.81040562	0	0	0	0	0	1.5	1.5	1.5	1.5	1.5	1.5
43.4177152789466	0.00824477528644862	-2.71566385558046	863907.65491756	4598821.7689132	0	0	0	0	0	1.5	1.5	1.5	1.5	1.5	1.5
43.5182192494997	0.011795284844851	-2.7146568027738	863907.563412767	4598821.72734494	0	0	0	0	0	1.5	1.5	1.5	1.5	1.5	1.5
43.6187232200528	0.0153457944032537	-2.71329290965903	863907.471957319	4598821.68566824	0	0	0	0	0	1.5	1.5	1.5	1.5	1.5	1.5
43.719227190606	0.0188963039616562	-2.71157217623616	863907.380566263	4598821.64385053	0	0	0	0	0	1.5	1.5	1.5	1.5	1.5	1.5
43.8197311611591	0.0224468135200588	-2.70949460250518	863907.289254796	4598821.60185934	0	0	0	0	0	1.5	1.5	1.5	1.5	1.5	1.5
43.9202351317122	0.0259973230784615	-2.7070601884661	863907.198038298	4598821.55966226	0	0	0	0	0	1.5	1.5	1.5	1.5	1.5	1.5
44.0207391022653	0.0295478326368639	-2.70426893411891	863907.106932373	4598821.51722699	0	0	0	0	0	1.5	1.5	1.5	1.5	1.5	1.5
44.1212430728184	0.0330983421952666	-2.70112083946361	863907.015952876	4598821.47452136	0	0	0	0	0	1.5	1.5	1.5	1.5	1.5	1.5
44.2217470433716	0.036648851753669	-2.69761590450021	863906.925115952	4598821.43151333	0	0	0	0	0	1.5	1.5	1.5	1.5	1.5	1.5
44.3222510139247	0.0401993613120717	-2.6937541292287	863906.834438068	4598821.38817101	0	0	0	0	0	1.5	1.5	1.5	1.5	1.5	1.5
44.4227549844778	0.0437498708704744	-2.68953551364908	863906.743936046	4598821.34446269	0	0	0	0	0	1.5	1.5	1.5	1.5	1.5	1.5
44.5232589550309	0.0470183787689592	-2.68496406157421	863906.65362708	4598821.30035689	0	0	0	0	0	1.5	1.5	1.5	1.5	1.5	1.5
44.623762925584	0.0495707682657918	-2.68011026517954	863906.563527281	4598821.25582539	0	0	0	0	0	1.5	1.5	1.5	1.5	1.5	1.5
44.7242668961371	0.0521231577626246	-2.67499994350605	863906.473650466	4598821.21084557	0	0	0	0	0	1.5	1.5	1.5	1.5	1.5	1.5
44.8247708666903	0.0546755472594573	-2.66963309655372	863906.384010524	4598821.16539555	0	0	0	0	0	1.5	1.5	1.5	1.5	1.5	1.5
44.9252748372434	0.0572279367562899	-2.66400972432257	863906.294621698	4598821.11945364	0	0	0	0	0	1.5	1.5	1.5	1.5	1.5	1.5
45.0257788077965	0.0597803262531225	-2.65812982681258	863906.205498601	4598821.07299836	0	0	0	0	0	1.5	1.5	1.5	1.5	1.5	1.5
45.1262827783496	0.0623327157499555	-2.65199340402377	863906.116656233	4598821.02600847	0	0	0	0	0	1.5	1.5	1.5	1.5	1.5	1.5
45.2267867489027	0.0648851052467881	-2.64560045595612	863906.028109996	4598820.97846294	0	0	0	0	0	1.5	1.5	1.5	1.5	1.5	1.5
45.3272907194558	0.0674374947436207	-2.63895098260965	863905.939875705	4598820.930341	0	0	0	0	0	1.5	1.5	1.5	1.5	1.5	1.5
45.427794690009	0.0699898842404534	-2.63204498398434	863905.851969609	4598820.88162215	0	0	0	0	0	1.5	1.5	1.5	1.5	1.5	1.5
45.5282986605621	0.0725422737372862	-2.62488246008021	863905.7644084	4598820.83228616	0	0	0	0	0	1.5	1.5	1.5	1.5	1.5	1.5
45.6288026311152	0.0750946632341188	-2.61746341089725	863905.677209226	4598820.78231311	0	0	0	0	0	1.5	1.5	1.5	1.5	1.5	1.5
45.7293066016683	0.0776470527309514	-2.60978783643546	863905.590389708	4598820.73168338	0	0	0	0	0	1.5	1.5	1.5	1.5	1.5	1.5
45.8298105722214	0.0801994422277841	-2.60185573669483	863905.50396795	4598820.68037768	0	0	0	0	0	1.5	1.5	1.5	1.5	1.5	1.5
45.9303145427745	0.0827518317246169	-2.59366711167538	863905.417962553	4598820.62837707	0	0	0	0	0	1.5	1.5	1.5	1.5	1.5	1.5
46.0308185133277	0.100838864410812	-2.58484590036533	863905.332395824	4598820.57565782	0	0	0	0	0	1.5	1.5	1.5	1.5	1.5	1.5
46.1313224838808	0.135638859890011	-2.57296242524553	863905.247372036	4598820.52206786	0	0	0	0	0	1.5	1.5	1.5	1.5	1.5	1.5
46.2318264544339	0.170438855369209	-2.55758141240484	863905.163087011	4598820.46732406	0	0	0	0	0	1.5	1.5	1.5	1.5	1.5	1.5
46.332330424987	0.205238850848409	-2.53870286184326	863905.079752471	4598820.41114486	0	0	0	0	0	1.5	1.5	1.5	1.5	1.5	1.5
46.4328343955401	0.240038846327606	-2.51632677356079	863904.997594898	4598820.35325912	0	0	0	0	0	1.5	1.5	1.5	1.5	1.5	1.5
46.5333383660932	0.274838841806806	-2.49045314755743	863904.916858149	4598820.29340879	0	0	0	0	0	1.5	1.5	1.5	1.5	1.5	1.5
46.6338423366464	0.309638837286006	-2.46108198383318	863904.837805835	4598820.23135193	0	0	0	0	0	1.5	1.5	1.5	1.5	1.5	1.5
46.7343463071995	0.344438832765203	-2.42821328238804	863904.760723389	4598820.166866	0	0	0	0	0	1.5	1.5	1.5	1.5	1.5	1.5
46.8348502777526	0.379238828244403	-2.39184704322201	863904.685919774	4598820.09975152	0	0	0	0	0	1.5	1.5	1.5	1.5	1.5	1.5
46.9353542483057	0.4140388237236	-2.3519832663351	863904.613728739	4598820.02983611	0	0	0	0	0	1.5	1.5	1.5	1.5	1.5	1.5
47.0358582188588	0.4488388192028	-2.30862195172729	863904.544509557	4598819.95697891	0	0	0	0	0	1.5	1.5	1.5	1.5	1.5	1.5
47.1363621894119	0.483638814681998	-2.26176309939859	863904.478647136	4598819.88107541	0	0	0	0	0	1.5	1.5	1.5	1.5	1.5	1.5
47.2368661599651	0.518438810161197	-2.211406709349	863904.416551422	4598819.80206253	0	0	0	0	0	1.5	1.5	1.5	1.5	1.5	1.5
47.3373701305182	0.553238805640395	-2.15755278157852	863904.358655977	4598819.71992408	0	0	0	0	0	1.5	1.5	1.5	1.5	1.5	1.5
47.4378741010713	0.587105365233052	-2.1002024454171	863904.305415634	4598819.63469648	0	0	0	0	0	1.5	1.5	1.5	1.5	1.5	1.5
47.5383780716244	0.583134864084739	-2.04139555064339	863904.257241104	4598819.54650718	0	0	0	0	0	1.5	1.5	1.5	1.5	1.5	1.5
47.6388820421775	0.579164362936426	-1.98298770700017	863904.214314786	4598819.45564735	0	0	0	0	0	1.5	1.5	1.5	1.5	1.5	1.5
47.7393860127306	0.575193861788113	-1.92497891448744	863904.176746909	4598819.36244397	0	0	0	0	0	1.5	1.5	1.5	1.5	1.5	1.5
47.8398899832838	0.5712233606398	-1.86736917310519	863904.144626745	4598819.26722554	0	0	0	0	0	1.5	1.5	1.5	1.5	1.5	1.5
47.9403939538369	0.567252859491487	-1.81015848285344	863904.118022957	4598819.17032078	0	0	0	0	0	1.5	1.5	1.5	1.5	1.5	1.5
48.04089792439	0.563282358343174	-1.75334684373219	863904.096984012	4598819.07205739	0	0	0	0	0	1.5	1.5	1.5	1.5	1.5	1.5
48.1414018949431	0.559311857194861	-1.69693425574142	863904.081538672	4598818.97276081	0	0	0	0	0	1.5	1.5	1.5	1.5	1.5	1.5
48.2419058654962	0.555341356046548	-1.64092071888114	863904.071696535	4598818.87275311	0	0	0	0	0	1.5	1.5	1.5	1.5	1.5	1.5
48.3424098360494	0.551370854898235	-1.58530623315136	863904.067448649	4598818.77235191	0	0	0	0	0	1.5	1.5	1.5	1.5	1.5	1.5
48.4429138066025	0.547400353749922	-1.53009079855207	863904.068768168	4598818.67186937	0	0	0	0	0	1.5	1.5	1.5	1.5	1.5	1.5
48.5434177771556	0.543429852601609	-1.47527441508326	863904.075611053	4598818.57161124	0	0	0	0	0	1.5	1.5	1.5	1.5	1.5	1.5
48.6439217477087	0.539459351453296	-1.42085708274495	863904.087916819	4598818.47187597	0	0	0	0	0	1.5	1.5	1.5	1.5	1.5	1.5
48.7444257182618	0.535488850304983	-1.36683880153713	863904.105609313	4598818.37295394	0	0	0	0	0	1.5	1.5	1.5	1.5	1.5	1.5
48.8449296888149	0.53151834915667	-1.3132195714598	863904.128597523	4598818.27512669	0	0	0	0	0	1.5	1.5	1.5	1.5	1.5	1.5
48.9454336593681	0.52328971418104	-1.260081702832	863904.156775396	4598818.17866594	0	0	0	0	0	1.5	1.5	1.5	1.5	1.5	1.5
49.0459376299212	0.50824946968091	-1.20824481095237	863904.189981197	4598818.08381785	0	0	0	0	0	1.5	1.5	1.5	1.5	1.5	1.5
49.1464416004743	0.49320922518078	-1.1579195233631	863904.227986767	4598817.99078832	0	0	0	0	0	1.5	1.5	1.5	1.5	1.5	1.5
49.2469455710274	0.478168980680649	-1.10910584006418	863904.270555458	4598817.89975564	0	0	0	0	0	1.5	1.5	1.5	1.5	1.5	1.5
49.3474495415805	0.463128736180518	-1.06180376105562	863904.317448439	4598817.81087249	0	0	0	0	0	1.5	1.5	1.5	1.5	1.5	1.5
49.4479535121336	0.448088491680388	-1.01601328633741	863904.368426615	4598817.72426702	0	0	0	0	0	1.5	1.5	1.5	1.5	1.5	1.5
49.5484574826868	0.433048247180257	-0.971734415909545	863904.423252347	4598817.64004388	0	0	0	0	0	1.5	1.5	1.5	1.5	1.5	1.5
49.6489614532399	0.418008002680127	-0.928967149772039	863904.481690973	4598817.55828548	0	0	0	0	0	1.5	1.5	1.5	1.5	1.5	1.5
49.749465423793	0.402967758179997	-0.887711487924884	863904.543512143	4598817.47905317	0	0	0	0	0	1.5	1.5	1.5	1.5	1.5	1.5
49.8499693943461	0.387927513679867	-0.847967430368084	863904.60849097	4598817.40238851	0	0	0	0	0	1.5	1.5	1.5	1.5	1.5	1.5
49.9504733648992	0.372887269179736	-0.809734977101633	863904.676409015	4598817.32831451	0	0	0	0	0	1.5	1.5	1.5	1.5	1.5	1.5
50.0509773354523	0.357847024679606	-0.773014128125539	863904.747055098	4598817.25683694	0	0	0	0	0	1.5	1.5	1.5	1.5	1.5	1.5
50.1514813060055	0.342806780179475	-0.737804883439794	863904.820225969	4598817.18794551	0	0	0	0	0	1.5	1.5	1.5	1.5	1.5	1.5
50.2519852765586	0.327766535679344	-0.704107243044403	863904.89572682	4598817.12161518	0	0	0	0	0	1.5	1.5	1.5	1.5	1.5	1.5
50.3524892471117	0.312726291179214	-0.671921206939367	863904.97337168	4598817.05780725	0	0	0	0	0	1.5	1.5	1.5	1.5	1.5	1.5
50.4529932176648	0.292860051025405	-0.64140347153154	863905.052981633	4598816.99646788	0	0	0	0	0	1.5	1.5	1.5	1.5	1.5	1.5
50.5534971882179	0.270350710570818	-0.613101012632207	863905.134362401	4598816.93749717	0	0	0	0	0	1.5	1.5	1.5	1.5	1.5	1.5
50.6540011587711	0.247841370116231	-0.587060831823091	863905.217315669	4598816.88075889	0	0	0	0	0	1.5	1.5	1.5	1.5	1.5	1.5
50.7545051293242	0.225332029661645	-0.563282929104195	863905.30165675	4598816.82610402	0	0	0	0	0	1.5	1.5	1.5	1.5	1.5	1.5
50.8550090998773	0.202822689207058	-0.541767304475515	863905.387214219	4598816.77337284	0	0	0	0	0	1.5	1.5	1.5	1.5	1.5	1.5
50.9555130704304	0.180313348752471	-0.522513957937053	863905.473829069	4598816.72239633	0	0	0	0	0	1.5	1.5	1.5	1.5	1.5	1.5
51.0560170409835	0.157804008297886	-0.50552288948881	863905.561353752	4598816.6729976	0	0	0	0	0	1.5	1.5	1.5	1.5	1.5	1.5
51.1565210115366	0.1352946678433	-0.490794099130785	863905.649651119	4598816.62499301	0	0	0	0	0	1.5	1.5	1.5	1.5	1.5	1.5
51.2570249820898	0.112785327388713	-0.478327586862977	863905.738593281	4598816.57819334	0	0	0	0	0	1.5	1.5	1.5	1.5	1.5	1.5
51.3575289526429	0.0902759869341261	-0.468123352685387	863905.8280604	4598816.53240475	0	0	0	0	0	1.5	1.5	1.5	1.5	1.5	1.5
51.458032923196	0.0677666464795407	-0.460181396598015	863905.917939429	4598816.48742971	0	0	0	0	0	1.5	1.5	1.5	1.5	1.5	1.5
51.5585368937491	0.0452573060249536	-0.45450171860086	863906.008122804	4598816.44306779	0	0	0	0	0	1.5	1.5	1.5	1.5	1.5	1.5
51.6590408643022	0.0227479655703666	-0.451084318693924	863906.098507104	4598816.39911649	0	0	0	0	0	1.5	1.5	1.5	1.5	1.5	1.5
51.7595448348553	0.000238625115781099	-0.449929196877205	863906.188991691	4598816.35537193	0	0	0	0	0	1.5	1.5	1.5	1.5	1.5	1.5
51.8600488054085	-0.0222707153388044	-0.451036353150704	863906.279477328	4598816.31162954	0	0	0	0	0	1.5	1.5	1.5	1.5	1.5	1.5
51.9605527759616	-0.0217859105335149	-0.45328148096196	863906.369880834	4598816.2677177	0	0	0	0	0	1.5	1.5	1.5	1.5	1.5	1.5
52.0610567465147	-0.0206631124853062	-0.455414628641706	863906.460187978	4598816.22360802	0	0	0	0	0	1.5	1.5	1.5	1.5	1.5	1.5
52.1615607170678	-0.0195403144370975	-0.457434930659478	863906.550403325	4598816.17931089	0	0	0	0	0	1.5	1.5	1.5	1.5	1.5	1.5
52.2620646876209	-0.0184175163888887	-0.459342387015276	863906.640531506	4598816.13483667	0	0	0	0	0	1.5	1.5	1.5	1.5	1.5	1.5
52.362568658174	-0.01729471834068	-0.461136997709099	863906.730577211	4598816.0901957	0	0	0	0	0	1.5	1.5	1.5	1.5	1.5	1.5
52.4630726287272	-0.0161719202924712	-0.462818762740948	863906.820545186	4598816.04539828	0	0	0	0	0	1.5	1.5	1.5	1.5	1.5	1.5
52.5635765992803	-0.0150491222442625	-0.464387682110823	863906.910440233	4598816.00045468	0	0	0	0	0	1.5	1.5	1.5	1.5	1.5	1.5
52.6640805698334	-0.0139263241960537	-0.465843755818723	863907.000267202	4598815.95537517	0	0	0	0	0	1.5	1.5	1.5	1.5	1.5	1.5
52.7645845403865	-0.012803526147845	-0.467186983864649	863907.090030988	4598815.91016998	0	0	0	0	0	1.5	1.5	1.5	1.5	1.5	1.5
52.8650885109396	-0.0116807280996364	-0.468417366248601	863907.179736531	4598815.86484932	0	0	0	0	0	1.5	1.5	1.5	1.5	1.5	1.5
52.9655924814927	-0.0105579300514276	-0.469534902970579	863907.269388808	4598815.81942338	0	0	0	0	0	1.5	1.5	1.5	1.5	1.5	1.5
53.0660964520459	-0.00943513200321872	-0.470539594030582	863907.358992834	4598815.77390233	0	0	0	0	0	1.5	1.5	1.5	1.5	1.5	1.5
53.166600422599	-0.00831233395501003	-0.471431439428611	863907.448553654	4598815.72829633	0	0	0	0	0	1.5	1.5	1.5	1.5	1.5	1.5
53.2671043931521	-0.00718953590680133	-0.472210439164666	863907.538076343	4598815.68261553	0	0	0	0	0	1.5	1.5	1.5	1.5	1.5	1.5
53.3676083637052	-0.00671296051259246	-0.472882556487544	863907.627565985	4598815.63687002	0	0	0	0	0	1.5	1.5	1.5	1.5	1.5	1.5
53.4681123342583	-0.00910928712797124	-0.473677655843019	863907.717023273	4598815.59106128	0	0	0	0	0	1.5	1.5	1.5	1.5	1.5	1.5
53.5686163048114	-0.0115056137433502	-0.474713595538083	863907.806438583	4598815.54517065	0	0	0	0	0	1.5	1.5	1.5	1.5	1.5	1.5
53.6691202753646	-0.013901940358729	-0.475990375572734	863907.895800765	4598815.49917666	0	0	0	0	0	1.5	1.5	1.5	1.5	1.5	1.5
53.7696242459177	-0.0162982669741077	-0.477507995946972	863907.985098595	4598815.45305786	0	0	0	0	0	1.5	1.5	1.5	1.5	1.5	1.5
53.8701282164708	-0.0186945935894869	-0.479266456660799	863908.074320758	4598815.40679285	0	0	0	0	0	1.5	1.5	1.5	1.5	1.5	1.5
53.9706321870239	-0.0210909202048658	-0.481265757714213	863908.163455833	4598815.36036028	0	0	0	0	0	1.5	1.5	1.5	1.5	1.5	1.5
54.071136157577	-0.0234872468202446	-0.483505899107215	863908.25249228	4598815.31373888	0	0	0	0	0	1.5	1.5	1.5	1.5	1.5	1.5
54.1716401281302	-0.0258835734356234	-0.485986880839804	863908.341418423	4598815.26690744	0	0	0	0	0	1.5	1.5	1.5	1.5	1.5	1.5
54.2721440986833	-0.0282799000510023	-0.488708702911982	863908.430222432	4598815.21984483	0	0	0	0	0	1.5	1.5	1.5	1.5	1.5	1.5
54.3726480692364	-0.0306762266663811	-0.491671365323746	863908.518892315	4598815.17253	0	0	0	0	0	1.5	1.5	1.5	1.5	1.5	1.5
54.4731520397895	-0.0330725532817599	-0.494874868075099	863908.607415895	4598815.12494203	0	0	0	0	0	1.5	1.5	1.5	1.5	1.5	1.5
54.5736560103426	-0.035468879897139	-0.498319211166039	863908.695780803	4598815.07706008	0	0	0	0	0	1.5	1.5	1.5	1.5	1.5	1.5
54.6741599808957	-0.0378652065125179	-0.502004394596567	863908.783974454	4598815.02886343	0	0	0	0	0	1.5	1.5	1.5	1.5	1.5	1.5
54.7746639514489	-0.0402615331278967	-0.505930418366683	863908.871984044	4598814.98033151	0	0	0	0	0	1.5	1.5	1.5	1.5	1.5	1.5
54.875167922002	-0.042206495609011	-0.510089375288148	863908.95979657	4598814.93144395	0	0	0	0	0	1.5	1.5	1.5	1.5	1.5	1.5
54.9756718925551	-0.0433080742518446	-0.514386652193727	863909.04740122	4598814.88218486	0	0	0	0	0	1.5	1.5	1.5	1.5	1.5	1.5
55.0761758631082	-0.0444096528946782	-0.518794642126787	863909.134790631	4598814.83254493	0	0	0	0	0	1.5	1.5	1.5	1.5	1.5	1.5
55.1766798336613	-0.0455112315375118	-0.523313345087328	863909.221957609	4598814.78251545	0	0	0	0	0	1.5	1.5	1.5	1.5	1.5	1.5
55.2771838042144	-0.0466128101803454	-0.527942761075351	863909.308894834	4598814.73208779	0	0	0	0	0	1.5	1.5	1.5	1.5	1.5	1.5
55.3776877747676	-0.0477143888231792	-0.532682890090856	863909.39559486	4598814.68125341	0	0	0	0	0	1.5	1.5	1.5	1.5	1.5	1.5
55.4781917453207	-0.0488159674660128	-0.537533732133841	863909.48205011	4598814.63000384	0	0	0	0	0	1.5	1.5	1.5	1.5	1.5	1.5
55.5786957158738	-0.0499175461088463	-0.542495287204308	863909.568252877	4598814.57833073	0	0	0	0	0	1.5	1.5	1.5	1.5	1.5	1.5
55.6791996864269	-0.05101912475168	-0.547567555302256	863909.654195316	4598814.5262258	0	0	0	0	0	1.5	1.5	1.5	1.5	1.5	1.5
55.77970365698	-0.0521207033945136	-0.552750536427685	863909.739869449	4598814.47368088	0	0	0	0	0	1.5	1.5	1.5	1.5	1.5	1.5
55.8802076275331	-0.0532222820373471	-0.558044230580595	863909.825267154	4598814.4206879	0	0	0	0	0	1.5	1.5	1.5	1.5	1.5	1.5
55.9807115980863	-0.0543238606801808	-0.563448637760987	863909.910380174	4598814.36723888	0	0	0	0	0	1.5	1.5	1.5	1.5	1.5	1.5
56.0812155686394	-0.0554254393230144	-0.56896375796886	863909.995200102	4598814.31332597	0	0	0	0	0	1.5	1.5	1.5	1.5	1.5	1.5
56.1817195391925	-0.0565270179658481	-0.574589591204215	863910.079718392	4598814.25894141	0	0	0	0	0	1.5	1.5	1.5	1.5	1.5	1.5
56.2822235097456	-0.0576285966086817	-0.580326137467051	863910.163926346	4598814.20407757	0	0	0	0	0	1.5	1.5	1.5	1.5	1.5	1.5
56.3827274802987	-0.0639362822924763	-0.586323288838317	863910.247813528	4598814.14872453	0	0	0	0	0	1.5	1.5	1.5	1.5	1.5	1.5
56.4832314508518	-0.0741244465184364	-0.593261114549793	863910.331342586	4598814.09283264	0	0	0	0	0	1.5	1.5	1.5	1.5	1.5	1.5
56.583735421405	-0.0843126107443965	-0.601222891218626	863910.414452892	4598814.03632006	0	0	0	0	0	1.5	1.5	1.5	1.5	1.5	1.5
56.6842393919581	-0.0945007749703573	-0.610208618844816	863910.497081287	4598813.9791053	0	0	0	0	0	1.5	1.5	1.5	1.5	1.5	1.5
56.7847433625112	-0.104688939196317	-0.620218297428361	863910.579162489	4598813.9211084	0	0	0	0	0	1.5	1.5	1.5	1.5	1.5	1.5
56.8852473330643	-0.114877103422279	-0.631251926969264	863910.660628861	4598813.86225115	0	0	0	0	0	1.5	1.5	1.5	1.5	1.5	1.5
56.9857513036174	-0.125065267648239	-0.643309507467522	863910.741410197	4598813.80245733	0	0	0	0	0	1.5	1.5	1.5	1.5	1.5	1.5
57.0862552741706	-0.1352534318742	-0.656391038923137	863910.821433504	4598813.74165293	0	0	0	0	0	1.5	1.5	1.5	1.5	1.5	1.5
57.1867592447237	-0.14544159610016	-0.670496521336107	863910.900622806	4598813.67976646	0	0	0	0	0	1.5	1.5	1.5	1.5	1.5	1.5
57.2872632152768	-0.15562976032612	-0.685625954706433	863910.97889896	4598813.61672918	0	0	0	0	0	1.5	1.5	1.5	1.5	1.5	1.5
57.3877671858299	-0.165817924552081	-0.701779339034117	863911.056179484	4598813.55247539	0	0	0	0	0	1.5	1.5	1.5	1.5	1.5	1.5
57.488271156383	-0.176006088778041	-0.718956674319156	863911.132378405	4598813.48694278	0	0	0	0	0	1.5	1.5	1.5	1.5	1.5	1.5
57.5887751269361	-0.186194253004001	-0.737157960561551	863911.207406125	4598813.42007267	0	0	0	0	0	1.5	1.5	1.5	1.5	1.5	1.5
57.6892790974893	-0.196382417229962	-0.756383197761304	863911.281169306	4598813.35181046	0	0	0	0	0	1.5	1.5	1.5	1.5	1.5	1.5
57.7897830680424	-0.206570581455923	-0.776632385918413	863911.353570779	4598813.28210587	0	0	0	0	0	1.5	1.5	1.5	1.5	1.5	1.5
57.8902870385955	-0.212324760467597	-0.797719343762425	863911.424513194	4598813.21091706	0	0	0	0	0	1.5	1.5	1.5	1.5	1.5	1.5
57.9907910091486	-0.217206454666628	-0.819304140061172	863911.493920408	4598813.13823078	0	0	0	0	0	1.5	1.5	1.5	1.5	1.5	1.5
58.0912949797017	-0.22208814886566	-0.841379566009948	863911.561724401	4598813.06404684	0	0	0	0	0	1.5	1.5	1.5	1.5	1.5	1.5
58.1917989502548	-0.226969843064691	-0.863945621608753	863911.62785574	4598812.98836815	0	0	0	0	0	1.5	1.5	1.5	1.5	1.5	1.5
58.2923029208079	-0.231851537263722	-0.887002306857585	863911.692243629	4598812.91120079	0	0	0	0	0	1.5	1.5	1.5	1.5	1.5	1.5
58.3928068913611	-0.236733231462754	-0.910549621756449	863911.754815987	4598812.83255423	0	0	0	0	0	1.5	1.5	1.5	1.5	1.5	1.5
58.4933108619142	-0.241614925661786	-0.934587566305342	863911.815499545	4598812.75244139	0	0	0	0	0	1.5	1.5	1.5	1.5	1.5	1.5
58.5938148324673	-0.246496619860817	-0.959116140504261	863911.874219943	4598812.6708788	0	0	0	0	0	1.5	1.5	1.5	1.5	1.5	1.5
58.6943188030204	-0.251378314059848	-0.984135344353209	863911.93090185	4598812.58788673	0	0	0	0	0	1.5	1.5	1.5	1.5	1.5	1.5
58.7948227735735	-0.25626000825888	-1.00964517785219	863911.985469079	4598812.50348935	0	0	0	0	0	1.5	1.5	1.5	1.5	1.5	1.5
58.8953267441267	-0.261141702457911	-1.03564564100119	863912.03784473	4598812.41771482	0	0	0	0	0	1.5	1.5	1.5	1.5	1.5	1.5
58.9958307146798	-0.266023396656942	-1.06213673380023	863912.087951328	4598812.33059544	0	0	0	0	0	1.5	1.5	1.5	1.5	1.5	1.5
59.0963346852329	-0.270905090855974	-1.08911845624929	863912.135710984	4598812.24216778	0	0	0	0	0	1.5	1.5	1.5	1.5	1.5	1.5
59.196838655786	-0.275786785055006	-1.11659080834839	863912.181045562	4598812.15247281	0	0	0	0	0	1.5	1.5	1.5	1.5	1.5	1.5
59.2973426263391	-0.279122245374162	-1.14454633647513	863912.223876883	4598812.06155599	0	0	0	0	0	1.5	1.5	1.5	1.5	1.5	1.5
59.3978465968922	-0.267885009636625	-1.1720345370001	863912.264159622	4598811.96948149	0	0	0	0	0	1.5	1.5	1.5	1.5	1.5	1.5
59.4983505674454	-0.256647773899087	-1.19839335071541	863912.301949188	4598811.87635571	0	0	0	0	0	1.5	1.5	1.5	1.5	1.5	1.5
59.5988545379985	-0.245410538161549	-1.22362277762106	863912.337324439	4598811.78228603	0	0	0	0	0	1.5	1.5	1.5	1.5	1.5	1.5
59.6993585085516	-0.234173302424012	-1.24772281771704	863912.370369037	4598811.68737231	0	0	0	0	0	1.5	1.5	1.5	1.5	1.5	1.5
59.7998624791047	-0.222936066686473	-1.27069347100336	863912.401170932	4598811.59170703	0	0	0	0	0	1.5	1.5	1.5	1.5	1.5	1.5
59.9003664496578	-0.211698830948936	-1.29253473748001	863912.429821863	4598811.49537546	0	0	0	0	0	1.5	1.5	1.5	1.5	1.5	1.5
60.000870420211	-0.200461595211397	-1.313246617147	863912.456416911	4598811.39845596	0	0	0	0	0	1.5	1.5	1.5	1.5	1.5	1.5
60.1013743907641	-0.189224359473859	-1.33282911000432	863912.481054085	4598811.30102016	0	0	0	0	0	1.5	1.5	1.5	1.5	1.5	1.5
60.2018783613172	-0.177987123736321	-1.35128221605199	863912.503833942	4598811.20313329	0	0	0	0	0	1.5	1.5	1.5	1.5	1.5	1.5
60.3023823318703	-0.166749887998783	-1.36860593528998	863912.524859242	4598811.10485444	0	0	0	0	0	1.5	1.5	1.5	1.5	1.5	1.5
60.4028863024234	-0.155512652261245	-1.38480026771832	863912.54423464	4598811.00623689	0	0	0	0	0	1.5	1.5	1.5	1.5	1.5	1.5
60.5033902729765	-0.144275416523708	-1.39986521333698	863912.562066403	4598810.90732842	0	0	0	0	0	1.5	1.5	1.5	1.5	1.5	1.5
60.6038942435296	-0.13303818078617	-1.41380077214599	863912.578462167	4598810.80817165	0	0	0	0	0	1.5	1.5	1.5	1.5	1.5	1.5
60.7043982140828	-0.121800945048632	-1.42660694414533	863912.593530712	4598810.70880441	0	0	0	0	0	1.5	1.5	1.5	1.5	1.5	1.5
60.8049021846359	-0.114701362959778	-1.43836518466842	863912.607380712	4598810.6092599	0	0	0	0	0	1.5	1.5	1.5	1.5	1.5	1.5
60.905406155189	-0.114026025167181	-1.44985919000892	863912.620078309	4598810.50956182	0	0	0	0	0	1.5	1.5	1.5	1.5	1.5	1.5
61.0059101257421	-0.113350687374584	-1.4612853212198	863912.63163255	4598810.40972476	0	0	0	0	0	1.5	1.5	1.5	1.5	1.5	1.5
61.1064140962952	-0.112675349581987	-1.47264357830106	863912.642048703	4598810.30976255	0	0	0	0	0	1.5	1.5	1.5	1.5	1.5	1.5
61.2069180668484	-0.11200001178939	-1.4839339612527	863912.65133221	4598810.20968879	0	0	0	0	0	1.5	1.5	1.5	1.5	1.5	1.5
61.3074220374015	-0.111324673996793	-1.49515647007472	863912.659488678	4598810.10951687	0	0	0	0	0	1.5	1.5	1.5	1.5	1.5	1.5
61.4079260079546	-0.110649336204196	-1.50631110476712	863912.666523878	4598810.00925995	0	0	0	0	0	1.5	1.5	1.5	1.5	1.5	1.5
61.5084299785077	-0.109973998411599	-1.5173978653299	863912.67244374	4598809.90893099	0	0	0	0	0	1.5	1.5	1.5	1.5	1.5	1.5
61.6089339490608	-0.109298660619002	-1.52841675176306	863912.677254345	4598809.80854273	0	0	0	0	0	1.5	1.5	1.5	1.5	1.5	1.5
61.7094379196139	-0.108623322826405	-1.53936776406659	863912.680961922	4598809.70810767	0	0	0	0	0	1.5	1.5	1.5	1.5	1.5	1.5
61.8099418901671	-0.107947985033808	-1.55025090224051	863912.683572843	4598809.60763811	0	0	0	0	0	1.5	1.5	1.5	1.5	1.5	1.5
61.9104458607202	-0.107272647241211	-1.5610661662848	863912.685093617	4598809.50714614	0	0	0	0	0	1.5	1.5	1.5	1.5	1.5	1.5
62.0109498312733	-0.106597309448614	-1.57181355619948	863912.685530887	4598809.4066436	0	0	0	0	0	1.5	1.5	1.5	1.5	1.5	1.5
62.1114538018264	-0.105921971656017	-1.58249307198453	863912.684891424	4598809.30614214	0	0	0	0	0	1.5	1.5	1.5	1.5	1.5	1.5
62.2119577723795	-0.105246633863419	-1.59310471363997	863912.68318212	4598809.20565318	0	0	0	0	0	1.5	1.5	1.5	1.5	1.5	1.5
62.3124617429326	-0.1010813863918	-1.60351255699886	863912.680413517	4598809.10518781	0	0	0	0	0	1.5	1.5	1.5	1.5	1.5	1.5
62.4129657134858	-0.0959032251554788	-1.61341142479804	863912.676624523	4598809.0047557	0	0	0	0	0	1.5	1.5	1.5	1.5	1.5	1.5
62.5134696840389	-0.0907250639191571	-1.62278986683281	863912.671867688	4598808.90436473	0	0	0	0	0	1.5	1.5	1.5	1.5	1.5	1.5
62.613973654592	-0.0855469026828357	-1.63164788310316	863912.666195673	4598808.80402127	0	0	0	0	0	1.5	1.5	1.5	1.5	1.5	1.5
62.7144776251451	-0.0803687414465144	-1.6399854736091	863912.659661142	4598808.70373024	0	0	0	0	0	1.5	1.5	1.5	1.5	1.5	1.5
62.8149815956982	-0.0751905802101926	-1.64780263835063	863912.652316742	4598808.60349523	0	0	0	0	0	1.5	1.5	1.5	1.5	1.5	1.5
62.9154855662513	-0.0700124189738713	-1.65509937732773	863912.644215086	4598808.50331856	0	0	0	0	0	1.5	1.5	1.5	1.5	1.5	1.5
63.0159895368045	-0.0648342577375499	-1.66187569054043	863912.635408737	4598808.40320134	0	0	0	0	0	1.5	1.5	1.5	1.5	1.5	1.5
63.1164935073576	-0.0596560965012278	-1.66813157798871	863912.625950204	4598808.3031436	0	0	0	0	0	1.5	1.5	1.5	1.5	1.5	1.5
63.2169974779107	-0.0544779352649061	-1.67386703967258	863912.615891927	4598808.20314434	0	0	0	0	0	1.5	1.5	1.5	1.5	1.5	1.5
63.3175014484638	-0.0492997740285847	-1.67908207559203	863912.605286281	4598808.10320163	0	0	0	0	0	1.5	1.5	1.5	1.5	1.5	1.5
63.4180054190169	-0.0441216127922634	-1.68377668574707	863912.594185567	4598808.00331267	0	0	0	0	0	1.5	1.5	1.5	1.5	1.5	1.5
63.51850938957	-0.0389434515559416	-1.68795087013769	863912.582642013	4598807.90347391	0	0	0	0	0	1.5	1.5	1.5	1.5	1.5	1.5
63.6190133601232	-0.0337652903196203	-1.6916046287639	863912.570707781	4598807.80368107	0	0	0	0	0	1.5	1.5	1.5	1.5	1.5	1.5
63.7195173306763	-0.0285871290832989	-1.69473796162569	863912.558434964	4598807.70392928	0	0	0	0	0	1.5	1.5	1.5	1.5	1.5	1.5
63.8200213012294	-0.0608579075446144	-1.69913318597471	863912.5458195	4598807.6042203	0	0	0	0	0	1.5	1.5	1.5	1.5	1.5	1.5
63.9205252717825	-0.0952207113792143	-1.70697644643486	863912.532594422	4598807.50459052	0	0	0	0	0	1.5	1.5	1.5	1.5	1.5	1.5
64.0210292423356	-0.129583515213812	-1.71827330511972	863912.518416541	4598807.40509213	0	0	0	0	0	1.5	1.5	1.5	1.5	1.5	1.5
64.1215332128887	-0.163946319048404	-1.7330237620293	863912.502944124	4598807.3057872	0	0	0	0	0	1.5	1.5	1.5	1.5	1.5	1.5
64.2220371834419	-0.198309122883002	-1.75122781716359	863912.48583769	4598807.20675116	0	0	0	0	0	1.5	1.5	1.5	1.5	1.5	1.5
64.322541153995	-0.232671926717599	-1.77288547052259	863912.466761021	4598807.10807627	0	0	0	0	0	1.5	1.5	1.5	1.5	1.5	1.5
64.4230451245481	-0.267034730552192	-1.79799672210631	863912.445382463	4598807.00987507	0	0	0	0	0	1.5	1.5	1.5	1.5	1.5	1.5
64.5235490951012	-0.301397534386789	-1.82656157191475	863912.421376577	4598806.91228369	0	0	0	0	0	1.5	1.5	1.5	1.5	1.5	1.5
64.6240530656543	-0.335760338221387	-1.8585800199479	863912.394426187	4598806.81546498	0	0	0	0	0	1.5	1.5	1.5	1.5	1.5	1.5
64.7245570362075	-0.370123142055984	-1.89405206620576	863912.364224883	4598806.7196116	0	0	0	0	0	1.5	1.5	1.5	1.5	1.5	1.5
64.8250610067606	-0.404485945890582	-1.93297771068834	863912.330480021	4598806.62494875	0	0	0	0	0	1.5	1.5	1.5	1.5	1.5	1.5
64.9255649773137	-0.438848749725174	-1.97535695339563	863912.292916261	4598806.53173662	0	0	0	0	0	1.5	1.5	1.5	1.5	1.5	1.5
65.0260689478668	-0.473211553559772	-2.02118979432764	863912.251279677	4598806.44027256	0	0	0	0	0	1.5	1.5	1.5	1.5	1.5	1.5
65.1265729184199	-0.507574357394369	-2.07047623348437	863912.205342444	4598806.35089262	0	0	0	0	0	1.5	1.5	1.5	1.5	1.5	1.5
65.227076888973	-0.52404416157238	-2.12290176369763	863912.154911274	4598806.2639707	0	0	0	0	0	1.5	1.5	1.5	1.5	1.5	1.5
65.3275808595262	-0.507251860125103	-2.17472643619574	863912.09999375	4598806.17981101	0	0	0	0	0	1.5	1.5	1.5	1.5	1.5	1.5
65.4280848300793	-0.490459558677823	-2.22486341572369	863912.04085848	4598806.09855861	0	0	0	0	0	1.5	1.5	1.5	1.5	1.5	1.5
65.5285888006324	-0.473667257230549	-2.27331270228145	863911.977791039	4598806.02031815	0	0	0	0	0	1.5	1.5	1.5	1.5	1.5	1.5
65.6290927711855	-0.456874955783271	-2.32007429586904	863911.911071337	4598805.94516704	0	0	0	0	0	1.5	1.5	1.5	1.5	1.5	1.5
65.7295967417386	-0.440082654335994	-2.36514819648645	863911.840971951	4598805.87315722	0	0	0	0	0	1.5	1.5	1.5	1.5	1.5	1.5
65.8301007122917	-0.423290352888719	-2.40853440413368	863911.767756705	4598805.80431689	0	0	0	0	0	1.5	1.5	1.5	1.5	1.5	1.5
65.9306046828449	-0.406498051441442	-2.45023291881074	863911.691679502	4598805.73865226	0	0	0	0	0	1.5	1.5	1.5	1.5	1.5	1.5
66.031108653398	-0.389705749994165	-2.49024374051762	863911.612983368	4598805.67614931	0	0	0	0	0	1.5	1.5	1.5	1.5	1.5	1.5
66.1316126239511	-0.37291344854689	-2.52856686925432	863911.531899715	4598805.61677546	0	0	0	0	0	1.5	1.5	1.5	1.5	1.5	1.5
66.2321165945042	-0.35612114709961	-2.56520230502086	863911.448647798	4598805.56048127	0	0	0	0	0	1.5	1.5	1.5	1.5	1.5	1.5
66.3326205650573	-0.339328845652335	-2.60015004781721	863911.363434342	4598805.50720194	0	0	0	0	0	1.5	1.5	1.5	1.5	1.5	1.5
66.4331245356104	-0.322536544205058	-2.63341009764339	863911.276453339	4598805.45685889	0	0	0	0	0	1.5	1.5	1.5	1.5	1.5	1.5
66.5336285061636	-0.305744242757781	-2.66498245449939	863911.187885983	4598805.40936118	0	0	0	0	0	1.5	1.5	1.5	1.5	1.5	1.5
66.6341324767167	-0.288951941310506	-2.69486711838521	863911.097900745	4598805.36460682	0	0	0	0	0	1.5	1.5	1.5	1.5	1.5	1.5
66.7346364472698	-0.268655656265469	-2.72297124922195	863911.006654229	4598805.32248253	0	0	0	0	0	1.5	1.5	1.5	1.5	1.5	1.5
66.8351404178229	-0.245217637685958	-2.74879440242362	863910.914303703	4598805.28283575	0	0	0	0	0	1.5	1.5	1.5	1.5	1.5	1.5
66.935644388376	-0.221779619106446	-2.77226194169614	863910.821003761	4598805.24547661	0	0	0	0	0	1.5	1.5	1.5	1.5	1.5	1.5
67.0361483589292	-0.198341600526935	-2.79337386703953	863910.726893928	4598805.21020606	0	0	0	0	0	1.5	1.5	1.5	1.5	1.5	1.5
67.1366523294823	-0.174903581947423	-2.81213017845378	863910.63209938	4598805.17681825	0	0	0	0	0	1.5	1.5	1.5	1.5	1.5	1.5
67.2371563000354	-0.151465563367915	-2.82853087593889	863910.536732271	4598805.14510175	0	0	0	0	0	1.5	1.5	1.5	1.5	1.5	1.5
67.3376602705885	-0.128027544788404	-2.84257595949486	863910.440893127	4598805.11484055	0	0	0	0	0	1.5	1.5	1.5	1.5	1.5	1.5
67.4381642411416	-0.104589526208892	-2.85426542912169	863910.344672306	4598805.08581493	0	0	0	0	0	1.5	1.5	1.5	1.5	1.5	1.5
67.5386682116947	-0.0811515076293841	-2.86359928481938	863910.2481515	4598805.05780228	0	0	0	0	0	1.5	1.5	1.5	1.5	1.5	1.5
67.6391721822478	-0.0577134890498726	-2.87057752658794	863910.151405278	4598805.03057774	0	0	0	0	0	1.5	1.5	1.5	1.5	1.5	1.5
67.739676152801	-0.0342754704703612	-2.87520015442736	863910.054502661	4598805.00391479	0	0	0	0	0	1.5	1.5	1.5	1.5	1.5	1.5
67.8401801233541	-0.0108374518908497	-2.87746716833763	863909.957508705	4598804.97758579	0	0	0	0	0	1.5	1.5	1.5	1.5	1.5	1.5
67.9406840939072	0.0126005666886617	-2.87737856831877	863909.860486107	4598804.95136245	0	0	0	0	0	1.5	1.5	1.5	1.5	1.5	1.5
68.0411880644603	0.0360385852681698	-2.87493435437078	863909.76349682	4598804.92501627	0	0	0	0	0	1.5	1.5	1.5	1.5	1.5	1.5
68.1416920350134	0.0594766038476813	-2.87013452649364	863909.666603665	4598804.89831898	0	0	0	0	0	1.5	1.5	1.5	1.5	1.5	1.5
68.2421960055666	0.0712567154262864	-2.86346692911078	863909.569868221	4598804.87105611	0	0	0	0	0	1.5	1.5	1.5	1.5	1.5	1.5
68.3426999761197	0.0806952170170493	-2.8558310428389	863909.473330526	4598804.84310128	0	0	0	0	0	1.5	1.5	1.5	1.5	1.5	1.5
68.4432039466728	0.0901337186078135	-2.84724654968107	863909.377022783	4598804.81436446	0	0	0	0	0	1.5	1.5	1.5	1.5	1.5	1.5
68.5437079172259	0.0995722201985791	-2.83771344963729	863909.280979378	4598804.78475642	0	0	0	0	0	1.5	1.5	1.5	1.5	1.5	1.5
68.644211887779	0.109010721789342	-2.82723174270757	863909.185237153	4598804.75418876	0	0	0	0	0	1.5	1.5	1.5	1.5	1.5	1.5
68.7447158583321	0.118449223380106	-2.81580142889191	863909.08983565	4598804.72257403	0	0	0	0	0	1.5	1.5	1.5	1.5	1.5	1.5
68.8452198288853	0.12788772497087	-2.80342250819031	863908.994817349	4598804.68982588	0	0	0	0	0	1.5	1.5	1.5	1.5	1.5	1.5
68.9457237994384	0.137326226561633	-2.79009498060276	863908.9002279	4598804.65585921	0	0	0	0	0	1.5	1.5	1.5	1.5	1.5	1.5
69.0462277699915	0.146764728152398	-2.77581884612926	863908.80611635	4598804.62059034	0	0	0	0	0	1.5	1.5	1.5	1.5	1.5	1.5
69.1467317405446	0.156203229743162	-2.76059410476983	863908.712535359	4598804.58393722	0	0	0	0	0	1.5	1.5	1.5	1.5	1.5	1.5
69.2472357110977	0.165641731333925	-2.74442075652445	863908.619541411	4598804.5458196	0	0	0	0	0	1.5	1.5	1.5	1.5	1.5	1.5
69.3477396816509	0.17508023292469	-2.72729880139312	863908.52719501	4598804.50615924	0	0	0	0	0	1.5	1.5	1.5	1.5	1.5	1.5
69.448243652204	0.184518734515453	-2.70922823937586	863908.435560871	4598804.46488022	0	0	0	0	0	1.5	1.5	1.5	1.5	1.5	1.5
69.5487476227571	0.193957236106217	-2.69020907047264	863908.344708092	4598804.42190911	0	0	0	0	0	1.5	1.5	1.5	1.5	1.5	1.5
69.6492515933102	0.203395737696982	-2.67024129468349	863908.254710315	4598804.37717532	0	0	0	0	0	1.5	1.5	1.5	1.5	1.5	1.5
69.7497555638633	0.20885860268997	-2.64950461106692	863908.165643338	4598804.33061611	0	0	0	0	0	1.5	1.5	1.5	1.5	1.5	1.5
69.8502595344164	0.213877119420307	-2.62826130178356	863908.077573315	4598804.28219773	0	0	0	0	0	1.5	1.5	1.5	1.5	1.5	1.5
69.9507635049695	0.218895636150644	-2.60651361164251	863907.990564414	4598804.23189762	0	0	0	0	0	1.5	1.5	1.5	1.5	1.5	1.5
70.0512674755227	0.223914152880981	-2.58426154064378	863907.904683154	4598804.1796957	0	0	0	0	0	1.5	1.5	1.5	1.5	1.5	1.5
70.1517714460758	0.228932669611319	-2.56150508878736	863907.819998387	4598804.12557452	0	0	0	0	0	1.5	1.5	1.5	1.5	1.5	1.5
70.2522754166289	0.233951186341656	-2.53824425607325	863907.73658126	4598804.06951941	0	0	0	0	0	1.5	1.5	1.5	1.5	1.5	1.5
70.352779387182	0.238969703071993	-2.51447904250146	863907.654505177	4598804.01151864	0	0	0	0	0	1.5	1.5	1.5	1.5	1.5	1.5
70.4532833577351	0.24398821980233	-2.49020944807198	863907.573845739	4598803.95156359	0	0	0	0	0	1.5	1.5	1.5	1.5	1.5	1.5
70.5537873282883	0.249006736532668	-2.46543547278482	863907.494680691	4598803.88964892	0	0	0	0	0	1.5	1.5	1.5	1.5	1.5	1.5
70.6542912988414	0.254025253263004	-2.44015711663997	863907.417089839	4598803.82577271	0	0	0	0	0	1.5	1.5	1.5	1.5	1.5	1.5
70.7547952693945	0.259043769993342	-2.41437437963743	863907.341154972	4598803.75993667	0	0	0	0	0	1.5	1.5	1.5	1.5	1.5	1.5
70.8552992399476	0.26406228672368	-2.38808726177721	863907.266959762	4598803.69214628	0	0	0	0	0	1.5	1.5	1.5	1.5	1.5	1.5
70.9558032105007	0.269080803454016	-2.3612957630593	863907.194589659	4598803.62241098	0	0	0	0	0	1.5	1.5	1.5	1.5	1.5	1.5
71.0563071810538	0.274099320184354	-2.33399988348371	863907.12413177	4598803.55074434	0	0	0	0	0	1.5	1.5	1.5	1.5	1.5	1.5
71.156811151607	0.277953950915945	-2.30620918144217	863907.055674682	4598803.47716428	0	0	0	0	0	1.5	1.5	1.5	1.5	1.5	1.5
71.2573151221601	0.275850675642343	-2.27837939950227	863906.989294264	4598803.40170544	0	0	0	0	0	1.5	1.5	1.5	1.5	1.5	1.5
71.3578190927132	0.27374740036874	-2.25076100507854	863906.925031085	4598803.32443546	0	0	0	0	0	1.5	1.5	1.5	1.5	1.5	1.5
71.4583230632663	0.271644125095137	-2.22335399817096	863906.862917833	4598803.24542686	0	0	0	0	0	1.5	1.5	1.5	1.5	1.5	1.5
71.5588270338194	0.269540849821535	-2.19615837877956	863906.80298447	4598803.16475209	0	0	0	0	0	1.5	1.5	1.5	1.5	1.5	1.5
71.6593310043725	0.267437574547932	-2.16917414690431	863906.745258276	4598803.0824835	0	0	0	0	0	1.5	1.5	1.5	1.5	1.5	1.5
71.7598349749257	0.265334299274329	-2.14240130254523	863906.6897639	4598802.99869317	0	0	0	0	0	1.5	1.5	1.5	1.5	1.5	1.5
71.8603389454788	0.263231024000727	-2.11583984570232	863906.636523414	4598802.91345289	0	0	0	0	0	1.5	1.5	1.5	1.5	1.5	1.5
71.9608429160319	0.261127748727124	-2.08948977637556	863906.585556368	4598802.82683405	0	0	0	0	0	1.5	1.5	1.5	1.5	1.5	1.5
72.061346886585	0.259024473453522	-2.06335109456497	863906.536879848	4598802.73890755	0	0	0	0	0	1.5	1.5	1.5	1.5	1.5	1.5
72.1618508571381	0.256921198179919	-2.03742380027054	863906.490508531	4598802.64974375	0	0	0	0	0	1.5	1.5	1.5	1.5	1.5	1.5
72.2623548276912	0.254817922906316	-2.01170789349228	863906.446454748	4598802.55941239	0	0	0	0	0	1.5	1.5	1.5	1.5	1.5	1.5
72.3628587982444	0.252714647632714	-1.98620337423018	863906.404728546	4598802.4679825	0	0	0	0	0	1.5	1.5	1.5	1.5	1.5	1.5
72.4633627687975	0.250611372359111	-1.96091024248424	863906.365337746	4598802.37552237	0	0	0	0	0	1.5	1.5	1.5	1.5	1.5	1.5
72.5638667393506	0.248508097085508	-1.93582849825446	863906.328288011	4598802.28209949	0	0	0	0	0	1.5	1.5	1.5	1.5	1.5	1.5
72.6643707099037	0.238372501804467	-1.91114654005521	863906.293580135	4598802.18778143	0	0	0	0	0	1.5	1.5	1.5	1.5	1.5	1.5
72.7648746804568	0.219060142511856	-1.88815964154801	863906.261137345	4598802.09266009	0	0	0	0	0	1.5	1.5	1.5	1.5	1.5	1.5
72.8653786510099	0.199747783219244	-1.86711371183047	863906.230796371	4598801.99684725	0	0	0	0	0	1.5	1.5	1.5	1.5	1.5	1.5
72.9658826215631	0.180435423926635	-1.84800875090258	863906.202384776	4598801.90044433	0	0	0	0	0	1.5	1.5	1.5	1.5	1.5	1.5
73.0663865921162	0.161123064634023	-1.83084475876434	863906.175725894	4598801.80354179	0	0	0	0	0	1.5	1.5	1.5	1.5	1.5	1.5
73.1668905626693	0.141810705341411	-1.81562173541576	863906.150639565	4598801.70622	0	0	0	0	0	1.5	1.5	1.5	1.5	1.5	1.5
73.2673945332224	0.122498346048799	-1.80233968085684	863906.126942765	4598801.60855035	0	0	0	0	0	1.5	1.5	1.5	1.5	1.5	1.5
73.3678985037755	0.103185986756188	-1.79099859508758	863906.104450153	4598801.51059617	0	0	0	0	0	1.5	1.5	1.5	1.5	1.5	1.5
73.4684024743286	0.0838736274635786	-1.78159847810797	863906.08297454	4598801.41241383	0	0	0	0	0	1.5	1.5	1.5	1.5	1.5	1.5
73.5689064448818	0.0645612681709668	-1.77413932991801	863906.062327293	4598801.31405381	0	0	0	0	0	1.5	1.5	1.5	1.5	1.5	1.5
73.6694104154349	0.045248908878355	-1.76862115051771	863906.04231868	4598801.21556179	0	0	0	0	0	1.5	1.5	1.5	1.5	1.5	1.5
73.769914385988	0.0259365495857459	-1.76504393990707	863906.022758169	4598801.11697973	0	0	0	0	0	1.5	1.5	1.5	1.5	1.5	1.5
73.8704183565411	0.00662419029313413	-1.76340769808608	863906.003454693	4598801.01834697	0	0	0	0	0	1.5	1.5	1.5	1.5	1.5	1.5
73.9709223270942	-0.0126881689994804	-1.76371242505475	863905.984216885	4598800.91970136	0	0	0	0	0	1.5	1.5	1.5	1.5	1.5	1.5
74.0714262976473	-0.0320005282920895	-1.76595812081308	863905.964853303	4598800.8210804	0	0	0	0	0	1.5	1.5	1.5	1.5	1.5	1.5
74.1719302682005	-0.0363947188108847	-1.76964545023403	863905.945183572	4598800.72252007	0	0	0	0	0	1.5	1.5	1.5	1.5	1.5	1.5
74.2724342387536	-0.0333099601367429	-1.77314824873422	863905.925154833	4598800.62403206	0	0	0	0	0	1.5	1.5	1.5	1.5	1.5	1.5
74.3729382093067	-0.0302252014626015	-1.77634101673945	863905.904796489	4598800.52561165	0	0	0	0	0	1.5	1.5	1.5	1.5	1.5	1.5
74.4734421798598	-0.0271404427884597	-1.77922375424973	863905.88413926	4598800.42725353	0	0	0	0	0	1.5	1.5	1.5	1.5	1.5	1.5
74.5739461504129	-0.0240556841143179	-1.78179646126507	863905.863213814	4598800.32895212	0	0	0	0	0	1.5	1.5	1.5	1.5	1.5	1.5
74.6744501209661	-0.0209709254401761	-1.78405913778546	863905.842050765	4598800.23070157	0	0	0	0	0	1.5	1.5	1.5	1.5	1.5	1.5
74.7749540915192	-0.0178861667660343	-1.78601178381089	863905.820680683	4598800.13249585	0	0	0	0	0	1.5	1.5	1.5	1.5	1.5	1.5
74.8754580620723	-0.0148014080918929	-1.78765439934138	863905.799134097	4598800.03432869	0	0	0	0	0	1.5	1.5	1.5	1.5	1.5	1.5
74.9759620326254	-0.0117166494177511	-1.78898698437692	863905.777441501	4598799.93619369	0	0	0	0	0	1.5	1.5	1.5	1.5	1.5	1.5
75.0764660031785	-0.0086318907436093	-1.7900095389175	863905.755633358	4598799.83808431	0	0	0	0	0	1.5	1.5	1.5	1.5	1.5	1.5
75.1769699737316	-0.00554713206946793	-1.79072206296314	863905.733740109	4598799.73999387	0	0	0	0	0	1.5	1.5	1.5	1.5	1.5	1.5
75.2774739442848	-0.00246237339532612	-1.79112455651383	863905.711792177	4598799.64191566	0	0	0	0	0	1.5	1.5	1.5	1.5	1.5	1.5
75.3779779148379	0.000622385278815682	-1.79121701956957	863905.689819974	4598799.54384288	0	0	0	0	0	1.5	1.5	1.5	1.5	1.5	1.5
75.478481885391	0.00370714395295749	-1.79099945213036	863905.667853905	4598799.44576872	0	0	0	0	0	1.5	1.5	1.5	1.5	1.5	1.5
75.5789858559441	0.0067919026270993	-1.7904718541962	863905.645924378	4598799.34768639	0	0	0	0	0	1.5	1.5	1.5	1.5	1.5	1.5
75.6794898264972	0.0116599148933119	-1.78955262388988	863905.62406424	4598799.24958857	0	0	0	0	0	1.5	1.5	1.5	1.5	1.5	1.5
75.7799937970503	0.0167029738621632	-1.78812733242174	863905.602319077	4598799.15146521	0	0	0	0	0	1.5	1.5	1.5	1.5	1.5	1.5
75.8804977676035	0.0217460328310152	-1.7861951935035	863905.580738668	4598799.05330549	0	0	0	0	0	1.5	1.5	1.5	1.5	1.5	1.5
75.9810017381566	0.0267890917998672	-1.78375620713515	863905.559372846	4598798.95509885	0	0	0	0	0	1.5	1.5	1.5	1.5	1.5	1.5
76.0815057087097	0.0318321507687185	-1.7808103733167	863905.538271516	4598798.85683504	0	0	0	0	0	1.5	1.5	1.5	1.5	1.5	1.5
76.1820096792628	0.0368752097375705	-1.77735769204815	863905.517484668	4598798.75850425	0	0	0	0	0	1.5	1.5	1.5	1.5	1.5	1.5
76.2825136498159	0.0419182687064232	-1.77339816332949	863905.497062389	4598798.66009711	0	0	0	0	0	1.5	1.5	1.5	1.5	1.5	1.5
76.383017620369	0.0469613276752745	-1.76893178716073	863905.477054878	4598798.56160482	0	0	0	0	0	1.5	1.5	1.5	1.5	1.5	1.5
76.4835215909222	0.0520043866441266	-1.76395856354187	863905.457512456	4598798.46301922	0	0	0	0	0	1.5	1.5	1.5	1.5	1.5	1.5
76.5840255614753	0.0570474456129786	-1.7584784924729	863905.438485575	4598798.36433284	0	0	0	0	0	1.5	1.5	1.5	1.5	1.5	1.5
76.6845295320284	0.0620905045818299	-1.75249157395384	863905.420024826	4598798.26553902	0	0	0	0	0	1.5	1.5	1.5	1.5	1.5	1.5
76.7850335025815	0.0671335635506819	-1.74599780798466	863905.402180945	4598798.16663195	0	0	0	0	0	1.5	1.5	1.5	1.5	1.5	1.5
76.8855374731346	0.0721766225195339	-1.73899719456539	863905.385004814	4598798.06760677	0	0	0	0	0	1.5	1.5	1.5	1.5	1.5	1.5
76.9860414436877	0.0772196814883852	-1.73148973369601	863905.368547466	4598797.96845962	0	0	0	0	0	1.5	1.5	1.5	1.5	1.5	1.5
77.0865454142409	0.08079596379016	-1.72348249192825	863905.352860059	4598797.86918778	0	0	0	0	0	1.5	1.5	1.5	1.5	1.5	1.5
77.187049384794	0.0705396485430453	-1.71587757696546	863905.337960448	4598797.76979461	0	0	0	0	0	1.5	1.5	1.5	1.5	1.5	1.5
77.2875533553471	0.0602833332959292	-1.70930346240826	863905.323765847	4598797.67029826	0	0	0	0	0	1.5	1.5	1.5	1.5	1.5	1.5
77.3880573259002	0.0500270180488131	-1.70376014825663	863905.310174315	4598797.57071767	0	0	0	0	0	1.5	1.5	1.5	1.5	1.5	1.5
77.4885612964533	0.0397707028016984	-1.69924763451058	863905.29708363	4598797.47106997	0	0	0	0	0	1.5	1.5	1.5	1.5	1.5	1.5
77.5890652670064	0.0295143875545823	-1.69576592117011	863905.284391348	4598797.3713707	0	0	0	0	0	1.5	1.5	1.5	1.5	1.5	1.5
77.6895692375596	0.0192580723074661	-1.69331500823522	863905.271994857	4598797.2716342	0	0	0	0	0	1.5	1.5	1.5	1.5	1.5	1.5
77.7900732081127	0.00900175706035002	-1.69189489570591	863905.259791428	4598797.17187387	0	0	0	0	0	1.5	1.5	1.5	1.5	1.5	1.5
77.8905771786658	-0.00125455818676612	-1.69150558358218	863905.247678257	4598797.07210254	0	0	0	0	0	1.5	1.5	1.5	1.5	1.5	1.5
77.9910811492189	-0.0115108734338822	-1.69214707186403	863905.235552507	4598796.97233274	0	0	0	0	0	1.5	1.5	1.5	1.5	1.5	1.5
78.091585119772	-0.0217671886809969	-1.69381936055146	863905.223311344	4598796.87257704	0	0	0	0	0	1.5	1.5	1.5	1.5	1.5	1.5
78.1920890903252	-0.0320235039281131	-1.69652244964447	863905.210851978	4598796.77284837	0	0	0	0	0	1.5	1.5	1.5	1.5	1.5	1.5
78.2925930608783	-0.0422798191752292	-1.70025633914306	863905.198071705	4598796.67316036	0	0	0	0	0	1.5	1.5	1.5	1.5	1.5	1.5
78.3930970314314	-0.0525361344223439	-1.70502102904723	863905.184867951	4598796.57352758	0	0	0	0	0	1.5	1.5	1.5	1.5	1.5	1.5
78.4936010019845	-0.06279244966946	-1.71081651935697	863905.171138318	4598796.47396596	0	0	0	0	0	1.5	1.5	1.5	1.5	1.5	1.5
78.5941049725376	-0.0673939402609482	-1.7175544821259	863905.156781559	4598796.37449288	0	0	0	0	0	1.5	1.5	1.5	1.5	1.5	1.5
78.6946089430907	-0.0594577139235339	-1.72392902958428	863905.141761277	4598796.27511781	0	0	0	0	0	1.5	1.5	1.5	1.5	1.5	1.5
78.7951129136439	-0.0515214875861195	-1.72950595478455	863905.12614742	4598796.17583423	0	0	0	0	0	1.5	1.5	1.5	1.5	1.5	1.5
78.895616884197	-0.0435852612487064	-1.7342852577267	863905.110019669	4598796.07663279	0	0	0	0	0	1.5	1.5	1.5	1.5	1.5	1.5
78.9961208547501	-0.0356490349112921	-1.73826693841073	863905.093457517	4598795.97750293	0	0	0	0	0	1.5	1.5	1.5	1.5	1.5	1.5
79.0966248253032	-0.0277128085738778	-1.74145099683664	863905.076540299	4598795.87843302	0	0	0	0	0	1.5	1.5	1.5	1.5	1.5	1.5
79.1971287958563	-0.0197765822364646	-1.74383743300444	863905.05934721	4598795.77941059	0	0	0	0	0	1.5	1.5	1.5	1.5	1.5	1.5
79.2976327664094	-0.0118403558990503	-1.74542624691411	863905.041957332	4598795.68042252	0	0	0	0	0	1.5	1.5	1.5	1.5	1.5	1.5
79.3981367369626	-0.00390412956163484	-1.74621743856567	863905.02444967	4598795.58145521	0	0	0	0	0	1.5	1.5	1.5	1.5	1.5	1.5
79.4986407075157	0.00403209677577834	-1.74621100795911	863905.006903176	4598795.48249477	0	0	0	0	0	1.5	1.5	1.5	1.5	1.5	1.5
79.5991446780688	0.0119683231131927	-1.74540695509443	863904.989396787	4598795.38352723	0	0	0	0	0	1.5	1.5	1.5	1.5	1.5	1.5
79.6996486486219	0.0199045494506069	-1.74380527997163	863904.972009456	4598795.28453871	0	0	0	0	0	1.5	1.5	1.5	1.5	1.5	1.5
79.800152619175	0.0278407757880201	-1.74140598259072	863904.954820187	4598795.18551562	0	0	0	0	0	1.5	1.5	1.5	1.5	1.5	1.5
79.9006565897281	0.0357770021254344	-1.73820906295168	863904.937908066	4598795.08644484	0	0	0	0	0	1.5	1.5	1.5	1.5	1.5	1.5
80.0011605602813	0.0437132284628488	-1.73421452105453	863904.921352289	4598794.98731391	0	0	0	0	0	1.5	1.5	1.5	1.5	1.5	1.5
80.1016645308344	0.0429951701166921	-1.72965935800518	863904.90522792	4598794.88811192	0	0	0	0	0	1.5	1.5	1.5	1.5	1.5	1.5
80.2021685013875	0.0350508586569674	-1.72573739011635	863904.889529879	4598794.78884155	0	0	0	0	0	1.5	1.5	1.5	1.5	1.5	1.5
80.3026724719406	0.0271065471972438	-1.72261385707254	863904.874181636	4598794.68951647	0	0	0	0	0	1.5	1.5	1.5	1.5	1.5	1.5
80.4031764424937	0.019162235737519	-1.72028875887374	863904.859104039	4598794.59014993	0	0	0	0	0	1.5	1.5	1.5	1.5	1.5	1.5
80.5036804130469	0.0112179242777943	-1.71876209551995	863904.844217836	4598794.49075452	0	0	0	0	0	1.5	1.5	1.5	1.5	1.5	1.5
80.6041843836	0.00327361281807068	-1.71803386701117	863904.829443705	4598794.39134238	0	0	0	0	0	1.5	1.5	1.5	1.5	1.5	1.5
80.7046883541531	-0.00467069864165406	-1.71810407334741	863904.814702282	4598794.29192539	0	0	0	0	0	1.5	1.5	1.5	1.5	1.5	1.5
80.8051923247062	-0.0126150101013788	-1.71897271452866	863904.799914192	4598794.19251533	0	0	0	0	0	1.5	1.5	1.5	1.5	1.5	1.5
80.9056962952593	-0.0205593215611035	-1.72063979055492	863904.785000078	4598794.09312411	0	0	0	0	0	1.5	1.5	1.5	1.5	1.5	1.5
81.0062002658124	-0.0285036330208283	-1.7231053014262	863904.769880626	4598793.99376393	0	0	0	0	0	1.5	1.5	1.5	1.5	1.5	1.5
81.1067042363656	-0.036447944480553	-1.72636924714249	863904.7544766	4598793.89444749	0	0	0	0	0	1.5	1.5	1.5	1.5	1.5	1.5
81.2072082069187	-0.0443922559402766	-1.73043162770379	863904.738708869	4598793.79518817	0	0	0	0	0	1.5	1.5	1.5	1.5	1.5	1.5
81.3077121774718	-0.0523365674000013	-1.7352924431101	863904.722498446	4598793.69600022	0	0	0	0	0	1.5	1.5	1.5	1.5	1.5	1.5
81.4082161480249	-0.0602808788597261	-1.74095169336143	863904.705766524	4598793.59689894	0	0	0	0	0	1.5	1.5	1.5	1.5	1.5	1.5
81.508720118578	-0.0682251903194497	-1.74740937845777	863904.688434518	4598793.49790088	0	0	0	0	0	1.5	1.5	1.5	1.5	1.5	1.5
81.6092240891311	-0.0611112048151046	-1.75406612778645	863904.670439754	4598793.39902116	0	0	0	0	0	1.5	1.5	1.5	1.5	1.5	1.5
81.7097280596843	-0.0500443179029989	-1.75965191347749	863904.651838295	4598793.30025372	0	0	0	0	0	1.5	1.5	1.5	1.5	1.5	1.5
81.8102320302374	-0.0389774309908932	-1.7641254330922	863904.632740298	4598793.20158104	0	0	0	0	0	1.5	1.5	1.5	1.5	1.5	1.5
81.9107360007905	-0.0279105440787875	-1.76748668663058	863904.613255902	4598793.1029839	0	0	0	0	0	1.5	1.5	1.5	1.5	1.5	1.5
82.0112399713436	-0.0168436571666834	-1.76973567409263	863904.593495002	4598793.00444177	0	0	0	0	0	1.5	1.5	1.5	1.5	1.5	1.5
82.1117439418967	-0.00577677025457773	-1.77087239547835	863904.573567309	4598792.90593322	0	0	0	0	0	1.5	1.5	1.5	1.5	1.5	1.5
82.2122479124498	0.00529011665752796	-1.77089685078774	863904.553582425	4598792.80743626	0	0	0	0	0	1.5	1.5	1.5	1.5	1.5	1.5
82.312751883003	0.0163570035696337	-1.76980904002081	863904.533649915	4598792.70892868	0	0	0	0	0	1.5	1.5	1.5	1.5	1.5	1.5
82.4132558535561	0.0274238904817393	-1.76760896317754	863904.513879374	4598792.61038849	0	0	0	0	0	1.5	1.5	1.5	1.5	1.5	1.5
82.5137598241092	0.038490777393845	-1.76429662025795	863904.494380511	4598792.5117942	0	0	0	0	0	1.5	1.5	1.5	1.5	1.5	1.5
82.6142637946623	0.0495576643059492	-1.75987201126203	863904.47526321	4598792.41312526	0	0	0	0	0	1.5	1.5	1.5	1.5	1.5	1.5
82.7147677652154	0.0606245512180548	-1.75433513618978	863904.456637597	4598792.31436237	0	0	0	0	0	1.5	1.5	1.5	1.5	1.5	1.5
82.8152717357685	0.0716914381301605	-1.7476859950412	863904.438614099	4598792.21548788	0	0	0	0	0	1.5	1.5	1.5	1.5	1.5	1.5
82.9157757063217	0.0827583250422646	-1.73992458781629	863904.421303492	4598792.11648616	0	0	0	0	0	1.5	1.5	1.5	1.5	1.5	1.5
83.0162796768748	0.093067051733268	-1.73105220557194	863904.404816936	4598792.01734396	0	0	0	0	0	1.5	1.5	1.5	1.5	1.5	1.5
83.1167836474279	0.0817606496383048	-1.72226676649668	863904.38922487	4598791.91805715	0	0	0	0	0	1.5	1.5	1.5	1.5	1.5	1.5
83.217287617981	0.0704542475433415	-1.71461766572464	863904.374449176	4598791.8186455	0	0	0	0	0	1.5	1.5	1.5	1.5	1.5	1.5
83.3177915885341	0.0591478454483783	-1.70810490325581	863904.360377765	4598791.71913164	0	0	0	0	0	1.5	1.5	1.5	1.5	1.5	1.5
83.4182955590873	0.0478414433534151	-1.70272847909019	863904.34689816	4598791.61953584	0	0	0	0	0	1.5	1.5	1.5	1.5	1.5	1.5
83.5187995296404	0.0365350412584534	-1.69848839322779	863904.333897586	4598791.51987633	0	0	0	0	0	1.5	1.5	1.5	1.5	1.5	1.5
83.6193035001935	0.0252286391634902	-1.6953846456686	863904.321263035	4598791.42016971	0	0	0	0	0	1.5	1.5	1.5	1.5	1.5	1.5
83.7198074707466	0.013922237068527	-1.69341723641262	863904.308881336	4598791.32043137	0	0	0	0	0	1.5	1.5	1.5	1.5	1.5	1.5
83.8203114412997	0.00261583497356532	-1.69258616545986	863904.296639205	4598791.22067578	0	0	0	0	0	1.5	1.5	1.5	1.5	1.5	1.5
83.9208154118528	-0.0086905671213979	-1.69289143281031	863904.2844233	4598791.12091697	0	0	0	0	0	1.5	1.5	1.5	1.5	1.5	1.5
84.0213193824059	-0.0199969692163611	-1.69433303846398	863904.272120268	4598791.02116888	0	0	0	0	0	1.5	1.5	1.5	1.5	1.5	1.5
84.1218233529591	-0.0313033713113244	-1.69691098242086	863904.259616792	4598790.92144573	0	0	0	0	0	1.5	1.5	1.5	1.5	1.5	1.5
84.2223273235122	-0.0426097734062876	-1.70062526468095	863904.246799642	4598790.82176245	0	0	0	0	0	1.5	1.5	1.5	1.5	1.5	1.5
84.3228312940653	-0.0539161755012492	-1.70547588524426	863904.233555727	4598790.72213501	0	0	0	0	0	1.5	1.5	1.5	1.5	1.5	1.5
84.4233352646184	-0.0652225775962125	-1.71146284411078	863904.219772156	4598790.62258085	0	0	0	0	0	1.5	1.5	1.5	1.5	1.5	1.5
84.5238392351715	-0.0725869179999083	-1.71854443621779	863904.205336596	4598790.52311919	0	0	0	0	0	1.5	1.5	1.5	1.5	1.5	1.5
84.6243432057246	-0.0651687748879746	-1.72546693326855	863904.190191158	4598790.42376315	0	0	0	0	0	1.5	1.5	1.5	1.5	1.5	1.5
84.7248471762778	-0.0577506317760399	-1.73164387748243	863904.174395289	4598790.32450839	0	0	0	0	0	1.5	1.5	1.5	1.5	1.5	1.5
84.8253511468309	-0.0503324886641041	-1.73707526885944	863904.158023592	4598790.22534696	0	0	0	0	0	1.5	1.5	1.5	1.5	1.5	1.5
84.925855117384	-0.0429143455521704	-1.74176110739956	863904.141150482	4598790.12626957	0	0	0	0	0	1.5	1.5	1.5	1.5	1.5	1.5
85.0263590879371	-0.0354962024402356	-1.7457013931028	863904.123850198	4598790.02726586	0	0	0	0	0	1.5	1.5	1.5	1.5	1.5	1.5
85.1268630584902	-0.0280780593283009	-1.74889612596916	863904.106196825	4598789.92832447	0	0	0	0	0	1.5	1.5	1.5	1.5	1.5	1.5
85.2273670290434	-0.0206599162163672	-1.75134530599864	863904.088264311	4598789.82943328	0	0	0	0	0	1.5	1.5	1.5	1.5	1.5	1.5
85.3278709995965	-0.0132417731044324	-1.75304893319124	863904.070126496	4598789.73057952	0	0	0	0	0	1.5	1.5	1.5	1.5	1.5	1.5
85.4283749701496	-0.00582362999249768	-1.75400700754696	863904.051857135	4598789.63174999	0	0	0	0	0	1.5	1.5	1.5	1.5	1.5	1.5
85.5288789407027	0.00159451311943708	-1.7542195290658	863904.033529932	4598789.53293115	0	0	0	0	0	1.5	1.5	1.5	1.5	1.5	1.5
85.6293829112558	0.00901265623137183	-1.75368649774775	863904.015218566	4598789.43410939	0	0	0	0	0	1.5	1.5	1.5	1.5	1.5	1.5
85.7298868818089	0.0164307993433055	-1.75240791359283	863903.996996722	4598789.33527108	0	0	0	0	0	1.5	1.5	1.5	1.5	1.5	1.5
85.8303908523621	0.0238489424552403	-1.75038377660103	863903.978938122	4598789.23640282	0	0	0	0	0	1.5	1.5	1.5	1.5	1.5	1.5
85.9308948229152	0.031267085567175	-1.74761408677234	863903.961116556	4598789.13749158	0	0	0	0	0	1.5	1.5	1.5	1.5	1.5	1.5
86.0313987934683	0.0343331929648276	-1.74418237287485	863903.943604852	4598789.03852503	0	0	0	0	0	1.5	1.5	1.5	1.5	1.5	1.5
86.1319027640214	0.0303566582888438	-1.74093157942211	863903.926430285	4598788.93949941	0	0	0	0	0	1.5	1.5	1.5	1.5	1.5	1.5
86.2324067345745	0.02638012361286	-1.73808044349334	863903.909557919	4598788.84042184	0	0	0	0	0	1.5	1.5	1.5	1.5	1.5	1.5
86.3329107051276	0.0224035889368761	-1.73562896508856	863903.892948296	4598788.74129988	0	0	0	0	0	1.5	1.5	1.5	1.5	1.5	1.5
86.4334146756808	0.0184270542608923	-1.73357714420775	863903.876561901	4598788.64214076	0	0	0	0	0	1.5	1.5	1.5	1.5	1.5	1.5
86.5339186462339	0.0144505195849085	-1.73192498085092	863903.860359175	4598788.54295146	0	0	0	0	0	1.5	1.5	1.5	1.5	1.5	1.5
86.634422616787	0.0104739849089252	-1.73067247501807	863903.844300522	4598788.44373873	0	0	0	0	0	1.5	1.5	1.5	1.5	1.5	1.5
86.7349265873401	0.00649745023294142	-1.7298196267092	863903.828346316	4598788.34450914	0	0	0	0	0	1.5	1.5	1.5	1.5	1.5	1.5
86.8354305578932	0.0025209155569576	-1.72936643592431	863903.812456912	4598788.24526916	0	0	0	0	0	1.5	1.5	1.5	1.5	1.5	1.5
86.9359345284463	-0.00145561911902566	-1.72931290266339	863903.796592652	4598788.14602515	0	0	0	0	0	1.5	1.5	1.5	1.5	1.5	1.5
87.0364384989995	-0.00543215379500948	-1.72965902692646	863903.780713873	4598788.04678346	0	0	0	0	0	1.5	1.5	1.5	1.5	1.5	1.5
87.1369424695526	-0.0094086884709933	-1.7304048087135	863903.764780915	4598787.94755046	0	0	0	0	0	1.5	1.5	1.5	1.5	1.5	1.5
87.2374464401057	-0.0133852231469771	-1.73155024802452	863903.74875413	4598787.84833257	0	0	0	0	0	1.5	1.5	1.5	1.5	1.5	1.5
87.3379504106588	-0.0173617578229609	-1.73309534485952	863903.732593885	4598787.74913634	0	0	0	0	0	1.5	1.5	1.5	1.5	1.5	1.5
87.4384543812119	-0.0213382924989442	-1.7350400992185	863903.716260575	4598787.64996846	0	0	0	0	0	1.5	1.5	1.5	1.5	1.5	1.5
87.538958351765	-0.0253545617378098	-1.73738559350905	863903.699714611	4598787.55083585	0	0	0	0	0	1.5	1.5	1.5	1.5	1.5	1.5
87.6394623223182	-0.0294043956204451	-1.74013733982798	863903.682916078	4598787.45174574	0	0	0	0	0	1.5	1.5	1.5	1.5	1.5	1.5
87.7399662928713	-0.0334542295030798	-1.74329611053219	863903.665824784	4598787.35270571	0	0	0	0	0	1.5	1.5	1.5	1.5	1.5	1.5
87.8404702634244	-0.0375040633857157	-1.74686190562169	863903.648400588	4598787.25372372	0	0	0	0	0	1.5	1.5	1.5	1.5	1.5	1.5
87.9409742339775	-0.041553897268351	-1.75083472509647	863903.630603426	4598787.15480812	0	0	0	0	0	1.5	1.5	1.5	1.5	1.5	1.5
88.0414782045306	-0.0456037311509857	-1.75521456895654	863903.612393318	4598787.05596772	0	0	0	0	0	1.5	1.5	1.5	1.5	1.5	1.5
88.1419821750838	-0.0496535650336211	-1.76000143720189	863903.593730385	4598786.95721184	0	0	0	0	0	1.5	1.5	1.5	1.5	1.5	1.5
88.2424861456369	-0.0537033989162564	-1.76519532983253	863903.574574861	4598786.85855034	0	0	0	0	0	1.5	1.5	1.5	1.5	1.5	1.5
88.34299011619	-0.0577532327988911	-1.77079624684845	863903.554887105	4598786.75999369	0	0	0	0	0	1.5	1.5	1.5	1.5	1.5	1.5
88.4434940867431	-0.0618030666815264	-1.77680418824966	863903.534627624	4598786.66155299	0	0	0	0	0	1.5	1.5	1.5	1.5	1.5	1.5
88.5439980572962	-0.0658529005641617	-1.78321915403616	863903.513757082	4598786.56324005	0	0	0	0	0	1.5	1.5	1.5	1.5	1.5	1.5
88.6445020278493	-0.069902734446797	-1.79004114420794	863903.492236324	4598786.46506742	0	0	0	0	0	1.5	1.5	1.5	1.5	1.5	1.5
88.7450059984025	-0.0739525683294323	-1.79727015876501	863903.470026396	4598786.36704842	0	0	0	0	0	1.5	1.5	1.5	1.5	1.5	1.5
88.8455099689556	-0.0780024022120676	-1.80490619770736	863903.447088566	4598786.26919724	0	0	0	0	0	1.5	1.5	1.5	1.5	1.5	1.5
88.9460139395087	-0.0820522360947024	-1.81294926103499	863903.423384345	4598786.1715289	0	0	0	0	0	1.5	1.5	1.5	1.5	1.5	1.5
89.0465179100618	-0.0829732591740792	-1.82129340816045	863903.398877835	4598786.0740588	0	0	0	0	0	1.5	1.5	1.5	1.5	1.5	1.5
89.1470218806149	-0.0823795502660132	-1.82960271510587	863903.37355963	4598785.97679638	0	0	0	0	0	1.5	1.5	1.5	1.5	1.5	1.5
89.247525851168	-0.0817858413579473	-1.83785235194868	863903.347437021	4598785.87974691	0	0	0	0	0	1.5	1.5	1.5	1.5	1.5	1.5
89.3480298217212	-0.0811921324498813	-1.84604231868887	863903.320517574	4598785.78291543	0	0	0	0	0	1.5	1.5	1.5	1.5	1.5	1.5
89.4485337922743	-0.0805984235418153	-1.85417261532645	863903.292808873	4598785.68630684	0	0	0	0	0	1.5	1.5	1.5	1.5	1.5	1.5
89.5490377628274	-0.0800047146337493	-1.86224324186142	863903.264318515	4598785.58992586	0	0	0	0	0	1.5	1.5	1.5	1.5	1.5	1.5
89.6495417333805	-0.0794110057256834	-1.87025419829378	863903.235054106	4598785.49377708	0	0	0	0	0	1.5	1.5	1.5	1.5	1.5	1.5
89.7500457039336	-0.0788172968176175	-1.87820548462352	863903.20502326	4598785.39786491	0	0	0	0	0	1.5	1.5	1.5	1.5	1.5	1.5
89.8505496744867	-0.0782235879095515	-1.88609710085064	863903.1742336	4598785.30219364	0	0	0	0	0	1.5	1.5	1.5	1.5	1.5	1.5
89.9510536450399	-0.0776298790014855	-1.89392904697516	863903.142692751	4598785.20676738	0	0	0	0	0	1.5	1.5	1.5	1.5	1.5	1.5
90.051557615593	-0.0770361700934196	-1.90170132299706	863903.110408342	4598785.1115901	0	0	0	0	0	1.5	1.5	1.5	1.5	1.5	1.5
90.1520615861461	-0.0764424611853535	-1.90941392891635	863903.077388003	4598785.01666563	0	0	0	0	0	1.5	1.5	1.5	1.5	1.5	1.5
90.2525655566992	-0.0758487522772875	-1.91706686473302	863903.043639361	4598784.92199764	0	0	0	0	0	1.5	1.5	1.5	1.5	1.5	1.5
90.3530695272523	-0.0752550433692216	-1.92466013044708	863903.009170042	4598784.82758967	0	0	0	0	0	1.5	1.5	1.5	1.5	1.5	1.5
90.4535734978055	-0.0746613344611556	-1.93219372605853	863902.973987666	4598784.7334451	0	0	0	0	0	1.5	1.5	1.5	1.5	1.5	1.5
90.5540774683586	-0.0798708363186171	-1.93990465284857	863902.938093825	4598784.63956948	0	0	0	0	0	1.5	1.5	1.5	1.5	1.5	1.5
90.6545814389117	-0.0864178016013671	-1.94826098703298	863902.90144752	4598784.5459851	0	0	0	0	0	1.5	1.5	1.5	1.5	1.5	1.5
90.7550854094648	-0.0929647668841181	-1.95727531722339	863902.863989814	4598784.45272256	0	0	0	0	0	1.5	1.5	1.5	1.5	1.5	1.5
90.8555893800179	-0.099511732166869	-1.96694764341978	863902.825662393	4598784.35981412	0	0	0	0	0	1.5	1.5	1.5	1.5	1.5	1.5
90.956093350571	-0.10605869744962	-1.97727796562217	863902.786407718	4598784.2672937	0	0	0	0	0	1.5	1.5	1.5	1.5	1.5	1.5
91.0565973211242	-0.112605662732371	-1.98826628383054	863902.746169111	4598784.17519701	0	0	0	0	0	1.5	1.5	1.5	1.5	1.5	1.5
91.1571012916773	-0.119152628015121	-1.9999125980449	863902.704890841	4598784.08356165	0	0	0	0	0	1.5	1.5	1.5	1.5	1.5	1.5
91.2576052622304	-0.125699593297872	-2.01221690826526	863902.662518223	4598783.99242724	0	0	0	0	0	1.5	1.5	1.5	1.5	1.5	1.5
91.3581092327835	-0.132246558580623	-2.0251792144916	863902.618997718	4598783.90183545	0	0	0	0	0	1.5	1.5	1.5	1.5	1.5	1.5
91.4586132033366	-0.138793523863373	-2.03879951672393	863902.574277042	4598783.81183015	0	0	0	0	0	1.5	1.5	1.5	1.5	1.5	1.5
91.5591171738897	-0.145340489146124	-2.05307781496225	863902.528305282	4598783.72245748	0	0	0	0	0	1.5	1.5	1.5	1.5	1.5	1.5
91.6596211444429	-0.151887454428875	-2.06801410920657	863902.481033017	4598783.63376592	0	0	0	0	0	1.5	1.5	1.5	1.5	1.5	1.5
91.760125114996	-0.158434419711626	-2.08360839945687	863902.432412451	4598783.54580636	0	0	0	0	0	1.5	1.5	1.5	1.5	1.5	1.5
91.8606290855491	-0.164981384994377	-2.09986068571316	863902.382397547	4598783.4586322	0	0	0	0	0	1.5	1.5	1.5	1.5	1.5	1.5
91.9611330561022	-0.171528350277128	-2.11677096797545	863902.330944171	4598783.37229937	0	0	0	0	0	1.5	1.5	1.5	1.5	1.5	1.5
92.0616370266553	-0.17083801686673	-2.13400405562057	863902.27801902	4598783.28686093	0	0	0	0	0	1.5	1.5	1.5	1.5	1.5	1.5
92.1621409972084	-0.16953236621745	-2.15110834309989	863902.223634769	4598783.20234374	0	0	0	0	0	1.5	1.5	1.5	1.5	1.5	1.5
92.2626449677616	-0.16822671556817	-2.16808140750481	863902.16781841	4598783.1187654	0	0	0	0	0	1.5	1.5	1.5	1.5	1.5	1.5
92.3631489383147	-0.166921064918891	-2.18492324883531	863902.110596989	4598783.03614265	0	0	0	0	0	1.5	1.5	1.5	1.5	1.5	1.5
92.4636529088678	-0.165615414269611	-2.20163386709141	863902.051997576	4598782.95449143	0	0	0	0	0	1.5	1.5	1.5	1.5	1.5	1.5
92.5641568794209	-0.164309763620332	-2.21821326227311	863901.992047247	4598782.87382685	0	0	0	0	0	1.5	1.5	1.5	1.5	1.5	1.5
92.664660849974	-0.163004112971052	-2.23466143438039	863901.930773064	4598782.79416321	0	0	0	0	0	1.5	1.5	1.5	1.5	1.5	1.5
92.7651648205271	-0.161698462321772	-2.25097838341327	863901.868202056	4598782.71551404	0	0	0	0	0	1.5	1.5	1.5	1.5	1.5	1.5
92.8656687910803	-0.160392811672493	-2.26716410937173	863901.804361202	4598782.63789205	0	0	0	0	0	1.5	1.5	1.5	1.5	1.5	1.5
92.9661727616334	-0.159087161023213	-2.28321861225579	863901.73927741	4598782.56130921	0	0	0	0	0	1.5	1.5	1.5	1.5	1.5	1.5
93.0666767321865	-0.157781510373934	-2.29914189206545	863901.672977502	4598782.48577672	0	0	0	0	0	1.5	1.5	1.5	1.5	1.5	1.5
93.1671807027396	-0.156475859724654	-2.31493394880069	863901.6054882	4598782.41130503	0	0	0	0	0	1.5	1.5	1.5	1.5	1.5	1.5
93.2676846732927	-0.155170209075374	-2.33059478246153	863901.536836105	4598782.33790387	0	0	0	0	0	1.5	1.5	1.5	1.5	1.5	1.5
93.3681886438459	-0.153864558426095	-2.34612439304796	863901.467047685	4598782.26558221	0	0	0	0	0	1.5	1.5	1.5	1.5	1.5	1.5
93.468692614399	-0.153039661075479	-2.36152614962827	863901.396149249	4598782.19434837	0	0	0	0	0	1.5	1.5	1.5	1.5	1.5	1.5
93.5691965849521	-0.155181380873497	-2.37701486889022	863901.324161015	4598782.12421606	0	0	0	0	0	1.5	1.5	1.5	1.5	1.5	1.5
93.6697005555052	-0.157323100671516	-2.39271883949568	863901.251087794	4598782.05521501	0	0	0	0	0	1.5	1.5	1.5	1.5	1.5	1.5
93.7702045260583	-0.159464820469533	-2.40863806144465	863901.176932757	4598781.98737796	0	0	0	0	0	1.5	1.5	1.5	1.5	1.5	1.5
93.8707084966114	-0.161606540267551	-2.42477253473713	863901.101700098	4598781.92073807	0	0	0	0	0	1.5	1.5	1.5	1.5	1.5	1.5
93.9712124671645	-0.16374826006557	-2.44112225937313	863901.025395059	4598781.85532886	0	0	0	0	0	1.5	1.5	1.5	1.5	1.5	1.5
94.0717164377177	-0.165889979863588	-2.45768723535264	863900.948023963	4598781.79118425	0	0	0	0	0	1.5	1.5	1.5	1.5	1.5	1.5
94.1722204082708	-0.168031699661606	-2.47446746267567	863900.869594236	4598781.7283385	0	0	0	0	0	1.5	1.5	1.5	1.5	1.5	1.5
94.2727243788239	-0.170173419459624	-2.4914629413422	863900.790114438	4598781.66682617	0	0	0	0	0	1.5	1.5	1.5	1.5	1.5	1.5
94.373228349377	-0.172315139257642	-2.50867367135225	863900.709594288	4598781.60668214	0	0	0	0	0	1.5	1.5	1.5	1.5	1.5	1.5
94.4737323199301	-0.17445685905566	-2.52609965270582	863900.628044694	4598781.54794156	0	0	0	0	0	1.5	1.5	1.5	1.5	1.5	1.5
94.5742362904832	-0.176598578853678	-2.54374088540289	863900.54547778	4598781.4906398	0	0	0	0	0	1.5	1.5	1.5	1.5	1.5	1.5
94.6747402610364	-0.178740298651696	-2.56159736944348	863900.46190691	4598781.43481249	0	0	0	0	0	1.5	1.5	1.5	1.5	1.5	1.5
94.7752442315895	-0.180882018449714	-2.57966910482758	863900.377346717	4598781.38049539	0	0	0	0	0	1.5	1.5	1.5	1.5	1.5	1.5
94.8757482021426	-0.183023738247732	-2.5979560915552	863900.291813129	4598781.32772445	0	0	0	0	0	1.5	1.5	1.5	1.5	1.5	1.5
94.9762521726957	-0.182006879805309	-2.61641860016677	863900.205323561	4598781.27653544	0	0	0	0	0	1.5	1.5	1.5	1.5	1.5	1.5
95.0767561432488	-0.171529631432874	-2.63418451172424	863900.117916468	4598781.22692916	0	0	0	0	0	1.5	1.5	1.5	1.5	1.5	1.5
95.1772601138019	-0.16105238306044	-2.65089741821981	863900.029667088	4598781.17883696	0	0	0	0	0	1.5	1.5	1.5	1.5	1.5	1.5
95.2777640843551	-0.150575134688005	-2.66655731965347	863899.940650737	4598781.13217937	0	0	0	0	0	1.5	1.5	1.5	1.5	1.5	1.5
95.3782680549082	-0.14009788631557	-2.68116421602524	863899.850938399	4598781.08687413	0	0	0	0	0	1.5	1.5	1.5	1.5	1.5	1.5
95.4787720254613	-0.129620637943137	-2.6947181073351	863899.760596948	4598781.04283647	0	0	0	0	0	1.5	1.5	1.5	1.5	1.5	1.5
95.5792759960144	-0.1191433895707	-2.70721899358306	863899.669689379	4598780.99997937	0	0	0	0	0	1.5	1.5	1.5	1.5	1.5	1.5
95.6797799665676	-0.108666141198265	-2.71866687476913	863899.578275056	4598780.95821385	0	0	0	0	0	1.5	1.5	1.5	1.5	1.5	1.5
95.7802839371207	-0.0981888928258315	-2.72906175089329	863899.486409969	4598780.91744912	0	0	0	0	0	1.5	1.5	1.5	1.5	1.5	1.5
95.8807879076738	-0.0877116444533964	-2.73840362195555	863899.394147	4598780.87759289	0	0	0	0	0	1.5	1.5	1.5	1.5	1.5	1.5
95.9812918782269	-0.0772343960809613	-2.74669248795591	863899.301536202	4598780.8385515	0	0	0	0	0	1.5	1.5	1.5	1.5	1.5	1.5
96.08179584878	-0.0667571477085278	-2.75392834889436	863899.20862508	4598780.80023012	0	0	0	0	0	1.5	1.5	1.5	1.5	1.5	1.5
96.1822998193331	-0.0562798993360927	-2.76011120477092	863899.115458884	4598780.76253296	0	0	0	0	0	1.5	1.5	1.5	1.5	1.5	1.5
96.2828037898862	-0.0458026509636576	-2.76524105558558	863899.022080905	4598780.72536337	0	0	0	0	0	1.5	1.5	1.5	1.5	1.5	1.5
96.3833077604394	-0.0353254025912225	-2.76931790133833	863898.928532774	4598780.688624	0	0	0	0	0	1.5	1.5	1.5	1.5	1.5	1.5
96.4838117309925	-0.0310093397664906	-2.77244941405548	863898.834854313	4598780.65221815	0	0	0	0	0	1.5	1.5	1.5	1.5	1.5	1.5
96.5843157015456	-0.0382486315831	-2.77592976461202	863898.741059883	4598780.61611215	0	0	0	0	0	1.5	1.5	1.5	1.5	1.5	1.5
96.6848196720987	-0.0454879233997104	-2.78013769274013	863898.647127372	4598780.58036699	0	0	0	0	0	1.5	1.5	1.5	1.5	1.5	1.5
96.7853236426518	-0.0527272152163208	-2.7850731984398	863898.553032452	4598780.54505165	0	0	0	0	0	1.5	1.5	1.5	1.5	1.5	1.5
96.8858276132049	-0.0599665070329302	-2.79073628171103	863898.458751738	4598780.51023544	0	0	0	0	0	1.5	1.5	1.5	1.5	1.5	1.5
96.9863315837581	-0.0672057988495406	-2.79712694255382	863898.364262939	4598780.4759881	0	0	0	0	0	1.5	1.5	1.5	1.5	1.5	1.5
97.0868355543112	-0.074445090666151	-2.80424518096817	863898.269545015	4598780.44237976	0	0	0	0	0	1.5	1.5	1.5	1.5	1.5	1.5
97.1873395248643	-0.0816843824827615	-2.81209099695409	863898.174578328	4598780.40948106	0	0	0	0	0	1.5	1.5	1.5	1.5	1.5	1.5
97.2878434954174	-0.0889236742993719	-2.82066439051157	863898.079344807	4598780.37736311	0	0	0	0	0	1.5	1.5	1.5	1.5	1.5	1.5
97.3883474659705	-0.0961629661159823	-2.82996536164061	863897.983828101	4598780.34609757	0	0	0	0	0	1.5	1.5	1.5	1.5	1.5	1.5
97.4888514365236	-0.103402257932592	-2.83999391034121	863897.888013742	4598780.31575663	0	0	0	0	0	1.5	1.5	1.5	1.5	1.5	1.5
97.5893554070768	-0.110641549749202	-2.85075003661337	863897.791889311	4598780.28641308	0	0	0	0	0	1.5	1.5	1.5	1.5	1.5	1.5
97.6898593776299	-0.117880841565812	-2.8622337404571	863897.695444596	4598780.25814023	0	0	0	0	0	1.5	1.5	1.5	1.5	1.5	1.5
97.790363348183	-0.125120133382422	-2.87444502187238	863897.598671765	4598780.23101198	0	0	0	0	0	1.5	1.5	1.5	1.5	1.5	1.5
97.8908673187361	-0.132359425199033	-2.88738388085924	863897.501565529	4598780.20510279	0	0	0	0	0	1.5	1.5	1.5	1.5	1.5	1.5
97.9913712892892	-0.133380419798162	-2.90091235477372	863897.404123802	4598780.18048567	0	0	0	0	0	1.5	1.5	1.5	1.5	1.5	1.5
98.0918752598424	-0.126535431051096	-2.91397364228374	863897.306361743	4598780.15717291	0	0	0	0	0	1.5	1.5	1.5	1.5	1.5	1.5
98.1923792303955	-0.119690442304029	-2.92634698124629	863897.208311051	4598780.13510527	0	0	0	0	0	1.5	1.5	1.5	1.5	1.5	1.5
98.2928832009486	-0.112845453556963	-2.93803237166136	863897.110001932	4598780.11421866	0	0	0	0	0	1.5	1.5	1.5	1.5	1.5	1.5
98.3933871715017	-0.106000464809896	-2.94902981352897	863897.011462193	4598780.09444833	0	0	0	0	0	1.5	1.5	1.5	1.5	1.5	1.5
98.4938911420548	-0.0991554760628298	-2.95933930684911	863896.912717366	4598780.07572888	0	0	0	0	0	1.5	1.5	1.5	1.5	1.5	1.5
98.5943951126079	-0.0923104873157641	-2.96896085162177	863896.813790841	4598780.05799437	0	0	0	0	0	1.5	1.5	1.5	1.5	1.5	1.5
98.6948990831611	-0.0854654985686965	-2.97789444784696	863896.714703989	4598780.04117841	0	0	0	0	0	1.5	1.5	1.5	1.5	1.5	1.5
98.7954030537142	-0.0786205098216298	-2.98614009552468	863896.615476303	4598780.02521416	0	0	0	0	0	1.5	1.5	1.5	1.5	1.5	1.5
98.8959070242673	-0.0717755210745641	-2.99369779465493	863896.516125526	4598780.01003446	0	0	0	0	0	1.5	1.5	1.5	1.5	1.5	1.5
98.9964109948204	-0.0649305323274974	-3.00056754523771	863896.416667793	4598779.99557184	0	0	0	0	0	1.5	1.5	1.5	1.5	1.5	1.5
99.0969149653735	-0.0580855435804308	-3.00674934727301	863896.31711776	4598779.98175855	0	0	0	0	0	1.5	1.5	1.5	1.5	1.5	1.5
99.1974189359266	-0.0512405548333651	-3.01224320076084	863896.217488752	4598779.96852664	0	0	0	0	0	1.5	1.5	1.5	1.5	1.5	1.5
99.2979229064798	-0.0443955660862984	-3.01704910570121	863896.117792892	4598779.95580798	0	0	0	0	0	1.5	1.5	1.5	1.5	1.5	1.5
99.3984268770329	-0.0375505773392317	-3.0211670620941	863896.01804125	4598779.94353428	0	0	0	0	0	1.5	1.5	1.5	1.5	1.5	1.5
99.498930847586	-0.0362219137986566	-3.02473773415008	863895.918243696	4598779.9316395	0	0	0	0	0	1.5	1.5	1.5	1.5	1.5	1.5
99.5994348181391	-0.040247920990575	-3.02858049516201	863895.81840326	4598779.92011028	0	0	0	0	0	1.5	1.5	1.5	1.5	1.5	1.5
99.6999387886922	-0.0442739281824929	-3.0328278858822	863895.718517018	4598779.90898501	0	0	0	0	0	1.5	1.5	1.5	1.5	1.5	1.5
99.8004427592453	-0.0482999353744113	-3.03747990631066	863895.618582275	4598779.89830432	0	0	0	0	0	1.5	1.5	1.5	1.5	1.5	1.5
99.9009467297985	-0.0523259425663298	-3.04253655644738	863895.51859688	4598779.88810888	0	0	0	0	0	1.5	1.5	1.5	1.5	1.5	1.5
100.001450700352	-0.0563519497582476	-3.04799783629236	863895.418559267	4598779.87843939	0	0	0	0	0	1.5	1.5	1.5	1.5	1.5	1.5
100.101954670905	-0.0603779569501661	-3.0538637458456	863895.318468513	4598779.86933663	0	0	0	0	0	1.5	1.5	1.5	1.5	1.5	1.5
100.202458641458	-0.0644039641420845	-3.06013428510711	863895.218324386	4598779.8608414	0	0	0	0	0	1.5	1.5	1.5	1.5	1.5	1.5
100.302962612011	-0.068429971334003	-3.06680945407688	863895.118127391	4598779.85299457	0	0	0	0	0	1.5	1.5	1.5	1.5	1.5	1.5
100.403466582564	-0.0724559785259214	-3.07388925275492	863895.017878823	4598779.84583703	0	0	0	0	0	1.5	1.5	1.5	1.5	1.5	1.5
100.503970553117	-0.0764819857178398	-3.08137368114122	863894.917580815	4598779.83940969	0	0	0	0	0	1.5	1.5	1.5	1.5	1.5	1.5
100.60447452367	-0.0805079929097577	-3.08926273923578	863894.817236393	4598779.8337535	0	0	0	0	0	1.5	1.5	1.5	1.5	1.5	1.5
100.704978494223	-0.0845340001016762	-3.0975564270386	863894.716849516	4598779.82890941	0	0	0	0	0	1.5	1.5	1.5	1.5	1.5	1.5
100.805482464777	-0.0885600072935946	-3.10625474454969	863894.616425136	4598779.82491838	0	0	0	0	0	1.5	1.5	1.5	1.5	1.5	1.5
100.90598643533	-0.0925860144855125	-3.11535769176904	863894.515969242	4598779.82182133	0	0	0	0	0	1.5	1.5	1.5	1.5	1.5	1.5
101.006490405883	-0.095355657155561	-3.12482696097355	863894.415488924	4598779.8196584	0	0	0	0	0	1.5	1.5	1.5	1.5	1.5	1.5
101.106994376436	-0.0973110547997165	-3.13450884574601	863894.314992512	4598779.8184583	0	0	0	0	0	1.5	1.5	1.5	1.5	1.5	1.5
101.207498346989	-0.0992664524438723	-3.14438725574572	863894.214489184	4598779.81824111	0	0	0	0	0	1.5	1.5	1.5	1.5	1.5	1.5
101.308002317542	-0.101221850088028	-3.15446219097268	863894.113988709	4598779.81902661	0	0	0	0	0	1.5	1.5	1.5	1.5	1.5	1.5
101.408506288095	-0.103177247732184	-3.16473365142688	863894.013501441	4598779.82083446	0	0	0	0	0	1.5	1.5	1.5	1.5	1.5	1.5
101.509010258648	-0.105132645376339	-3.17520163710833	863893.91303834	4598779.82368422	0	0	0	0	0	1.5	1.5	1.5	1.5	1.5	1.5
101.609514229201	-0.107088043020495	-3.18586614801703	863893.812610974	4598779.82759532	0	0	0	0	0	1.5	1.5	1.5	1.5	1.5	1.5
101.710018199755	-0.109043440664651	-3.19672718415298	863893.712231537	4598779.83258704	0	0	0	0	0	1.5	1.5	1.5	1.5	1.5	1.5
101.810522170308	-0.110998838308807	-3.20778474551617	863893.61191285	4598779.83867853	0	0	0	0	0	1.5	1.5	1.5	1.5	1.5	1.5
101.911026140861	-0.112954235952963	-3.21903883210661	863893.511668378	4598779.84588876	0	0	0	0	0	1.5	1.5	1.5	1.5	1.5	1.5
102.011530111414	-0.114909633597118	-3.2304894439243	863893.411512236	4598779.8542365	0	0	0	0	0	1.5	1.5	1.5	1.5	1.5	1.5
102.112034081967	-0.116865031241274	-3.24213658096924	863893.311459196	4598779.86374035	0	0	0	0	0	1.5	1.5	1.5	1.5	1.5	1.5
102.21253805252	-0.11882042888543	-3.25398024324143	863893.211524701	4598779.87441868	0	0	0	0	0	1.5	1.5	1.5	1.5	1.5	1.5
102.313042023073	-0.120775826529585	-3.26602043074086	863893.111724868	4598779.88628963	0	0	0	0	0	1.5	1.5	1.5	1.5	1.5	1.5
102.413545993626	-0.122731224173741	-3.27825714346754	863893.012076498	4598779.89937109	0	0	0	0	0	1.5	1.5	1.5	1.5	1.5	1.5
102.51404996418	-0.117344994073093	-3.29042456362236	863892.912596147	4598779.91367432	0	0	0	0	0	1.5	1.5	1.5	1.5	1.5	1.5
102.614553934733	-0.109110867967933	-3.30180442026743	863892.81329126	4598779.92914942	0	0	0	0	0	1.5	1.5	1.5	1.5	1.5	1.5
102.715057905286	-0.100876741862773	-3.31235671454491	863892.714161967	4598779.94571256	0	0	0	0	0	1.5	1.5	1.5	1.5	1.5	1.5
102.815561875839	-0.0926426157576127	-3.32208144645478	863892.615205622	4598779.96327987	0	0	0	0	0	1.5	1.5	1.5	1.5	1.5	1.5
102.916065846392	-0.0844084896524539	-3.33097861599704	863892.516417069	4598779.98176779	0	0	0	0	0	1.5	1.5	1.5	1.5	1.5	1.5
103.016569816945	-0.0761743635472939	-3.3390482231717	863892.417788852	4598780.00109311	0	0	0	0	0	1.5	1.5	1.5	1.5	1.5	1.5
103.117073787498	-0.0679402374421339	-3.34629026797876	863892.319311423	4598780.02117295	0	0	0	0	0	1.5	1.5	1.5	1.5	1.5	1.5
103.217577758051	-0.0597061113369751	-3.35270475041821	863892.220973352	4598780.04192475	0	0	0	0	0	1.5	1.5	1.5	1.5	1.5	1.5
103.318081728604	-0.0514719852318139	-3.35829167049007	863892.122761536	4598780.06326628	0	0	0	0	0	1.5	1.5	1.5	1.5	1.5	1.5
103.418585699158	-0.0432378591266551	-3.36305102819431	863892.024661402	4598780.0851156	0	0	0	0	0	1.5	1.5	1.5	1.5	1.5	1.5
103.519089669711	-0.0350037330214951	-3.36698282353096	863891.926657112	4598780.10739102	0	0	0	0	0	1.5	1.5	1.5	1.5	1.5	1.5
103.619593640264	-0.0267696069163351	-3.37008705649999	863891.828731769	4598780.13001108	0	0	0	0	0	1.5	1.5	1.5	1.5	1.5	1.5
103.720097610817	-0.0185354808111762	-3.37236372710143	863891.730867621	4598780.15289453	0	0	0	0	0	1.5	1.5	1.5	1.5	1.5	1.5
103.82060158137	-0.0103013547060162	-3.37381283533526	863891.63304626	4598780.17596025	0	0	0	0	0	1.5	1.5	1.5	1.5	1.5	1.5
103.921105551923	-0.00206722860085626	-3.37443438120149	863891.535248824	4598780.19912724	0	0	0	0	0	1.5	1.5	1.5	1.5	1.5	1.5
104.021609522476	-0.00928822088514411	-3.37484689389164	863891.437460012	4598780.22233061	0	0	0	0	0	1.5	1.5	1.5	1.5	1.5	1.5
104.122113493029	-0.0204601693220973	-3.37634180955834	863891.339692975	4598780.24562552	0	0	0	0	0	1.5	1.5	1.5	1.5	1.5	1.5
104.222617463583	-0.031632117759049	-3.37895955040176	863891.241974066	4598780.26912141	0	0	0	0	0	1.5	1.5	1.5	1.5	1.5	1.5
104.323121434136	-0.042804066195999	-3.38270011642192	863891.144330376	4598780.29292784	0	0	0	0	0	1.5	1.5	1.5	1.5	1.5	1.5
104.423625404689	-0.0539760146329507	-3.3875635076188	863891.046790044	4598780.3171541	0	0	0	0	0	1.5	1.5	1.5	1.5	1.5	1.5
104.524129375242	-0.0651479630699023	-3.3935497239924	863890.949382618	4598780.34190913	0	0	0	0	0	1.5	1.5	1.5	1.5	1.5	1.5
104.624633345795	-0.0763199115068524	-3.40065876554274	863890.852139426	4598780.36730139	0	0	0	0	0	1.5	1.5	1.5	1.5	1.5	1.5
104.725137316348	-0.087491859943804	-3.40889063226981	863890.755093932	4598780.39343878	0	0	0	0	0	1.5	1.5	1.5	1.5	1.5	1.5
104.825641286901	-0.0986638083807557	-3.4182453241736	863890.6582821	4598780.42042848	0	0	0	0	0	1.5	1.5	1.5	1.5	1.5	1.5
104.926145257454	-0.109835756817707	-3.42872284125412	863890.561742746	4598780.4483768	0	0	0	0	0	1.5	1.5	1.5	1.5	1.5	1.5
105.026649228007	-0.121007705254657	-3.44032318351137	863890.465517886	4598780.47738906	0	0	0	0	0	1.5	1.5	1.5	1.5	1.5	1.5
105.127153198561	-0.132179653691609	-3.45304635094535	863890.369653083	4598780.50756937	0	0	0	0	0	1.5	1.5	1.5	1.5	1.5	1.5
105.227657169114	-0.143351602128559	-3.46689234355606	863890.274197778	4598780.53902047	0	0	0	0	0	1.5	1.5	1.5	1.5	1.5	1.5
105.328161139667	-0.154523550565512	-3.48186116134349	863890.179205621	4598780.57184348	0	0	0	0	0	1.5	1.5	1.5	1.5	1.5	1.5
105.42866511022	-0.165695499002464	-3.49795280430766	863890.084734785	4598780.60613766	0	0	0	0	0	1.5	1.5	1.5	1.5	1.5	1.5
105.529169080773	-0.157392854053149	-3.51431216347084	863889.990839232	4598780.64197685	0	0	0	0	0	1.5	1.5	1.5	1.5	1.5	1.5
105.629673051326	-0.146276933040394	-3.5295721731408	863889.897522164	4598780.67929678	0	0	0	0	0	1.5	1.5	1.5	1.5	1.5	1.5
105.730177021879	-0.135161012027644	-3.54371498861262	863889.804763689	4598780.71798457	0	0	0	0	0	1.5	1.5	1.5	1.5	1.5	1.5
105.830680992432	-0.12404509101489	-3.55674060988631	863889.712539182	4598780.75792885	0	0	0	0	0	1.5	1.5	1.5	1.5	1.5	1.5
105.931184962985	-0.112929170002139	-3.56864903696186	863889.62081971	4598780.79901981	0	0	0	0	0	1.5	1.5	1.5	1.5	1.5	1.5
106.031688933539	-0.101813248989386	-3.57944026983928	863889.529572414	4598780.84114915	0	0	0	0	0	1.5	1.5	1.5	1.5	1.5	1.5
106.132192904092	-0.0906973279766314	-3.58911430851856	863889.438760895	4598780.88421	0	0	0	0	0	1.5	1.5	1.5	1.5	1.5	1.5
106.232696874645	-0.0795814069638801	-3.5976711529997	863889.348345586	4598780.92809688	0	0	0	0	0	1.5	1.5	1.5	1.5	1.5	1.5
106.333200845198	-0.0684654859511272	-3.6051108032827	863889.258284116	4598780.97270555	0	0	0	0	0	1.5	1.5	1.5	1.5	1.5	1.5
106.433704815751	-0.0573495649383759	-3.61143325936757	863889.168531673	4598781.0179329	0	0	0	0	0	1.5	1.5	1.5	1.5	1.5	1.5
106.534208786304	-0.046233643925623	-3.6166385212543	863889.079041355	4598781.06367685	0	0	0	0	0	1.5	1.5	1.5	1.5	1.5	1.5
106.634712756857	-0.0351177229128717	-3.6207265889429	863888.989764521	4598781.10983614	0	0	0	0	0	1.5	1.5	1.5	1.5	1.5	1.5
106.73521672741	-0.0240018019001172	-3.62369746243336	863888.900651131	4598781.15631027	0	0	0	0	0	1.5	1.5	1.5	1.5	1.5	1.5
106.835720697964	-0.0128858808873644	-3.62555114172568	863888.811650089	4598781.20299924	0	0	0	0	0	1.5	1.5	1.5	1.5	1.5	1.5
106.936224668517	-0.00176995987461306	-3.62628762681987	863888.722709576	4598781.24980344	0	0	0	0	0	1.5	1.5	1.5	1.5	1.5	1.5
107.03672863907	-0.0112290699615641	-3.62691582805107	863888.63379276	4598781.29665264	0	0	0	0	0	1.5	1.5	1.5	1.5	1.5	1.5
107.137232609623	-0.0211985396952261	-3.6285453798141	863888.544928882	4598781.34360215	0	0	0	0	0	1.5	1.5	1.5	1.5	1.5	1.5
107.237736580176	-0.0311680094288896	-3.63117690286967	863888.456165248	4598781.39074088	0	0	0	0	0	1.5	1.5	1.5	1.5	1.5	1.5
107.338240550729	-0.0411374791625516	-3.63481039721778	863888.367549736	4598781.43815741	0	0	0	0	0	1.5	1.5	1.5	1.5	1.5	1.5
107.438744521282	-0.0511069488962151	-3.63944586285843	863888.279131053	4598781.48593991	0	0	0	0	0	1.5	1.5	1.5	1.5	1.5	1.5
107.539248491835	-0.0610764186298771	-3.64508329979163	863888.190959007	4598781.5341759	0	0	0	0	0	1.5	1.5	1.5	1.5	1.5	1.5
107.639752462388	-0.071045888363542	-3.65172270801737	863888.103084757	4598781.5829522	0	0	0	0	0	1.5	1.5	1.5	1.5	1.5	1.5
107.740256432942	-0.0810153580972054	-3.65936408753565	863888.015561079	4598781.63235468	0	0	0	0	0	1.5	1.5	1.5	1.5	1.5	1.5
107.840760403495	-0.0909848278308675	-3.66800743834647	863887.92844261	4598781.68246813	0	0	0	0	0	1.5	1.5	1.5	1.5	1.5	1.5
107.941264374048	-0.100954297564532	-3.67765276044984	863887.841786097	4598781.73337607	0	0	0	0	0	1.5	1.5	1.5	1.5	1.5	1.5
108.041768344601	-0.110923767298193	-3.68830005384574	863887.755650636	4598781.78516057	0	0	0	0	0	1.5	1.5	1.5	1.5	1.5	1.5
108.142272315154	-0.120893237031858	-3.69994931853419	863887.670097904	4598781.83790206	0	0	0	0	0	1.5	1.5	1.5	1.5	1.5	1.5
108.242776285707	-0.13086270676552	-3.71260055451518	863887.58519238	4598781.89167905	0	0	0	0	0	1.5	1.5	1.5	1.5	1.5	1.5
108.34328025626	-0.140832176499183	-3.72625376178872	863887.501001557	4598781.946568	0	0	0	0	0	1.5	1.5	1.5	1.5	1.5	1.5
108.443784226813	-0.150225898215533	-3.74090755363735	863887.417596149	4598782.00264299	0	0	0	0	0	1.5	1.5	1.5	1.5	1.5	1.5
108.544288197367	-0.148182957919741	-3.75590319108226	863887.335036932	4598782.05995647	0	0	0	0	0	1.5	1.5	1.5	1.5	1.5	1.5
108.64479216792	-0.146140017623948	-3.77069350491583	863887.253340387	4598782.11849311	0	0	0	0	0	1.5	1.5	1.5	1.5	1.5	1.5
108.745296138473	-0.144097077328156	-3.78527849513807	863887.172512369	4598782.17822334	0	0	0	0	0	1.5	1.5	1.5	1.5	1.5	1.5
108.845800109026	-0.142054137032363	-3.79965816174899	863887.092557809	4598782.23911786	0	0	0	0	0	1.5	1.5	1.5	1.5	1.5	1.5
108.946304079579	-0.140011196736571	-3.81383250474857	863887.013480741	4598782.30114766	0	0	0	0	0	1.5	1.5	1.5	1.5	1.5	1.5
109.046808050132	-0.137968256440778	-3.82780152413683	863886.935284317	4598782.36428405	0	0	0	0	0	1.5	1.5	1.5	1.5	1.5	1.5
109.147312020685	-0.135925316144985	-3.84156521991375	863886.857970837	4598782.42849865	0	0	0	0	0	1.5	1.5	1.5	1.5	1.5	1.5
109.247815991238	-0.133882375849193	-3.85512359207934	863886.781541763	4598782.49376341	0	0	0	0	0	1.5	1.5	1.5	1.5	1.5	1.5
109.348319961791	-0.1318394355534	-3.86847664063361	863886.705997748	4598782.56005067	0	0	0	0	0	1.5	1.5	1.5	1.5	1.5	1.5
109.448823932345	-0.129796495257608	-3.88162436557654	863886.631338653	4598782.62733307	0	0	0	0	0	1.5	1.5	1.5	1.5	1.5	1.5
109.549327902898	-0.127753554961815	-3.89456676690815	863886.557563573	4598782.69558368	0	0	0	0	0	1.5	1.5	1.5	1.5	1.5	1.5
109.649831873451	-0.125710614666023	-3.90730384462842	863886.484670854	4598782.76477589	0	0	0	0	0	1.5	1.5	1.5	1.5	1.5	1.5
109.750335844004	-0.12366767437023	-3.91983559873736	863886.412658118	4598782.83488354	0	0	0	0	0	1.5	1.5	1.5	1.5	1.5	1.5
109.850839814557	-0.121624734074438	-3.93216202923497	863886.34152228	4598782.90588081	0	0	0	0	0	1.5	1.5	1.5	1.5	1.5	1.5
109.95134378511	-0.120010327448668	-3.94428697361219	863886.271259591	4598782.97774234	0	0	0	0	0	1.5	1.5	1.5	1.5	1.5	1.5
110.051847755663	-0.120372169424171	-3.95636667130579	863886.201870373	4598783.05044764	0	0	0	0	0	1.5	1.5	1.5	1.5	1.5	1.5
110.152351726216	-0.120734011399674	-3.96848273555464	863886.133365795	4598783.12398707	0	0	0	0	0	1.5	1.5	1.5	1.5	1.5	1.5
110.25285569677	-0.121095853375177	-3.98063516635874	863886.065758585	4598783.19835231	0	0	0	0	0	1.5	1.5	1.5	1.5	1.5	1.5
110.353359667323	-0.12145769535068	-3.99282396371808	863885.999061434	4598783.27353484	0	0	0	0	0	1.5	1.5	1.5	1.5	1.5	1.5
110.453863637876	-0.121819537326183	-4.00504912763269	863885.933286983	4598783.34952592	0	0	0	0	0	1.5	1.5	1.5	1.5	1.5	1.5
110.554367608429	-0.122181379301686	-4.01731065810253	863885.868447826	4598783.42631658	0	0	0	0	0	1.5	1.5	1.5	1.5	1.5	1.5
110.654871578982	-0.122543221277189	-4.02960855512764	863885.804556504	4598783.50389763	0	0	0	0	0	1.5	1.5	1.5	1.5	1.5	1.5
110.755375549535	-0.122905063252692	-4.04194281870799	863885.7416255	4598783.58225967	0	0	0	0	0	1.5	1.5	1.5	1.5	1.5	1.5
110.855879520088	-0.123266905228195	-4.05431344884359	863885.679667238	4598783.66139306	0	0	0	0	0	1.5	1.5	1.5	1.5	1.5	1.5
110.956383490641	-0.123628747203698	-4.06672044553445	863885.618694076	4598783.74128794	0	0	0	0	0	1.5	1.5	1.5	1.5	1.5	1.5
111.056887461194	-0.1239905891792	-4.07916380878055	863885.558718306	4598783.82193423	0	0	0	0	0	1.5	1.5	1.5	1.5	1.5	1.5
111.157391431748	-0.124352431154703	-4.0916435385819	863885.499752146	4598783.90332163	0	0	0	0	0	1.5	1.5	1.5	1.5	1.5	1.5
111.257895402301	-0.124714273130206	-4.10415963493851	863885.44180774	4598783.98543961	0	0	0	0	0	1.5	1.5	1.5	1.5	1.5	1.5
111.358399372854	-0.125076115105709	-4.11671209785037	863885.384897151	4598784.0682774	0	0	0	0	0	1.5	1.5	1.5	1.5	1.5	1.5
111.458903343407	-0.128955551436593	-4.12935941336691	863885.329032898	4598784.15182439	0	0	0	0	0	1.5	1.5	1.5	1.5	1.5	1.5
111.55940731396	-0.139948842120085	-4.14287239299273	863885.27426067	4598784.23609121	0	0	0	0	0	1.5	1.5	1.5	1.5	1.5	1.5
111.659911284513	-0.150942132803578	-4.15749024198167	863885.220679139	4598784.32111996	0	0	0	0	0	1.5	1.5	1.5	1.5	1.5	1.5
111.760415255066	-0.16193542348707	-4.17321296033375	863885.168393706	4598784.40695162	0	0	0	0	0	1.5	1.5	1.5	1.5	1.5	1.5
111.860919225619	-0.172928714170565	-4.19004054804898	863885.117512136	4598784.4936227	0	0	0	0	0	1.5	1.5	1.5	1.5	1.5	1.5
111.961423196173	-0.183922004854057	-4.20797300512733	863885.068144599	4598784.58116482	0	0	0	0	0	1.5	1.5	1.5	1.5	1.5	1.5
112.061927166726	-0.194915295537551	-4.22701033156882	863885.020403691	4598784.66960434	0	0	0	0	0	1.5	1.5	1.5	1.5	1.5	1.5
112.162431137279	-0.205908586221043	-4.24715252737344	863884.974404425	4598784.7589619	0	0	0	0	0	1.5	1.5	1.5	1.5	1.5	1.5
112.262935107832	-0.216901876904537	-4.26839959254121	863884.930264183	4598784.84925203	0	0	0	0	0	1.5	1.5	1.5	1.5	1.5	1.5
112.363439078385	-0.227895167588032	-4.29075152707211	863884.888102637	4598784.94048268	0	0	0	0	0	1.5	1.5	1.5	1.5	1.5	1.5
112.463943048938	-0.238888458271524	-4.31420833096614	863884.848041631	4598785.03265481	0	0	0	0	0	1.5	1.5	1.5	1.5	1.5	1.5
112.564447019491	-0.249881748955017	-4.33877000422331	863884.810205026	4598785.1257619	0	0	0	0	0	1.5	1.5	1.5	1.5	1.5	1.5
112.664950990044	-0.260875039638509	-4.36443654684361	863884.774718489	4598785.21978956	0	0	0	0	0	1.5	1.5	1.5	1.5	1.5	1.5
112.765454960597	-0.271868330322004	-4.39120795882705	863884.741709255	4598785.31471498	0	0	0	0	0	1.5	1.5	1.5	1.5	1.5	1.5
112.865958931151	-0.282861621005495	-4.41908424017362	863884.711305825	4598785.41050655	0	0	0	0	0	1.5	1.5	1.5	1.5	1.5	1.5
112.966462901704	-0.287535125684973	-4.44794414907828	863884.68363612	4598785.50712297	0	0	0	0	0	1.5	1.5	1.5	1.5	1.5	1.5
113.066966872257	-0.281974316311548	-4.47656312917235	863884.658763245	4598785.60449698	0	0	0	0	0	1.5	1.5	1.5	1.5	1.5	1.5
113.16747084281	-0.276413506938123	-4.5046232258449	863884.636659493	4598785.70253682	0	0	0	0	0	1.5	1.5	1.5	1.5	1.5	1.5
113.267974813363	-0.270852697564697	-4.53212443909594	863884.617287506	4598785.80115293	0	0	0	0	0	1.5	1.5	1.5	1.5	1.5	1.5
113.368478783916	-0.265291888191273	-4.55906676892545	863884.600606848	4598785.90025991	0	0	0	0	0	1.5	1.5	1.5	1.5	1.5	1.5
113.468982754469	-0.259731078817847	-4.58545021533345	863884.586574267	4598785.99977648	0	0	0	0	0	1.5	1.5	1.5	1.5	1.5	1.5
113.569486725022	-0.254170269444423	-4.61127477831993	863884.575143938	4598786.09962554	0	0	0	0	0	1.5	1.5	1.5	1.5	1.5	1.5
113.669990695576	-0.248609460070998	-4.63654045788489	863884.566267708	4598786.1997341	0	0	0	0	0	1.5	1.5	1.5	1.5	1.5	1.5
113.770494666129	-0.243048650697571	-4.66124725402834	863884.559895316	4598786.30003328	0	0	0	0	0	1.5	1.5	1.5	1.5	1.5	1.5
113.870998636682	-0.237487841324147	-4.68539516675026	863884.555974622	4598786.40045831	0	0	0	0	0	1.5	1.5	1.5	1.5	1.5	1.5
113.971502607235	-0.231927031950722	-4.70898419605067	863884.554451806	4598786.50094841	0	0	0	0	0	1.5	1.5	1.5	1.5	1.5	1.5
114.072006577788	-0.226366222577297	-4.73201434192955	863884.555271576	4598786.60144682	0	0	0	0	0	1.5	1.5	1.5	1.5	1.5	1.5
114.172510548341	-0.220805413203871	-4.75448560438693	863884.558377349	4598786.70190067	0	0	0	0	0	1.5	1.5	1.5	1.5	1.5	1.5
114.273014518894	-0.215244603830447	-4.77639798342278	863884.563711434	4598786.80226098	0	0	0	0	0	1.5	1.5	1.5	1.5	1.5	1.5
114.373518489447	-0.209683794457021	-4.79775147903711	863884.571215198	4598786.90248253	0	0	0	0	0	1.5	1.5	1.5	1.5	1.5	1.5
114.47402246	-0.208858261783418	-4.81867626670153	863884.580831595	4598787.00252354	0	0	0	0	0	1.5	1.5	1.5	1.5	1.5	1.5
114.574526430554	-0.211953403367734	-4.83982288830291	863884.592547029	4598787.10234048	0	0	0	0	0	1.5	1.5	1.5	1.5	1.5	1.5
114.675030401107	-0.215048544952051	-4.86128058392294	863884.606385953	4598787.20188516	0	0	0	0	0	1.5	1.5	1.5	1.5	1.5	1.5
114.77553437166	-0.218143686536366	-4.88304935356161	863884.622372951	4598787.30110747	0	0	0	0	0	1.5	1.5	1.5	1.5	1.5	1.5
114.876038342213	-0.221238828120683	-4.90512919721894	863884.640531302	4598787.39995539	0	0	0	0	0	1.5	1.5	1.5	1.5	1.5	1.5
114.976542312766	-0.224333969704998	-4.9275201148949	863884.660882893	4598787.4983751	0	0	0	0	0	1.5	1.5	1.5	1.5	1.5	1.5
115.077046283319	-0.227429111289315	-4.95022210658953	863884.683448125	4598787.59631092	0	0	0	0	0	1.5	1.5	1.5	1.5	1.5	1.5
115.177550253872	-0.23052425287363	-4.97323517230279	863884.708245824	4598787.69370535	0	0	0	0	0	1.5	1.5	1.5	1.5	1.5	1.5
115.278054224425	-0.233619394457947	-4.99655931203471	863884.735293143	4598787.79049912	0	0	0	0	0	1.5	1.5	1.5	1.5	1.5	1.5
115.378558194979	-0.236714536042263	-5.02019452578527	863884.764605466	4598787.88663114	0	0	0	0	0	1.5	1.5	1.5	1.5	1.5	1.5
115.479062165532	-0.239809677626578	-5.04414081355448	863884.796196312	4598787.9820386	0	0	0	0	0	1.5	1.5	1.5	1.5	1.5	1.5
115.579566136085	-0.242904819210895	-5.06839817534234	863884.830077233	4598788.07665697	0	0	0	0	0	1.5	1.5	1.5	1.5	1.5	1.5
115.680070106638	-0.245999960795211	-5.09296661114884	863884.866257715	4598788.17042004	0	0	0	0	0	1.5	1.5	1.5	1.5	1.5	1.5
115.780574077191	-0.249095102379527	-5.117846120974	863884.904745074	4598788.26325996	0	0	0	0	0	1.5	1.5	1.5	1.5	1.5	1.5
115.881078047744	-0.252190243963843	-5.1430367048178	863884.945544354	4598788.35510729	0	0	0	0	0	1.5	1.5	1.5	1.5	1.5	1.5
115.981582018297	-0.249005761223967	-5.16832229019261	863884.988653767	4598788.44589323	0	0	0	0	0	1.5	1.5	1.5	1.5	1.5	1.5
116.08208598885	-0.24292981022025	-5.19304302928585	863885.034021083	4598788.53557233	0	0	0	0	0	1.5	1.5	1.5	1.5	1.5	1.5
116.182589959403	-0.236853859216534	-5.21715311117831	863885.08156427	4598788.62411726	0	0	0	0	0	1.5	1.5	1.5	1.5	1.5	1.5
116.283093929957	-0.230777908212817	-5.24065253587002	863885.131201639	4598788.71150556	0	0	0	0	0	1.5	1.5	1.5	1.5	1.5	1.5
116.38359790051	-0.224701957209101	-5.26354130336097	863885.182852429	4598788.79771926	0	0	0	0	0	1.5	1.5	1.5	1.5	1.5	1.5
116.484101871063	-0.218626006205383	-5.28581941365117	863885.236436946	4598788.88274473	0	0	0	0	0	1.5	1.5	1.5	1.5	1.5	1.5
116.584605841616	-0.212550055201668	-5.30748686674059	863885.291876686	4598788.96657246	0	0	0	0	0	1.5	1.5	1.5	1.5	1.5	1.5
116.685109812169	-0.20647410419795	-5.32854366262927	863885.349094441	4598789.04919693	0	0	0	0	0	1.5	1.5	1.5	1.5	1.5	1.5
116.785613782722	-0.200398153194234	-5.34898980131718	863885.408014395	4598789.13061643	0	0	0	0	0	1.5	1.5	1.5	1.5	1.5	1.5
116.886117753275	-0.194322202190518	-5.36882528280433	863885.468562205	4598789.21083288	0	0	0	0	0	1.5	1.5	1.5	1.5	1.5	1.5
116.986621723828	-0.1882462511868	-5.38805010709073	863885.530665069	4598789.28985169	0	0	0	0	0	1.5	1.5	1.5	1.5	1.5	1.5
117.087125694381	-0.182170300183084	-5.40666427417636	863885.594251788	4598789.36768154	0	0	0	0	0	1.5	1.5	1.5	1.5	1.5	1.5
117.187629664935	-0.176094349179367	-5.42466778406123	863885.659252804	4598789.44433428	0	0	0	0	0	1.5	1.5	1.5	1.5	1.5	1.5
117.288133635488	-0.170018398175651	-5.44206063674535	863885.725600243	4598789.51982475	0	0	0	0	0	1.5	1.5	1.5	1.5	1.5	1.5
117.388637606041	-0.163942447171934	-5.4588428322287	863885.793227938	4598789.5941706	0	0	0	0	0	1.5	1.5	1.5	1.5	1.5	1.5
117.489141576594	-0.166287008705923	-5.47537892110306	863885.862079073	4598789.66738494	0	0	0	0	0	1.5	1.5	1.5	1.5	1.5	1.5
117.589645547147	-0.169985060746653	-5.49227726018611	863885.932144127	4598789.73943837	0	0	0	0	0	1.5	1.5	1.5	1.5	1.5	1.5
117.6901495177	-0.173683112787383	-5.50954726818257	863886.003429831	4598789.81028429	0	0	0	0	0	1.5	1.5	1.5	1.5	1.5	1.5
117.790653488253	-0.177381164828113	-5.52718894509243	863886.075941249	4598789.8798751	0	0	0	0	0	1.5	1.5	1.5	1.5	1.5	1.5
117.891157458806	-0.181079216868844	-5.5452022909157	863886.149681669	4598789.94816218	0	0	0	0	0	1.5	1.5	1.5	1.5	1.5	1.5
117.99166142936	-0.184777268909573	-5.56358730565236	863886.224652535	4598790.01509598	0	0	0	0	0	1.5	1.5	1.5	1.5	1.5	1.5
118.092165399913	-0.188475320950303	-5.58234398930244	863886.300853376	4598790.080626	0	0	0	0	0	1.5	1.5	1.5	1.5	1.5	1.5
118.192669370466	-0.192173372991033	-5.60147234186592	863886.37828173	4598790.14470088	0	0	0	0	0	1.5	1.5	1.5	1.5	1.5	1.5
118.293173341019	-0.195871425031763	-5.62097236334281	863886.456933073	4598790.20726839	0	0	0	0	0	1.5	1.5	1.5	1.5	1.5	1.5
118.393677311572	-0.199569477072494	-5.6408440537331	863886.536800743	4598790.26827553	0	0	0	0	0	1.5	1.5	1.5	1.5	1.5	1.5
118.494181282125	-0.203267529113223	-5.6610874130368	863886.617875868	4598790.32766852	0	0	0	0	0	1.5	1.5	1.5	1.5	1.5	1.5
118.594685252678	-0.206965581153953	-5.6817024412539	863886.700147289	4598790.3853929	0	0	0	0	0	1.5	1.5	1.5	1.5	1.5	1.5
118.695189223231	-0.210663633194683	-5.70268913838441	863886.78360149	4598790.44139356	0	0	0	0	0	1.5	1.5	1.5	1.5	1.5	1.5
118.795693193784	-0.214361685235413	-5.72404750442832	863886.868222517	4598790.49561483	0	0	0	0	0	1.5	1.5	1.5	1.5	1.5	1.5
118.896197164338	-0.217394392853713	-5.74577624900654	863886.953991912	4598790.54800052	0	0	0	0	0	1.5	1.5	1.5	1.5	1.5	1.5
118.996701134891	-0.20385277499996	-5.76694475548332	863887.040872445	4598790.59852224	0	0	0	0	0	1.5	1.5	1.5	1.5	1.5	1.5
119.097205105444	-0.190311157146211	-5.78675227559808	863887.128769966	4598790.64725358	0	0	0	0	0	1.5	1.5	1.5	1.5	1.5	1.5
119.197709075997	-0.17676953929246	-5.80519880935082	863887.21758363	4598790.694295	0	0	0	0	0	1.5	1.5	1.5	1.5	1.5	1.5
119.29821304655	-0.163227921438707	-5.82228435674156	863887.307219155	4598790.7397513	0	0	0	0	0	1.5	1.5	1.5	1.5	1.5	1.5
119.398717017103	-0.14968630358496	-5.83800891777027	863887.397588466	4598790.78373115	0	0	0	0	0	1.5	1.5	1.5	1.5	1.5	1.5
119.499220987656	-0.136144685731208	-5.85237249243697	863887.488609317	4598790.82634663	0	0	0	0	0	1.5	1.5	1.5	1.5	1.5	1.5
119.599724958209	-0.122603067877459	-5.86537508074165	863887.580204883	4598790.86771278	0	0	0	0	0	1.5	1.5	1.5	1.5	1.5	1.5
119.700228928763	-0.109061450023708	-5.87701668268433	863887.672303328	4598790.90794722	0	0	0	0	0	1.5	1.5	1.5	1.5	1.5	1.5
119.800732899316	-0.095519832169959	-5.88729729826498	863887.764837362	4598790.94716981	0	0	0	0	0	1.5	1.5	1.5	1.5	1.5	1.5
119.901236869869	-0.0819782143162062	-5.89621692748362	863887.857743768	4598790.98550231	0	0	0	0	0	1.5	1.5	1.5	1.5	1.5	1.5
120.001740840422	-0.0684365964624553	-5.90377557034025	863887.950962931	4598791.02306809	0	0	0	0	0	1.5	1.5	1.5	1.5	1.5	1.5
120.102244810975	-0.0548949786087064	-5.90997322683486	863888.044438343	4598791.05999184	0	0	0	0	0	1.5	1.5	1.5	1.5	1.5	1.5
120.202748781528	-0.0413533607549555	-5.91480989696745	863888.138116104	4598791.09639933	0	0	0	0	0	1.5	1.5	1.5	1.5	1.5	1.5
120.303252752081	-0.0278117429012066	-5.91828558073803	863888.231944416	4598791.13241718	0	0	0	0	0	1.5	1.5	1.5	1.5	1.5	1.5
120.403756722634	-0.0180549785426036	-5.92042792327325	863888.325873115	4598791.16817251	0	0	0	0	0	1.5	1.5	1.5	1.5	1.5	1.5
120.504260693187	-0.0305528694419001	-5.92287056413449	863888.419876222	4598791.20373175	0	0	0	0	0	1.5	1.5	1.5	1.5	1.5	1.5
120.604764663741	-0.0430507603411983	-5.92656929265465	863888.513988046	4598791.23900215	0	0	0	0	0	1.5	1.5	1.5	1.5	1.5	1.5
120.705268634294	-0.0555486512404948	-5.93152410883373	863888.608251553	4598791.273865	0	0	0	0	0	1.5	1.5	1.5	1.5	1.5	1.5
120.805772604847	-0.0680465421397948	-5.93773501267173	863888.702708169	4598791.30820104	0	0	0	0	0	1.5	1.5	1.5	1.5	1.5	1.5
120.9062765754	-0.0805444330390931	-5.94520200416865	863888.797397329	4598791.34189027	0	0	0	0	0	1.5	1.5	1.5	1.5	1.5	1.5
121.006780545953	-0.0930423239383896	-5.95392508332449	863888.892356019	4598791.37481186	0	0	0	0	0	1.5	1.5	1.5	1.5	1.5	1.5
121.107284516506	-0.105540214837688	-5.96390425013925	863888.987618313	4598791.40684402	0	0	0	0	0	1.5	1.5	1.5	1.5	1.5	1.5
121.207788487059	-0.118038105736984	-5.97513950461292	863889.083214907	4598791.4378639	0	0	0	0	0	1.5	1.5	1.5	1.5	1.5	1.5
121.308292457612	-0.130535996636284	-5.98763084674552	863889.179172645	4598791.4677475	0	0	0	0	0	1.5	1.5	1.5	1.5	1.5	1.5
121.408796428166	-0.143033887535581	-6.00137827653703	863889.275514036	4598791.49636961	0	0	0	0	0	1.5	1.5	1.5	1.5	1.5	1.5
121.509300398719	-0.155531778434879	-6.01638179398747	863889.372256769	4598791.52360382	0	0	0	0	0	1.5	1.5	1.5	1.5	1.5	1.5
121.609804369272	-0.168029669334179	-6.03264139909682	863889.469413219	4598791.54932249	0	0	0	0	0	1.5	1.5	1.5	1.5	1.5	1.5
121.710308339825	-0.180527560233474	-6.05015709186509	863889.566989951	4598791.57339677	0	0	0	0	0	1.5	1.5	1.5	1.5	1.5	1.5
121.810812310378	-0.193025451132774	-6.06892887229228	863889.664987209	4598791.59569675	0	0	0	0	0	1.5	1.5	1.5	1.5	1.5	1.5
121.911316280931	-0.197938368793432	-6.08886477653122	863889.763398272	4598791.6160922	0	0	0	0	0	1.5	1.5	1.5	1.5	1.5	1.5
122.011820251484	-0.178999035046925	-6.10780662939919	863889.862191499	4598791.63454875	0	0	0	0	0	1.5	1.5	1.5	1.5	1.5	1.5
122.112324222037	-0.16005970130042	-6.124845004026	863889.96130104	4598791.65122516	0	0	0	0	0	1.5	1.5	1.5	1.5	1.5	1.5
122.21282819259	-0.14112036755391	-6.13997990041166	863890.060666266	4598791.66630518	0	0	0	0	0	1.5	1.5	1.5	1.5	1.5	1.5
122.313332163144	-0.122181033807403	-6.15321131855617	863890.160235598	4598791.67997445	0	0	0	0	0	1.5	1.5	1.5	1.5	1.5	1.5
122.413836133697	-0.103241700060899	-6.16453925845952	863890.259965467	4598791.69242006	0	0	0	0	0	1.5	1.5	1.5	1.5	1.5	1.5
122.51434010425	-0.0843023663143915	-6.17396372012172	863890.359819268	4598791.70383022	0	0	0	0	0	1.5	1.5	1.5	1.5	1.5	1.5
122.614844074803	-0.0653630325678869	-6.18148470354276	863890.459766292	4598791.71439396	0	0	0	0	0	1.5	1.5	1.5	1.5	1.5	1.5
122.715348045356	-0.046423698821377	-6.18710220872265	863890.55978066	4598791.72430092	0	0	0	0	0	1.5	1.5	1.5	1.5	1.5	1.5
122.815852015909	-0.0274843650748724	-6.19081623566138	863890.659840236	4598791.73374113	0	0	0	0	0	1.5	1.5	1.5	1.5	1.5	1.5
122.916355986462	-0.00854503132836518	-6.19262678435896	863890.759925552	4598791.74290492	0	0	0	0	0	1.5	1.5	1.5	1.5	1.5	1.5
123.016859957015	0.0103943024181394	-6.19253385481538	863890.860018713	4598791.75198275	0	0	0	0	0	1.5	1.5	1.5	1.5	1.5	1.5
123.117363927569	0.0293336361646467	-6.19053744703065	863890.960102321	4598791.76116513	0	0	0	0	0	1.5	1.5	1.5	1.5	1.5	1.5
123.217867898122	0.0482729699111566	-6.18663756100477	863891.060158375	4598791.77064254	0	0	0	0	0	1.5	1.5	1.5	1.5	1.5	1.5
123.318371868675	0.0672123036576611	-6.18083419673773	863891.160167195	4598791.78060526	0	0	0	0	0	1.5	1.5	1.5	1.5	1.5	1.5
123.418875839228	0.0722836195664178	-6.17341798206061	863891.260106769	4598791.79123926	0	0	0	0	0	1.5	1.5	1.5	1.5	1.5	1.5
123.519379809781	0.057968883344858	-6.16687253520208	863891.359967762	4598791.80258801	0	0	0	0	0	1.5	1.5	1.5	1.5	1.5	1.5
123.619883780334	0.0436541471232942	-6.16176577617124	863891.459761011	4598791.81451837	0	0	0	0	0	1.5	1.5	1.5	1.5	1.5	1.5
123.720387750887	0.0293394109017364	-6.15809770496808	863891.55950101	4598791.82688645	0	0	0	0	0	1.5	1.5	1.5	1.5	1.5	1.5
123.82089172144	0.0150246746801726	-6.15586832159261	863891.659204139	4598791.83954859	0	0	0	0	0	1.5	1.5	1.5	1.5	1.5	1.5
123.921395691993	0.000709938458610768	-6.15507762604483	863891.758888053	4598791.85236128	0	0	0	0	0	1.5	1.5	1.5	1.5	1.5	1.5
124.021899662547	-0.013604797762949	-6.15572561832473	863891.858571053	4598791.86518107	0	0	0	0	0	1.5	1.5	1.5	1.5	1.5	1.5
124.1224036331	-0.0279195339845128	-6.15781229843232	863891.958271473	4598791.87786455	0	0	0	0	0	1.5	1.5	1.5	1.5	1.5	1.5
124.222907603653	-0.0422342702060726	-6.1613376663676	863892.058007057	4598791.89026822	0	0	0	0	0	1.5	1.5	1.5	1.5	1.5	1.5
124.323411574206	-0.0565490064276344	-6.16630172213057	863892.157794341	4598791.90224842	0	0	0	0	0	1.5	1.5	1.5	1.5	1.5	1.5
124.423915544759	-0.0708637426491942	-6.17270446572122	863892.257648034	4598791.91366129	0	0	0	0	0	1.5	1.5	1.5	1.5	1.5	1.5
124.524419515312	-0.085178478870756	-6.18054589713957	863892.357580391	4598791.92436271	0	0	0	0	0	1.5	1.5	1.5	1.5	1.5	1.5
124.624923485865	-0.0994932150923198	-6.1898260163856	863892.457600595	4598791.93420823	0	0	0	0	0	1.5	1.5	1.5	1.5	1.5	1.5
124.725427456418	-0.11380795131388	-6.20054482345931	863892.557714128	4598791.94305312	0	0	0	0	0	1.5	1.5	1.5	1.5	1.5	1.5
124.825931426972	-0.128122687535441	-6.21270231836072	863892.65792214	4598791.95075233	0	0	0	0	0	1.5	1.5	1.5	1.5	1.5	1.5
124.926435397525	-0.128974260508742	-6.22593312779069	863892.75822044	4598791.95716716	0	0	0	0	0	1.5	1.5	1.5	1.5	1.5	1.5
125.026939368078	-0.118359664755948	-6.23836214856148	863892.85859335	4598791.96228547	0	0	0	0	0	1.5	1.5	1.5	1.5	1.5	1.5
125.127443338631	-0.107745069003159	-6.2497243603133	863892.959020148	4598791.96620944	0	0	0	0	0	1.5	1.5	1.5	1.5	1.5	1.5
125.227947309184	-0.0971304732503648	-6.26001976304615	863893.059483646	4598791.96904571	0	0	0	0	0	1.5	1.5	1.5	1.5	1.5	1.5
125.328451279737	-0.0865158774975739	-6.26924835676003	863893.159970132	4598791.97090114	0	0	0	0	0	1.5	1.5	1.5	1.5	1.5	1.5
125.42895525029	-0.0759012817447815	-6.27741014145494	863893.260469029	4598791.97188276	0	0	0	0	0	1.5	1.5	1.5	1.5	1.5	1.5
125.529459220843	-0.0652866859919876	-6.28450511713088	863893.360972559	4598791.97209772	0	0	0	0	0	1.5	1.5	1.5	1.5	1.5	1.5
125.629963191396	-0.0546720902391967	-6.29053328378784	863893.461475394	4598791.97165321	0	0	0	0	0	1.5	1.5	1.5	1.5	1.5	1.5
125.73046716195	-0.0440574944864043	-6.29549464142583	863893.561974319	4598791.97065647	0	0	0	0	0	1.5	1.5	1.5	1.5	1.5	1.5
125.830971132503	-0.0334428987336133	-6.29938919004485	863893.662467885	4598791.96921474	0	0	0	0	0	1.5	1.5	1.5	1.5	1.5	1.5
125.931475103056	-0.0228283029808209	-6.3022169296449	863893.762956067	4598791.96743525	0	0	0	0	0	1.5	1.5	1.5	1.5	1.5	1.5
126.031979073609	-0.01221370722803	-6.30397786022597	863893.863439922	4598791.9654252	0	0	0	0	0	1.5	1.5	1.5	1.5	1.5	1.5
126.132483044162	-0.00159911147523611	-6.30467198178808	863893.963921245	4598791.96329181	0	0	0	0	0	1.5	1.5	1.5	1.5	1.5	1.5
126.232987014715	0.0090154842775563	-6.30429929433121	863894.064402226	4598791.96114227	0	0	0	0	0	1.5	1.5	1.5	1.5	1.5	1.5
126.333490985268	0.0196300800303472	-6.30285979785537	863894.164885105	4598791.95908378	0	0	0	0	0	1.5	1.5	1.5	1.5	1.5	1.5
126.433994955821	0.0241612934952862	-6.30054043177006	863894.265371764	4598791.95721971	0	0	0	0	0	1.5	1.5	1.5	1.5	1.5	1.5
126.534498926375	0.0248277335155667	-6.298078635906	863894.365862635	4598791.95559867	0	0	0	0	0	1.5	1.5	1.5	1.5	1.5	1.5
126.635002896928	0.0254941735358473	-6.29554986017376	863894.466357237	4598791.95422839	0	0	0	0	0	1.5	1.5	1.5	1.5	1.5	1.5
126.735506867481	0.0261606135561278	-6.29295410457335	863894.566855019	4598791.9531156	0	0	0	0	0	1.5	1.5	1.5	1.5	1.5	1.5
126.836010838034	0.0268270535764084	-6.29029136910477	863894.667355378	4598791.95226706	0	0	0	0	0	1.5	1.5	1.5	1.5	1.5	1.5
126.936514808587	0.0274934935966891	-6.28756165376801	863894.767857658	4598791.95168949	0	0	0	0	0	1.5	1.5	1.5	1.5	1.5	1.5
127.03701877914	0.0281599336169696	-6.28476495856308	863894.868361148	4598791.95138963	0	0	0	0	0	1.5	1.5	1.5	1.5	1.5	1.5
127.137522749693	0.0288263736372502	-6.28190128348997	863894.968865083	4598791.95137421	0	0	0	0	0	1.5	1.5	1.5	1.5	1.5	1.5
127.238026720246	0.0294928136575307	-6.2789706285487	863895.069368639	4598791.95164997	0	0	0	0	0	1.5	1.5	1.5	1.5	1.5	1.5
127.338530690799	0.0301592536778114	-6.27597299373924	863895.169870935	4598791.95222363	0	0	0	0	0	1.5	1.5	1.5	1.5	1.5	1.5
127.439034661353	0.0308256936980918	-6.27290837906162	863895.270371029	4598791.95310193	0	0	0	0	0	1.5	1.5	1.5	1.5	1.5	1.5
127.539538631906	0.0314921337183725	-6.26977678451582	863895.370867917	4598791.95429158	0	0	0	0	0	1.5	1.5	1.5	1.5	1.5	1.5
127.640042602459	0.032158573738653	-6.26657821010185	863895.471360535	4598791.95579931	0	0	0	0	0	1.5	1.5	1.5	1.5	1.5	1.5
127.740546573012	0.0328250137589336	-6.2633126558197	863895.571847753	4598791.95763182	0	0	0	0	0	1.5	1.5	1.5	1.5	1.5	1.5
127.841050543565	0.0334914537792143	-6.25998012166938	863895.672328377	4598791.95979584	0	0	0	0	0	1.5	1.5	1.5	1.5	1.5	1.5
127.941554514118	0.0338727175788387	-6.25659046816577	863895.772801151	4598791.96229784	0	0	0	0	0	1.5	1.5	1.5	1.5	1.5	1.5
128.042058484671	0.0341246998641212	-6.25317346294558	863895.873264826	4598791.96514184	0	0	0	0	0	1.5	1.5	1.5	1.5	1.5	1.5
128.142562455224	0.0343766821494036	-6.24973113250521	863895.973718155	4598791.96833039	0	0	0	0	0	1.5	1.5	1.5	1.5	1.5	1.5
128.243066425777	0.034628664434686	-6.24626347684467	863896.074159867	4598791.97186598	0	0	0	0	0	1.5	1.5	1.5	1.5	1.5	1.5
128.343570396331	0.0348806467199685	-6.24277049596394	863896.174588666	4598791.97575112	0	0	0	0	0	1.5	1.5	1.5	1.5	1.5	1.5
128.444074366884	0.035132629005251	-6.23925218986303	863896.275003226	4598791.9799883	0	0	0	0	0	1.5	1.5	1.5	1.5	1.5	1.5
128.544578337437	0.0353846112905334	-6.23570855854194	863896.375402199	4598791.98458001	0	0	0	0	0	1.5	1.5	1.5	1.5	1.5	1.5
128.64508230799	0.0356365935758159	-6.23213960200068	863896.475784206	4598791.98952874	0	0	0	0	0	1.5	1.5	1.5	1.5	1.5	1.5
128.745586278543	0.0358885758610984	-6.22854532023923	863896.576147845	4598791.99483697	0	0	0	0	0	1.5	1.5	1.5	1.5	1.5	1.5
128.846090249096	0.0361405581463807	-6.2249257132576	863896.676491683	4598792.00050717	0	0	0	0	0	1.5	1.5	1.5	1.5	1.5	1.5
128.946594219649	0.0363925404316632	-6.2212807810558	863896.776814263	4598792.00654181	0	0	0	0	0	1.5	1.5	1.5	1.5	1.5	1.5
129.047098190202	0.0366445227169457	-6.21761052363381	863896.877114099	4598792.01294335	0	0	0	0	0	1.5	1.5	1.5	1.5	1.5	1.5
129.147602160756	0.0368965050022281	-6.21391494099164	863896.977389678	4598792.01971424	0	0	0	0	0	1.5	1.5	1.5	1.5	1.5	1.5
129.248106131309	0.0371484872875106	-6.21019403312929	863897.077639458	4598792.02685692	0	0	0	0	0	1.5	1.5	1.5	1.5	1.5	1.5
129.348610101862	0.0374004695727931	-6.20644780004677	863897.177861871	4598792.03437385	0	0	0	0	0	1.5	1.5	1.5	1.5	1.5	1.5
129.449114072415	0.0414116890894673	-6.20252328353922	863897.27805499	4598792.04227158	0	0	0	0	0	1.5	1.5	1.5	1.5	1.5	1.5
129.549618042968	0.0463064706979613	-6.1981152718651	863897.378214348	4598792.05058631	0	0	0	0	0	1.5	1.5	1.5	1.5	1.5	1.5
129.650122013521	0.0512012523064581	-6.19321531520433	863897.478333906	4598792.05936708	0	0	0	0	0	1.5	1.5	1.5	1.5	1.5	1.5
129.750625984074	0.0560960339149521	-6.18782341355692	863897.578406933	4598792.06866294	0	0	0	0	0	1.5	1.5	1.5	1.5	1.5	1.5
129.851129954627	0.0609908155234475	-6.18193956692286	863897.678425937	4598792.07852284	0	0	0	0	0	1.5	1.5	1.5	1.5	1.5	1.5
129.95163392518	0.0658855971319428	-6.17556377530216	863897.778382598	4598792.08899565	0	0	0	0	0	1.5	1.5	1.5	1.5	1.5	1.5
130.052137895734	0.0707803787404382	-6.16869603869481	863897.878267693	4598792.10013011	0	0	0	0	0	1.5	1.5	1.5	1.5	1.5	1.5
130.152641866287	0.0756751603489336	-6.16133635710082	863897.978071025	4598792.11197484	0	0	0	0	0	1.5	1.5	1.5	1.5	1.5	1.5
130.25314583684	0.080569941957429	-6.15348473052019	863898.077781352	4598792.12457828	0	0	0	0	0	1.5	1.5	1.5	1.5	1.5	1.5
130.353649807393	0.0854647235659243	-6.14514115895291	863898.177386322	4598792.13798871	0	0	0	0	0	1.5	1.5	1.5	1.5	1.5	1.5
130.454153777946	0.0903595051744183	-6.13630564239899	863898.276872393	4598792.15225419	0	0	0	0	0	1.5	1.5	1.5	1.5	1.5	1.5
130.554657748499	0.0952542867829151	-6.12697818085842	863898.376224775	4598792.16742255	0	0	0	0	0	1.5	1.5	1.5	1.5	1.5	1.5
130.655161719052	0.100149068391409	-6.11715877433122	863898.475427355	4598792.18354133	0	0	0	0	0	1.5	1.5	1.5	1.5	1.5	1.5
130.755665689605	0.105043849999904	-6.10684742281736	863898.57446263	4598792.20065778	0	0	0	0	0	1.5	1.5	1.5	1.5	1.5	1.5
130.856169660159	0.109938631608401	-6.09604412631686	863898.673311642	4598792.2188188	0	0	0	0	0	1.5	1.5	1.5	1.5	1.5	1.5
130.956673630712	0.106681969412982	-6.08513448141615	863898.771956277	4598792.23805896	0	0	0	0	0	1.5	1.5	1.5	1.5	1.5	1.5
131.057177601265	0.102917324707336	-6.07460170077404	863898.870388987	4598792.25835567	0	0	0	0	0	1.5	1.5	1.5	1.5	1.5	1.5
131.157681571818	0.0991526800016908	-6.06444728187257	863898.968606527	4598792.27966942	0	0	0	0	0	1.5	1.5	1.5	1.5	1.5	1.5
131.258185542371	0.0953880352960453	-6.05467122471173	863899.066606828	4598792.30196087	0	0	0	0	0	1.5	1.5	1.5	1.5	1.5	1.5
131.358689512924	0.0916233905904009	-6.04527352929154	863899.164388953	4598792.32519081	0	0	0	0	0	1.5	1.5	1.5	1.5	1.5	1.5
131.459193483477	0.0878587458847544	-6.03625419561198	863899.26195305	4598792.34932018	0	0	0	0	0	1.5	1.5	1.5	1.5	1.5	1.5
131.55969745403	0.0840941011791089	-6.02761322367307	863899.359300307	4598792.37431011	0	0	0	0	0	1.5	1.5	1.5	1.5	1.5	1.5
131.660201424583	0.0803294564734645	-6.01935061347479	863899.456432907	4598792.40012191	0	0	0	0	0	1.5	1.5	1.5	1.5	1.5	1.5
131.760705395137	0.076564811767819	-6.01146636501716	863899.553353978	4598792.42671705	0	0	0	0	0	1.5	1.5	1.5	1.5	1.5	1.5
131.86120936569	0.0728001670621735	-6.00396047830016	863899.650067553	4598792.45405722	0	0	0	0	0	1.5	1.5	1.5	1.5	1.5	1.5
131.961713336243	0.069035522356528	-5.9968329533238	863899.746578524	4598792.48210429	0	0	0	0	0	1.5	1.5	1.5	1.5	1.5	1.5
132.062217306796	0.0652708776508825	-5.99008379008808	863899.842892594	4598792.51082031	0	0	0	0	0	1.5	1.5	1.5	1.5	1.5	1.5
132.162721277349	0.061506232945237	-5.983712988593	863899.939016236	4598792.54016753	0	0	0	0	0	1.5	1.5	1.5	1.5	1.5	1.5
132.263225247902	0.0577415882395926	-5.97772054883856	863900.034956649	4598792.57010839	0	0	0	0	0	1.5	1.5	1.5	1.5	1.5	1.5
132.363729218455	0.0546682698139044	-5.97210395500706	863900.130721708	4598792.60060552	0	0	0	0	0	1.5	1.5	1.5	1.5	1.5	1.5
132.464233189008	0.06045003745152	-5.96631903152529	863900.226313792	4598792.63164055	0	0	0	0	0	1.5	1.5	1.5	1.5	1.5	1.5
132.564737159562	0.0662318050891323	-5.95995301743913	863900.321715532	4598792.66325577	0	0	0	0	0	1.5	1.5	1.5	1.5	1.5	1.5
132.665241130115	0.0720135727267462	-5.95300591274858	863900.416904681	4598792.69550532	0	0	0	0	0	1.5	1.5	1.5	1.5	1.5	1.5
132.765745100668	0.0777953403643601	-5.94547771745363	863900.511857894	4598792.72844295	0	0	0	0	0	1.5	1.5	1.5	1.5	1.5	1.5
132.866249071221	0.0835771080019741	-5.93736843155428	863900.606550642	4598792.76212197	0	0	0	0	0	1.5	1.5	1.5	1.5	1.5	1.5
132.966753041774	0.089358875639588	-5.92867805505054	863900.700957115	4598792.79659518	0	0	0	0	0	1.5	1.5	1.5	1.5	1.5	1.5
133.067257012327	0.095140643277202	-5.9194065879424	863900.795050143	4598792.83191483	0	0	0	0	0	1.5	1.5	1.5	1.5	1.5	1.5
133.16776098288	0.100922410914816	-5.90955403022986	863900.888801105	4598792.86813256	0	0	0	0	0	1.5	1.5	1.5	1.5	1.5	1.5
133.268264953433	0.106704178552428	-5.89912038191293	863900.982179844	4598792.90529931	0	0	0	0	0	1.5	1.5	1.5	1.5	1.5	1.5
133.368768923986	0.112485946190044	-5.88810564299161	863901.075154589	4598792.9434653	0	0	0	0	0	1.5	1.5	1.5	1.5	1.5	1.5
133.46927289454	0.118267713827656	-5.87650981346589	863901.167691875	4598792.98267991	0	0	0	0	0	1.5	1.5	1.5	1.5	1.5	1.5
133.569776865093	0.12404948146527	-5.86433289333577	863901.259756461	4598793.02299164	0	0	0	0	0	1.5	1.5	1.5	1.5	1.5	1.5
133.670280835646	0.129831249102884	-5.85157488260126	863901.351311265	4598793.06444799	0	0	0	0	0	1.5	1.5	1.5	1.5	1.5	1.5
133.770784806199	0.135613016740498	-5.83823578126235	863901.442317288	4598793.1070954	0	0	0	0	0	1.5	1.5	1.5	1.5	1.5	1.5
133.871288776752	0.14118702727011	-5.82431824519961	863901.532733556	4598793.15097915	0	0	0	0	0	1.5	1.5	1.5	1.5	1.5	1.5
133.971792747305	0.146152106360762	-5.80987888328701	863901.62251824	4598793.1961409	0	0	0	0	0	1.5	1.5	1.5	1.5	1.5	1.5
134.072296717858	0.151117185451414	-5.79494051121169	863901.711629833	4598793.24261653	0	0	0	0	0	1.5	1.5	1.5	1.5	1.5	1.5
134.172800688411	0.156082264542065	-5.77950312897366	863901.800025253	4598793.29044013	0	0	0	0	0	1.5	1.5	1.5	1.5	1.5	1.5
134.273304658965	0.161047343632719	-5.76356673657289	863901.887659567	4598793.33964441	0	0	0	0	0	1.5	1.5	1.5	1.5	1.5	1.5
134.373808629518	0.16601242272337	-5.74713133400942	863901.974485963	4598793.39026059	0	0	0	0	0	1.5	1.5	1.5	1.5	1.5	1.5
134.474312600071	0.170977501814023	-5.73019692128321	863902.060455727	4598793.44231832	0	0	0	0	0	1.5	1.5	1.5	1.5	1.5	1.5
134.574816570624	0.175942580904675	-5.71276349839429	863902.145518225	4598793.49584554	0	0	0	0	0	1.5	1.5	1.5	1.5	1.5	1.5
134.675320541177	0.180907659995327	-5.69483106534265	863902.229620895	4598793.55086843	0	0	0	0	0	1.5	1.5	1.5	1.5	1.5	1.5
134.77582451173	0.18587273908598	-5.67639962212828	863902.312709233	4598793.60741124	0	0	0	0	0	1.5	1.5	1.5	1.5	1.5	1.5
134.876328482283	0.190837818176632	-5.6574691687512	863902.394726798	4598793.66549623	0	0	0	0	0	1.5	1.5	1.5	1.5	1.5	1.5
134.976832452836	0.195802897267285	-5.63803970521139	863902.475615214	4598793.72514348	0	0	0	0	0	1.5	1.5	1.5	1.5	1.5	1.5
135.077336423389	0.200767976357936	-5.61811123150887	863902.555314182	4598793.78637083	0	0	0	0	0	1.5	1.5	1.5	1.5	1.5	1.5
135.177840393943	0.20573305544859	-5.59768374764361	863902.633761499	4598793.84919372	0	0	0	0	0	1.5	1.5	1.5	1.5	1.5	1.5
135.278344364496	0.210698134539241	-5.57675725361565	863902.710893086	4598793.91362506	0	0	0	0	0	1.5	1.5	1.5	1.5	1.5	1.5
135.378848335049	0.21382973858463	-5.55536989528056	863902.786643368	4598793.97967472	0	0	0	0	0	1.5	1.5	1.5	1.5	1.5	1.5
135.479352305602	0.214366325618494	-5.53385219296675	863902.860957805	4598794.04733581	0	0	0	0	0	1.5	1.5	1.5	1.5	1.5	1.5
135.579856276155	0.214902912652358	-5.51228056152548	863902.933797366	4598794.11658214	0	0	0	0	0	1.5	1.5	1.5	1.5	1.5	1.5
135.680360246708	0.215439499686222	-5.49065500095676	863903.005124423	4598794.18738543	0	0	0	0	0	1.5	1.5	1.5	1.5	1.5	1.5
135.780864217261	0.215976086720086	-5.46897551126059	863903.074901804	4598794.2597164	0	0	0	0	0	1.5	1.5	1.5	1.5	1.5	1.5
135.881368187814	0.21651267375395	-5.44724209243697	863903.143092815	4598794.33354483	0	0	0	0	0	1.5	1.5	1.5	1.5	1.5	1.5
135.981872158368	0.217049260787814	-5.42545474448591	863903.209661267	4598794.40883951	0	0	0	0	0	1.5	1.5	1.5	1.5	1.5	1.5
136.082376128921	0.217585847821678	-5.40361346740739	863903.274571503	4598794.48556831	0	0	0	0	0	1.5	1.5	1.5	1.5	1.5	1.5
136.182880099474	0.218122434855542	-5.38171826120142	863903.337788423	4598794.5636981	0	0	0	0	0	1.5	1.5	1.5	1.5	1.5	1.5
136.283384070027	0.218659021889406	-5.359769125868	863903.399277509	4598794.64319486	0	0	0	0	0	1.5	1.5	1.5	1.5	1.5	1.5
136.38388804058	0.21919560892327	-5.33776606140713	863903.459004854	4598794.7240236	0	0	0	0	0	1.5	1.5	1.5	1.5	1.5	1.5
136.484392011133	0.219732195957134	-5.3157090678188	863903.516937185	4598794.80614841	0	0	0	0	0	1.5	1.5	1.5	1.5	1.5	1.5
136.584895981686	0.220268782990998	-5.29359814510303	863903.57304189	4598794.88953245	0	0	0	0	0	1.5	1.5	1.5	1.5	1.5	1.5
136.685399952239	0.220805370024862	-5.27143329325981	863903.627287047	4598794.97413799	0	0	0	0	0	1.5	1.5	1.5	1.5	1.5	1.5
136.785903922792	0.221341957058726	-5.24921451228913	863903.679641446	4598795.05992639	0	0	0	0	0	1.5	1.5	1.5	1.5	1.5	1.5
136.886407893346	0.223332615196308	-5.22690996706732	863903.730074212	4598795.14685835	0	0	0	0	0	1.5	1.5	1.5	1.5	1.5	1.5
136.986911863899	0.227206676837784	-5.20426947319751	863903.778542263	4598795.23490075	0	0	0	0	0	1.5	1.5	1.5	1.5	1.5	1.5
137.087415834452	0.23108073847926	-5.18123962075056	863903.824987355	4598795.32402682	0	0	0	0	0	1.5	1.5	1.5	1.5	1.5	1.5
137.187919805005	0.234954800120734	-5.15782040972649	863903.869350164	4598795.41420735	0	0	0	0	0	1.5	1.5	1.5	1.5	1.5	1.5
137.288423775558	0.23882886176221	-5.13401184012527	863903.911571256	4598795.50541014	0	0	0	0	0	1.5	1.5	1.5	1.5	1.5	1.5
137.388927746111	0.242702923403685	-5.10981391194692	863903.951591203	4598795.59759994	0	0	0	0	0	1.5	1.5	1.5	1.5	1.5	1.5
137.489431716664	0.246576985045161	-5.08522662519143	863903.989350687	4598795.69073834	0	0	0	0	0	1.5	1.5	1.5	1.5	1.5	1.5
137.589935687217	0.250451046686635	-5.06024997985881	863904.024790632	4598795.78478372	0	0	0	0	0	1.5	1.5	1.5	1.5	1.5	1.5
137.690439657771	0.254325108328112	-5.03488397594905	863904.057852326	4598795.8796912	0	0	0	0	0	1.5	1.5	1.5	1.5	1.5	1.5
137.790943628324	0.258199169969587	-5.00912861346215	863904.08847756	4598795.97541259	0	0	0	0	0	1.5	1.5	1.5	1.5	1.5	1.5
137.891447598877	0.262073231611061	-4.98298389239813	863904.116608763	4598796.07189631	0	0	0	0	0	1.5	1.5	1.5	1.5	1.5	1.5
137.99195156943	0.265947293252538	-4.95644981275695	863904.142189157	4598796.16908736	0	0	0	0	0	1.5	1.5	1.5	1.5	1.5	1.5
138.092455539983	0.269821354894012	-4.92952637453866	863904.165162908	4598796.26692725	0	0	0	0	0	1.5	1.5	1.5	1.5	1.5	1.5
138.192959510536	0.273695416535487	-4.90221357774322	863904.185475285	4598796.36535401	0	0	0	0	0	1.5	1.5	1.5	1.5	1.5	1.5
138.293463481089	0.277569478176963	-4.87451142237064	863904.203072832	4598796.46430212	0	0	0	0	0	1.5	1.5	1.5	1.5	1.5	1.5
138.393967451642	0.273378345617299	-4.84669552573104	863904.217909757	4598796.56370162	0	0	0	0	0	1.5	1.5	1.5	1.5	1.5	1.5
138.494471422195	0.265392633827932	-4.81962121440453	863904.230011033	4598796.66347131	0	0	0	0	0	1.5	1.5	1.5	1.5	1.5	1.5
138.594975392749	0.25740692203856	-4.79334949882052	863904.239447179	4598796.76352843	0	0	0	0	0	1.5	1.5	1.5	1.5	1.5	1.5
138.695479363302	0.24942121024919	-4.76788037897905	863904.246291949	4598796.86379632	0	0	0	0	0	1.5	1.5	1.5	1.5	1.5	1.5
138.795983333855	0.241435498459823	-4.74321385488012	863904.250621341	4598796.96420445	0	0	0	0	0	1.5	1.5	1.5	1.5	1.5	1.5
138.896487304408	0.233449786670453	-4.71934992652369	863904.252513275	4598797.06468823	0	0	0	0	0	1.5	1.5	1.5	1.5	1.5	1.5
138.996991274961	0.225464074881084	-4.6962885939098	863904.25204729	4598797.16518889	0	0	0	0	0	1.5	1.5	1.5	1.5	1.5	1.5
139.097495245514	0.217478363091714	-4.67402985703842	863904.249304267	4598797.26565335	0	0	0	0	0	1.5	1.5	1.5	1.5	1.5	1.5
139.197999216067	0.209492651302344	-4.65257371590957	863904.24436617	4598797.366034	0	0	0	0	0	1.5	1.5	1.5	1.5	1.5	1.5
139.29850318662	0.201506939512975	-4.63192017052325	863904.237315816	4598797.46628859	0	0	0	0	0	1.5	1.5	1.5	1.5	1.5	1.5
139.399007157174	0.193521227723605	-4.61206922087945	863904.228236653	4598797.56637997	0	0	0	0	0	1.5	1.5	1.5	1.5	1.5	1.5
139.499511127727	0.185535515934236	-4.59302086697818	863904.217212574	4598797.66627598	0	0	0	0	0	1.5	1.5	1.5	1.5	1.5	1.5
139.60001509828	0.177549804144866	-4.57477510881943	863904.204327736	4598797.76594919	0	0	0	0	0	1.5	1.5	1.5	1.5	1.5	1.5
139.700519068833	0.169564092355499	-4.55733194640321	863904.189666412	4598797.86537674	0	0	0	0	0	1.5	1.5	1.5	1.5	1.5	1.5
139.801023039386	0.161578380566129	-4.54069137972951	863904.17331285	4598797.96454012	0	0	0	0	0	1.5	1.5	1.5	1.5	1.5	1.5
139.901527009939	0.164494970216594	-4.52437178201197	863904.15533721	4598798.06342237	0	0	0	0	0	1.5	1.5	1.5	1.5	1.5	1.5
140.002030980492	0.168910893921736	-4.50761747543618	863904.135729316	4598798.16199388	0	0	0	0	0	1.5	1.5	1.5	1.5	1.5	1.5
140.102534951045	0.173326817626877	-4.49041935099435	863904.11445097	4598798.26021827	0	0	0	0	0	1.5	1.5	1.5	1.5	1.5	1.5
140.203038921598	0.177742741332019	-4.4727774086865	863904.091464881	4598798.35805705	0	0	0	0	0	1.5	1.5	1.5	1.5	1.5	1.5
140.303542892152	0.18215866503716	-4.45469164851262	863904.066734792	4598798.45546955	0	0	0	0	0	1.5	1.5	1.5	1.5	1.5	1.5
140.404046862705	0.1865745887423	-4.43616207047273	863904.040225569	4598798.55241293	0	0	0	0	0	1.5	1.5	1.5	1.5	1.5	1.5
140.504550833258	0.190990512447443	-4.41718867456679	863904.0119033	4598798.64884215	0	0	0	0	0	1.5	1.5	1.5	1.5	1.5	1.5
140.605054803811	0.195406436152583	-4.39777146079484	863903.981735396	4598798.74470992	0	0	0	0	0	1.5	1.5	1.5	1.5	1.5	1.5
140.705558774364	0.199822359857724	-4.37791042915686	863903.949690694	4598798.83996669	0	0	0	0	0	1.5	1.5	1.5	1.5	1.5	1.5
140.806062744917	0.204238283562866	-4.35760557965285	863903.915739572	4598798.93456068	0	0	0	0	0	1.5	1.5	1.5	1.5	1.5	1.5
140.90656671547	0.208654207268007	-4.33685691228281	863903.879854059	4598799.02843781	0	0	0	0	0	1.5	1.5	1.5	1.5	1.5	1.5
141.007070686023	0.213070130973148	-4.31566442704675	863903.842007951	4598799.12154174	0	0	0	0	0	1.5	1.5	1.5	1.5	1.5	1.5
141.107574656577	0.21748605467829	-4.29402812394466	863903.802176941	4598799.21381387	0	0	0	0	0	1.5	1.5	1.5	1.5	1.5	1.5
141.20807862713	0.221901978383431	-4.27194800297655	863903.760338736	4598799.30519331	0	0	0	0	0	1.5	1.5	1.5	1.5	1.5	1.5
141.308582597683	0.226317902088571	-4.24942406414242	863903.716473194	4598799.39561695	0	0	0	0	0	1.5	1.5	1.5	1.5	1.5	1.5
141.409086568236	0.216945758518434	-4.22711662523194	863903.670581149	4598799.48502919	0	0	0	0	0	1.5	1.5	1.5	1.5	1.5	1.5
141.509590538789	0.206893731744767	-4.20581784940762	863903.622750546	4598799.5734198	0	0	0	0	0	1.5	1.5	1.5	1.5	1.5	1.5
141.610094509342	0.196841704971097	-4.18552934218615	863903.573092365	4598799.66079695	0	0	0	0	0	1.5	1.5	1.5	1.5	1.5	1.5
141.710598479895	0.186789678197424	-4.16625110356753	863903.521715313	4598799.74717481	0	0	0	0	0	1.5	1.5	1.5	1.5	1.5	1.5
141.811102450448	0.176737651423757	-4.14798313355178	863903.468725746	4598799.83257313	0	0	0	0	0	1.5	1.5	1.5	1.5	1.5	1.5
141.911606421001	0.166685624650087	-4.13072543213889	863903.414227621	4598799.91701691	0	0	0	0	0	1.5	1.5	1.5	1.5	1.5	1.5
142.012110391555	0.156633597876417	-4.11447799932886	863903.35832248	4598800.00053601	0	0	0	0	0	1.5	1.5	1.5	1.5	1.5	1.5
142.112614362108	0.146581571102747	-4.09924083512169	863903.301109461	4598800.08316484	0	0	0	0	0	1.5	1.5	1.5	1.5	1.5	1.5
142.213118332661	0.13652954432908	-4.08501393951739	863903.242685332	4598800.16494197	0	0	0	0	0	1.5	1.5	1.5	1.5	1.5	1.5
142.313622303214	0.126477517555408	-4.07179731251593	863903.183144544	4598800.24590984	0	0	0	0	0	1.5	1.5	1.5	1.5	1.5	1.5
142.414126273767	0.116425490781738	-4.05959095411734	863903.122579306	4598800.32611442	0	0	0	0	0	1.5	1.5	1.5	1.5	1.5	1.5
142.51463024432	0.106373464008071	-4.04839486432161	863903.061079684	4598800.40560491	0	0	0	0	0	1.5	1.5	1.5	1.5	1.5	1.5
142.615134214873	0.0963214372344008	-4.03820904312874	863902.998733707	4598800.48443346	0	0	0	0	0	1.5	1.5	1.5	1.5	1.5	1.5
142.715638185426	0.0862694104607309	-4.02903349053873	863902.935627497	4598800.56265484	0	0	0	0	0	1.5	1.5	1.5	1.5	1.5	1.5
142.816142155979	0.0777005881501632	-4.02086038411239	863902.871845388	4598800.64032616	0	0	0	0	0	1.5	1.5	1.5	1.5	1.5	1.5
142.916646126533	0.0817808687771586	-4.012846124287	863902.807445573	4598800.71748611	0	0	0	0	0	1.5	1.5	1.5	1.5	1.5	1.5
143.017150097086	0.0858611494041539	-4.00442178005762	863902.742413758	4598800.79411412	0	0	0	0	0	1.5	1.5	1.5	1.5	1.5	1.5
143.117654067639	0.089941430031148	-3.99558735142426	863902.676723139	4598800.87017807	0	0	0	0	0	1.5	1.5	1.5	1.5	1.5	1.5
143.218158038192	0.0940217106581434	-3.98634283838691	863902.610347656	4598800.94564509	0	0	0	0	0	1.5	1.5	1.5	1.5	1.5	1.5
143.318662008745	0.0981019912851398	-3.97668824094557	863902.543262039	4598801.02048151	0	0	0	0	0	1.5	1.5	1.5	1.5	1.5	1.5
143.419165979298	0.102182271912134	-3.96662355910026	863902.475441857	4598801.09465284	0	0	0	0	0	1.5	1.5	1.5	1.5	1.5	1.5
143.519669949851	0.106262552539129	-3.95614879285096	863902.40686357	4598801.16812375	0	0	0	0	0	1.5	1.5	1.5	1.5	1.5	1.5
143.620173920404	0.110342833166125	-3.94526394219768	863902.337504579	4598801.24085805	0	0	0	0	0	1.5	1.5	1.5	1.5	1.5	1.5
143.720677890958	0.11442311379312	-3.93396900714041	863902.267343281	4598801.31281868	0	0	0	0	0	1.5	1.5	1.5	1.5	1.5	1.5
143.821181861511	0.118503394420114	-3.92226398767916	863902.196359122	4598801.38396769	0	0	0	0	0	1.5	1.5	1.5	1.5	1.5	1.5
143.921685832064	0.122583675047111	-3.91014888381392	863902.124532658	4598801.45426623	0	0	0	0	0	1.5	1.5	1.5	1.5	1.5	1.5
144.022189802617	0.126663955674106	-3.8976236955447	863902.051845609	4598801.5236745	0	0	0	0	0	1.5	1.5	1.5	1.5	1.5	1.5
144.12269377317	0.1307442363011	-3.8846884228715	863901.978280923	4598801.59215183	0	0	0	0	0	1.5	1.5	1.5	1.5	1.5	1.5
144.223197743723	0.134824516928096	-3.87134306579431	863901.903822833	4598801.65965658	0	0	0	0	0	1.5	1.5	1.5	1.5	1.5	1.5
144.323701714276	0.137728892102041	-3.85759860383561	863901.82845697	4598801.72614624	0	0	0	0	0	1.5	1.5	1.5	1.5	1.5	1.5
144.424205684829	0.135480471686364	-3.84386929090909	863901.75218173	4598801.7915907	0	0	0	0	0	1.5	1.5	1.5	1.5	1.5	1.5
144.524709655382	0.133232051270688	-3.83036595316183	863901.675022455	4598801.85599056	0	0	0	0	0	1.5	1.5	1.5	1.5	1.5	1.5
144.625213625936	0.130983630855011	-3.81708859059381	863901.597007767	4598801.91935149	0	0	0	0	0	1.5	1.5	1.5	1.5	1.5	1.5
144.725717596489	0.128735210439334	-3.80403720320504	863901.518165736	4598801.98167997	0	0	0	0	0	1.5	1.5	1.5	1.5	1.5	1.5
144.826221567042	0.126486790023657	-3.79121179099552	863901.438523877	4598802.04298318	0	0	0	0	0	1.5	1.5	1.5	1.5	1.5	1.5
144.926725537595	0.124238369607981	-3.77861235396525	863901.358109142	4598802.10326904	0	0	0	0	0	1.5	1.5	1.5	1.5	1.5	1.5
145.027229508148	0.121989949192305	-3.76623889211423	863901.27694792	4598802.16254614	0	0	0	0	0	1.5	1.5	1.5	1.5	1.5	1.5
145.127733478701	0.119741528776627	-3.75409140544245	863901.195066032	4598802.22082376	0	0	0	0	0	1.5	1.5	1.5	1.5	1.5	1.5
145.228237449254	0.117493108360951	-3.74216989394992	863901.11248873	4598802.27811178	0	0	0	0	0	1.5	1.5	1.5	1.5	1.5	1.5
145.328741419807	0.115244687945274	-3.73047435763665	863901.029240695	4598802.33442073	0	0	0	0	0	1.5	1.5	1.5	1.5	1.5	1.5
145.429245390361	0.112996267529598	-3.71900479650261	863900.945346039	4598802.38976171	0	0	0	0	0	1.5	1.5	1.5	1.5	1.5	1.5
145.529749360914	0.110747847113921	-3.70776121054783	863900.860828304	4598802.4441464	0	0	0	0	0	1.5	1.5	1.5	1.5	1.5	1.5
145.630253331467	0.108499426698244	-3.6967435997723	863900.775710466	4598802.49758701	0	0	0	0	0	1.5	1.5	1.5	1.5	1.5	1.5
145.73075730202	0.106251006282567	-3.68595196417601	863900.690014933	4598802.55009631	0	0	0	0	0	1.5	1.5	1.5	1.5	1.5	1.5
145.831261272573	0.104424033152838	-3.67538079126285	863900.603763526	4598802.60168748	0	0	0	0	0	1.5	1.5	1.5	1.5	1.5	1.5
145.931765243126	0.103794779012611	-3.66491738257961	863900.516974864	4598802.65236966	0	0	0	0	0	1.5	1.5	1.5	1.5	1.5	1.5
146.032269213679	0.103165524872382	-3.65451721643595	863900.429662223	4598802.70214375	0	0	0	0	0	1.5	1.5	1.5	1.5	1.5	1.5
146.132773184232	0.102536270732154	-3.64418029283187	863900.341838195	4598802.75100988	0	0	0	0	0	1.5	1.5	1.5	1.5	1.5	1.5
146.233277154785	0.101907016591926	-3.63390661176737	863900.253515254	4598802.79896837	0	0	0	0	0	1.5	1.5	1.5	1.5	1.5	1.5
146.333781125339	0.101277762451698	-3.62369617324244	863900.164705756	4598802.84601976	0	0	0	0	0	1.5	1.5	1.5	1.5	1.5	1.5
146.434285095892	0.10064850831147	-3.6135489772571	863900.075421934	4598802.89216476	0	0	0	0	0	1.5	1.5	1.5	1.5	1.5	1.5
146.534789066445	0.100019254171242	-3.60346502381134	863899.9856759	4598802.93740425	0	0	0	0	0	1.5	1.5	1.5	1.5	1.5	1.5
146.635293036998	0.099390000031014	-3.59344431290516	863899.895479642	4598802.98173932	0	0	0	0	0	1.5	1.5	1.5	1.5	1.5	1.5
146.735797007551	0.0987607458907859	-3.58348684453856	863899.804845018	4598803.02517122	0	0	0	0	0	1.5	1.5	1.5	1.5	1.5	1.5
146.836300978104	0.098131491750558	-3.57359261871154	863899.713783764	4598803.06770137	0	0	0	0	0	1.5	1.5	1.5	1.5	1.5	1.5
146.936804948657	0.09750223761033	-3.5637616354241	863899.622307482	4598803.10933137	0	0	0	0	0	1.5	1.5	1.5	1.5	1.5	1.5
147.03730891921	0.0968729834701017	-3.55399389467623	863899.530427647	4598803.15006297	0	0	0	0	0	1.5	1.5	1.5	1.5	1.5	1.5
147.137812889764	0.0962437293298738	-3.54428939646795	863899.4381556	4598803.18989811	0	0	0	0	0	1.5	1.5	1.5	1.5	1.5	1.5
147.238316860317	0.0956144751896457	-3.53464814079925	863899.34550255	4598803.22883886	0	0	0	0	0	1.5	1.5	1.5	1.5	1.5	1.5
147.33882083087	0.0933089820744104	-3.52509841730797	863899.252479693	4598803.26688777	0	0	0	0	0	1.5	1.5	1.5	1.5	1.5	1.5
147.439324801423	0.0876886114576668	-3.5160029289027	863899.159104988	4598803.30406495	0	0	0	0	0	1.5	1.5	1.5	1.5	1.5	1.5
147.539828771976	0.0820682408409248	-3.5074723100604	863899.065406231	4598803.3404178	0	0	0	0	0	1.5	1.5	1.5	1.5	1.5	1.5
147.640332742529	0.0764478702241796	-3.49950656078106	863898.971410782	4598803.37599659	0	0	0	0	0	1.5	1.5	1.5	1.5	1.5	1.5
147.740836713082	0.0708274996074375	-3.49210568106468	863898.877144714	4598803.41085215	0	0	0	0	0	1.5	1.5	1.5	1.5	1.5	1.5
147.841340683635	0.0652071289906939	-3.48526967091126	863898.782632886	4598803.44503582	0	0	0	0	0	1.5	1.5	1.5	1.5	1.5	1.5
147.941844654188	0.0595867583739487	-3.47899853032081	863898.687899036	4598803.47859938	0	0	0	0	0	1.5	1.5	1.5	1.5	1.5	1.5
148.042348624742	0.0539663877572067	-3.47329225929332	863898.592965856	4598803.51159502	0	0	0	0	0	1.5	1.5	1.5	1.5	1.5	1.5
148.142852595295	0.0483460171404631	-3.46815085782879	863898.497855087	4598803.54407528	0	0	0	0	0	1.5	1.5	1.5	1.5	1.5	1.5
148.243356565848	0.0427256465237195	-3.46357432592723	863898.402587598	4598803.57609303	0	0	0	0	0	1.5	1.5	1.5	1.5	1.5	1.5
148.343860536401	0.0371052759069759	-3.45956266358863	863898.307183482	4598803.6077014	0	0	0	0	0	1.5	1.5	1.5	1.5	1.5	1.5
148.444364506954	0.0314849052902339	-3.45611587081299	863898.211662138	4598803.63895378	0	0	0	0	0	1.5	1.5	1.5	1.5	1.5	1.5
148.544868477507	0.0258645346734887	-3.45323394760031	863898.116042364	4598803.66990374	0	0	0	0	0	1.5	1.5	1.5	1.5	1.5	1.5
148.64537244806	0.020244164056745	-3.4509168939506	863898.020342448	4598803.70060503	0	0	0	0	0	1.5	1.5	1.5	1.5	1.5	1.5
148.745876418613	0.014623793440003	-3.44916470986385	863897.924580255	4598803.73111155	0	0	0	0	0	1.5	1.5	1.5	1.5	1.5	1.5
148.846380389167	0.016415428388775	-3.44781488494035	863897.828772606	4598803.76147504	0	0	0	0	0	1.5	1.5	1.5	1.5	1.5	1.5
148.94688435972	0.0277831080964284	-3.44559382073565	863897.732913466	4598803.79167552	0	0	0	0	0	1.5	1.5	1.5	1.5	1.5	1.5
149.047388330273	0.0391507878040851	-3.44223025958435	863897.636970397	4598803.82160821	0	0	0	0	0	1.5	1.5	1.5	1.5	1.5	1.5
149.147892300826	0.0505184675117418	-3.43772420148646	863897.540910327	4598803.85116314	0	0	0	0	0	1.5	1.5	1.5	1.5	1.5	1.5
149.248396271379	0.0618861472193984	-3.43207564644198	863897.444701483	4598803.88022995	0	0	0	0	0	1.5	1.5	1.5	1.5	1.5	1.5
149.348900241932	0.0732538269270551	-3.42528459445089	863897.348313768	4598803.90869779	0	0	0	0	0	1.5	1.5	1.5	1.5	1.5	1.5
149.449404212485	0.0846215066347118	-3.41735104551322	863897.251719146	4598803.93645521	0	0	0	0	0	1.5	1.5	1.5	1.5	1.5	1.5
149.549908183038	0.0959891863423684	-3.40827499962894	863897.154892028	4598803.96339009	0	0	0	0	0	1.5	1.5	1.5	1.5	1.5	1.5
149.650412153591	0.107356866050022	-3.39805645679808	863897.05780966	4598803.98938959	0	0	0	0	0	1.5	1.5	1.5	1.5	1.5	1.5
149.750916124145	0.118724545757679	-3.38669541702061	863896.96045252	4598804.01434007	0	0	0	0	0	1.5	1.5	1.5	1.5	1.5	1.5
149.851420094698	0.130092225465335	-3.37419188029655	863896.862804712	4598804.03812709	0	0	0	0	0	1.5	1.5	1.5	1.5	1.5	1.5
149.951924065251	0.141459905172992	-3.3605458466259	863896.764854371	4598804.06063536	0	0	0	0	0	1.5	1.5	1.5	1.5	1.5	1.5
150.052428035804	0.152827584880649	-3.34575731600864	863896.666594066	4598804.08174878	0	0	0	0	0	1.5	1.5	1.5	1.5	1.5	1.5
150.152932006357	0.164195264588305	-3.3298262884448	863896.568021212	4598804.10135048	0	0	0	0	0	1.5	1.5	1.5	1.5	1.5	1.5
150.25343597691	0.175562944295962	-3.31275276393436	863896.469138477	4598804.11932289	0	0	0	0	0	1.5	1.5	1.5	1.5	1.5	1.5
150.353939947463	0.174750294428474	-3.29486426865473	863896.369955108	4598804.13555359	0	0	0	0	0	1.5	1.5	1.5	1.5	1.5	1.5
150.454443918016	0.163355194896258	-3.27787379658325	863896.270502403	4598804.15004375	0	0	0	0	0	1.5	1.5	1.5	1.5	1.5	1.5
150.55494788857	0.151960095364048	-3.26202857725962	863896.170825059	4598804.16289925	0	0	0	0	0	1.5	1.5	1.5	1.5	1.5	1.5
150.655451859123	0.140564995831836	-3.24732861068382	863896.070962865	4598804.174231	0	0	0	0	0	1.5	1.5	1.5	1.5	1.5	1.5
150.755955829676	0.129169896299623	-3.23377389685586	863895.97095042	4598804.18415088	0	0	0	0	0	1.5	1.5	1.5	1.5	1.5	1.5
150.856459800229	0.11777479676741	-3.22136443577573	863895.870817501	4598804.19277161	0	0	0	0	0	1.5	1.5	1.5	1.5	1.5	1.5
150.956963770782	0.106379697235198	-3.21010022744343	863895.770589443	4598804.20020651	0	0	0	0	0	1.5	1.5	1.5	1.5	1.5	1.5
151.057467741335	0.094984597702985	-3.19998127185898	863895.670287522	4598804.20656942	0	0	0	0	0	1.5	1.5	1.5	1.5	1.5	1.5
151.157971711888	0.0835894981707724	-3.19100756902235	863895.569929339	4598804.21197454	0	0	0	0	0	1.5	1.5	1.5	1.5	1.5	1.5
151.258475682441	0.072194398638563	-3.18317911893357	863895.469529209	4598804.21653637	0	0	0	0	0	1.5	1.5	1.5	1.5	1.5	1.5
151.358979652994	0.0607992991063471	-3.17649592159261	863895.369098552	4598804.2203696	0	0	0	0	0	1.5	1.5	1.5	1.5	1.5	1.5
151.459483623548	0.0494041995741377	-3.1709579769995	863895.268646289	4598804.22358908	0	0	0	0	0	1.5	1.5	1.5	1.5	1.5	1.5
151.559987594101	0.038009100041925	-3.16656528515422	863895.16817923	4598804.22630974	0	0	0	0	0	1.5	1.5	1.5	1.5	1.5	1.5
151.660491564654	0.0266140005097124	-3.16331784605677	863895.067702475	4598804.2286466	0	0	0	0	0	1.5	1.5	1.5	1.5	1.5	1.5
151.760995535207	0.0152189009774997	-3.16121565970716	863894.967219803	4598804.23071469	0	0	0	0	0	1.5	1.5	1.5	1.5	1.5	1.5
151.86149950576	0.0147135382495061	-3.15990552447139	863894.866733928	4598804.23262145	0	0	0	0	0	1.5	1.5	1.5	1.5	1.5	1.5
151.962003476313	0.0201903889812101	-3.15815153283409	863894.766245328	4598804.23437834	0	0	0	0	0	1.5	1.5	1.5	1.5	1.5	1.5
152.062507446866	0.0256672397129142	-3.15584709595214	863894.665753379	4598804.23593132	0	0	0	0	0	1.5	1.5	1.5	1.5	1.5	1.5
152.163011417419	0.0311440904446168	-3.15299221382552	863894.565257769	4598804.23722506	0	0	0	0	0	1.5	1.5	1.5	1.5	1.5	1.5
152.263515387973	0.0366209411763224	-3.14958688645424	863894.464758617	4598804.23820423	0	0	0	0	0	1.5	1.5	1.5	1.5	1.5	1.5
152.364019358526	0.042097791908025	-3.1456311138383	863894.364256559	4598804.2388135	0	0	0	0	0	1.5	1.5	1.5	1.5	1.5	1.5
152.464523329079	0.0475746426397291	-3.14112489597769	863894.263752842	4598804.23899755	0	0	0	0	0	1.5	1.5	1.5	1.5	1.5	1.5
152.565027299632	0.0530514933714347	-3.13606823287242	863894.163249416	4598804.23870104	0	0	0	0	0	1.5	1.5	1.5	1.5	1.5	1.5
152.665531270185	0.0585283441031372	-3.13046112452249	863894.062749024	4598804.23786867	0	0	0	0	0	1.5	1.5	1.5	1.5	1.5	1.5
152.766035240738	0.0640051948348413	-3.12430357092789	863893.962255294	4598804.23644514	0	0	0	0	0	1.5	1.5	1.5	1.5	1.5	1.5
152.866539211291	0.0694820455665454	-3.11759557208863	863893.861772831	4598804.23437518	0	0	0	0	0	1.5	1.5	1.5	1.5	1.5	1.5
152.967043181844	0.0749588962982495	-3.11033712800471	863893.761307304	4598804.2316036	0	0	0	0	0	1.5	1.5	1.5	1.5	1.5	1.5
153.067547152397	0.0804357470299521	-3.10252823867613	863893.660865543	4598804.22807523	0	0	0	0	0	1.5	1.5	1.5	1.5	1.5	1.5
153.168051122951	0.0859125977616577	-3.09416890410288	863893.560455625	4598804.223735	0	0	0	0	0	1.5	1.5	1.5	1.5	1.5	1.5
153.268555093504	0.0913894484933618	-3.08525912428496	863893.460086965	4598804.21852795	0	0	0	0	0	1.5	1.5	1.5	1.5	1.5	1.5
153.369059064057	0.0918092559751617	-3.07601186562386	863893.359770026	4598804.21240521	0	0	0	0	0	1.5	1.5	1.5	1.5	1.5	1.5
153.46956303461	0.0912516876381481	-3.06681268978069	863893.259513846	4598804.20535715	0	0	0	0	0	1.5	1.5	1.5	1.5	1.5	1.5
153.570067005163	0.0906941193011345	-3.05766955176925	863893.159326515	4598804.19738994	0	0	0	0	0	1.5	1.5	1.5	1.5	1.5	1.5
153.670570975716	0.090136550964121	-3.04858245158953	863893.059215964	4598804.18850984	0	0	0	0	0	1.5	1.5	1.5	1.5	1.5	1.5
153.771074946269	0.0895789826271074	-3.03955138924153	863892.95918996	4598804.17872322	0	0	0	0	0	1.5	1.5	1.5	1.5	1.5	1.5
153.871578916822	0.0890214142900938	-3.03057636472526	863892.859256115	4598804.16803646	0	0	0	0	0	1.5	1.5	1.5	1.5	1.5	1.5
153.972082887375	0.0884638459530804	-3.02165737804072	863892.759421878	4598804.15645603	0	0	0	0	0	1.5	1.5	1.5	1.5	1.5	1.5
154.072586857929	0.0879062776160668	-3.01279442918789	863892.659694542	4598804.14398845	0	0	0	0	0	1.5	1.5	1.5	1.5	1.5	1.5
154.173090828482	0.0873487092790531	-3.0039875181668	863892.560081244	4598804.13064028	0	0	0	0	0	1.5	1.5	1.5	1.5	1.5	1.5
154.273594799035	0.0867911409420397	-2.99523664497743	863892.46058896	4598804.11641815	0	0	0	0	0	1.5	1.5	1.5	1.5	1.5	1.5
154.374098769588	0.0862335726050261	-2.98654180961978	863892.361224514	4598804.10132871	0	0	0	0	0	1.5	1.5	1.5	1.5	1.5	1.5
154.474602740141	0.0856760042680125	-2.97790301209385	863892.261994571	4598804.08537867	0	0	0	0	0	1.5	1.5	1.5	1.5	1.5	1.5
154.575106710694	0.0851184359309989	-2.96932025239965	863892.162905643	4598804.06857478	0	0	0	0	0	1.5	1.5	1.5	1.5	1.5	1.5
154.675610681247	0.0845608675939855	-2.96079353053718	863892.063964089	4598804.05092384	0	0	0	0	0	1.5	1.5	1.5	1.5	1.5	1.5
154.7761146518	0.0840032992569718	-2.95232284650643	863891.965176112	4598804.03243268	0	0	0	0	0	1.5	1.5	1.5	1.5	1.5	1.5
154.876618622354	0.0867164460884984	-2.94375205529046	863891.866548731	4598804.01310327	0	0	0	0	0	1.5	1.5	1.5	1.5	1.5	1.5
154.977122592907	0.0896016678468005	-2.934891720025	863891.768093577	4598803.99291504	0	0	0	0	0	1.5	1.5	1.5	1.5	1.5	1.5
155.07762656346	0.0924868896051041	-2.92574140851689	863891.669824236	4598803.97184102	0	0	0	0	0	1.5	1.5	1.5	1.5	1.5	1.5
155.178130534013	0.0953721113634062	-2.91630112076615	863891.571755048	4598803.94985449	0	0	0	0	0	1.5	1.5	1.5	1.5	1.5	1.5
155.278634504566	0.098257333121709	-2.90657085677278	863891.473901133	4598803.92692897	0	0	0	0	0	1.5	1.5	1.5	1.5	1.5	1.5
155.379138475119	0.101142554880012	-2.89655061653677	863891.376278403	4598803.90303825	0	0	0	0	0	1.5	1.5	1.5	1.5	1.5	1.5
155.479642445672	0.104027776638315	-2.88624040005812	863891.278903591	4598803.87815644	0	0	0	0	0	1.5	1.5	1.5	1.5	1.5	1.5
155.580146416225	0.106912998396618	-2.87564020733684	863891.181794266	4598803.85225793	0	0	0	0	0	1.5	1.5	1.5	1.5	1.5	1.5
155.680650386778	0.10979822015492	-2.86475003837292	863891.084968851	4598803.8253175	0	0	0	0	0	1.5	1.5	1.5	1.5	1.5	1.5
155.781154357332	0.112683441913223	-2.85356989316637	863890.988446642	4598803.79731024	0	0	0	0	0	1.5	1.5	1.5	1.5	1.5	1.5
155.881658327885	0.115568663671525	-2.84209977171719	863890.892247829	4598803.76821169	0	0	0	0	0	1.5	1.5	1.5	1.5	1.5	1.5
155.982162298438	0.118453885429829	-2.83033967402536	863890.796393508	4598803.73799778	0	0	0	0	0	1.5	1.5	1.5	1.5	1.5	1.5
156.082666268991	0.121339107188131	-2.8182896000909	863890.700905696	4598803.70664489	0	0	0	0	0	1.5	1.5	1.5	1.5	1.5	1.5
156.183170239544	0.124224328946434	-2.80594954991381	863890.605807355	4598803.67412988	0	0	0	0	0	1.5	1.5	1.5	1.5	1.5	1.5
156.283674210097	0.127108147562024	-2.79331952741279	863890.511122394	4598803.64043015	0	0	0	0	0	1.5	1.5	1.5	1.5	1.5	1.5
156.38417818065	0.129968122089665	-2.7804009344953	863890.416875674	4598803.60552366	0	0	0	0	0	1.5	1.5	1.5	1.5	1.5	1.5
156.484682151203	0.132828096617306	-2.7671949027821	863890.32309297	4598803.5693891	0	0	0	0	0	1.5	1.5	1.5	1.5	1.5	1.5
156.585186121757	0.135688071144947	-2.75370143227319	863890.229801026	4598803.53200585	0	0	0	0	0	1.5	1.5	1.5	1.5	1.5	1.5
156.68569009231	0.138548045672588	-2.73992052296857	863890.137027573	4598803.49335388	0	0	0	0	0	1.5	1.5	1.5	1.5	1.5	1.5
156.786194062863	0.141408020200229	-2.72585217486825	863890.044801342	4598803.45341388	0	0	0	0	0	1.5	1.5	1.5	1.5	1.5	1.5
156.886698033416	0.14426799472787	-2.71149638797222	863889.953152067	4598803.41216724	0	0	0	0	0	1.5	1.5	1.5	1.5	1.5	1.5
156.987202003969	0.147127969255511	-2.69685316228048	863889.862110492	4598803.36959613	0	0	0	0	0	1.5	1.5	1.5	1.5	1.5	1.5
157.087705974522	0.149987943783152	-2.68192249779303	863889.771708376	4598803.32568351	0	0	0	0	0	1.5	1.5	1.5	1.5	1.5	1.5
157.188209945075	0.152847918310793	-2.66670439450987	863889.681978495	4598803.2804132	0	0	0	0	0	1.5	1.5	1.5	1.5	1.5	1.5
157.288713915628	0.155707892838434	-2.651198852431	863889.59295464	4598803.23376988	0	0	0	0	0	1.5	1.5	1.5	1.5	1.5	1.5
157.389217886181	0.158567867366075	-2.63540587155642	863889.504671623	4598803.18573919	0	0	0	0	0	1.5	1.5	1.5	1.5	1.5	1.5
157.489721856735	0.161427841893715	-2.61932545188614	863889.417165269	4598803.13630774	0	0	0	0	0	1.5	1.5	1.5	1.5	1.5	1.5
157.590225827288	0.164287816421357	-2.60295759342014	863889.330472412	4598803.08546316	0	0	0	0	0	1.5	1.5	1.5	1.5	1.5	1.5
157.690729797841	0.167147790948997	-2.58630229615845	863889.244630893	4598803.03319416	0	0	0	0	0	1.5	1.5	1.5	1.5	1.5	1.5
157.791233768394	0.168948035411683	-2.56937114141719	863889.159679501	4598802.97949065	0	0	0	0	0	1.5	1.5	1.5	1.5	1.5	1.5
157.891737738947	0.166935128804637	-2.55249234559434	863889.075650031	4598802.92435576	0	0	0	0	0	1.5	1.5	1.5	1.5	1.5	1.5
157.9922417095	0.164922222197592	-2.53581585487786	863888.992557354	4598802.86781886	0	0	0	0	0	1.5	1.5	1.5	1.5	1.5	1.5
158.092745680053	0.162909315590546	-2.51934166926774	863888.910413143	4598802.80991248	0	0	0	0	0	1.5	1.5	1.5	1.5	1.5	1.5
158.193249650606	0.160896408983501	-2.50306978876398	863888.829227981	4598802.75066896	0	0	0	0	0	1.5	1.5	1.5	1.5	1.5	1.5
158.29375362116	0.158883502376455	-2.48700021336658	863888.749011381	4598802.6901204	0	0	0	0	0	1.5	1.5	1.5	1.5	1.5	1.5
158.394257591713	0.15687059576941	-2.47113294307555	863888.66977181	4598802.62829867	0	0	0	0	0	1.5	1.5	1.5	1.5	1.5	1.5
158.494761562266	0.154857689162364	-2.45546797789086	863888.591516715	4598802.56523536	0	0	0	0	0	1.5	1.5	1.5	1.5	1.5	1.5
158.595265532819	0.152844782555319	-2.44000531781255	863888.514252543	4598802.50096176	0	0	0	0	0	1.5	1.5	1.5	1.5	1.5	1.5
158.695769503372	0.150831875948273	-2.42474496284059	863888.437984768	4598802.43550889	0	0	0	0	0	1.5	1.5	1.5	1.5	1.5	1.5
158.796273473925	0.148818969341227	-2.40968691297499	863888.362717912	4598802.36890741	0	0	0	0	0	1.5	1.5	1.5	1.5	1.5	1.5
158.896777444478	0.146806062734182	-2.39483116821576	863888.288455571	4598802.30118764	0	0	0	0	0	1.5	1.5	1.5	1.5	1.5	1.5
158.997281415031	0.144793156127137	-2.38017772856288	863888.215200436	4598802.23237955	0	0	0	0	0	1.5	1.5	1.5	1.5	1.5	1.5
159.097785385584	0.142780249520091	-2.36572659401637	863888.142954319	4598802.16251275	0	0	0	0	0	1.5	1.5	1.5	1.5	1.5	1.5
159.198289356138	0.140767342913046	-2.35147776457621	863888.071718177	4598802.09161642	0	0	0	0	0	1.5	1.5	1.5	1.5	1.5	1.5
159.298793326691	0.140710245240121	-2.33738970459223	863888.001492555	4598802.01971897	0	0	0	0	0	1.5	1.5	1.5	1.5	1.5	1.5
159.399297297244	0.143325250309959	-2.32311635705182	863887.932291794	4598801.9468346	0	0	0	0	0	1.5	1.5	1.5	1.5	1.5	1.5
159.499801267797	0.145940255379797	-2.30858019111888	863887.864148079	4598801.87296103	0	0	0	0	0	1.5	1.5	1.5	1.5	1.5	1.5
159.60030523835	0.148555260449634	-2.29378120679341	863887.797095223	4598801.79809596	0	0	0	0	0	1.5	1.5	1.5	1.5	1.5	1.5
159.700809208903	0.151170265519472	-2.2787194040754	863887.731167586	4598801.72223818	0	0	0	0	0	1.5	1.5	1.5	1.5	1.5	1.5
159.801313179456	0.153785270589309	-2.26339478296486	863887.666400058	4598801.64538756	0	0	0	0	0	1.5	1.5	1.5	1.5	1.5	1.5
159.901817150009	0.156400275659146	-2.24780734346178	863887.602828046	4598801.56754513	0	0	0	0	0	1.5	1.5	1.5	1.5	1.5	1.5
160.002321120563	0.159015280728984	-2.23195708556617	863887.540487452	4598801.48871312	0	0	0	0	0	1.5	1.5	1.5	1.5	1.5	1.5
160.102825091116	0.161630285798822	-2.21584400927802	863887.479414654	4598801.40889493	0	0	0	0	0	1.5	1.5	1.5	1.5	1.5	1.5
160.203329061669	0.164245290868659	-2.19946811459733	863887.419646483	4598801.32809525	0	0	0	0	0	1.5	1.5	1.5	1.5	1.5	1.5
160.303833032222	0.166860295938497	-2.18282940152411	863887.361220201	4598801.24632004	0	0	0	0	0	1.5	1.5	1.5	1.5	1.5	1.5
160.404337002775	0.169475301008334	-2.16592787005836	863887.304173471	4598801.16357659	0	0	0	0	0	1.5	1.5	1.5	1.5	1.5	1.5
160.504840973328	0.172090306078171	-2.14876352020007	863887.248544333	4598801.07987355	0	0	0	0	0	1.5	1.5	1.5	1.5	1.5	1.5
160.605344943881	0.174705311148009	-2.13133635194925	863887.194371172	4598800.99522096	0	0	0	0	0	1.5	1.5	1.5	1.5	1.5	1.5
160.705848914434	0.177320316217846	-2.11364636530589	863887.141692684	4598800.9096303	0	0	0	0	0	1.5	1.5	1.5	1.5	1.5	1.5
160.806352884987	0.179068116754823	-2.09571971087137	863887.090547391	4598800.82311477	0	0	0	0	0	1.5	1.5	1.5	1.5	1.5	1.5
160.906856855541	0.180237966186154	-2.07766386688164	863887.040967196	4598800.73569293	0	0	0	0	0	1.5	1.5	1.5	1.5	1.5	1.5
161.007360826094	0.181407815617485	-2.05949044837911	863886.992978671	4598800.64738738	0	0	0	0	0	1.5	1.5	1.5	1.5	1.5	1.5
161.107864796647	0.182577665048816	-2.04119945536379	863886.946608047	4598800.55822162	0	0	0	0	0	1.5	1.5	1.5	1.5	1.5	1.5
161.2083687672	0.183747514480147	-2.02279088783567	863886.901881317	4598800.46822005	0	0	0	0	0	1.5	1.5	1.5	1.5	1.5	1.5
161.308872737753	0.184917363911478	-2.00426474579475	863886.858824218	4598800.37740791	0	0	0	0	0	1.5	1.5	1.5	1.5	1.5	1.5
161.409376708306	0.186087213342809	-1.98562102924103	863886.817462202	4598800.2858113	0	0	0	0	0	1.5	1.5	1.5	1.5	1.5	1.5
161.509880678859	0.18725706277414	-1.96685973817451	863886.777820414	4598800.19345719	0	0	0	0	0	1.5	1.5	1.5	1.5	1.5	1.5
161.610384649412	0.188426912205471	-1.9479808725952	863886.739923661	4598800.10037345	0	0	0	0	0	1.5	1.5	1.5	1.5	1.5	1.5
161.710888619966	0.189596761636802	-1.92898443250309	863886.703796393	4598800.00658877	0	0	0	0	0	1.5	1.5	1.5	1.5	1.5	1.5
161.811392590519	0.190766611068133	-1.90987041789818	863886.66946267	4598799.91213277	0	0	0	0	0	1.5	1.5	1.5	1.5	1.5	1.5
161.911896561072	0.191936460499464	-1.89063882878047	863886.636946139	4598799.81703592	0	0	0	0	0	1.5	1.5	1.5	1.5	1.5	1.5
162.012400531625	0.193106309930795	-1.87128966514996	863886.606270004	4598799.72132955	0	0	0	0	0	1.5	1.5	1.5	1.5	1.5	1.5
162.112904502178	0.194276159362126	-1.85182292700666	863886.577456999	4598799.62504591	0	0	0	0	0	1.5	1.5	1.5	1.5	1.5	1.5
162.213408472731	0.195446008793457	-1.83223861435055	863886.550529361	4598799.52821809	0	0	0	0	0	1.5	1.5	1.5	1.5	1.5	1.5
162.313912443284	0.177929088508252	-1.81344083158955	863886.525480521	4598799.43088718	0	0	0	0	0	1.5	1.5	1.5	1.5	1.5	1.5
162.414416413837	0.159689940418105	-1.79647480511885	863886.502176055	4598799.33312365	0	0	0	0	0	1.5	1.5	1.5	1.5	1.5	1.5
162.51492038439	0.141450792327953	-1.78134188545072	863886.480443524	4598799.23499846	0	0	0	0	0	1.5	1.5	1.5	1.5	1.5	1.5
162.615424354944	0.123211644237812	-1.76804207258516	863886.460108081	4598799.13657403	0	0	0	0	0	1.5	1.5	1.5	1.5	1.5	1.5
162.715928325497	0.104972496147665	-1.75657536652217	863886.440992945	4598799.03790514	0	0	0	0	0	1.5	1.5	1.5	1.5	1.5	1.5
162.81643229605	0.086733348057518	-1.74694176726174	863886.422919796	4598798.93903992	0	0	0	0	0	1.5	1.5	1.5	1.5	1.5	1.5
162.916936266603	0.0684941999673711	-1.73914127480387	863886.405709113	4598798.84002079	0	0	0	0	0	1.5	1.5	1.5	1.5	1.5	1.5
163.017440237156	0.0502550518772294	-1.73317388914858	863886.389180456	4598798.74088542	0	0	0	0	0	1.5	1.5	1.5	1.5	1.5	1.5
163.117944207709	0.0320159037870773	-1.72903961029585	863886.373152712	4598798.64166775	0	0	0	0	0	1.5	1.5	1.5	1.5	1.5	1.5
163.218448178262	0.0137767556969356	-1.72673843824568	863886.357444298	4598798.54239898	0	0	0	0	0	1.5	1.5	1.5	1.5	1.5	1.5
163.318952148815	-0.00446239239321128	-1.72627037299808	863886.341873345	4598798.44310853	0	0	0	0	0	1.5	1.5	1.5	1.5	1.5	1.5
163.419456119369	-0.0227015404833582	-1.72763541455305	863886.326257864	4598798.34382508	0	0	0	0	0	1.5	1.5	1.5	1.5	1.5	1.5
163.519960089922	-0.0409406885735051	-1.73083356291058	863886.310415904	4598798.24457755	0	0	0	0	0	1.5	1.5	1.5	1.5	1.5	1.5
163.620464060475	-0.0591798366636519	-1.73586481807068	863886.294165716	4598798.14539611	0	0	0	0	0	1.5	1.5	1.5	1.5	1.5	1.5
163.720968031028	-0.0794571691853693	-1.74274618779485	863886.277325829	4598798.04631319	0	0	0	0	0	1.5	1.5	1.5	1.5	1.5	1.5
163.821472001581	-0.109970512497433	-1.75226530486575	863886.259683468	4598797.94737018	0	0	0	0	0	1.5	1.5	1.5	1.5	1.5	1.5
163.921975972134	-0.140483855809488	-1.76485113409436	863886.240948696	4598797.84862848	0	0	0	0	0	1.5	1.5	1.5	1.5	1.5	1.5
164.022479942687	-0.170997199121551	-1.78050367548068	863886.220821757	4598797.75016149	0	0	0	0	0	1.5	1.5	1.5	1.5	1.5	1.5
164.12298391324	-0.201510542433623	-1.79922292902472	863886.199005725	4598797.65205536	0	0	0	0	0	1.5	1.5	1.5	1.5	1.5	1.5
164.223487883793	-0.232023885745678	-1.82100889472646	863886.175207522	4598797.55441165	0	0	0	0	0	1.5	1.5	1.5	1.5	1.5	1.5
164.323991854347	-0.262537229057742	-1.84586157258592	863886.149139166	4598797.45734997	0	0	0	0	0	1.5	1.5	1.5	1.5	1.5	1.5
164.4244958249	-0.293050572369805	-1.8737809626031	863886.120519301	4598797.36101049	0	0	0	0	0	1.5	1.5	1.5	1.5	1.5	1.5
164.524999795453	-0.323563915681869	-1.90476706477798	863886.089075034	4598797.26555633	0	0	0	0	0	1.5	1.5	1.5	1.5	1.5	1.5
164.625503766006	-0.354077258993932	-1.93881987911058	863886.054544107	4598797.17117578	0	0	0	0	0	1.5	1.5	1.5	1.5	1.5	1.5
164.726007736559	-0.384590602305996	-1.97593940560089	863886.016677455	4598797.0780844	0	0	0	0	0	1.5	1.5	1.5	1.5	1.5	1.5
164.826511707112	-0.415103945618059	-2.01612564424892	863885.975242141	4598796.98652675	0	0	0	0	0	1.5	1.5	1.5	1.5	1.5	1.5
164.927015677665	-0.445617288930114	-2.05937859505464	863885.930024724	4598796.89677789	0	0	0	0	0	1.5	1.5	1.5	1.5	1.5	1.5
165.027519648218	-0.476130632242186	-2.10569825801811	863885.880835034	4598796.80914447	0	0	0	0	0	1.5	1.5	1.5	1.5	1.5	1.5
165.128023618771	-0.506643975554241	-2.15508463313926	863885.827510383	4598796.72396538	0	0	0	0	0	1.5	1.5	1.5	1.5	1.5	1.5
165.228527589325	-0.510976637542036	-2.20682034517743	863885.769930769	4598796.64160416	0	0	0	0	0	1.5	1.5	1.5	1.5	1.5	1.5
165.329031559878	-0.493475887867958	-2.25729607869534	863885.708204877	4598796.5623021	0	0	0	0	0	1.5	1.5	1.5	1.5	1.5	1.5
165.429535530431	-0.475975138193879	-2.30601291738334	863885.642622934	4598796.48615711	0	0	0	0	0	1.5	1.5	1.5	1.5	1.5	1.5
165.530039500984	-0.458474388519805	-2.35297086124143	863885.573474342	4598796.41323479	0	0	0	0	0	1.5	1.5	1.5	1.5	1.5	1.5
165.630543471537	-0.440973638845722	-2.39816991026965	863885.501039695	4598796.34357454	0	0	0	0	0	1.5	1.5	1.5	1.5	1.5	1.5
165.73104744209	-0.423472889171643	-2.44161006446795	863885.425589381	4598796.27719149	0	0	0	0	0	1.5	1.5	1.5	1.5	1.5	1.5
165.831551412643	-0.40597213949757	-2.48329132383634	863885.347382449	4598796.2140784	0	0	0	0	0	1.5	1.5	1.5	1.5	1.5	1.5
165.932055383196	-0.388471389823486	-2.52321368837485	863885.26666571	4598796.15420759	0	0	0	0	0	1.5	1.5	1.5	1.5	1.5	1.5
166.03255935375	-0.370970640149412	-2.56137715808344	863885.183673071	4598796.09753269	0	0	0	0	0	1.5	1.5	1.5	1.5	1.5	1.5
166.133063324303	-0.353469890475334	-2.59778173296214	863885.098625066	4598796.04399047	0	0	0	0	0	1.5	1.5	1.5	1.5	1.5	1.5
166.233567294856	-0.335969140801255	-2.63242741301094	863885.011728575	4598795.99350247	0	0	0	0	0	1.5	1.5	1.5	1.5	1.5	1.5
166.334071265409	-0.318468391127176	-2.66531419822983	863884.923176714	4598795.94597663	0	0	0	0	0	1.5	1.5	1.5	1.5	1.5	1.5
166.434575235962	-0.300967641453098	-2.69644208861883	863884.83314887	4598795.90130875	0	0	0	0	0	1.5	1.5	1.5	1.5	1.5	1.5
166.535079206515	-0.283466891779019	-2.72581108417792	863884.741810876	4598795.8593839	0	0	0	0	0	1.5	1.5	1.5	1.5	1.5	1.5
166.635583177068	-0.26596614210494	-2.75342118490711	863884.649315303	4598795.82007773	0	0	0	0	0	1.5	1.5	1.5	1.5	1.5	1.5
166.736087147621	-0.258881191649702	-2.77968652216303	863884.555797911	4598795.78326787	0	0	0	0	0	1.5	1.5	1.5	1.5	1.5	1.5
166.836591118175	-0.254544818881049	-2.80548719848483	863884.461354379	4598795.74890354	0	0	0	0	0	1.5	1.5	1.5	1.5	1.5	1.5
166.937095088728	-0.250208446112398	-2.83085205212557	863884.366062623	4598795.71696629	0	0	0	0	0	1.5	1.5	1.5	1.5	1.5	1.5
167.037599059281	-0.245872073343746	-2.85578108308527	863884.269997869	4598795.68743516	0	0	0	0	0	1.5	1.5	1.5	1.5	1.5	1.5
167.138103029834	-0.241535700575094	-2.88027429136392	863884.173232683	4598795.66028664	0	0	0	0	0	1.5	1.5	1.5	1.5	1.5	1.5
167.238607000387	-0.237199327806442	-2.90433167696153	863884.075836948	4598795.63549487	0	0	0	0	0	1.5	1.5	1.5	1.5	1.5	1.5
167.33911097094	-0.23286295503779	-2.92795323987808	863883.977877836	4598795.61303178	0	0	0	0	0	1.5	1.5	1.5	1.5	1.5	1.5
167.439614941493	-0.228526582269138	-2.95113898011359	863883.879419796	4598795.5928672	0	0	0	0	0	1.5	1.5	1.5	1.5	1.5	1.5
167.540118912046	-0.224190209500486	-2.97388889766805	863883.780524546	4598795.5749691	0	0	0	0	0	1.5	1.5	1.5	1.5	1.5	1.5
167.640622882599	-0.219853836731836	-2.99620299254145	863883.681251072	4598795.55930365	0	0	0	0	0	1.5	1.5	1.5	1.5	1.5	1.5
167.741126853153	-0.215517463963184	-3.01808126473381	863883.581655634	4598795.5458354	0	0	0	0	0	1.5	1.5	1.5	1.5	1.5	1.5
167.841630823706	-0.211181091194532	-3.03952371424513	863883.481791775	4598795.53452741	0	0	0	0	0	1.5	1.5	1.5	1.5	1.5	1.5
167.942134794259	-0.20684471842588	-3.0605303410754	863883.381710342	4598795.52534135	0	0	0	0	0	1.5	1.5	1.5	1.5	1.5	1.5
168.042638764812	-0.202508345657228	-3.08110114522461	863883.281459507	4598795.5182377	0	0	0	0	0	1.5	1.5	1.5	1.5	1.5	1.5
168.143142735365	-0.198173555677934	-3.10123612674708	863883.181084791	4598795.51317576	0	0	0	0	0	1.5	1.5	1.5	1.5	1.5	1.5
168.243646705918	-0.196155848162817	-3.121051962143	863883.080628998	4598795.51011778	0	0	0	0	0	1.5	1.5	1.5	1.5	1.5	1.5
168.344150676471	-0.1941381406477	-3.14066500992223	863882.98013241	4598795.50904069	0	0	0	0	0	1.5	1.5	1.5	1.5	1.5	1.5
168.444654647024	-0.192120433132582	-3.16007527008479	863882.879633904	4598795.50992453	0	0	0	0	0	1.5	1.5	1.5	1.5	1.5	1.5
168.545158617577	-0.190102725617465	-3.17928274263065	863882.779171164	4598795.5127486	0	0	0	0	0	1.5	1.5	1.5	1.5	1.5	1.5
168.645662588131	-0.188085018102348	-3.19828742755983	863882.678780681	4598795.5174915	0	0	0	0	0	1.5	1.5	1.5	1.5	1.5	1.5
168.746166558684	-0.18606731058723	-3.21708932487234	863882.578497753	4598795.52413114	0	0	0	0	0	1.5	1.5	1.5	1.5	1.5	1.5
168.846670529237	-0.184049603072113	-3.23568843456815	863882.478356485	4598795.53264486	0	0	0	0	0	1.5	1.5	1.5	1.5	1.5	1.5
168.94717449979	-0.182031895556996	-3.25408475664728	863882.378389793	4598795.5430094	0	0	0	0	0	1.5	1.5	1.5	1.5	1.5	1.5
169.047678470343	-0.180014188041878	-3.27227829110973	863882.278629408	4598795.55520099	0	0	0	0	0	1.5	1.5	1.5	1.5	1.5	1.5
169.148182440896	-0.177996480526761	-3.29026903795549	863882.179105878	4598795.56919538	0	0	0	0	0	1.5	1.5	1.5	1.5	1.5	1.5
169.248686411449	-0.175978773011644	-3.30805699718456	863882.079848581	4598795.58496784	0	0	0	0	0	1.5	1.5	1.5	1.5	1.5	1.5
169.349190382002	-0.173961065496526	-3.32564216879696	863881.980885724	4598795.60249328	0	0	0	0	0	1.5	1.5	1.5	1.5	1.5	1.5
169.449694352556	-0.17194335798141	-3.34302455279267	863881.882244359	4598795.62174619	0	0	0	0	0	1.5	1.5	1.5	1.5	1.5	1.5
169.550198323109	-0.169925650466292	-3.36020414917169	863881.783950386	4598795.64270078	0	0	0	0	0	1.5	1.5	1.5	1.5	1.5	1.5
169.650702293662	-0.169262267006957	-3.37719476046564	863881.68602859	4598795.66533101	0	0	0	0	0	1.5	1.5	1.5	1.5	1.5	1.5
169.751206264215	-0.173922455611984	-3.39444047409382	863881.588507333	4598795.6896292	0	0	0	0	0	1.5	1.5	1.5	1.5	1.5	1.5
169.851710234768	-0.178582644217012	-3.41215455518034	863881.491425748	4598795.71562823	0	0	0	0	0	1.5	1.5	1.5	1.5	1.5	1.5
169.952214205321	-0.18324283282204	-3.43033700372519	863881.39482648	4598795.74336541	0	0	0	0	0	1.5	1.5	1.5	1.5	1.5	1.5
170.052718175874	-0.187903021427068	-3.44898781972837	863881.298754459	4598795.7728768	0	0	0	0	0	1.5	1.5	1.5	1.5	1.5	1.5
170.153222146427	-0.192563210032095	-3.46810700318988	863881.203256929	4598795.80419712	0	0	0	0	0	1.5	1.5	1.5	1.5	1.5	1.5
170.25372611698	-0.197223398637125	-3.48769455410973	863881.108383471	4598795.83735963	0	0	0	0	0	1.5	1.5	1.5	1.5	1.5	1.5
170.354230087534	-0.201883587242153	-3.50775047248791	863881.014186017	4598795.87239603	0	0	0	0	0	1.5	1.5	1.5	1.5	1.5	1.5
170.454734058087	-0.206543775847179	-3.52827475832441	863880.920718871	4598795.90933633	0	0	0	0	0	1.5	1.5	1.5	1.5	1.5	1.5
170.55523802864	-0.211203964452207	-3.54926741161925	863880.828038707	4598795.94820874	0	0	0	0	0	1.5	1.5	1.5	1.5	1.5	1.5
170.655741999193	-0.215864153057235	-3.57072843237243	863880.736204573	4598795.98903952	0	0	0	0	0	1.5	1.5	1.5	1.5	1.5	1.5
170.756245969746	-0.220524341662264	-3.59265782058393	863880.645277891	4598796.03185286	0	0	0	0	0	1.5	1.5	1.5	1.5	1.5	1.5
170.856749940299	-0.225184530267292	-3.61505557625377	863880.555322437	4598796.07667073	0	0	0	0	0	1.5	1.5	1.5	1.5	1.5	1.5
170.957253910852	-0.22984471887232	-3.63792169938194	863880.466404328	4598796.12351278	0	0	0	0	0	1.5	1.5	1.5	1.5	1.5	1.5
171.057757881405	-0.234504907477348	-3.66125618996844	863880.378591991	4598796.17239615	0	0	0	0	0	1.5	1.5	1.5	1.5	1.5	1.5
171.158261851959	-0.238936405101135	-3.68505569061076	863880.291956113	4598796.22333529	0	0	0	0	0	1.5	1.5	1.5	1.5	1.5	1.5
171.258765822512	-0.242813798983506	-3.7092645947734	863880.206568176	4598796.27633958	0	0	0	0	0	1.5	1.5	1.5	1.5	1.5	1.5
171.359269793065	-0.246691192865875	-3.73386319241661	863880.122499106	4598796.33141163	0	0	0	0	0	1.5	1.5	1.5	1.5	1.5	1.5
171.459773763618	-0.250568586748246	-3.75885148354041	863880.039821225	4598796.38855085	0	0	0	0	0	1.5	1.5	1.5	1.5	1.5	1.5
171.560277734171	-0.254445980630617	-3.78422946814478	863879.95860842	4598796.44775377	0	0	0	0	0	1.5	1.5	1.5	1.5	1.5	1.5
171.660781704724	-0.258323374512988	-3.80999714622972	863879.878936056	4598796.5090139	0	0	0	0	0	1.5	1.5	1.5	1.5	1.5	1.5
171.761285675277	-0.262200768395359	-3.83615451779525	863879.800880897	4598796.5723216	0	0	0	0	0	1.5	1.5	1.5	1.5	1.5	1.5
171.86178964583	-0.26607816227773	-3.86270158284135	863879.724521009	4598796.63766394	0	0	0	0	0	1.5	1.5	1.5	1.5	1.5	1.5
171.962293616383	-0.269955556160101	-3.88963834136803	863879.649935658	4598796.70502464	0	0	0	0	0	1.5	1.5	1.5	1.5	1.5	1.5
172.062797586937	-0.27383295004247	-3.91696479337527	863879.577205202	4598796.77438385	0	0	0	0	0	1.5	1.5	1.5	1.5	1.5	1.5
172.16330155749	-0.277710343924842	-3.94468093886311	863879.506410966	4598796.84571812	0	0	0	0	0	1.5	1.5	1.5	1.5	1.5	1.5
172.263805528043	-0.281587737807212	-3.97278677783151	863879.437635117	4598796.91900021	0	0	0	0	0	1.5	1.5	1.5	1.5	1.5	1.5
172.364309498596	-0.285465131689583	-4.0012823102805	863879.370960527	4598796.99419904	0	0	0	0	0	1.5	1.5	1.5	1.5	1.5	1.5
172.464813469149	-0.289342525571954	-4.03016753621006	863879.306470623	4598797.0712795	0	0	0	0	0	1.5	1.5	1.5	1.5	1.5	1.5
172.565317439702	-0.293219919454325	-4.05944245562019	863879.244249233	4598797.15020241	0	0	0	0	0	1.5	1.5	1.5	1.5	1.5	1.5
172.665821410255	-0.292458315080053	-4.08897319365463	863879.184378335	4598797.23092285	0	0	0	0	0	1.5	1.5	1.5	1.5	1.5	1.5
172.766325380808	-0.288257731728303	-4.11815532788871	863879.126904678	4598797.31336743	0	0	0	0	0	1.5	1.5	1.5	1.5	1.5	1.5
172.866829351362	-0.284057148376552	-4.14691528681729	863879.071843254	4598797.39744235	0	0	0	0	0	1.5	1.5	1.5	1.5	1.5	1.5
172.967333321915	-0.279856565024803	-4.17525307044038	863879.019204132	4598797.48305482	0	0	0	0	0	1.5	1.5	1.5	1.5	1.5	1.5
173.067837292468	-0.275655981673052	-4.20316867875799	863878.968993459	4598797.57011388	0	0	0	0	0	1.5	1.5	1.5	1.5	1.5	1.5
173.168341263021	-0.271455398321303	-4.2306621117701	863878.921213629	4598797.65853051	0	0	0	0	0	1.5	1.5	1.5	1.5	1.5	1.5
173.268845233574	-0.267254814969552	-4.25773336947673	863878.87586345	4598797.7482177	0	0	0	0	0	1.5	1.5	1.5	1.5	1.5	1.5
173.369349204127	-0.263054231617801	-4.28438245187787	863878.832938312	4598797.83909059	0	0	0	0	0	1.5	1.5	1.5	1.5	1.5	1.5
173.46985317468	-0.258853648266051	-4.3106093589735	863878.792430354	4598797.93106654	0	0	0	0	0	1.5	1.5	1.5	1.5	1.5	1.5
173.570357145233	-0.254653064914301	-4.33641409076366	863878.754328629	4598798.02406518	0	0	0	0	0	1.5	1.5	1.5	1.5	1.5	1.5
173.670861115786	-0.250452481562551	-4.36179664724832	863878.718619264	4598798.11800849	0	0	0	0	0	1.5	1.5	1.5	1.5	1.5	1.5
173.77136508634	-0.2462518982108	-4.3867570284275	863878.685285624	4598798.2128209	0	0	0	0	0	1.5	1.5	1.5	1.5	1.5	1.5
173.871869056893	-0.242051314859051	-4.41129523430117	863878.654308465	4598798.30842925	0	0	0	0	0	1.5	1.5	1.5	1.5	1.5	1.5
173.972373027446	-0.237850731507299	-4.43541126486937	863878.625666094	4598798.4047629	0	0	0	0	0	1.5	1.5	1.5	1.5	1.5	1.5
174.072876997999	-0.23365014815555	-4.45910512013207	863878.599334515	4598798.50175375	0	0	0	0	0	1.5	1.5	1.5	1.5	1.5	1.5
174.173380968552	-0.226476302977494	-4.48225586370474	863878.575284391	4598798.59933545	0	0	0	0	0	1.5	1.5	1.5	1.5	1.5	1.5
174.273884939105	-0.218602367574178	-4.50462195050421	863878.553461363	4598798.69743938	0	0	0	0	0	1.5	1.5	1.5	1.5	1.5	1.5
174.374388909658	-0.210728432170861	-4.52619667553177	863878.533798783	4598798.79599921	0	0	0	0	0	1.5	1.5	1.5	1.5	1.5	1.5
174.474892880211	-0.202854496767545	-4.54698003878742	863878.516227834	4598798.89495347	0	0	0	0	0	1.5	1.5	1.5	1.5	1.5	1.5
174.575396850765	-0.194980561364229	-4.56697204027116	863878.500677825	4598798.99424551	0	0	0	0	0	1.5	1.5	1.5	1.5	1.5	1.5
174.675900821318	-0.187106625960912	-4.58617267998298	863878.487076418	4598799.09382332	0	0	0	0	0	1.5	1.5	1.5	1.5	1.5	1.5
174.776404791871	-0.179232690557598	-4.60458195792289	863878.475349847	4598799.1936394	0	0	0	0	0	1.5	1.5	1.5	1.5	1.5	1.5
174.876908762424	-0.171358755154282	-4.62219987409089	863878.465423117	4598799.29365063	0	0	0	0	0	1.5	1.5	1.5	1.5	1.5	1.5
174.977412732977	-0.163484819750963	-4.63902642848699	863878.457220181	4598799.3938181	0	0	0	0	0	1.5	1.5	1.5	1.5	1.5	1.5
175.07791670353	-0.155610884347649	-4.65506162111116	863878.450664111	4598799.49410693	0	0	0	0	0	1.5	1.5	1.5	1.5	1.5	1.5
175.178420674083	-0.147736948944333	-4.67030545196342	863878.445677241	4598799.59448613	0	0	0	0	0	1.5	1.5	1.5	1.5	1.5	1.5
175.278924644636	-0.139863013541017	-4.68475792104378	863878.442181308	4598799.69492841	0	0	0	0	0	1.5	1.5	1.5	1.5	1.5	1.5
175.379428615189	-0.1319890781377	-4.69841902835222	863878.440097568	4598799.79540999	0	0	0	0	0	1.5	1.5	1.5	1.5	1.5	1.5
175.479932585743	-0.124115142734386	-4.71128877388874	863878.439346903	4598799.89591047	0	0	0	0	0	1.5	1.5	1.5	1.5	1.5	1.5
175.580436556296	-0.116243337568857	-4.72336716354016	863878.439849913	4598799.99641257	0	0	0	0	0	1.5	1.5	1.5	1.5	1.5	1.5
175.680940526849	-0.108408139553164	-4.73465634626085	863878.441527077	4598800.09690201	0	0	0	0	0	1.5	1.5	1.5	1.5	1.5	1.5
175.781444497402	-0.100572941537473	-4.7451580604709	863878.444298999	4598800.19736729	0	0	0	0	0	1.5	1.5	1.5	1.5	1.5	1.5
175.881948467955	-0.0927377435217781	-4.7548723061703	863878.448086265	4598800.29779948	0	0	0	0	0	1.5	1.5	1.5	1.5	1.5	1.5
175.982452438508	-0.0849025455060875	-4.76379908335905	863878.452809435	4598800.39819207	0	0	0	0	0	1.5	1.5	1.5	1.5	1.5	1.5
176.082956409061	-0.0770673474903947	-4.77193839203715	863878.458389081	4598800.49854076	0	0	0	0	0	1.5	1.5	1.5	1.5	1.5	1.5
176.183460379614	-0.0692321494747019	-4.77929023220461	863878.464745813	4598800.59884328	0	0	0	0	0	1.5	1.5	1.5	1.5	1.5	1.5
176.283964350168	-0.0613969514590091	-4.78585460386142	863878.471800304	4598800.69909918	0	0	0	0	0	1.5	1.5	1.5	1.5	1.5	1.5
176.384468320721	-0.0535617534433185	-4.79163150700759	863878.479473303	4598800.79930968	0	0	0	0	0	1.5	1.5	1.5	1.5	1.5	1.5
176.484972291274	-0.0457265554276235	-4.7966209416431	863878.487685641	4598800.89947747	0	0	0	0	0	1.5	1.5	1.5	1.5	1.5	1.5
176.585476261827	-0.0378913574119307	-4.80082290776797	863878.496358235	4598800.99960648	0	0	0	0	0	1.5	1.5	1.5	1.5	1.5	1.5
176.68598023238	-0.0300561593962401	-4.8042374053822	863878.505412081	4598801.09970176	0	0	0	0	0	1.5	1.5	1.5	1.5	1.5	1.5
176.786484202933	-0.0222209613805451	-4.80686443448577	863878.514768252	4598801.19976926	0	0	0	0	0	1.5	1.5	1.5	1.5	1.5	1.5
176.886988173486	-0.0143857633648545	-4.8087039950787	863878.524347881	4598801.29981563	0	0	0	0	0	1.5	1.5	1.5	1.5	1.5	1.5
176.987492144039	-0.00655056534916165	-4.80975608716098	863878.53407215	4598801.39984806	0	0	0	0	0	1.5	1.5	1.5	1.5	1.5	1.5
177.087996114592	-0.00184237866720867	-4.81006960995417	863878.543862782	4598801.49987401	0	0	0	0	0	1.5	1.5	1.5	1.5	1.5	1.5
177.188500085146	-0.00405588778522682	-4.8103660095531	863878.553677438	4598801.59989761	0	0	0	0	0	1.5	1.5	1.5	1.5	1.5	1.5
177.289004055699	-0.00626939690324496	-4.81088487560724	863878.563532866	4598801.6999172	0	0	0	0	0	1.5	1.5	1.5	1.5	1.5	1.5
177.389508026252	-0.00848290602126311	-4.8116262081166	863878.573451314	4598801.79993056	0	0	0	0	0	1.5	1.5	1.5	1.5	1.5	1.5
177.490011996805	-0.0106964151392813	-4.81259000708117	863878.583455026	4598801.89993543	0	0	0	0	0	1.5	1.5	1.5	1.5	1.5	1.5
177.590515967358	-0.0129099242572988	-4.81377627250096	863878.593566241	4598801.99992948	0	0	0	0	0	1.5	1.5	1.5	1.5	1.5	1.5
177.691019937911	-0.0151234333753176	-4.81518500437597	863878.603807189	4598802.09991032	0	0	0	0	0	1.5	1.5	1.5	1.5	1.5	1.5
177.791523908464	-0.0173369424933351	-4.81681620270619	863878.614200092	4598802.19987548	0	0	0	0	0	1.5	1.5	1.5	1.5	1.5	1.5
177.892027879017	-0.0195504516113532	-4.81866986749163	863878.624767161	4598802.29982238	0	0	0	0	0	1.5	1.5	1.5	1.5	1.5	1.5
177.99253184957	-0.0217639607293714	-4.82074599873229	863878.635530595	4598802.39974832	0	0	0	0	0	1.5	1.5	1.5	1.5	1.5	1.5
178.093035820124	-0.0239774698473895	-4.82304459642816	863878.646512577	4598802.49965047	0	0	0	0	0	1.5	1.5	1.5	1.5	1.5	1.5
178.193539790677	-0.0261909789654077	-4.82556566057925	863878.657735274	4598802.59952586	0	0	0	0	0	1.5	1.5	1.5	1.5	1.5	1.5
178.29404376123	-0.0284044880834258	-4.82830919118555	863878.669220833	4598802.69937136	0	0	0	0	0	1.5	1.5	1.5	1.5	1.5	1.5
178.394547731783	-0.030617997201444	-4.83127518824707	863878.680991379	4598802.79918366	0	0	0	0	0	1.5	1.5	1.5	1.5	1.5	1.5
178.495051702336	-0.0328315063194615	-4.83446365176381	863878.693069014	4598802.89895926	0	0	0	0	0	1.5	1.5	1.5	1.5	1.5	1.5
178.595555672889	-0.0303340208372031	-4.83774369851948	863878.705473406	4598802.99869476	0	0	0	0	0	1.5	1.5	1.5	1.5	1.5	1.5
178.696059643442	-0.0240264531851171	-4.84047542025967	863878.718180531	4598803.09839215	0	0	0	0	0	1.5	1.5	1.5	1.5	1.5	1.5
178.796563613995	-0.0177188855330312	-4.8425732064063	863878.731128366	4598803.19805859	0	0	0	0	0	1.5	1.5	1.5	1.5	1.5	1.5
178.897067584549	-0.0114113178809452	-4.84403705695937	863878.744253669	4598803.29770181	0	0	0	0	0	1.5	1.5	1.5	1.5	1.5	1.5
178.997571555102	-0.00510375022885927	-4.84486697191886	863878.757493244	4598803.39732993	0	0	0	0	0	1.5	1.5	1.5	1.5	1.5	1.5
179.098075525655	0.00120381742322669	-4.84506295128479	863878.770783921	4598803.49695124	0	0	0	0	0	1.5	1.5	1.5	1.5	1.5	1.5
179.198579496208	0.00751138507531086	-4.84462499505715	863878.784062545	4598803.59657416	0	0	0	0	0	1.5	1.5	1.5	1.5	1.5	1.5
179.299083466761	0.0138189527273986	-4.84355310323594	863878.797265957	4598803.69620707	0	0	0	0	0	1.5	1.5	1.5	1.5	1.5	1.5
179.399587437314	0.0201265203794828	-4.84184727582117	863878.810330979	4598803.79585822	0	0	0	0	0	1.5	1.5	1.5	1.5	1.5	1.5
179.500091407867	0.0264340880315687	-4.83950751281283	863878.823194399	4598803.89553558	0	0	0	0	0	1.5	1.5	1.5	1.5	1.5	1.5
179.60059537842	0.0327416556836565	-4.83653381421092	863878.835792956	4598803.99524674	0	0	0	0	0	1.5	1.5	1.5	1.5	1.5	1.5
179.701099348973	0.0390492233357407	-4.83292618001545	863878.848063328	4598804.09499881	0	0	0	0	0	1.5	1.5	1.5	1.5	1.5	1.5
179.801603319527	0.0453567909878266	-4.82868461022641	863878.859942116	4598804.19479825	0	0	0	0	0	1.5	1.5	1.5	1.5	1.5	1.5
179.90210729008	0.0516643586399126	-4.8238091048438	863878.871365841	4598804.29465077	0	0	0	0	0	1.5	1.5	1.5	1.5	1.5	1.5
180.002611260633	0.0579719262919985	-4.81829966386763	863878.882270929	4598804.39456124	0	0	0	0	0	1.5	1.5	1.5	1.5	1.5	1.5
180.103115231186	0.0472145368963492	-4.81276517435076	863878.892608122	4598804.49453206	0	0	0	0	0	1.5	1.5	1.5	1.5	1.5	1.5
180.203619201739	0.0294880588075866	-4.80891071664077	863878.902471803	4598804.59455077	0	0	0	0	0	1.5	1.5	1.5	1.5	1.5	1.5
180.304123172292	0.0117615807188291	-4.80683784036262	863878.912039024	4598804.69459832	0	0	0	0	0	1.5	1.5	1.5	1.5	1.5	1.5
180.404627142845	-0.00596489736992346	-4.80654654551632	863878.921487974	4598804.79465713	0	0	0	0	0	1.5	1.5	1.5	1.5	1.5	1.5
180.505131113398	-0.023691375458686	-4.80803683210186	863878.930996907	4598804.89471025	0	0	0	0	0	1.5	1.5	1.5	1.5	1.5	1.5
180.605635083952	-0.0414178535474386	-4.81130870011924	863878.940744043	4598804.99474041	0	0	0	0	0	1.5	1.5	1.5	1.5	1.5	1.5
180.706139054505	-0.0591443316361961	-4.81636214956847	863878.950907479	4598805.09472906	0	0	0	0	0	1.5	1.5	1.5	1.5	1.5	1.5
180.806643025058	-0.0768708097249536	-4.82319718044954	863878.961665079	4598805.19465545	0	0	0	0	0	1.5	1.5	1.5	1.5	1.5	1.5
180.907146995611	-0.0945972878137112	-4.83181379276245	863878.97319435	4598805.29449563	0	0	0	0	0	1.5	1.5	1.5	1.5	1.5	1.5
181.007650966164	-0.112323765902464	-4.84221198650721	863878.985672289	4598805.39422154	0	0	0	0	0	1.5	1.5	1.5	1.5	1.5	1.5
181.108154936717	-0.130050243991226	-4.85439176168381	863878.999275191	4598805.49380008	0	0	0	0	0	1.5	1.5	1.5	1.5	1.5	1.5
181.20865890727	-0.147776722079984	-4.86835311829225	863879.014178412	4598805.59319212	0	0	0	0	0	1.5	1.5	1.5	1.5	1.5	1.5
181.309162877823	-0.165503200168736	-4.88409605633253	863879.030556085	4598805.69235164	0	0	0	0	0	1.5	1.5	1.5	1.5	1.5	1.5
181.409666848376	-0.183229678257494	-4.90162057580466	863879.048580764	4598805.7912248	0	0	0	0	0	1.5	1.5	1.5	1.5	1.5	1.5
181.51017081893	-0.200956156346251	-4.92092667670863	863879.068423009	4598805.88974901	0	0	0	0	0	1.5	1.5	1.5	1.5	1.5	1.5
181.610674789483	-0.205654049449797	-4.94143250888434	863879.090234002	4598805.98785596	0	0	0	0	0	1.5	1.5	1.5	1.5	1.5	1.5
181.711178760036	-0.208720439914092	-4.96225564962284	863879.114067923	4598806.08549113	0	0	0	0	0	1.5	1.5	1.5	1.5	1.5	1.5
181.811682730589	-0.211786830378388	-4.98338697477826	863879.139944552	4598806.18260484	0	0	0	0	0	1.5	1.5	1.5	1.5	1.5	1.5
181.912186701142	-0.214853220842684	-5.00482648435061	863879.167882253	4598806.27914575	0	0	0	0	0	1.5	1.5	1.5	1.5	1.5	1.5
182.012690671695	-0.217919611306979	-5.02657417833989	863879.197897929	4598806.37506086	0	0	0	0	0	1.5	1.5	1.5	1.5	1.5	1.5
182.113194642248	-0.220986001771275	-5.0486300567461	863879.230006932	4598806.47029557	0	0	0	0	0	1.5	1.5	1.5	1.5	1.5	1.5
182.213698612801	-0.22405239223557	-5.07099411956923	863879.264222983	4598806.56479366	0	0	0	0	0	1.5	1.5	1.5	1.5	1.5	1.5
182.314202583355	-0.227118782699866	-5.0936663668093	863879.300558081	4598806.65849732	0	0	0	0	0	1.5	1.5	1.5	1.5	1.5	1.5
182.414706553908	-0.230185173164162	-5.11664679846629	863879.339022417	4598806.75134719	0	0	0	0	0	1.5	1.5	1.5	1.5	1.5	1.5
182.515210524461	-0.233251563628457	-5.13993541454021	863879.379624281	4598806.84328239	0	0	0	0	0	1.5	1.5	1.5	1.5	1.5	1.5
182.615714495014	-0.236317954092753	-5.16353221503106	863879.422369977	4598806.93424054	0	0	0	0	0	1.5	1.5	1.5	1.5	1.5	1.5
182.716218465567	-0.239384344557049	-5.18743719993883	863879.467263723	4598807.02415783	0	0	0	0	0	1.5	1.5	1.5	1.5	1.5	1.5
182.81672243612	-0.242450735021345	-5.21165036926353	863879.514307566	4598807.11296904	0	0	0	0	0	1.5	1.5	1.5	1.5	1.5	1.5
182.917226406673	-0.245517125485639	-5.23617172300516	863879.563501285	4598807.20060762	0	0	0	0	0	1.5	1.5	1.5	1.5	1.5	1.5
183.017730377226	-0.248386963612331	-5.26100039442511	863879.614842294	4598807.28700571	0	0	0	0	0	1.5	1.5	1.5	1.5	1.5	1.5
183.118234347779	-0.249213490825957	-5.28600580513515	863879.66832147	4598807.37209683	0	0	0	0	0	1.5	1.5	1.5	1.5	1.5	1.5
183.218738318333	-0.250040018039583	-5.31109428511193	863879.723914913	4598807.4558219	0	0	0	0	0	1.5	1.5	1.5	1.5	1.5	1.5
183.319242288886	-0.250866545253209	-5.33626583435545	863879.781594583	4598807.5381236	0	0	0	0	0	1.5	1.5	1.5	1.5	1.5	1.5
183.419746259439	-0.251693072466836	-5.36152045286571	863879.84133077	4598807.61894501	0	0	0	0	0	1.5	1.5	1.5	1.5	1.5	1.5
183.520250229992	-0.252519599680462	-5.38685814064271	863879.903092088	4598807.6982296	0	0	0	0	0	1.5	1.5	1.5	1.5	1.5	1.5
183.620754200545	-0.253346126894088	-5.41227889768645	863879.96684547	4598807.77592137	0	0	0	0	0	1.5	1.5	1.5	1.5	1.5	1.5
183.721258171098	-0.254172654107715	-5.43778272399693	863880.032556172	4598807.85196481	0	0	0	0	0	1.5	1.5	1.5	1.5	1.5	1.5
183.821762141651	-0.254999181321341	-5.46336961957415	863880.100187769	4598807.926305	0	0	0	0	0	1.5	1.5	1.5	1.5	1.5	1.5
183.922266112204	-0.255825708534967	-5.48903958441811	863880.169702158	4598807.99888766	0	0	0	0	0	1.5	1.5	1.5	1.5	1.5	1.5
184.022770082758	-0.256652235748594	-5.5147926185288	863880.241059561	4598808.0696592	0	0	0	0	0	1.5	1.5	1.5	1.5	1.5	1.5
184.123274053311	-0.25747876296222	-5.54062872190624	863880.314218532	4598808.13856676	0	0	0	0	0	1.5	1.5	1.5	1.5	1.5	1.5
184.223778023864	-0.258305290175847	-5.56654789455043	863880.389135962	4598808.20555826	0	0	0	0	0	1.5	1.5	1.5	1.5	1.5	1.5
184.324281994417	-0.259131817389473	-5.59255013646134	863880.465767085	4598808.27058249	0	0	0	0	0	1.5	1.5	1.5	1.5	1.5	1.5
184.42478596497	-0.259958344603099	-5.618635447639	863880.544065492	4598808.33358911	0	0	0	0	0	1.5	1.5	1.5	1.5	1.5	1.5
184.525289935523	-0.260569064378195	-5.64479900883799	863880.623983096	4598808.39452882	0	0	0	0	0	1.5	1.5	1.5	1.5	1.5	1.5
184.625793906076	-0.260909959920882	-5.6710043650891	863880.705468929	4598808.45335508	0	0	0	0	0	1.5	1.5	1.5	1.5	1.5	1.5
184.726297876629	-0.261250855463569	-5.69724398269579	863880.788469135	4598808.5100246	0	0	0	0	0	1.5	1.5	1.5	1.5	1.5	1.5
184.826801847182	-0.261591751006257	-5.72351786165808	863880.872928512	4598808.56449552	0	0	0	0	0	1.5	1.5	1.5	1.5	1.5	1.5
184.927305817736	-0.261932646548944	-5.74982600197594	863880.958790625	4598808.61672734	0	0	0	0	0	1.5	1.5	1.5	1.5	1.5	1.5
185.027809788289	-0.262273542091632	-5.77616840364938	863881.045997839	4598808.66668098	0	0	0	0	0	1.5	1.5	1.5	1.5	1.5	1.5
185.128313758842	-0.262614437634319	-5.80254506667842	863881.134491353	4598808.71431878	0	0	0	0	0	1.5	1.5	1.5	1.5	1.5	1.5
185.228817729395	-0.262955333177006	-5.82895599106303	863881.224211235	4598808.75960458	0	0	0	0	0	1.5	1.5	1.5	1.5	1.5	1.5
185.329321699948	-0.263296228719694	-5.85540117680323	863881.315096456	4598808.80250372	0	0	0	0	0	1.5	1.5	1.5	1.5	1.5	1.5
185.429825670501	-0.263637124262381	-5.88188062389901	863881.407084929	4598808.84298308	0	0	0	0	0	1.5	1.5	1.5	1.5	1.5	1.5
185.530329641054	-0.263978019805069	-5.90839433235038	863881.500113544	4598808.88101114	0	0	0	0	0	1.5	1.5	1.5	1.5	1.5	1.5
185.630833611607	-0.264318915347756	-5.93494230215733	863881.594118212	4598808.91655797	0	0	0	0	0	1.5	1.5	1.5	1.5	1.5	1.5
185.731337582161	-0.264659810890443	-5.96152453331986	863881.689033899	4598808.94959531	0	0	0	0	0	1.5	1.5	1.5	1.5	1.5	1.5
185.831841552714	-0.265000706433131	-5.98814102583799	863881.784794671	4598808.98009656	0	0	0	0	0	1.5	1.5	1.5	1.5	1.5	1.5
185.932345523267	-0.265341601975818	-6.01479177971169	863881.881333736	4598809.00803684	0	0	0	0	0	1.5	1.5	1.5	1.5	1.5	1.5
186.03284949382	-0.256501431087475	-6.04122817372186	863881.978582398	4598809.03339734	0	0	0	0	0	1.5	1.5	1.5	1.5	1.5	1.5
186.133353464373	-0.239805006188472	-6.06616855750051	863882.076452139	4598809.0562455	0	0	0	0	0	1.5	1.5	1.5	1.5	1.5	1.5
186.233857434926	-0.223108581289469	-6.08943088428277	863882.174844405	4598809.07672853	0	0	0	0	0	1.5	1.5	1.5	1.5	1.5	1.5
186.334361405479	-0.206412156390471	-6.11101515406864	863882.273671506	4598809.09500037	0	0	0	0	0	1.5	1.5	1.5	1.5	1.5	1.5
186.434865376032	-0.189715731491463	-6.13092136685812	863882.372856655	4598809.11121828	0	0	0	0	0	1.5	1.5	1.5	1.5	1.5	1.5
186.535369346585	-0.17301930659246	-6.14914952265121	863882.472333252	4598809.12554221	0	0	0	0	0	1.5	1.5	1.5	1.5	1.5	1.5
186.635873317139	-0.156322881693462	-6.1656996214479	863882.57204412	4598809.13813429	0	0	0	0	0	1.5	1.5	1.5	1.5	1.5	1.5
186.736377287692	-0.139626456794455	-6.1805716632482	863882.671940728	4598809.14915833	0	0	0	0	0	1.5	1.5	1.5	1.5	1.5	1.5
186.836881258245	-0.122930031895457	-6.19376564805211	863882.771982392	4598809.15877951	0	0	0	0	0	1.5	1.5	1.5	1.5	1.5	1.5
186.937385228798	-0.106233606996454	-6.20528157585963	863882.872135459	4598809.16716398	0	0	0	0	0	1.5	1.5	1.5	1.5	1.5	1.5
187.037889199351	-0.0895371820974509	-6.21511944667076	863882.972372487	4598809.17447869	0	0	0	0	0	1.5	1.5	1.5	1.5	1.5	1.5
187.138393169904	-0.0728407571984481	-6.22327926048549	863883.072671405	4598809.1808911	0	0	0	0	0	1.5	1.5	1.5	1.5	1.5	1.5
187.238897140457	-0.0561443322994499	-6.22976101730383	863883.173014682	4598809.18656909	0	0	0	0	0	1.5	1.5	1.5	1.5	1.5	1.5
187.33940111101	-0.0394479074004424	-6.23456471712579	863883.273388479	4598809.19168078	0	0	0	0	0	1.5	1.5	1.5	1.5	1.5	1.5
187.439905081564	-0.0227514825014395	-6.23769035995135	863883.37378181	4598809.19639448	0	0	0	0	0	1.5	1.5	1.5	1.5	1.5	1.5
187.540409052117	-0.0230138187682101	-6.23976670832906	863883.474186372	4598809.20086309	0	0	0	0	0	1.5	1.5	1.5	1.5	1.5	1.5
187.64091302267	-0.0293029389008965	-6.24239572926516	863883.57460102	4598809.20509876	0	0	0	0	0	1.5	1.5	1.5	1.5	1.5	1.5
187.741416993223	-0.0355920590335793	-6.24565683174589	863883.67502769	4598809.20903868	0	0	0	0	0	1.5	1.5	1.5	1.5	1.5	1.5
187.841920963776	-0.041881179166264	-6.24955001577123	863883.775467793	4598809.21261933	0	0	0	0	0	1.5	1.5	1.5	1.5	1.5	1.5
187.942424934329	-0.0481702992989486	-6.2540752813412	863883.875922055	4598809.21577718	0	0	0	0	0	1.5	1.5	1.5	1.5	1.5	1.5
188.042928904882	-0.0544594194316332	-6.25923262845579	863883.976390403	4598809.21844866	0	0	0	0	0	1.5	1.5	1.5	1.5	1.5	1.5
188.143432875435	-0.0607485395643178	-6.26502205711499	863884.076871839	4598809.22057021	0	0	0	0	0	1.5	1.5	1.5	1.5	1.5	1.5
188.243936845988	-0.0670376596970024	-6.27144356731882	863884.177364322	4598809.22207823	0	0	0	0	0	1.5	1.5	1.5	1.5	1.5	1.5
188.344440816542	-0.073326779829687	-6.27849715906727	863884.27786465	4598809.22290914	0	0	0	0	0	1.5	1.5	1.5	1.5	1.5	1.5
188.444944787095	-0.0796158999623699	-6.28618283236033	863884.378368332	4598809.22299939	0	0	0	0	0	1.5	1.5	1.5	1.5	1.5	1.5
188.545448757648	-0.0859050200950545	-6.29450058719802	863884.478869477	4598809.22228545	0	0	0	0	0	1.5	1.5	1.5	1.5	1.5	1.5
188.645952728201	-0.0921941402277391	-6.30345042358033	863884.579360667	4598809.22070384	0	0	0	0	0	1.5	1.5	1.5	1.5	1.5	1.5
188.746456698754	-0.0984832603604238	-6.31303234150726	863884.679832839	4598809.21819117	0	0	0	0	0	1.5	1.5	1.5	1.5	1.5	1.5
188.846960669307	-0.104772380493108	-6.32324634097881	863884.780275167	4598809.21468417	0	0	0	0	0	1.5	1.5	1.5	1.5	1.5	1.5
188.94746463986	-0.111061500625793	-6.33409242199498	863884.880674942	4598809.21011973	0	0	0	0	0	1.5	1.5	1.5	1.5	1.5	1.5
189.047968610413	-0.10659694033679	-6.34513372458991	863884.981018165	4598809.20444673	0	0	0	0	0	1.5	1.5	1.5	1.5	1.5	1.5
189.148472580966	-0.0995838067129713	-6.35549471645496	863885.081294925	4598809.19769921	0	0	0	0	0	1.5	1.5	1.5	1.5	1.5	1.5
189.24897655152	-0.0925706730891481	-6.36515086054481	863885.181499191	4598809.18994842	0	0	0	0	0	1.5	1.5	1.5	1.5	1.5	1.5
189.349480522073	-0.0855575394653289	-6.37410215685943	863885.281627064	4598809.1812657	0	0	0	0	0	1.5	1.5	1.5	1.5	1.5	1.5
189.449984492626	-0.0785444058415077	-6.38234860539885	863885.381676625	4598809.17172232	0	0	0	0	0	1.5	1.5	1.5	1.5	1.5	1.5
189.550488463179	-0.0715312722176865	-6.38989020616305	863885.481647781	4598809.16138944	0	0	0	0	0	1.5	1.5	1.5	1.5	1.5	1.5
189.650992433732	-0.0645181385938653	-6.39672695915203	863885.581542111	4598809.15033813	0	0	0	0	0	1.5	1.5	1.5	1.5	1.5	1.5
189.751496404285	-0.0575050049700441	-6.40285886436581	863885.681362719	4598809.1386393	0	0	0	0	0	1.5	1.5	1.5	1.5	1.5	1.5
189.852000374838	-0.0504918713462229	-6.40828592180437	863885.781114081	4598809.12636375	0	0	0	0	0	1.5	1.5	1.5	1.5	1.5	1.5
189.952504345391	-0.0434787377224017	-6.41300813146771	863885.880801894	4598809.11358215	0	0	0	0	0	1.5	1.5	1.5	1.5	1.5	1.5
190.053008315945	-0.0364656040985825	-6.41702549335584	863885.980432929	4598809.10036507	0	0	0	0	0	1.5	1.5	1.5	1.5	1.5	1.5
190.153512286498	-0.0294524704747593	-6.42033800746876	863886.080014877	4598809.08678292	0	0	0	0	0	1.5	1.5	1.5	1.5	1.5	1.5
190.254016257051	-0.0224393368509401	-6.42294567380647	863886.179556201	4598809.07290607	0	0	0	0	0	1.5	1.5	1.5	1.5	1.5	1.5
190.354520227604	-0.0154262032271189	-6.42484849236896	863886.27906599	4598809.05880476	0	0	0	0	0	1.5	1.5	1.5	1.5	1.5	1.5
190.455024198157	-0.00841306960329576	-6.42604646315624	863886.378553805	4598809.04454918	0	0	0	0	0	1.5	1.5	1.5	1.5	1.5	1.5
190.55552816871	-0.0065797280351749	-6.42678000254521	863886.478028473	4598809.03020212	0	0	0	0	0	1.5	1.5	1.5	1.5	1.5	1.5
190.656032139263	-0.00517466958171702	-6.42737068436119	863886.577493632	4598809.01578928	0	0	0	0	0	1.5	1.5	1.5	1.5	1.5	1.5
190.756536109816	-0.00376961112825913	-6.42782015222374	863886.676951283	4598809.00132472	0	0	0	0	0	1.5	1.5	1.5	1.5	1.5	1.5
190.85704008037	-0.00236455267480125	-6.42812840613286	863886.776403446	4598808.98682247	0	0	0	0	0	1.5	1.5	1.5	1.5	1.5	1.5
190.957544050923	-0.000959494221343764	-6.42829544608854	863886.875852161	4598808.97229659	0	0	0	0	0	1.5	1.5	1.5	1.5	1.5	1.5
191.058048021476	0.000445564232114518	-6.42832127209079	863886.975299475	4598808.95776112	0	0	0	0	0	1.5	1.5	1.5	1.5	1.5	1.5
191.158551992029	0.0018506226855724	-6.42820588413961	863887.074747439	4598808.9432301	0	0	0	0	0	1.5	1.5	1.5	1.5	1.5	1.5
191.259055962582	0.00325568113902989	-6.427949282235	863887.174198104	4598808.92871758	0	0	0	0	0	1.5	1.5	1.5	1.5	1.5	1.5
191.359559933135	0.00466073959248817	-6.42755146637696	863887.273653513	4598808.9142376	0	0	0	0	0	1.5	1.5	1.5	1.5	1.5	1.5
191.460063903688	0.00606579804594566	-6.42701243656548	863887.373115692	4598808.89980421	0	0	0	0	0	1.5	1.5	1.5	1.5	1.5	1.5
191.560567874241	0.00747085649940354	-6.42633219280057	863887.472586651	4598808.88543146	0	0	0	0	0	1.5	1.5	1.5	1.5	1.5	1.5
191.661071844794	0.00887591495286142	-6.42551073508224	863887.572068373	4598808.87113341	0	0	0	0	0	1.5	1.5	1.5	1.5	1.5	1.5
191.761575815348	0.0102809734063193	-6.42454806341047	863887.67156281	4598808.8569241	0	0	0	0	0	1.5	1.5	1.5	1.5	1.5	1.5
191.862079785901	0.0116860318597768	-6.42344417778526	863887.771071874	4598808.8428176	0	0	0	0	0	1.5	1.5	1.5	1.5	1.5	1.5
191.962583756454	0.0130764940072473	-6.42219911676877	863887.870597436	4598808.82882799	0	0	0	0	0	1.5	1.5	1.5	1.5	1.5	1.5
192.063087727007	0.014203915029661	-6.42082822205551	863887.970141242	4598808.81496879	0	0	0	0	0	1.5	1.5	1.5	1.5	1.5	1.5
192.16359169756	0.0153313360520744	-6.41934401705301	863888.069704729	4598808.80125172	0	0	0	0	0	1.5	1.5	1.5	1.5	1.5	1.5
192.264095668113	0.016458757074488	-6.41774650176127	863888.169289234	4598808.78768807	0	0	0	0	0	1.5	1.5	1.5	1.5	1.5	1.5
192.364599638666	0.0175861780969017	-6.4160356761803	863888.268896036	4598808.77428917	0	0	0	0	0	1.5	1.5	1.5	1.5	1.5	1.5
192.465103609219	0.0187135991193154	-6.41421154031009	863888.368526364	4598808.76106635	0	0	0	0	0	1.5	1.5	1.5	1.5	1.5	1.5
192.565607579772	0.0198410201417291	-6.41227409415064	863888.468181384	4598808.74803094	0	0	0	0	0	1.5	1.5	1.5	1.5	1.5	1.5
192.666111550326	0.0209684411641428	-6.41022333770195	863888.567862197	4598808.73519427	0	0	0	0	0	1.5	1.5	1.5	1.5	1.5	1.5
192.766615520879	0.0220958621865565	-6.40805927096403	863888.667569839	4598808.7225677	0	0	0	0	0	1.5	1.5	1.5	1.5	1.5	1.5
192.867119491432	0.0232232832089699	-6.40578189393687	863888.767305273	4598808.71016258	0	0	0	0	0	1.5	1.5	1.5	1.5	1.5	1.5
192.967623461985	0.0243507042313839	-6.40339120662046	863888.867069387	4598808.69799028	0	0	0	0	0	1.5	1.5	1.5	1.5	1.5	1.5
193.068127432538	0.0254781252537973	-6.40088720901483	863888.96686299	4598808.68606218	0	0	0	0	0	1.5	1.5	1.5	1.5	1.5	1.5
193.168631403091	0.026605546276211	-6.39826990111995	863889.066686807	4598808.67438965	0	0	0	0	0	1.5	1.5	1.5	1.5	1.5	1.5
193.269135373644	0.0277329672986246	-6.39553928293584	863889.166541476	4598808.66298409	0	0	0	0	0	1.5	1.5	1.5	1.5	1.5	1.5
193.369639344197	0.0288603883210383	-6.39269535446249	863889.266427545	4598808.6518569	0	0	0	0	0	1.5	1.5	1.5	1.5	1.5	1.5
193.470143314751	0.0297077816934361	-6.38974118121806	863889.366345464	4598808.64101945	0	0	0	0	0	1.5	1.5	1.5	1.5	1.5	1.5
193.570647285304	0.029549764631372	-6.38676337187262	863889.466295187	4598808.63047936	0	0	0	0	0	1.5	1.5	1.5	1.5	1.5	1.5
193.671151255857	0.0293917475693079	-6.38380144386933	863889.566275772	4598808.62023615	0	0	0	0	0	1.5	1.5	1.5	1.5	1.5	1.5
193.77165522641	0.0292337305072438	-6.3808553972082	863889.666286179	4598808.61028832	0	0	0	0	0	1.5	1.5	1.5	1.5	1.5	1.5
193.872159196963	0.0290757134451797	-6.37792523188922	863889.766325383	4598808.60063438	0	0	0	0	0	1.5	1.5	1.5	1.5	1.5	1.5
193.972663167516	0.0289176963831156	-6.37501094791239	863889.866392371	4598808.59127282	0	0	0	0	0	1.5	1.5	1.5	1.5	1.5	1.5
194.073167138069	0.0287596793210515	-6.37211254527771	863889.966486145	4598808.58220212	0	0	0	0	0	1.5	1.5	1.5	1.5	1.5	1.5
194.173671108622	0.0286016622589874	-6.36923002398519	863890.066605719	4598808.57342078	0	0	0	0	0	1.5	1.5	1.5	1.5	1.5	1.5
194.274175079175	0.0284436451969233	-6.36636338403482	863890.166750123	4598808.56492728	0	0	0	0	0	1.5	1.5	1.5	1.5	1.5	1.5
194.374679049729	0.0282856281348592	-6.3635126254266	863890.266918398	4598808.55672009	0	0	0	0	0	1.5	1.5	1.5	1.5	1.5	1.5
194.475183020282	0.0281276110727951	-6.36067774816053	863890.3671096	4598808.5487977	0	0	0	0	0	1.5	1.5	1.5	1.5	1.5	1.5
194.575686990835	0.027969594010731	-6.35785875223662	863890.467322799	4598808.54115857	0	0	0	0	0	1.5	1.5	1.5	1.5	1.5	1.5
194.676190961388	0.0278115769486669	-6.35505563765486	863890.567557075	4598808.53380118	0	0	0	0	0	1.5	1.5	1.5	1.5	1.5	1.5
194.776694931941	0.0276535598866028	-6.35226840441525	863890.667811526	4598808.52672399	0	0	0	0	0	1.5	1.5	1.5	1.5	1.5	1.5
194.877198902494	0.0274955428245387	-6.34949705251779	863890.76808526	4598808.51992546	0	0	0	0	0	1.5	1.5	1.5	1.5	1.5	1.5
194.977702873047	0.0279296943493796	-6.34673069907759	863890.868377406	4598808.51340419	0	0	0	0	0	1.5	1.5	1.5	1.5	1.5	1.5
195.0782068436	0.0293908751377264	-6.34385022666368	863890.968687504	4598808.50716516	0	0	0	0	0	1.5	1.5	1.5	1.5	1.5	1.5
195.178710814154	0.0308520559260733	-6.34082289977884	863891.069015589	4598808.50122246	0	0	0	0	0	1.5	1.5	1.5	1.5	1.5	1.5
195.279214784707	0.0323132367144201	-6.33764871842308	863891.169361616	4598808.49559089	0	0	0	0	0	1.5	1.5	1.5	1.5	1.5	1.5
195.37971875526	0.0337744175027669	-6.3343276825964	863891.269725398	4598808.49028523	0	0	0	0	0	1.5	1.5	1.5	1.5	1.5	1.5
195.480222725813	0.0352355982911137	-6.33085979229879	863891.370106607	4598808.48532028	0	0	0	0	0	1.5	1.5	1.5	1.5	1.5	1.5
195.580726696366	0.0366967790794601	-6.32724504753026	863891.470504766	4598808.48071084	0	0	0	0	0	1.5	1.5	1.5	1.5	1.5	1.5
195.681230666919	0.0381579598678069	-6.3234834482908	863891.570919237	4598808.47647172	0	0	0	0	0	1.5	1.5	1.5	1.5	1.5	1.5
195.781734637472	0.0396191406561541	-6.31957499458041	863891.671349222	4598808.47261772	0	0	0	0	0	1.5	1.5	1.5	1.5	1.5	1.5
195.882238608025	0.0410803214445005	-6.31551968639911	863891.771793753	4598808.46916366	0	0	0	0	0	1.5	1.5	1.5	1.5	1.5	1.5
195.982742578578	0.0425415022328473	-6.31131752374687	863891.872251683	4598808.46612432	0	0	0	0	0	1.5	1.5	1.5	1.5	1.5	1.5
196.083246549132	0.0440026830211942	-6.30696850662371	863891.972721684	4598808.46351454	0	0	0	0	0	1.5	1.5	1.5	1.5	1.5	1.5
196.183750519685	0.045463863809541	-6.30247263502963	863892.073202239	4598808.4613491	0	0	0	0	0	1.5	1.5	1.5	1.5	1.5	1.5
196.284254490238	0.0469250445978878	-6.29782990896462	863892.173691634	4598808.4596428	0	0	0	0	0	1.5	1.5	1.5	1.5	1.5	1.5
196.384758460791	0.0483862253862346	-6.29304032842869	863892.274187953	4598808.45841045	0	0	0	0	0	1.5	1.5	1.5	1.5	1.5	1.5
196.485262431344	0.0494294385141342	-6.28811385085077	863892.374689069	4598808.45766667	0	0	0	0	0	1.5	1.5	1.5	1.5	1.5	1.5
196.585766401897	0.0500089791342074	-6.28311687295118	863892.475192638	4598808.45742195	0	0	0	0	0	1.5	1.5	1.5	1.5	1.5	1.5
196.68627037245	0.0505885197542808	-6.27806164891818	863892.575696164	4598808.45768237	0	0	0	0	0	1.5	1.5	1.5	1.5	1.5	1.5
196.786774343003	0.0511680603743538	-6.27294817875176	863892.676197064	4598808.45845379	0	0	0	0	0	1.5	1.5	1.5	1.5	1.5	1.5
196.887278313557	0.051747600994427	-6.26777646245193	863892.776692666	4598808.45974203	0	0	0	0	0	1.5	1.5	1.5	1.5	1.5	1.5
196.98778228411	0.0523271416145002	-6.26254650001868	863892.877180207	4598808.4615529	0	0	0	0	0	1.5	1.5	1.5	1.5	1.5	1.5
197.088286254663	0.0529066822345734	-6.25725829145203	863892.977656831	4598808.46389223	0	0	0	0	0	1.5	1.5	1.5	1.5	1.5	1.5
197.188790225216	0.0534862228546465	-6.25191183675195	863893.078119594	4598808.46676578	0	0	0	0	0	1.5	1.5	1.5	1.5	1.5	1.5
197.289294195769	0.0540657634747198	-6.24650713591846	863893.178565456	4598808.47017934	0	0	0	0	0	1.5	1.5	1.5	1.5	1.5	1.5
197.389798166322	0.054645304094793	-6.24104418895156	863893.278991284	4598808.47413865	0	0	0	0	0	1.5	1.5	1.5	1.5	1.5	1.5
197.490302136875	0.0552248447148661	-6.23552299585125	863893.379393849	4598808.47864944	0	0	0	0	0	1.5	1.5	1.5	1.5	1.5	1.5
197.590806107428	0.0558043853349395	-6.22994355661751	863893.47976983	4598808.48371742	0	0	0	0	0	1.5	1.5	1.5	1.5	1.5	1.5
197.691310077981	0.0563839259550125	-6.22430587125037	863893.580115805	4598808.48934829	0	0	0	0	0	1.5	1.5	1.5	1.5	1.5	1.5
197.791814048535	0.0569634665750857	-6.21860993974981	863893.680428257	4598808.4955477	0	0	0	0	0	1.5	1.5	1.5	1.5	1.5	1.5
197.892318019088	0.0575430071951589	-6.21285576211584	863893.78070357	4598808.50232131	0	0	0	0	0	1.5	1.5	1.5	1.5	1.5	1.5
197.992821989641	0.0654513771210238	-6.206813443012	863893.880937669	4598808.50967951	0	0	0	0	0	1.5	1.5	1.5	1.5	1.5	1.5
198.093325960194	0.0777715713737539	-6.19961620551297	863893.981121047	4598808.51769794	0	0	0	0	0	1.5	1.5	1.5	1.5	1.5	1.5
198.193829930747	0.090091765626491	-6.19118073957356	863894.081238609	4598808.52649918	0	0	0	0	0	1.5	1.5	1.5	1.5	1.5	1.5
198.2943339013	0.102411959879225	-6.18150704519376	863894.181272284	4598808.53620656	0	0	0	0	0	1.5	1.5	1.5	1.5	1.5	1.5
198.394837871853	0.114732154131955	-6.17059512237359	863894.281200639	4598808.54694303	0	0	0	0	0	1.5	1.5	1.5	1.5	1.5	1.5
198.495341842406	0.127052348384692	-6.15844497111302	863894.380998433	4598808.55883102	0	0	0	0	0	1.5	1.5	1.5	1.5	1.5	1.5
198.59584581296	0.139372542637422	-6.14505659141207	863894.480636162	4598808.57199233	0	0	0	0	0	1.5	1.5	1.5	1.5	1.5	1.5
198.696349783513	0.151692736890156	-6.13042998327073	863894.580079621	4598808.58654796	0	0	0	0	0	1.5	1.5	1.5	1.5	1.5	1.5
198.796853754066	0.164012931142889	-6.11456514668901	863894.679289466	4598808.6026179	0	0	0	0	0	1.5	1.5	1.5	1.5	1.5	1.5
198.897357724619	0.176333125395623	-6.0974620816669	863894.778220779	4598808.62032092	0	0	0	0	0	1.5	1.5	1.5	1.5	1.5	1.5
198.997861695172	0.188653319648356	-6.0791207882044	863894.876822657	4598808.63977432	0	0	0	0	0	1.5	1.5	1.5	1.5	1.5	1.5
199.098365665725	0.20097351390109	-6.05954126630152	863894.975037798	4598808.6610936	0	0	0	0	0	1.5	1.5	1.5	1.5	1.5	1.5
199.198869636278	0.213293708153824	-6.03872351595826	863895.072802109	4598808.68439215	0	0	0	0	0	1.5	1.5	1.5	1.5	1.5	1.5
199.299373606831	0.225613902406554	-6.01666753717461	863895.170044333	4598808.7097809	0	0	0	0	0	1.5	1.5	1.5	1.5	1.5	1.5
199.399877577384	0.237934096659287	-5.99337332995058	863895.26668569	4598808.73736784	0	0	0	0	0	1.5	1.5	1.5	1.5	1.5	1.5
199.500381547938	0.237876924330577	-5.96932788938527	863895.362643436	4598808.76724545	0	0	0	0	0	1.5	1.5	1.5	1.5	1.5	1.5
199.600885518491	0.234388819624529	-5.94559559817341	863895.457859677	4598808.79940818	0	0	0	0	0	1.5	1.5	1.5	1.5	1.5	1.5
199.701389489044	0.230900714918481	-5.92221387533422	863895.552291978	4598808.83380482	0	0	0	0	0	1.5	1.5	1.5	1.5	1.5	1.5
199.801893459597	0.227412610212433	-5.89918272086769	863895.645900763	4598808.87038346	0	0	0	0	0	1.5	1.5	1.5	1.5	1.5	1.5
199.90239743015	0.223924505506385	-5.87650213477382	863895.738649198	4598808.90909189	0	0	0	0	0	1.5	1.5	1.5	1.5	1.5	1.5
200.002901400703	0.220436400800338	-5.85417211705263	863895.830503134	4598808.94987771	0	0	0	0	0	1.5	1.5	1.5	1.5	1.5	1.5
200.103405371256	0.216948296094289	-5.83219266770408	863895.921431063	4598808.99268838	0	0	0	0	0	1.5	1.5	1.5	1.5	1.5	1.5
200.203909341809	0.213460191388242	-5.81056378672821	863896.011404058	4598809.03747135	0	0	0	0	0	1.5	1.5	1.5	1.5	1.5	1.5
200.304413312362	0.209972086682194	-5.78928547412499	863896.100395723	4598809.08417414	0	0	0	0	0	1.5	1.5	1.5	1.5	1.5	1.5
200.404917282916	0.206483981976146	-5.76835772989444	863896.18838213	4598809.13274441	0	0	0	0	0	1.5	1.5	1.5	1.5	1.5	1.5
200.505421253469	0.202995877270098	-5.74778055403655	863896.275341763	4598809.18313006	0	0	0	0	0	1.5	1.5	1.5	1.5	1.5	1.5
200.605925224022	0.19950777256405	-5.72755394655132	863896.361255459	4598809.23527928	0	0	0	0	0	1.5	1.5	1.5	1.5	1.5	1.5
200.706429194575	0.196019667858002	-5.70767790743875	863896.446106344	4598809.28914061	0	0	0	0	0	1.5	1.5	1.5	1.5	1.5	1.5
200.806933165128	0.192531563151954	-5.68815243669885	863896.529879771	4598809.34466304	0	0	0	0	0	1.5	1.5	1.5	1.5	1.5	1.5
200.907437135681	0.189043458445907	-5.66897753433162	863896.612563259	4598809.40179603	0	0	0	0	0	1.5	1.5	1.5	1.5	1.5	1.5
201.007941106234	0.210496452006379	-5.64909887431856	863896.694128939	4598809.46051363	0	0	0	0	0	1.5	1.5	1.5	1.5	1.5	1.5
201.108445076787	0.236657306107021	-5.6266285102495	863896.774433754	4598809.52094342	0	0	0	0	0	1.5	1.5	1.5	1.5	1.5	1.5
201.208949047341	0.262818160207671	-5.60152887647025	863896.853278258	4598809.58326567	0	0	0	0	0	1.5	1.5	1.5	1.5	1.5	1.5
201.309453017894	0.288979014308328	-5.57379997298081	863896.930448805	4598809.64764817	0	0	0	0	0	1.5	1.5	1.5	1.5	1.5	1.5
201.409956988447	0.31513986840897	-5.54344179978122	863897.005716696	4598809.7142441	0	0	0	0	0	1.5	1.5	1.5	1.5	1.5	1.5
201.510460959	0.34130072250962	-5.51045435687144	863897.078837402	4598809.78318969	0	0	0	0	0	1.5	1.5	1.5	1.5	1.5	1.5
201.610964929553	0.367461576610269	-5.47483764425149	863897.149550049	4598809.85460188	0	0	0	0	0	1.5	1.5	1.5	1.5	1.5	1.5
201.711468900106	0.393622430710919	-5.43659166192136	863897.217577179	4598809.9285757	0	0	0	0	0	1.5	1.5	1.5	1.5	1.5	1.5
201.811972870659	0.419783284811561	-5.39571640988107	863897.282624832	4598810.00518148	0	0	0	0	0	1.5	1.5	1.5	1.5	1.5	1.5
201.912476841212	0.445944138912218	-5.35221188813057	863897.344383001	4598810.08446189	0	0	0	0	0	1.5	1.5	1.5	1.5	1.5	1.5
202.012980811766	0.472104993012868	-5.30607809666991	863897.40252649	4598810.1664289	0	0	0	0	0	1.5	1.5	1.5	1.5	1.5	1.5
202.113484782319	0.49826584711351	-5.25731503549909	863897.45671623	4598810.25106057	0	0	0	0	0	1.5	1.5	1.5	1.5	1.5	1.5
202.213988752872	0.524426701214159	-5.20592270461808	863897.506601101	4598810.33829774	0	0	0	0	0	1.5	1.5	1.5	1.5	1.5	1.5
202.314492723425	0.550587555314809	-5.1519011040269	863897.551820297	4598810.4280408	0	0	0	0	0	1.5	1.5	1.5	1.5	1.5	1.5
202.414996693978	0.572436533325701	-5.09527133141828	863897.592006347	4598810.52014633	0	0	0	0	0	1.5	1.5	1.5	1.5	1.5	1.5
202.515500664531	0.554312983362909	-5.03864993129527	863897.626881222	4598810.61439118	0	0	0	0	0	1.5	1.5	1.5	1.5	1.5	1.5
202.616004635084	0.536189433400116	-4.98385001990404	863897.656454514	4598810.71043253	0	0	0	0	0	1.5	1.5	1.5	1.5	1.5	1.5
202.716508605637	0.518065883437329	-4.93087159724461	863897.680811991	4598810.80792817	0	0	0	0	0	1.5	1.5	1.5	1.5	1.5	1.5
202.81701257619	0.499942333474531	-4.87971466331692	863897.700062532	4598810.90656012	0	0	0	0	0	1.5	1.5	1.5	1.5	1.5	1.5
202.917516546744	0.481818783511738	-4.83037921812103	863897.714335093	4598811.00603521	0	0	0	0	0	1.5	1.5	1.5	1.5	1.5	1.5
203.018020517297	0.46369523354895	-4.78286526165693	863897.723775822	4598811.1060853	0	0	0	0	0	1.5	1.5	1.5	1.5	1.5	1.5
203.11852448785	0.445571683586158	-4.73717279392459	863897.728545367	4598811.20646728	0	0	0	0	0	1.5	1.5	1.5	1.5	1.5	1.5
203.219028458403	0.427448133623365	-4.69330181492403	863897.728816357	4598811.30696283	0	0	0	0	0	1.5	1.5	1.5	1.5	1.5	1.5
203.319532428956	0.409324583660573	-4.65125232465525	863897.724771086	4598811.40737794	0	0	0	0	0	1.5	1.5	1.5	1.5	1.5	1.5
203.420036399509	0.39120103369778	-4.61102432311825	863897.7165994	4598811.50754235	0	0	0	0	0	1.5	1.5	1.5	1.5	1.5	1.5
203.520540370062	0.373077483734987	-4.57261781031303	863897.704496782	4598811.60730875	0	0	0	0	0	1.5	1.5	1.5	1.5	1.5	1.5
203.621044340615	0.354953933772195	-4.53603278623959	863897.688662639	4598811.70655189	0	0	0	0	0	1.5	1.5	1.5	1.5	1.5	1.5
203.721548311168	0.336830383809407	-4.50126925089793	863897.669298789	4598811.80516767	0	0	0	0	0	1.5	1.5	1.5	1.5	1.5	1.5
203.822052281722	0.318706833846609	-4.46832720428803	863897.646608135	4598811.90307206	0	0	0	0	0	1.5	1.5	1.5	1.5	1.5	1.5
203.922556252275	0.299408347574417	-4.43722810704165	863897.620793778	4598812.00020008	0	0	0	0	0	1.5	1.5	1.5	1.5	1.5	1.5
204.023060222828	0.27805229136855	-4.4082095635157	863897.592069994	4598812.09650835	0	0	0	0	0	1.5	1.5	1.5	1.5	1.5	1.5
204.123564193381	0.256696235162683	-4.38133738843379	863897.560666249	4598812.19197691	0	0	0	0	0	1.5	1.5	1.5	1.5	1.5	1.5
204.224068163934	0.235340178956816	-4.35661158179592	863897.526810078	4598812.28660403	0	0	0	0	0	1.5	1.5	1.5	1.5	1.5	1.5
204.324572134487	0.21398412275095	-4.3340321436021	863897.490725254	4598812.38040438	0	0	0	0	0	1.5	1.5	1.5	1.5	1.5	1.5
204.42507610504	0.192628066545083	-4.31359907385233	863897.45263149	4598812.4734074	0	0	0	0	0	1.5	1.5	1.5	1.5	1.5	1.5
204.525580075593	0.171272010339216	-4.2953123725466	863897.412744311	4598812.56565586	0	0	0	0	0	1.5	1.5	1.5	1.5	1.5	1.5
204.626084046147	0.149915954133355	-4.27917203968492	863897.371275071	4598812.65720438	0	0	0	0	0	1.5	1.5	1.5	1.5	1.5	1.5
204.7265880167	0.128559897927482	-4.26517807526728	863897.3284311	4598812.74811795	0	0	0	0	0	1.5	1.5	1.5	1.5	1.5	1.5
204.827091987253	0.107203841721622	-4.25333047929369	863897.284415962	4598812.83847058	0	0	0	0	0	1.5	1.5	1.5	1.5	1.5	1.5
204.927595957806	0.0858477855157547	-4.24362925176414	863897.239429814	4598812.92834391	0	0	0	0	0	1.5	1.5	1.5	1.5	1.5	1.5
205.028099928359	0.0644917293098879	-4.23607439267864	863897.193669849	4598813.01782589	0	0	0	0	0	1.5	1.5	1.5	1.5	1.5	1.5
205.128603898912	0.0431356731040211	-4.23066590203718	863897.147330803	4598813.1070095	0	0	0	0	0	1.5	1.5	1.5	1.5	1.5	1.5
205.229107869465	0.0217796168981542	-4.22740377983977	863897.100605518	4598813.19599145	0	0	0	0	0	1.5	1.5	1.5	1.5	1.5	1.5
205.329611840018	0.000423560692287384	-4.2262880260864	863897.053685552	4598813.28487094	0	0	0	0	0	1.5	1.5	1.5	1.5	1.5	1.5
205.430115810571	-0.0092820565661202	-4.22701955558474	863897.006757274	4598813.37374604	0	0	0	0	0	1.5	1.5	1.5	1.5	1.5	1.5
205.530619781125	-0.00783243998337952	-4.22787959301336	863896.959907951	4598813.46266279	0	0	0	0	0	1.5	1.5	1.5	1.5	1.5	1.5
205.631123751678	-0.00638282340063802	-4.22859393821964	863896.913128637	4598813.5516164	0	0	0	0	0	1.5	1.5	1.5	1.5	1.5	1.5
205.731627722231	-0.00493320681789734	-4.22916259120357	863896.866406396	4598813.64059999	0	0	0	0	0	1.5	1.5	1.5	1.5	1.5	1.5
205.832131692784	-0.00348359023515625	-4.22958555196515	863896.819728279	4598813.72960674	0	0	0	0	0	1.5	1.5	1.5	1.5	1.5	1.5
205.932635663337	-0.00203397365241516	-4.22986282050439	863896.773081327	4598813.81862983	0	0	0	0	0	1.5	1.5	1.5	1.5	1.5	1.5
206.03313963389	-0.000584357069674071	-4.22999439682129	863896.726452575	4598813.90766245	0	0	0	0	0	1.5	1.5	1.5	1.5	1.5	1.5
206.133643604443	0.000865259513067018	-4.22998028091584	863896.679829051	4598813.9966978	0	0	0	0	0	1.5	1.5	1.5	1.5	1.5	1.5
206.234147574996	0.00231487609580811	-4.22982047278805	863896.633197785	4598814.08572911	0	0	0	0	0	1.5	1.5	1.5	1.5	1.5	1.5
206.33465154555	0.0037644926785492	-4.22951497243791	863896.586545807	4598814.17474956	0	0	0	0	0	1.5	1.5	1.5	1.5	1.5	1.5
206.435155516103	0.00521410926128987	-4.22906377986542	863896.539860152	4598814.26375236	0	0	0	0	0	1.5	1.5	1.5	1.5	1.5	1.5
206.535659486656	0.00666372584403097	-4.22846689507059	863896.493127862	4598814.35273067	0	0	0	0	0	1.5	1.5	1.5	1.5	1.5	1.5
206.636163457209	0.00811334242677246	-4.22772431805342	863896.446335992	4598814.44167767	0	0	0	0	0	1.5	1.5	1.5	1.5	1.5	1.5
206.736667427762	0.00956295900951314	-4.2268360488139	863896.399471609	4598814.53058648	0	0	0	0	0	1.5	1.5	1.5	1.5	1.5	1.5
206.837171398315	0.0110125755922542	-4.22580208735203	863896.352521796	4598814.61945021	0	0	0	0	0	1.5	1.5	1.5	1.5	1.5	1.5
206.937675368868	0.0106800166745118	-4.22467612627322	863896.30547461	4598814.70826243	0	0	0	0	0	1.5	1.5	1.5	1.5	1.5	1.5
207.038179339421	0.0091570112834801	-4.22367927623634	863896.258332405	4598814.79702424	0	0	0	0	0	1.5	1.5	1.5	1.5	1.5	1.5
207.138683309974	0.00763400589244886	-4.22283549428844	863896.211108531	4598814.88574263	0	0	0	0	0	1.5	1.5	1.5	1.5	1.5	1.5
207.239187280528	0.00611100050141676	-4.22214478042951	863896.163816601	4598814.97442477	0	0	0	0	0	1.5	1.5	1.5	1.5	1.5	1.5
207.339691251081	0.00458799511038552	-4.22160713465955	863896.116470213	4598815.06307784	0	0	0	0	0	1.5	1.5	1.5	1.5	1.5	1.5
207.440195221634	0.00306498971935384	-4.22122255697857	863896.06908295	4598815.15170908	0	0	0	0	0	1.5	1.5	1.5	1.5	1.5	1.5
207.540699192187	0.00154198432832174	-4.22099104738655	863896.021668387	4598815.24032571	0	0	0	0	0	1.5	1.5	1.5	1.5	1.5	1.5
207.64120316274	1.89789372904998e-05	-4.22091260588351	863895.974240092	4598815.32893499	0	0	0	0	0	1.5	1.5	1.5	1.5	1.5	1.5
207.741707133293	-0.00150402645374117	-4.22098723246944	863895.926811627	4598815.41754418	0	0	0	0	0	1.5	1.5	1.5	1.5	1.5	1.5
207.842211103846	-0.00302703184477284	-4.22121492714435	863895.879396557	4598815.50616054	0	0	0	0	0	1.5	1.5	1.5	1.5	1.5	1.5
207.942715074399	-0.00455003723580452	-4.22159568990822	863895.832008449	4598815.59479132	0	0	0	0	0	1.5	1.5	1.5	1.5	1.5	1.5
208.043219044953	-0.00607304262683576	-4.22212952076107	863895.784660878	4598815.68344376	0	0	0	0	0	1.5	1.5	1.5	1.5	1.5	1.5
208.143723015506	-0.00759604801786786	-4.22281641970289	863895.737367425	4598815.77212508	0	0	0	0	0	1.5	1.5	1.5	1.5	1.5	1.5
208.244226986059	-0.00911905340889954	-4.22365638673369	863895.690141689	4598815.86084248	0	0	0	0	0	1.5	1.5	1.5	1.5	1.5	1.5
208.344730956612	-0.0106420587999308	-4.22464942185345	863895.642997283	4598815.94960313	0	0	0	0	0	1.5	1.5	1.5	1.5	1.5	1.5
208.445234927165	-0.0126354114494184	-4.22581149714125	863895.59594816	4598816.03841432	0	0	0	0	0	1.5	1.5	1.5	1.5	1.5	1.5
208.545738897718	-0.0148544485199786	-4.22719291717968	863895.549011893	4598816.1272852	0	0	0	0	0	1.5	1.5	1.5	1.5	1.5	1.5
208.646242868271	-0.0170734855905394	-4.22879735925452	863895.502208358	4598816.21622605	0	0	0	0	0	1.5	1.5	1.5	1.5	1.5	1.5
208.746746838824	-0.0192925226611002	-4.23062482336575	863895.455557512	4598816.30524708	0	0	0	0	0	1.5	1.5	1.5	1.5	1.5	1.5
208.847250809377	-0.021511559731661	-4.23267530951337	863895.409079364	4598816.39435839	0	0	0	0	0	1.5	1.5	1.5	1.5	1.5	1.5
208.947754779931	-0.0237305968022218	-4.23494881769739	863895.362793985	4598816.48356998	0	0	0	0	0	1.5	1.5	1.5	1.5	1.5	1.5
209.048258750484	-0.0259496338727826	-4.23744534791781	863895.316721511	4598816.5728917	0	0	0	0	0	1.5	1.5	1.5	1.5	1.5	1.5
209.148762721037	-0.0281686709433435	-4.24016490017462	863895.270882151	4598816.66233328	0	0	0	0	0	1.5	1.5	1.5	1.5	1.5	1.5
209.24926669159	-0.0303877080139036	-4.24310747446783	863895.22529619	4598816.75190426	0	0	0	0	0	1.5	1.5	1.5	1.5	1.5	1.5
209.349770662143	-0.0326067450844651	-4.24627307079743	863895.179984002	4598816.84161404	0	0	0	0	0	1.5	1.5	1.5	1.5	1.5	1.5
209.450274632696	-0.0348257821550253	-4.24966168916343	863895.134966049	4598816.93147183	0	0	0	0	0	1.5	1.5	1.5	1.5	1.5	1.5
209.550778603249	-0.0370448192255861	-4.25327332956583	863895.090262887	4598817.02148663	0	0	0	0	0	1.5	1.5	1.5	1.5	1.5	1.5
209.651282573802	-0.0392638562961469	-4.25710799200462	863895.045895176	4598817.11166724	0	0	0	0	0	1.5	1.5	1.5	1.5	1.5	1.5
209.751786544356	-0.0414828933667077	-4.26116567647981	863895.001883681	4598817.20202222	0	0	0	0	0	1.5	1.5	1.5	1.5	1.5	1.5
209.852290514909	-0.0437019304372685	-4.26544638299139	863894.958249278	4598817.2925599	0	0	0	0	0	1.5	1.5	1.5	1.5	1.5	1.5
209.952794485462	-0.0553967463267428	-4.27030968294548	863894.915021177	4598817.38329225	0	0	0	0	0	1.5	1.5	1.5	1.5	1.5	1.5
210.053298456015	-0.0701644593748873	-4.2766193828057	863894.872299214	4598817.47426394	0	0	0	0	0	1.5	1.5	1.5	1.5	1.5	1.5
210.153802426568	-0.0849321724230402	-4.28441329646326	863894.83021986	4598817.56553456	0	0	0	0	0	1.5	1.5	1.5	1.5	1.5	1.5
210.254306397121	-0.0996998854711847	-4.29369142391814	863894.788921161	4598817.65716093	0	0	0	0	0	1.5	1.5	1.5	1.5	1.5	1.5
210.354810367674	-0.114467598519333	-4.30445376517034	863894.748542687	4598817.74919641	0	0	0	0	0	1.5	1.5	1.5	1.5	1.5	1.5
210.455314338227	-0.129235311567478	-4.31670032021988	863894.709225736	4598817.84169019	0	0	0	0	0	1.5	1.5	1.5	1.5	1.5	1.5
210.55581830878	-0.144003024615631	-4.33043108906675	863894.671113499	4598817.93468668	0	0	0	0	0	1.5	1.5	1.5	1.5	1.5	1.5
210.656322279334	-0.158770737663779	-4.34564607171094	863894.634351198	4598818.02822484	0	0	0	0	0	1.5	1.5	1.5	1.5	1.5	1.5
210.756826249887	-0.173538450711924	-4.36234526815246	863894.599086181	4598818.12233749	0	0	0	0	0	1.5	1.5	1.5	1.5	1.5	1.5
210.85733022044	-0.188306163760077	-4.38052867839131	863894.565467964	4598818.21705067	0	0	0	0	0	1.5	1.5	1.5	1.5	1.5	1.5
210.957834190993	-0.203073876808226	-4.40019630242749	863894.533648231	4598818.31238286	0	0	0	0	0	1.5	1.5	1.5	1.5	1.5	1.5
211.058338161546	-0.21784158985637	-4.42134814026099	863894.50378077	4598818.40834434	0	0	0	0	0	1.5	1.5	1.5	1.5	1.5	1.5
211.158842132099	-0.232609302904519	-4.44398419189182	863894.47602135	4598818.50493643	0	0	0	0	0	1.5	1.5	1.5	1.5	1.5	1.5
211.259346102652	-0.247377015952672	-4.46810445731999	863894.450527528	4598818.60215075	0	0	0	0	0	1.5	1.5	1.5	1.5	1.5	1.5
211.359850073205	-0.262144729000816	-4.49370893654548	863894.427458386	4598818.69996849	0	0	0	0	0	1.5	1.5	1.5	1.5	1.5	1.5
211.460354043758	-0.27273348933455	-4.52059811247927	863894.406967956	4598818.79835844	0	0	0	0	0	1.5	1.5	1.5	1.5	1.5	1.5
211.560858014312	-0.283102667523249	-4.54852998284989	863894.389181874	4598818.89727278	0	0	0	0	0	1.5	1.5	1.5	1.5	1.5	1.5
211.661361984865	-0.293471845711939	-4.57750399679981	863894.374217052	4598818.99665283	0	0	0	0	0	1.5	1.5	1.5	1.5	1.5	1.5
211.761865955418	-0.303841023900629	-4.60752015432908	863894.362189568	4598819.09643073	0	0	0	0	0	1.5	1.5	1.5	1.5	1.5	1.5
211.862369925971	-0.314210202089322	-4.63857845543768	863894.353214183	4598819.19652908	0	0	0	0	0	1.5	1.5	1.5	1.5	1.5	1.5
211.962873896524	-0.324579380278018	-4.67067890012564	863894.347403806	4598819.29686063	0	0	0	0	0	1.5	1.5	1.5	1.5	1.5	1.5
212.063377867077	-0.334948558466708	-4.70382148839291	863894.344868915	4598819.39732803	0	0	0	0	0	1.5	1.5	1.5	1.5	1.5	1.5
212.16388183763	-0.345317736655401	-4.73800622023952	863894.345716919	4598819.49782353	0	0	0	0	0	1.5	1.5	1.5	1.5	1.5	1.5
212.264385808183	-0.355686914844096	-4.77323309566548	863894.350051476	4598819.59822878	0	0	0	0	0	1.5	1.5	1.5	1.5	1.5	1.5
212.364889778737	-0.366056093032787	-4.80950211467076	863894.357971756	4598819.69841466	0	0	0	0	0	1.5	1.5	1.5	1.5	1.5	1.5
212.46539374929	-0.376425271221479	-4.84681327725539	863894.369571656	4598819.7982411	0	0	0	0	0	1.5	1.5	1.5	1.5	1.5	1.5
212.565897719843	-0.386794449410169	-4.88516658341934	863894.384938962	4598819.89755704	0	0	0	0	0	1.5	1.5	1.5	1.5	1.5	1.5
212.666401690396	-0.397163627598865	-4.92456203316265	863894.404154465	4598819.99620037	0	0	0	0	0	1.5	1.5	1.5	1.5	1.5	1.5
212.766905660949	-0.407532805787558	-4.96499962648529	863894.427291036	4598820.09399797	0	0	0	0	0	1.5	1.5	1.5	1.5	1.5	1.5
212.867409631502	-0.416678388081085	-5.0064756071176	863894.454412637	4598820.19076583	0	0	0	0	0	1.5	1.5	1.5	1.5	1.5	1.5
212.967913602055	-0.407017956579996	-5.04786798370188	863894.485535178	4598820.28632206	0	0	0	0	0	1.5	1.5	1.5	1.5	1.5	1.5
213.068417572608	-0.397357525078912	-5.08828944856302	863894.52053962	4598820.38052589	0	0	0	0	0	1.5	1.5	1.5	1.5	1.5	1.5
213.168921543162	-0.387697093577825	-5.12774000170105	863894.559277402	4598820.47325734	0	0	0	0	0	1.5	1.5	1.5	1.5	1.5	1.5
213.269425513715	-0.378036662076742	-5.16621964311596	863894.601598289	4598820.56440966	0	0	0	0	0	1.5	1.5	1.5	1.5	1.5	1.5
213.369929484268	-0.368376230575652	-5.20372837280777	863894.647351199	4598820.6538889	0	0	0	0	0	1.5	1.5	1.5	1.5	1.5	1.5
213.470433454821	-0.358715799074566	-5.24026619077646	863894.69638496	4598820.74161355	0	0	0	0	0	1.5	1.5	1.5	1.5	1.5	1.5
213.570937425374	-0.349055367573482	-5.27583309702202	863894.748549007	4598820.82751405	0	0	0	0	0	1.5	1.5	1.5	1.5	1.5	1.5
213.671441395927	-0.339394936072393	-5.31042909154449	863894.803694009	4598820.91153232	0	0	0	0	0	1.5	1.5	1.5	1.5	1.5	1.5
213.77194536648	-0.329734504571307	-5.34405417434383	863894.861672446	4598820.99362128	0	0	0	0	0	1.5	1.5	1.5	1.5	1.5	1.5
213.872449337033	-0.320074073070223	-5.37670834542004	863894.922339111	4598821.07374435	0	0	0	0	0	1.5	1.5	1.5	1.5	1.5	1.5
213.972953307586	-0.310413641569136	-5.40839160477315	863894.985551566	4598821.15187494	0	0	0	0	0	1.5	1.5	1.5	1.5	1.5	1.5
214.07345727814	-0.300753210068047	-5.43910395240315	863895.051170533	4598821.22799593	0	0	0	0	0	1.5	1.5	1.5	1.5	1.5	1.5
214.173961248693	-0.291092778566963	-5.46884538831002	863895.119060243	4598821.30209917	0	0	0	0	0	1.5	1.5	1.5	1.5	1.5	1.5
214.274465219246	-0.281432347065877	-5.49761591249379	863895.18908872	4598821.37418498	0	0	0	0	0	1.5	1.5	1.5	1.5	1.5	1.5
214.374969189799	-0.27034436219374	-5.52539163271529	863895.261127847	4598821.44426181	0	0	0	0	0	1.5	1.5	1.5	1.5	1.5	1.5
214.475473160352	-0.25639764535587	-5.55186146432321	863895.335042956	4598821.51235744	0	0	0	0	0	1.5	1.5	1.5	1.5	1.5	1.5
214.575977130905	-0.242450928518	-5.57692959551275	863895.410688312	4598821.57852616	0	0	0	0	0	1.5	1.5	1.5	1.5	1.5	1.5
214.676481101458	-0.228504211680126	-5.60059602628391	863895.487923625	4598821.64283233	0	0	0	0	0	1.5	1.5	1.5	1.5	1.5	1.5
214.776985072011	-0.214557494842249	-5.62286075663668	863895.56661548	4598821.70534811	0	0	0	0	0	1.5	1.5	1.5	1.5	1.5	1.5
214.877489042564	-0.200610778004379	-5.64372378657106	863895.64663722	4598821.76615274	0	0	0	0	0	1.5	1.5	1.5	1.5	1.5	1.5
214.977993013118	-0.186664061166505	-5.66318511608706	863895.727868758	4598821.82533184	0	0	0	0	0	1.5	1.5	1.5	1.5	1.5	1.5
215.078496983671	-0.172717344328635	-5.68124474518466	863895.810196344	4598821.88297681	0	0	0	0	0	1.5	1.5	1.5	1.5	1.5	1.5
215.179000954224	-0.158770627490757	-5.69790267386389	863895.893512293	4598821.93918417	0	0	0	0	0	1.5	1.5	1.5	1.5	1.5	1.5
215.279504924777	-0.144823910652883	-5.71315890212473	863895.977714658	4598821.99405505	0	0	0	0	0	1.5	1.5	1.5	1.5	1.5	1.5
215.38000889533	-0.130877193815013	-5.72701342996718	863896.062706887	4598822.04769466	0	0	0	0	0	1.5	1.5	1.5	1.5	1.5	1.5
215.480512865883	-0.116930476977135	-5.73946625739125	863896.148397432	4598822.10021178	0	0	0	0	0	1.5	1.5	1.5	1.5	1.5	1.5
215.581016836436	-0.102983760139261	-5.75051738439693	863896.234699345	4598822.15171833	0	0	0	0	0	1.5	1.5	1.5	1.5	1.5	1.5
215.681520806989	-0.089037043301391	-5.76016681098422	863896.321529837	4598822.20232896	0	0	0	0	0	1.5	1.5	1.5	1.5	1.5	1.5
215.782024777543	-0.075090326463521	-5.76841453715312	863896.408809831	4598822.25216061	0	0	0	0	0	1.5	1.5	1.5	1.5	1.5	1.5
215.882528748096	-0.0661056571183188	-5.77539580051489	863896.496464684	4598822.30133005	0	0	0	0	0	1.5	1.5	1.5	1.5	1.5	1.5
215.983032718649	-0.0613080232519549	-5.78179859090489	863896.584445016	4598822.34991477	0	0	0	0	0	1.5	1.5	1.5	1.5	1.5	1.5
216.083536689202	-0.0565103893855911	-5.78771920004205	863896.672723062	4598822.39795647	0	0	0	0	0	1.5	1.5	1.5	1.5	1.5	1.5
216.184040659755	-0.0517127555192245	-5.7931576279264	863896.761272557	4598822.44549603	0	0	0	0	0	1.5	1.5	1.5	1.5	1.5	1.5
216.284544630308	-0.0469151216528593	-5.79811387455791	863896.850067953	4598822.49257475	0	0	0	0	0	1.5	1.5	1.5	1.5	1.5	1.5
216.385048600861	-0.0421174877864955	-5.80258793993658	863896.939084361	4598822.53923426	0	0	0	0	0	1.5	1.5	1.5	1.5	1.5	1.5
216.485552571414	-0.0373198539201303	-5.80657982406243	863897.028297494	4598822.58551656	0	0	0	0	0	1.5	1.5	1.5	1.5	1.5	1.5
216.586056541968	-0.0325222200537637	-5.81008952693546	863897.117683609	4598822.63146393	0	0	0	0	0	1.5	1.5	1.5	1.5	1.5	1.5
216.686560512521	-0.0277245861873998	-5.81311704855565	863897.207219442	4598822.67711888	0	0	0	0	0	1.5	1.5	1.5	1.5	1.5	1.5
216.787064483074	-0.0229269523210346	-5.81566238892301	863897.296882151	4598822.72252418	0	0	0	0	0	1.5	1.5	1.5	1.5	1.5	1.5
216.887568453627	-0.0181293184546681	-5.81772554803754	863897.386649256	4598822.76772276	0	0	0	0	0	1.5	1.5	1.5	1.5	1.5	1.5
216.98807242418	-0.0133316845883042	-5.81930652589924	863897.476498573	4598822.81275771	0	0	0	0	0	1.5	1.5	1.5	1.5	1.5	1.5
217.088576394733	-0.00853405072193901	-5.82040532250811	863897.566408156	4598822.85767222	0	0	0	0	0	1.5	1.5	1.5	1.5	1.5	1.5
217.189080365286	-0.00373641685557516	-5.82102193786415	863897.656356232	4598822.90250961	0	0	0	0	0	1.5	1.5	1.5	1.5	1.5	1.5
217.289584335839	0.0010612170107914	-5.82115637196736	863897.746321141	4598822.94731322	0	0	0	0	0	1.5	1.5	1.5	1.5	1.5	1.5
217.390088306392	0.000627019271892538	-5.82100187623527	863897.836283393	4598822.99212216	0	0	0	0	0	1.5	1.5	1.5	1.5	1.5	1.5
217.490592276946	-0.00169302015756822	-5.82105544489608	863897.92624292	4598823.03693657	0	0	0	0	0	1.5	1.5	1.5	1.5	1.5	1.5
217.591096247499	-0.00401305958702963	-5.8213421867314	863898.016210071	4598823.08173568	0	0	0	0	0	1.5	1.5	1.5	1.5	1.5	1.5
217.691600218052	-0.00633309901648974	-5.82186210174121	863898.106195283	4598823.12649849	0	0	0	0	0	1.5	1.5	1.5	1.5	1.5	1.5
217.792104188605	-0.00865313844595049	-5.82261518992552	863898.196208967	4598823.17120402	0	0	0	0	0	1.5	1.5	1.5	1.5	1.5	1.5
217.892608159158	-0.0109731778754106	-5.82360145128434	863898.286261495	4598823.21583125	0	0	0	0	0	1.5	1.5	1.5	1.5	1.5	1.5
217.993112129711	-0.013293217304872	-5.82482088581765	863898.376363183	4598823.26035914	0	0	0	0	0	1.5	1.5	1.5	1.5	1.5	1.5
218.093616100264	-0.0156132567343328	-5.82627349352547	863898.466524278	4598823.3047666	0	0	0	0	0	1.5	1.5	1.5	1.5	1.5	1.5
218.194120070817	-0.0179332961637929	-5.82795927440778	863898.556754944	4598823.34903253	0	0	0	0	0	1.5	1.5	1.5	1.5	1.5	1.5
218.29462404137	-0.0202533355932543	-5.8298782284646	863898.647065243	4598823.39313576	0	0	0	0	0	1.5	1.5	1.5	1.5	1.5	1.5
218.395128011924	-0.022573375022715	-5.83203035569592	863898.737465126	4598823.43705507	0	0	0	0	0	1.5	1.5	1.5	1.5	1.5	1.5
218.495631982477	-0.0248934144521751	-5.83441565610173	863898.827964412	4598823.48076917	0	0	0	0	0	1.5	1.5	1.5	1.5	1.5	1.5
218.59613595303	-0.0272134538816352	-5.83703412968205	863898.918572778	4598823.52425671	0	0	0	0	0	1.5	1.5	1.5	1.5	1.5	1.5
218.696639923583	-0.0295334933110973	-5.83988577643687	863899.009299742	4598823.56749627	0	0	0	0	0	1.5	1.5	1.5	1.5	1.5	1.5
218.797143894136	-0.0318535327405574	-5.84297059636619	863899.100154645	4598823.61046634	0	0	0	0	0	1.5	1.5	1.5	1.5	1.5	1.5
218.897647864689	-0.0308309676196202	-5.84613155047667	863899.191144557	4598823.65314977	0	0	0	0	0	1.5	1.5	1.5	1.5	1.5	1.5
218.998151835242	-0.029575680438334	-5.84916710446548	863899.282266294	4598823.69555106	0	0	0	0	0	1.5	1.5	1.5	1.5	1.5	1.5
219.098655805795	-0.0283203932570482	-5.85207649710839	863899.373513668	4598823.73768131	0	0	0	0	0	1.5	1.5	1.5	1.5	1.5	1.5
219.199159776349	-0.0270651060757627	-5.8548597284054	863899.46488059	4598823.77955167	0	0	0	0	0	1.5	1.5	1.5	1.5	1.5	1.5
219.299663746902	-0.0258098188944769	-5.8575167983565	863899.556361071	4598823.82117334	0	0	0	0	0	1.5	1.5	1.5	1.5	1.5	1.5
219.400167717455	-0.0245545317131907	-5.8600477069617	863899.647949213	4598823.86255758	0	0	0	0	0	1.5	1.5	1.5	1.5	1.5	1.5
219.500671688008	-0.0232992445319052	-5.862452454221	863899.739639207	4598823.90371567	0	0	0	0	0	1.5	1.5	1.5	1.5	1.5	1.5
219.601175658561	-0.0220439573506194	-5.86473104013439	863899.831425331	4598823.94465894	0	0	0	0	0	1.5	1.5	1.5	1.5	1.5	1.5
219.701679629114	-0.0207886701693339	-5.86688346470188	863899.923301941	4598823.98539875	0	0	0	0	0	1.5	1.5	1.5	1.5	1.5	1.5
219.802183599667	-0.0195333829880477	-5.86890972792347	863900.015263472	4598824.02594652	0	0	0	0	0	1.5	1.5	1.5	1.5	1.5	1.5
219.90268757022	-0.0182780958067619	-5.87080982979915	863900.107304431	4598824.06631367	0	0	0	0	0	1.5	1.5	1.5	1.5	1.5	1.5
220.003191540773	-0.0170228086254764	-5.87258377032893	863900.199419391	4598824.10651167	0	0	0	0	0	1.5	1.5	1.5	1.5	1.5	1.5
220.103695511327	-0.0157675214441903	-5.8742315495128	863900.291602992	4598824.14655203	0	0	0	0	0	1.5	1.5	1.5	1.5	1.5	1.5
220.20419948188	-0.0145122342629048	-5.87575316735077	863900.383849929	4598824.18644624	0	0	0	0	0	1.5	1.5	1.5	1.5	1.5	1.5
220.304703452433	-0.0132078155626795	-5.87714848207383	863900.476154958	4598824.22620587	0	0	0	0	0	1.5	1.5	1.5	1.5	1.5	1.5
220.405207422986	-0.01109688596691	-5.87836984157725	863900.568512209	4598824.26584405	0	0	0	0	0	1.5	1.5	1.5	1.5	1.5	1.5
220.505711393539	-0.00898595637113931	-5.87937904427473	863900.660913613	4598824.3053792	0	0	0	0	0	1.5	1.5	1.5	1.5	1.5	1.5
220.606215364092	-0.00687502677536924	-5.88017609016628	863900.753350685	4598824.34483088	0	0	0	0	0	1.5	1.5	1.5	1.5	1.5	1.5
220.706719334645	-0.00476409717959976	-5.8807609792519	863900.845814996	4598824.38421868	0	0	0	0	0	1.5	1.5	1.5	1.5	1.5	1.5
220.807223305198	-0.00265316758382909	-5.88113371153158	863900.938298157	4598824.4235622	0	0	0	0	0	1.5	1.5	1.5	1.5	1.5	1.5
220.907727275752	-0.000542237988059011	-5.88129428700533	863901.030791806	4598824.46288107	0	0	0	0	0	1.5	1.5	1.5	1.5	1.5	1.5
221.008231246305	0.00156869160771047	-5.88124270567315	863901.123287598	4598824.50219489	0	0	0	0	0	1.5	1.5	1.5	1.5	1.5	1.5
221.108735216858	0.00367962120348055	-5.88097896753504	863901.21577719	4598824.54152329	0	0	0	0	0	1.5	1.5	1.5	1.5	1.5	1.5
221.209239187411	0.00579055079925122	-5.88050307259099	863901.308252231	4598824.5808859	0	0	0	0	0	1.5	1.5	1.5	1.5	1.5	1.5
221.309743157964	0.0079014803950207	-5.87981502084101	863901.400704347	4598824.62030232	0	0	0	0	0	1.5	1.5	1.5	1.5	1.5	1.5
221.410247128517	0.0100124099907908	-5.8789148122851	863901.493125131	4598824.65979214	0	0	0	0	0	1.5	1.5	1.5	1.5	1.5	1.5
221.51075109907	0.0121233395865614	-5.87780244692325	863901.585506129	4598824.69937494	0	0	0	0	0	1.5	1.5	1.5	1.5	1.5	1.5
221.611255069623	0.0142342691823309	-5.87647792475547	863901.677838827	4598824.73907028	0	0	0	0	0	1.5	1.5	1.5	1.5	1.5	1.5
221.711759040176	0.0163451987781004	-5.87494124578176	863901.770114639	4598824.77889766	0	0	0	0	0	1.5	1.5	1.5	1.5	1.5	1.5
221.81226301073	0.0182667126604322	-5.87319488258869	863901.862324907	4598824.81887656	0	0	0	0	0	1.5	1.5	1.5	1.5	1.5	1.5
221.912766981283	0.0196484639741009	-5.87128956969069	863901.954461819	4598824.85902421	0	0	0	0	0	1.5	1.5	1.5	1.5	1.5	1.5
222.013270951836	0.0210302152877688	-5.86924538529935	863902.046519268	4598824.89935374	0	0	0	0	0	1.5	1.5	1.5	1.5	1.5	1.5
222.113774922389	0.0224119666014372	-5.86706232941467	863902.138491268	4598824.93987775	0	0	0	0	0	1.5	1.5	1.5	1.5	1.5	1.5
222.214278892942	0.0237937179151059	-5.86474040203665	863902.230371752	4598824.98060882	0	0	0	0	0	1.5	1.5	1.5	1.5	1.5	1.5
222.314782863495	0.0251754692287738	-5.8622796031653	863902.322154569	4598825.02155949	0	0	0	0	0	1.5	1.5	1.5	1.5	1.5	1.5
222.415286834048	0.0265572205424422	-5.8596799328006	863902.413833474	4598825.06274226	0	0	0	0	0	1.5	1.5	1.5	1.5	1.5	1.5
222.515790804601	0.0279389718561101	-5.85694139094256	863902.505402129	4598825.10416959	0	0	0	0	0	1.5	1.5	1.5	1.5	1.5	1.5
222.616294775155	0.0293207231697788	-5.85406397759117	863902.596854093	4598825.14585387	0	0	0	0	0	1.5	1.5	1.5	1.5	1.5	1.5
222.716798745708	0.0307024744834472	-5.85104769274645	863902.688182819	4598825.18780747	0	0	0	0	0	1.5	1.5	1.5	1.5	1.5	1.5
222.817302716261	0.0320842257971151	-5.84789253640839	863902.779381651	4598825.23004268	0	0	0	0	0	1.5	1.5	1.5	1.5	1.5	1.5
222.917806686814	0.0334659771107838	-5.84459850857699	863902.870443814	4598825.27257174	0	0	0	0	0	1.5	1.5	1.5	1.5	1.5	1.5
223.018310657367	0.0348477284244522	-5.84116560925224	863902.961362414	4598825.31540685	0	0	0	0	0	1.5	1.5	1.5	1.5	1.5	1.5
223.11881462792	0.0362294797381201	-5.83759383843416	863903.05213043	4598825.35856012	0	0	0	0	0	1.5	1.5	1.5	1.5	1.5	1.5
223.219318598473	0.037611231051788	-5.83388319612273	863903.14274071	4598825.4020436	0	0	0	0	0	1.5	1.5	1.5	1.5	1.5	1.5
223.319822569026	0.036874063260333	-5.83007333644467	863903.233186186	4598825.44586885	0	0	0	0	0	1.5	1.5	1.5	1.5	1.5	1.5
223.420326539579	0.0325660592937422	-5.82658383242848	863903.323469674	4598825.49002685	0	0	0	0	0	1.5	1.5	1.5	1.5	1.5	1.5
223.520830510133	0.0282580553271527	-5.82352729991609	863903.41360816	4598825.53448013	0	0	0	0	0	1.5	1.5	1.5	1.5	1.5	1.5
223.621334480686	0.0239500513605619	-5.8209037389075	863903.503620042	4598825.57918922	0	0	0	0	0	1.5	1.5	1.5	1.5	1.5	1.5
223.721838451239	0.0196420473939699	-5.81871314940271	863903.593524053	4598825.62411486	0	0	0	0	0	1.5	1.5	1.5	1.5	1.5	1.5
223.822342421792	0.0153340434273804	-5.81695553140173	863903.683339207	4598825.66921789	0	0	0	0	0	1.5	1.5	1.5	1.5	1.5	1.5
223.922846392345	0.0110260394607896	-5.81563088490454	863903.77308475	4598825.71445929	0	0	0	0	0	1.5	1.5	1.5	1.5	1.5	1.5
224.023350362898	0.0067180354941976	-5.81473920991116	863903.862780107	4598825.75980012	0	0	0	0	0	1.5	1.5	1.5	1.5	1.5	1.5
224.123854333451	0.00241003152760805	-5.81428050642158	863903.952444832	4598825.80520149	0	0	0	0	0	1.5	1.5	1.5	1.5	1.5	1.5
224.224358304004	-0.00189797243898272	-5.81425477443579	863904.042098558	4598825.85062459	0	0	0	0	0	1.5	1.5	1.5	1.5	1.5	1.5
224.324862274557	-0.00620597640557227	-5.81466201395381	863904.131760946	4598825.89603058	0	0	0	0	0	1.5	1.5	1.5	1.5	1.5	1.5
224.425366245111	-0.0105139803721643	-5.81550222497563	863904.221451636	4598825.94138064	0	0	0	0	0	1.5	1.5	1.5	1.5	1.5	1.5
224.525870215664	-0.0148219843387538	-5.81677540750125	863904.311190194	4598825.98663589	0	0	0	0	0	1.5	1.5	1.5	1.5	1.5	1.5
224.626374186217	-0.0191299883053446	-5.81848156153067	863904.400996062	4598826.03175741	0	0	0	0	0	1.5	1.5	1.5	1.5	1.5	1.5
224.72687815677	-0.0234379922719366	-5.8206206870639	863904.490888511	4598826.07670618	0	0	0	0	0	1.5	1.5	1.5	1.5	1.5	1.5
224.827382127323	-0.0216051562905485	-5.82305311752525	863904.580885643	4598826.12144497	0	0	0	0	0	1.5	1.5	1.5	1.5	1.5	1.5
224.927886097876	-0.0123451458790285	-5.82475918761001	863904.670978061	4598826.1659916	0	0	0	0	0	1.5	1.5	1.5	1.5	1.5	1.5
225.028390068429	-0.00308513546751113	-5.82553458988105	863904.761125688	4598826.21042641	0	0	0	0	0	1.5	1.5	1.5	1.5	1.5	1.5
225.128894038982	0.00617487494401149	-5.82537932433837	863904.851287092	4598826.25483327	0	0	0	0	0	1.5	1.5	1.5	1.5	1.5	1.5
225.229398009536	0.0154348853555315	-5.82429339098197	863904.941420914	4598826.29929608	0	0	0	0	0	1.5	1.5	1.5	1.5	1.5	1.5
225.329901980089	0.0246948957670489	-5.82227678981185	863905.031485644	4598826.34389865	0	0	0	0	0	1.5	1.5	1.5	1.5	1.5	1.5
225.430405950642	0.0339549061785715	-5.819329520828	863905.121439378	4598826.3887246	0	0	0	0	0	1.5	1.5	1.5	1.5	1.5	1.5
225.530909921195	0.0432149165900915	-5.81545158403044	863905.211239592	4598826.43385726	0	0	0	0	0	1.5	1.5	1.5	1.5	1.5	1.5
225.631413891748	0.0524749270016089	-5.81064297941915	863905.300842906	4598826.47937951	0	0	0	0	0	1.5	1.5	1.5	1.5	1.5	1.5
225.731917862301	0.0617349374131263	-5.80490370699415	863905.390204857	4598826.52537366	0	0	0	0	0	1.5	1.5	1.5	1.5	1.5	1.5
225.832421832854	0.0709949478246515	-5.79823376675541	863905.479279672	4598826.57192136	0	0	0	0	0	1.5	1.5	1.5	1.5	1.5	1.5
225.932925803407	0.0802549582361689	-5.79063315870297	863905.568020041	4598826.61910341	0	0	0	0	0	1.5	1.5	1.5	1.5	1.5	1.5
226.03342977396	0.0895149686476863	-5.7821018828368	863905.656376906	4598826.66699967	0	0	0	0	0	1.5	1.5	1.5	1.5	1.5	1.5
226.133933744514	0.0987749790592089	-5.7726399391569	863905.744299235	4598826.71568885	0	0	0	0	0	1.5	1.5	1.5	1.5	1.5	1.5
226.234437715067	0.108034989470729	-5.76224732766329	863905.831733821	4598826.76524842	0	0	0	0	0	1.5	1.5	1.5	1.5	1.5	1.5
226.33494168562	0.110336819117365	-5.75111509008187	863905.918626846	4598826.81575134	0	0	0	0	0	1.5	1.5	1.5	1.5	1.5	1.5
226.435445656173	0.106861317661457	-5.74020045251036	863906.004955543	4598826.86721302	0	0	0	0	0	1.5	1.5	1.5	1.5	1.5	1.5
226.535949626726	0.103385816205548	-5.72963511663483	863906.0907266	4598826.91959889	0	0	0	0	0	1.5	1.5	1.5	1.5	1.5	1.5
226.636453597279	0.0999103147496408	-5.7194190824553	863906.175948738	4598826.97287316	0	0	0	0	0	1.5	1.5	1.5	1.5	1.5	1.5
226.736957567832	0.0964348132937326	-5.70955234997174	863906.260631667	4598827.02700048	0	0	0	0	0	1.5	1.5	1.5	1.5	1.5	1.5
226.837461538385	0.0929593118378235	-5.70003491918416	863906.344786043	4598827.08194603	0	0	0	0	0	1.5	1.5	1.5	1.5	1.5	1.5
226.937965508939	0.0894838103819163	-5.69086679009256	863906.428423432	4598827.13767541	0	0	0	0	0	1.5	1.5	1.5	1.5	1.5	1.5
227.038469479492	0.0860083089260081	-5.68204796269695	863906.511556267	4598827.19415474	0	0	0	0	0	1.5	1.5	1.5	1.5	1.5	1.5
227.138973450045	0.0825328074701009	-5.67357843699732	863906.594197805	4598827.25135058	0	0	0	0	0	1.5	1.5	1.5	1.5	1.5	1.5
227.239477420598	0.0790573060141918	-5.66545821299366	863906.676362093	4598827.30922996	0	0	0	0	0	1.5	1.5	1.5	1.5	1.5	1.5
227.339981391151	0.0755818045582846	-5.657687290686	863906.758063927	4598827.36776036	0	0	0	0	0	1.5	1.5	1.5	1.5	1.5	1.5
227.440485361704	0.0721063031023764	-5.65026567007431	863906.839318812	4598827.4269097	0	0	0	0	0	1.5	1.5	1.5	1.5	1.5	1.5
227.540989332257	0.0686308016464672	-5.64319335115861	863906.920142932	4598827.48664636	0	0	0	0	0	1.5	1.5	1.5	1.5	1.5	1.5
227.64149330281	0.06515530019056	-5.63647033393888	863907.000553104	4598827.54693909	0	0	0	0	0	1.5	1.5	1.5	1.5	1.5	1.5
227.741997273363	0.0616797987346519	-5.63009661841514	863907.080566752	4598827.6077571	0	0	0	0	0	1.5	1.5	1.5	1.5	1.5	1.5
227.842501243917	0.0674758943397197	-5.62376781939533	863907.160197789	4598827.66907523	0	0	0	0	0	1.5	1.5	1.5	1.5	1.5	1.5
227.94300521447	0.0781922359928778	-5.61644770665459	863907.239410504	4598827.73093272	0	0	0	0	0	1.5	1.5	1.5	1.5	1.5	1.5
228.043509185023	0.0889085776460328	-5.6080505590279	863907.318134607	4598827.79341075	0	0	0	0	0	1.5	1.5	1.5	1.5	1.5	1.5
228.144013155576	0.0996249192991848	-5.59857637651528	863907.39629723	4598827.85658968	0	0	0	0	0	1.5	1.5	1.5	1.5	1.5	1.5
228.244517126129	0.11034126095234	-5.5880251591167	863907.473823284	4598827.92054798	0	0	0	0	0	1.5	1.5	1.5	1.5	1.5	1.5
228.345021096682	0.121057602605498	-5.57639690683218	863907.550635228	4598827.98536202	0	0	0	0	0	1.5	1.5	1.5	1.5	1.5	1.5
228.445525067235	0.13177394425865	-5.56369161966171	863907.626652846	4598828.05110572	0	0	0	0	0	1.5	1.5	1.5	1.5	1.5	1.5
228.546029037788	0.142490285911805	-5.5499092976053	863907.701793037	4598828.11785031	0	0	0	0	0	1.5	1.5	1.5	1.5	1.5	1.5
228.646533008342	0.153206627564963	-5.53504994066294	863907.775969622	4598828.185664	0	0	0	0	0	1.5	1.5	1.5	1.5	1.5	1.5
228.747036978895	0.163922969218115	-5.51911354883464	863907.849093167	4598828.25461167	0	0	0	0	0	1.5	1.5	1.5	1.5	1.5	1.5
228.847540949448	0.174639310871267	-5.50210012212039	863907.921070826	4598828.32475453	0	0	0	0	0	1.5	1.5	1.5	1.5	1.5	1.5
228.948044920001	0.185355652524422	-5.4840096605202	863907.991806208	4598828.39614976	0	0	0	0	0	1.5	1.5	1.5	1.5	1.5	1.5
229.048548890554	0.19607199417758	-5.46484216403405	863908.061199256	4598828.46885013	0	0	0	0	0	1.5	1.5	1.5	1.5	1.5	1.5
229.149052861107	0.206788335830732	-5.44459763266197	863908.129146169	4598828.54290362	0	0	0	0	0	1.5	1.5	1.5	1.5	1.5	1.5
229.24955683166	0.217504677483887	-5.42327606640393	863908.195539338	4598828.61835303	0	0	0	0	0	1.5	1.5	1.5	1.5	1.5	1.5
229.350060802213	0.21613993466741	-5.40130269774498	863908.260274997	4598828.69522913	0	0	0	0	0	1.5	1.5	1.5	1.5	1.5	1.5
229.450564772766	0.209608280781419	-5.37990800469073	863908.323326219	4598828.77349282	0	0	0	0	0	1.5	1.5	1.5	1.5	1.5	1.5
229.55106874332	0.203076626895426	-5.35916976878629	863908.384714904	4598828.85306741	0	0	0	0	0	1.5	1.5	1.5	1.5	1.5	1.5
229.651572713873	0.196544973009436	-5.33908799003168	863908.444466865	4598828.93387838	0	0	0	0	0	1.5	1.5	1.5	1.5	1.5	1.5
229.752076684426	0.190013319123441	-5.31966266842688	863908.502611031	4598829.0158539	0	0	0	0	0	1.5	1.5	1.5	1.5	1.5	1.5
229.852580654979	0.183481665237449	-5.30089380397191	863908.559179256	4598829.09892488	0	0	0	0	0	1.5	1.5	1.5	1.5	1.5	1.5
229.953084625532	0.176950011351458	-5.28278139666676	863908.614206123	4598829.18302491	0	0	0	0	0	1.5	1.5	1.5	1.5	1.5	1.5
230.053588596085	0.170418357465464	-5.26532544651143	863908.667728769	4598829.26809029	0	0	0	0	0	1.5	1.5	1.5	1.5	1.5	1.5
230.154092566638	0.163886703579471	-5.24852595350592	863908.719786709	4598829.35405994	0	0	0	0	0	1.5	1.5	1.5	1.5	1.5	1.5
230.254596537191	0.15735504969348	-5.23238291765023	863908.770421668	4598829.44087543	0	0	0	0	0	1.5	1.5	1.5	1.5	1.5	1.5
230.355100507745	0.150823395807489	-5.21689633894437	863908.819677424	4598829.52848089	0	0	0	0	0	1.5	1.5	1.5	1.5	1.5	1.5
230.455604478298	0.144291741921495	-5.20206621738832	863908.867599658	4598829.61682297	0	0	0	0	0	1.5	1.5	1.5	1.5	1.5	1.5
230.556108448851	0.137760088035502	-5.18789255298209	863908.914235808	4598829.70585077	0	0	0	0	0	1.5	1.5	1.5	1.5	1.5	1.5
230.656612419404	0.131228434149512	-5.17437534572569	863908.959634933	4598829.79551578	0	0	0	0	0	1.5	1.5	1.5	1.5	1.5	1.5
230.757116389957	0.124696780263517	-5.1615145956191	863909.003847586	4598829.8857718	0	0	0	0	0	1.5	1.5	1.5	1.5	1.5	1.5
230.85762036051	0.123999415834443	-5.14907445104547	863909.046919937	4598829.97657759	0	0	0	0	0	1.5	1.5	1.5	1.5	1.5	1.5
230.958124331063	0.124720304907835	-5.13657579130074	863909.088857226	4598830.06791312	0	0	0	0	0	1.5	1.5	1.5	1.5	1.5	1.5
231.058628301616	0.125441193981227	-5.1240046793418	863909.129646366	4598830.15976714	0	0	0	0	0	1.5	1.5	1.5	1.5	1.5	1.5
231.15913227217	0.12616208305462	-5.11136111516866	863909.169274258	4598830.25212809	0	0	0	0	0	1.5	1.5	1.5	1.5	1.5	1.5
231.259636242723	0.126882972128012	-5.09864509878132	863909.207727876	4598830.34498406	0	0	0	0	0	1.5	1.5	1.5	1.5	1.5	1.5
231.360140213276	0.127603861201404	-5.08585663017977	863909.244994274	4598830.43832283	0	0	0	0	0	1.5	1.5	1.5	1.5	1.5	1.5
231.460644183829	0.128324750274797	-5.07299570936402	863909.281060596	4598830.53213183	0	0	0	0	0	1.5	1.5	1.5	1.5	1.5	1.5
231.561148154382	0.129045639348189	-5.06006233633406	863909.315914082	4598830.62639817	0	0	0	0	0	1.5	1.5	1.5	1.5	1.5	1.5
231.661652124935	0.129766528421581	-5.04705651108991	863909.34954207	4598830.72110859	0	0	0	0	0	1.5	1.5	1.5	1.5	1.5	1.5
231.762156095488	0.130487417494973	-5.03397823363154	863909.381932014	4598830.81624951	0	0	0	0	0	1.5	1.5	1.5	1.5	1.5	1.5
231.862660066041	0.131208306568366	-5.02082750395897	863909.413071479	4598830.91180702	0	0	0	0	0	1.5	1.5	1.5	1.5	1.5	1.5
231.963164036594	0.131929195641758	-5.0076043220722	863909.442948158	4598831.00776683	0	0	0	0	0	1.5	1.5	1.5	1.5	1.5	1.5
232.063668007148	0.13265008471515	-4.99430868797122	863909.471549876	4598831.10411433	0	0	0	0	0	1.5	1.5	1.5	1.5	1.5	1.5
232.164171977701	0.133370973788542	-4.98094060165603	863909.498864596	4598831.20083456	0	0	0	0	0	1.5	1.5	1.5	1.5	1.5	1.5
232.264675948254	0.134091862861935	-4.96750006312665	863909.524880431	4598831.29791222	0	0	0	0	0	1.5	1.5	1.5	1.5	1.5	1.5
232.365179918807	0.125148500849841	-4.95442161035011	863909.549598286	4598831.3953285	0	0	0	0	0	1.5	1.5	1.5	1.5	1.5	1.5
232.46568388936	0.11506844117852	-4.94235023211613	863909.573088969	4598831.49304807	0	0	0	0	0	1.5	1.5	1.5	1.5	1.5	1.5
232.566187859913	0.104988381507192	-4.93129193990251	863909.595448018	4598831.59103285	0	0	0	0	0	1.5	1.5	1.5	1.5	1.5	1.5
232.666691830466	0.0949083218358679	-4.92124673370929	863909.616771949	4598831.68924819	0	0	0	0	0	1.5	1.5	1.5	1.5	1.5	1.5
232.767195801019	0.0848282621645463	-4.91221461353644	863909.637158097	4598831.78766254	0	0	0	0	0	1.5	1.5	1.5	1.5	1.5	1.5
232.867699771572	0.0747482024932218	-4.90419557938397	863909.65670449	4598831.88624719	0	0	0	0	0	1.5	1.5	1.5	1.5	1.5	1.5
232.968203742126	0.0646681428218945	-4.89718963125188	863909.675509734	4598831.98497596	0	0	0	0	0	1.5	1.5	1.5	1.5	1.5	1.5
233.068707712679	0.0545880831505728	-4.89119676914018	863909.693672917	4598832.08382492	0	0	0	0	0	1.5	1.5	1.5	1.5	1.5	1.5
233.169211683232	0.0445080234792512	-4.88621699304885	863909.71129352	4598832.18277208	0	0	0	0	0	1.5	1.5	1.5	1.5	1.5	1.5
233.269715653785	0.0344279638079238	-4.88225030297791	863909.728471341	4598832.28179711	0	0	0	0	0	1.5	1.5	1.5	1.5	1.5	1.5
233.370219624338	0.0243479041365993	-4.87929669892734	863909.745306424	4598832.38088102	0	0	0	0	0	1.5	1.5	1.5	1.5	1.5	1.5
233.470723594891	0.0142678444652777	-4.87735618089716	863909.761898996	4598832.48000585	0	0	0	0	0	1.5	1.5	1.5	1.5	1.5	1.5
233.571227565444	0.00418778479395321	-4.87642874888735	863909.778349411	4598832.57915438	0	0	0	0	0	1.5	1.5	1.5	1.5	1.5	1.5
233.671731535997	-0.00589227487737412	-4.87651440289793	863909.794758094	4598832.67830983	0	0	0	0	0	1.5	1.5	1.5	1.5	1.5	1.5
233.772235506551	-0.0152024068248896	-4.87761028825746	863909.811225485	4598832.77745554	0	0	0	0	0	1.5	1.5	1.5	1.5	1.5	1.5
233.872739477104	-0.0148473569802344	-4.87912034854575	863909.827830575	4598832.87657828	0	0	0	0	0	1.5	1.5	1.5	1.5	1.5	1.5
233.973243447657	-0.0144923071355791	-4.88059472491492	863909.844583559	4598832.97567613	0	0	0	0	0	1.5	1.5	1.5	1.5	1.5	1.5
234.07374741821	-0.0141372572909239	-4.88203341736496	863909.861480865	4598833.07474947	0	0	0	0	0	1.5	1.5	1.5	1.5	1.5	1.5
234.174251388763	-0.0137822074462687	-4.88343642589586	863909.878518922	4598833.17379871	0	0	0	0	0	1.5	1.5	1.5	1.5	1.5	1.5
234.274755359316	-0.0134271576016136	-4.88480375050763	863909.895694163	4598833.27282425	0	0	0	0	0	1.5	1.5	1.5	1.5	1.5	1.5
234.375259329869	-0.0130721077569582	-4.88613539120027	863909.913003021	4598833.37182652	0	0	0	0	0	1.5	1.5	1.5	1.5	1.5	1.5
234.475763300422	-0.012717057912303	-4.88743134797377	863909.930441934	4598833.47080597	0	0	0	0	0	1.5	1.5	1.5	1.5	1.5	1.5
234.576267270975	-0.0123620080676479	-4.88869162082815	863909.948007339	4598833.56976305	0	0	0	0	0	1.5	1.5	1.5	1.5	1.5	1.5
234.676771241529	-0.0120069582229925	-4.88991620976339	863909.965695678	4598833.66869823	0	0	0	0	0	1.5	1.5	1.5	1.5	1.5	1.5
234.777275212082	-0.0116519083783374	-4.8911051147795	863909.983503394	4598833.76761199	0	0	0	0	0	1.5	1.5	1.5	1.5	1.5	1.5
234.877779182635	-0.0112968585336822	-4.89225833587648	863910.001426932	4598833.86650483	0	0	0	0	0	1.5	1.5	1.5	1.5	1.5	1.5
234.978283153188	-0.010941808689027	-4.89337587305432	863910.019462739	4598833.96537725	0	0	0	0	0	1.5	1.5	1.5	1.5	1.5	1.5
235.078787123741	-0.0105867588443717	-4.89445772631304	863910.037607266	4598834.06422979	0	0	0	0	0	1.5	1.5	1.5	1.5	1.5	1.5
235.179291094294	-0.0102317089997165	-4.89550389565262	863910.055856962	4598834.16306296	0	0	0	0	0	1.5	1.5	1.5	1.5	1.5	1.5
235.279795064847	-0.00909327775900294	-4.89650675583003	863910.074208232	4598834.26187732	0	0	0	0	0	1.5	1.5	1.5	1.5	1.5	1.5
235.3802990354	-0.00469390298210745	-4.89719958903364	863910.092646295	4598834.36067553	0	0	0	0	0	1.5	1.5	1.5	1.5	1.5	1.5
235.480803005954	-0.000294528205213208	-4.89745026760422	863910.111130964	4598834.45946502	0	0	0	0	0	1.5	1.5	1.5	1.5	1.5	1.5
235.581306976507	0.00410484657167979	-4.89725879154177	863910.129618558	4598834.55825398	0	0	0	0	0	1.5	1.5	1.5	1.5	1.5	1.5
235.68181094706	0.00850422134857404	-4.89662516084629	863910.148065394	4598834.65705054	0	0	0	0	0	1.5	1.5	1.5	1.5	1.5	1.5
235.782314917613	0.0129035961254695	-4.89554937551778	863910.16642778	4598834.75586284	0	0	0	0	0	1.5	1.5	1.5	1.5	1.5	1.5
235.882818888166	0.0173029709023625	-4.89403143555624	863910.184662004	4598834.85469886	0	0	0	0	0	1.5	1.5	1.5	1.5	1.5	1.5
235.983322858719	0.0217023456792555	-4.89207134096168	863910.202724322	4598834.95356644	0	0	0	0	0	1.5	1.5	1.5	1.5	1.5	1.5
236.083826829272	0.0261017204561523	-4.88966909173408	863910.220570949	4598835.05247317	0	0	0	0	0	1.5	1.5	1.5	1.5	1.5	1.5
236.184330799825	0.0305010952330453	-4.88682468787345	863910.238158048	4598835.15142636	0	0	0	0	0	1.5	1.5	1.5	1.5	1.5	1.5
236.284834770378	0.0349004700099383	-4.8835381293798	863910.255441724	4598835.250433	0	0	0	0	0	1.5	1.5	1.5	1.5	1.5	1.5
236.385338740932	0.0392998447868325	-4.87980941625312	863910.272378013	4598835.34949964	0	0	0	0	0	1.5	1.5	1.5	1.5	1.5	1.5
236.485842711485	0.043699219563728	-4.8756385484934	863910.288922876	4598835.44863238	0	0	0	0	0	1.5	1.5	1.5	1.5	1.5	1.5
236.586346682038	0.048098594340621	-4.87102552610066	863910.305032193	4598835.54783682	0	0	0	0	0	1.5	1.5	1.5	1.5	1.5	1.5
236.686850652591	0.0524979691175152	-4.86597034907489	863910.320661756	4598835.64711795	0	0	0	0	0	1.5	1.5	1.5	1.5	1.5	1.5
236.787354623144	0.052377183203834	-4.86055621860553	863910.335768278	4598835.74647999	0	0	0	0	0	1.5	1.5	1.5	1.5	1.5	1.5
236.887858593697	0.0444360954663879	-4.85569115915122	863910.350356776	4598835.84591944	0	0	0	0	0	1.5	1.5	1.5	1.5	1.5	1.5
236.98836256425	0.0364950077289397	-4.85162421054504	863910.364501036	4598835.94542308	0	0	0	0	0	1.5	1.5	1.5	1.5	1.5	1.5
237.088866534803	0.0285539199914936	-4.84835537278697	863910.378280237	4598836.04497795	0	0	0	0	0	1.5	1.5	1.5	1.5	1.5	1.5
237.189370505357	0.0206128322540431	-4.84588464587703	863910.391773683	4598836.14457198	0	0	0	0	0	1.5	1.5	1.5	1.5	1.5	1.5
237.28987447591	0.0126717445165948	-4.84421202981522	863910.405060776	4598836.24419376	0	0	0	0	0	1.5	1.5	1.5	1.5	1.5	1.5
237.390378446463	0.00473065677914878	-4.84333752460153	863910.418220985	4598836.34383239	0	0	0	0	0	1.5	1.5	1.5	1.5	1.5	1.5
237.490882417016	-0.00321043095829725	-4.84326113023596	863910.43133382	4598836.44347726	0	0	0	0	0	1.5	1.5	1.5	1.5	1.5	1.5
237.591386387569	-0.0111515186957478	-4.84398284671852	863910.444478805	4598836.5431179	0	0	0	0	0	1.5	1.5	1.5	1.5	1.5	1.5
237.691890358122	-0.0190926064331961	-4.8455026740492	863910.457735456	4598836.64274374	0	0	0	0	0	1.5	1.5	1.5	1.5	1.5	1.5
237.792394328675	-0.0270336941706421	-4.84782061222801	863910.47118325	4598836.74234394	0	0	0	0	0	1.5	1.5	1.5	1.5	1.5	1.5
237.892898299228	-0.0349747819080926	-4.85093666125494	863910.484901606	4598836.84190722	0	0	0	0	0	1.5	1.5	1.5	1.5	1.5	1.5
237.993402269781	-0.0429158696455409	-4.85485082112999	863910.498969847	4598836.94142164	0	0	0	0	0	1.5	1.5	1.5	1.5	1.5	1.5
238.093906240335	-0.0508569573829869	-4.85956309185317	863910.51346718	4598837.04087443	0	0	0	0	0	1.5	1.5	1.5	1.5	1.5	1.5
238.194410210888	-0.0587980451204352	-4.86507347342448	863910.528472651	4598837.14025178	0	0	0	0	0	1.5	1.5	1.5	1.5	1.5	1.5
238.294914181441	-0.0605257976201266	-4.8712386974487	863910.544062941	4598837.23953904	0	0	0	0	0	1.5	1.5	1.5	1.5	1.5	1.5
238.395418151994	-0.0549258335270607	-4.87704037111726	863910.560253348	4598837.33873022	0	0	0	0	0	1.5	1.5	1.5	1.5	1.5	1.5
238.495922122547	-0.0493258694339933	-4.88227922615951	863910.576991073	4598837.43783054	0	0	0	0	0	1.5	1.5	1.5	1.5	1.5	1.5
238.5964260931	-0.0437259053409243	-4.88695526257546	863910.594219877	4598837.53684669	0	0	0	0	0	1.5	1.5	1.5	1.5	1.5	1.5
238.696930063653	-0.0381259412478584	-4.8910684803651	863910.611883657	4598837.63578619	0	0	0	0	0	1.5	1.5	1.5	1.5	1.5	1.5
238.797434034206	-0.0325259771547926	-4.89461887952843	863910.629926427	4598837.7346573	0	0	0	0	0	1.5	1.5	1.5	1.5	1.5	1.5
238.897938004759	-0.0269260130617252	-4.89760646006545	863910.648292311	4598837.83346891	0	0	0	0	0	1.5	1.5	1.5	1.5	1.5	1.5
238.998441975313	-0.0213260489686561	-4.90003122197617	863910.666925531	4598837.93223047	0	0	0	0	0	1.5	1.5	1.5	1.5	1.5	1.5
239.098945945866	-0.0157260848755903	-4.90189316526057	863910.685770391	4598838.03095188	0	0	0	0	0	1.5	1.5	1.5	1.5	1.5	1.5
239.199449916419	-0.0101261207825229	-4.90319228991867	863910.704771261	4598838.12964339	0	0	0	0	0	1.5	1.5	1.5	1.5	1.5	1.5
239.299953886972	-0.00452615668945386	-4.90392859595046	863910.723872562	4598838.22831551	0	0	0	0	0	1.5	1.5	1.5	1.5	1.5	1.5
239.400457857525	0.00107380740361199	-4.90410208335594	863910.743018747	4598838.32697894	0	0	0	0	0	1.5	1.5	1.5	1.5	1.5	1.5
239.500961828078	0.00667377149667943	-4.90371275213512	863910.762154284	4598838.42564443	0	0	0	0	0	1.5	1.5	1.5	1.5	1.5	1.5
239.601465798631	0.0122737355897453	-4.90276060228798	863910.781223638	4598838.52432273	0	0	0	0	0	1.5	1.5	1.5	1.5	1.5	1.5
239.701969769184	0.0178736996828143	-4.90124563381454	863910.80017125	4598838.62302447	0	0	0	0	0	1.5	1.5	1.5	1.5	1.5	1.5
239.802473739738	0.0215224549744549	-4.89922031994585	863910.818942448	4598838.72175991	0	0	0	0	0	1.5	1.5	1.5	1.5	1.5	1.5
239.902977710291	0.0234763666367506	-4.89695903982478	863910.837500635	4598838.8205356	0	0	0	0	0	1.5	1.5	1.5	1.5	1.5	1.5
240.003481680844	0.0254302782990474	-4.89450138382354	863910.855825711	4598838.9193548	0	0	0	0	0	1.5	1.5	1.5	1.5	1.5	1.5
240.103985651397	0.0273841899613437	-4.89184735194213	863910.87389816	4598839.01822051	0	0	0	0	0	1.5	1.5	1.5	1.5	1.5	1.5
240.20448962195	0.0293381016236394	-4.88899694418055	863910.89169844	4598839.11713559	0	0	0	0	0	1.5	1.5	1.5	1.5	1.5	1.5
240.304993592503	0.0312920132859351	-4.8859501605388	863910.909206982	4598839.21610271	0	0	0	0	0	1.5	1.5	1.5	1.5	1.5	1.5
240.405497563056	0.0332459249482319	-4.88270700101687	863910.926404188	4598839.3151244	0	0	0	0	0	1.5	1.5	1.5	1.5	1.5	1.5
240.506001533609	0.0351998366105282	-4.87926746561478	863910.943270432	4598839.41420299	0	0	0	0	0	1.5	1.5	1.5	1.5	1.5	1.5
240.606505504162	0.0371537482728239	-4.87563155433252	863910.959786058	4598839.51334063	0	0	0	0	0	1.5	1.5	1.5	1.5	1.5	1.5
240.707009474716	0.0391076599351207	-4.87179926717008	863910.975931378	4598839.61253924	0	0	0	0	0	1.5	1.5	1.5	1.5	1.5	1.5
240.807513445269	0.0410615715974169	-4.86777060412747	863910.991686676	4598839.71180054	0	0	0	0	0	1.5	1.5	1.5	1.5	1.5	1.5
240.908017415822	0.0430154832597127	-4.8635455652047	863911.007032204	4598839.811126	0	0	0	0	0	1.5	1.5	1.5	1.5	1.5	1.5
241.008521386375	0.0449693949220089	-4.85912415040175	863911.021948181	4598839.91051687	0	0	0	0	0	1.5	1.5	1.5	1.5	1.5	1.5
241.109025356928	0.0469233065843057	-4.85450635971863	863911.0364148	4598840.00997414	0	0	0	0	0	1.5	1.5	1.5	1.5	1.5	1.5
241.209529327481	0.0488772182466014	-4.84969219315534	863911.05041222	4598840.10949851	0	0	0	0	0	1.5	1.5	1.5	1.5	1.5	1.5
241.310033298034	0.0458558639580753	-4.84483547246751	863911.063923716	4598840.20909001	0	0	0	0	0	1.5	1.5	1.5	1.5	1.5	1.5
241.410537268587	0.0397231365173556	-4.84053495779564	863911.076976854	4598840.30874265	0	0	0	0	0	1.5	1.5	1.5	1.5	1.5	1.5
241.511041239141	0.0335904090766325	-4.83685080658188	863911.089632046	4598840.40844663	0	0	0	0	0	1.5	1.5	1.5	1.5	1.5	1.5
241.611545209694	0.0274576816359111	-4.83378301882623	863911.101950571	4598840.50819277	0	0	0	0	0	1.5	1.5	1.5	1.5	1.5	1.5
241.712049180247	0.0213249541951915	-4.83133159452869	863911.11399379	4598840.60797255	0	0	0	0	0	1.5	1.5	1.5	1.5	1.5	1.5
241.8125531508	0.0151922267544684	-4.82949653368927	863911.125823132	4598840.70777792	0	0	0	0	0	1.5	1.5	1.5	1.5	1.5	1.5
241.913057121353	0.00905949931374875	-4.82827783630796	863911.137500069	4598840.80760125	0	0	0	0	0	1.5	1.5	1.5	1.5	1.5	1.5
242.013561091906	0.00292677187302737	-4.82767550238476	863911.149086112	4598840.90743516	0	0	0	0	0	1.5	1.5	1.5	1.5	1.5	1.5
242.114065062459	-0.00320595556769226	-4.82768953191967	863911.160642788	4598841.00727249	0	0	0	0	0	1.5	1.5	1.5	1.5	1.5	1.5
242.214569033012	-0.00933868300841538	-4.8283199249127	863911.172231632	4598841.10710608	0	0	0	0	0	1.5	1.5	1.5	1.5	1.5	1.5
242.315073003565	-0.0154714104491368	-4.82956668136384	863911.183914172	4598841.20692875	0	0	0	0	0	1.5	1.5	1.5	1.5	1.5	1.5
242.415576974119	-0.0216041378898564	-4.83142980127309	863911.195751914	4598841.30673312	0	0	0	0	0	1.5	1.5	1.5	1.5	1.5	1.5
242.516080944672	-0.0277368653305795	-4.83390928464045	863911.207806333	4598841.40651155	0	0	0	0	0	1.5	1.5	1.5	1.5	1.5	1.5
242.616584915225	-0.0338695927713009	-4.83700513146593	863911.220138851	4598841.50625597	0	0	0	0	0	1.5	1.5	1.5	1.5	1.5	1.5
242.717088885778	-0.0400023202120205	-4.84071734174952	863911.232810828	4598841.60595781	0	0	0	0	0	1.5	1.5	1.5	1.5	1.5	1.5
242.817592856331	-0.0389192879323871	-4.84477441560053	863911.245876788	4598841.70560877	0	0	0	0	0	1.5	1.5	1.5	1.5	1.5	1.5
242.918096826884	-0.035414885961057	-4.84850985541257	863911.259332182	4598841.80520792	0	0	0	0	0	1.5	1.5	1.5	1.5	1.5	1.5
243.018600797437	-0.0319104839897289	-4.85189308891207	863911.273141999	4598841.90475854	0	0	0	0	0	1.5	1.5	1.5	1.5	1.5	1.5
243.11910476799	-0.0284060820184007	-4.85492411609905	863911.287271017	4598842.00426438	0	0	0	0	0	1.5	1.5	1.5	1.5	1.5	1.5
243.219608738544	-0.0249016800470696	-4.85760293697349	863911.301684061	4598842.10372948	0	0	0	0	0	1.5	1.5	1.5	1.5	1.5	1.5
243.320112709097	-0.0213972780757415	-4.8599295515354	863911.316345992	4598842.2031582	0	0	0	0	0	1.5	1.5	1.5	1.5	1.5	1.5
243.42061667965	-0.0178928761044134	-4.86190395978477	863911.331221714	4598842.30255517	0	0	0	0	0	1.5	1.5	1.5	1.5	1.5	1.5
243.521120650203	-0.0143884741330843	-4.86352616172161	863911.346276158	4598842.40192524	0	0	0	0	0	1.5	1.5	1.5	1.5	1.5	1.5
243.621624620756	-0.0108840721617542	-4.86479615734592	863911.361474286	4598842.50127343	0	0	0	0	0	1.5	1.5	1.5	1.5	1.5	1.5
243.722128591309	-0.00737967019042605	-4.8657139466577	863911.376781082	4598842.60060494	0	0	0	0	0	1.5	1.5	1.5	1.5	1.5	1.5
243.822632561862	-0.00387526821909694	-4.86627952965694	863911.392161546	4598842.69992508	0	0	0	0	0	1.5	1.5	1.5	1.5	1.5	1.5
243.923136532415	-0.000370866247766832	-4.86649290634365	863911.407580693	4598842.79923922	0	0	0	0	0	1.5	1.5	1.5	1.5	1.5	1.5
244.023640502968	0.00313353572356129	-4.86635407671783	863911.423003541	4598842.89855278	0	0	0	0	0	1.5	1.5	1.5	1.5	1.5	1.5
244.124144473522	0.0066379376948904	-4.86586304077948	863911.438395112	4598842.99787119	0	0	0	0	0	1.5	1.5	1.5	1.5	1.5	1.5
244.224648444075	0.0101423396662185	-4.86501979852859	863911.453720419	4598843.09719985	0	0	0	0	0	1.5	1.5	1.5	1.5	1.5	1.5
244.325152414628	0.00659718063664564	-4.86417744420446	863911.468956123	4598843.19654229	0	0	0	0	0	1.5	1.5	1.5	1.5	1.5	1.5
244.425656385181	0.00302885817384482	-4.86369371664388	863911.484125955	4598843.29589482	0	0	0	0	0	1.5	1.5	1.5	1.5	1.5	1.5
244.526160355734	-0.000539464288954987	-4.86356861965903	863911.499265543	4598843.39525196	0	0	0	0	0	1.5	1.5	1.5	1.5	1.5	1.5
244.626664326287	-0.00410778675175681	-4.86380215324991	863911.514410517	4598843.49460827	0	0	0	0	0	1.5	1.5	1.5	1.5	1.5	1.5
244.72716829684	-0.00767610921455662	-4.86439431741651	863911.52959651	4598843.59395833	0	0	0	0	0	1.5	1.5	1.5	1.5	1.5	1.5
244.827672267393	-0.0112444316773574	-4.86534511215883	863911.544859143	4598843.69329664	0	0	0	0	0	1.5	1.5	1.5	1.5	1.5	1.5
244.928176237947	-0.0148127541401572	-4.86665453747688	863911.56023403	4598843.79261763	0	0	0	0	0	1.5	1.5	1.5	1.5	1.5	1.5
245.0286802085	-0.0183810766029591	-4.86832259337066	863911.575756762	4598843.89191562	0	0	0	0	0	1.5	1.5	1.5	1.5	1.5	1.5
245.129184179053	-0.0219493990657599	-4.87034927984016	863911.591462907	4598843.99118476	0	0	0	0	0	1.5	1.5	1.5	1.5	1.5	1.5
245.229688149606	-0.0255177215285597	-4.87273459688538	863911.607388001	4598844.090419	0	0	0	0	0	1.5	1.5	1.5	1.5	1.5	1.5
245.330192120159	-0.0290860439913615	-4.87547854450634	863911.62356754	4598844.18961206	0	0	0	0	0	1.5	1.5	1.5	1.5	1.5	1.5
245.430696090712	-0.0326543664541624	-4.87858112270301	863911.640036975	4598844.2887574	0	0	0	0	0	1.5	1.5	1.5	1.5	1.5	1.5
245.531200061265	-0.0362226889169622	-4.88204233147541	863911.656831704	4598844.38784814	0	0	0	0	0	1.5	1.5	1.5	1.5	1.5	1.5
245.631704031818	-0.039791011379763	-4.88586217082354	863911.673987061	4598844.48687707	0	0	0	0	0	1.5	1.5	1.5	1.5	1.5	1.5
245.732208002371	-0.0417199339758118	-4.89002740655624	863911.691538239	4598844.58583661	0	0	0	0	0	1.5	1.5	1.5	1.5	1.5	1.5
245.832711972925	-0.0350829603024847	-4.89388690446871	863911.709494207	4598844.68472351	0	0	0	0	0	1.5	1.5	1.5	1.5	1.5	1.5
245.933215943478	-0.0284459866291558	-4.89707936017456	863911.72779874	4598844.7835465	0	0	0	0	0	1.5	1.5	1.5	1.5	1.5	1.5
246.033719914031	-0.0218090129558287	-4.89960477367378	863911.746385728	4598844.88231677	0	0	0	0	0	1.5	1.5	1.5	1.5	1.5	1.5
246.134223884584	-0.0151720392824979	-4.90146314496637	863911.765189168	4598844.98104608	0	0	0	0	0	1.5	1.5	1.5	1.5	1.5	1.5
246.234727855137	-0.00853506560917077	-4.90265447405233	863911.784143135	4598845.0797466	0	0	0	0	0	1.5	1.5	1.5	1.5	1.5	1.5
246.33523182569	-0.00189809193584181	-4.90317876093167	863911.803181761	4598845.17843084	0	0	0	0	0	1.5	1.5	1.5	1.5	1.5	1.5
246.435735796243	0.00473888173748902	-4.90303600560439	863911.822239214	4598845.27711144	0	0	0	0	0	1.5	1.5	1.5	1.5	1.5	1.5
246.536239766796	0.0113758554108161	-4.90222620807048	863911.841249664	4598845.37580111	0	0	0	0	0	1.5	1.5	1.5	1.5	1.5	1.5
246.63674373735	0.0180128290841451	-4.90074936832994	863911.860147267	4598845.47451244	0	0	0	0	0	1.5	1.5	1.5	1.5	1.5	1.5
246.737247707903	0.0246498027574721	-4.89860548638277	863911.878866134	4598845.57325781	0	0	0	0	0	1.5	1.5	1.5	1.5	1.5	1.5
246.837751678456	0.031286776430803	-4.89579456222898	863911.89734031	4598845.67204924	0	0	0	0	0	1.5	1.5	1.5	1.5	1.5	1.5
246.938255649009	0.0379237501041319	-4.89231659586857	863911.915503747	4598845.77089825	0	0	0	0	0	1.5	1.5	1.5	1.5	1.5	1.5
247.038759619562	0.044560723777459	-4.88817158730152	863911.933290287	4598845.86981576	0	0	0	0	0	1.5	1.5	1.5	1.5	1.5	1.5
247.139263590115	0.0511976974507899	-4.88335953652785	863911.950633642	4598845.9688119	0	0	0	0	0	1.5	1.5	1.5	1.5	1.5	1.5
247.239767560668	0.0555155446602034	-4.87790857827616	863911.967467596	4598846.06789591	0	0	0	0	0	1.5	1.5	1.5	1.5	1.5	1.5
247.340271531221	0.0525461472883154	-4.8724782637234	863911.983755416	4598846.16707116	0	0	0	0	0	1.5	1.5	1.5	1.5	1.5	1.5
247.440775501774	0.0495767499164274	-4.86734638539667	863911.999519259	4598846.26633106	0	0	0	0	0	1.5	1.5	1.5	1.5	1.5	1.5
247.541279472328	0.0466073525445368	-4.86251294329596	863912.014788333	4598846.36566828	0	0	0	0	0	1.5	1.5	1.5	1.5	1.5	1.5
247.641783442881	0.0436379551726488	-4.85797793742128	863912.029591924	4598846.46507595	0	0	0	0	0	1.5	1.5	1.5	1.5	1.5	1.5
247.742287413434	0.0406685578007608	-4.85374136777262	863912.043959395	4598846.5645476	0	0	0	0	0	1.5	1.5	1.5	1.5	1.5	1.5
247.842791383987	0.0376991604288711	-4.84980323434999	863912.057920172	4598846.66407715	0	0	0	0	0	1.5	1.5	1.5	1.5	1.5	1.5
247.94329535454	0.0347297630569823	-4.84616353715338	863912.071503743	4598846.76365889	0	0	0	0	0	1.5	1.5	1.5	1.5	1.5	1.5
248.043799325093	0.0317603656850943	-4.8428222761828	863912.084739645	4598846.86328745	0	0	0	0	0	1.5	1.5	1.5	1.5	1.5	1.5
248.144303295646	0.0287909683132054	-4.83977945143824	863912.097657462	4598846.96295776	0	0	0	0	0	1.5	1.5	1.5	1.5	1.5	1.5
248.244807266199	0.0258215709413157	-4.83703506291971	863912.11028682	4598847.06266504	0	0	0	0	0	1.5	1.5	1.5	1.5	1.5	1.5
248.345311236753	0.0228521735694277	-4.8345891106272	863912.122657379	4598847.16240476	0	0	0	0	0	1.5	1.5	1.5	1.5	1.5	1.5
248.445815207306	0.0198827761975388	-4.83244159456071	863912.134798831	4598847.26217264	0	0	0	0	0	1.5	1.5	1.5	1.5	1.5	1.5
248.546319177859	0.0169133788256491	-4.83059251472025	863912.146740893	4598847.36196458	0	0	0	0	0	1.5	1.5	1.5	1.5	1.5	1.5
248.646823148412	0.0139439814537611	-4.82904187110582	863912.158513307	4598847.46177669	0	0	0	0	0	1.5	1.5	1.5	1.5	1.5	1.5
248.747327118965	0.0105168736898907	-4.82779703129303	863912.170145908	4598847.56160519	0	0	0	0	0	1.5	1.5	1.5	1.5	1.5	1.5
248.847831089518	0.00611854890579451	-4.82696106828168	863912.181673736	4598847.66144584	0	0	0	0	0	1.5	1.5	1.5	1.5	1.5	1.5
248.948335060071	0.00172022412169579	-4.82656715437492	863912.193140166	4598847.76129357	0	0	0	0	0	1.5	1.5	1.5	1.5	1.5	1.5
249.048839030624	-0.00267810066240043	-4.82661528957274	863912.204589334	4598847.86114328	0	0	0	0	0	1.5	1.5	1.5	1.5	1.5	1.5
249.149343001177	-0.00707642544649791	-4.82710547387514	863912.216065377	4598847.96098991	0	0	0	0	0	1.5	1.5	1.5	1.5	1.5	1.5
249.249846971731	-0.0114747502305966	-4.82803770728213	863912.227612428	4598848.06082834	0	0	0	0	0	1.5	1.5	1.5	1.5	1.5	1.5
249.350350942284	-0.0158730750146928	-4.8294119897937	863912.23927461	4598848.16065339	0	0	0	0	0	1.5	1.5	1.5	1.5	1.5	1.5
249.450854912837	-0.0202713997987903	-4.83122832140986	863912.251096029	4598848.2604597	0	0	0	0	0	1.5	1.5	1.5	1.5	1.5	1.5
249.55135888339	-0.0246697245828865	-4.8334867021306	863912.263120763	4598848.36024171	0	0	0	0	0	1.5	1.5	1.5	1.5	1.5	1.5
249.651862853943	-0.0290680493669853	-4.83618713195592	863912.275392858	4598848.45999359	0	0	0	0	0	1.5	1.5	1.5	1.5	1.5	1.5
249.752366824496	-0.0334663741510827	-4.83932961088583	863912.28795632	4598848.55970918	0	0	0	0	0	1.5	1.5	1.5	1.5	1.5	1.5
249.852870795049	-0.037864698935179	-4.84291413892032	863912.300855103	4598848.65938194	0	0	0	0	0	1.5	1.5	1.5	1.5	1.5	1.5
249.953374765602	-0.0422630237192777	-4.8469407160594	863912.314133099	4598848.75900487	0	0	0	0	0	1.5	1.5	1.5	1.5	1.5	1.5
250.053878736156	-0.0466613485033751	-4.85140934230306	863912.327834131	4598848.85857049	0	0	0	0	0	1.5	1.5	1.5	1.5	1.5	1.5
250.154382706709	-0.0510596732874714	-4.8563200176513	863912.342001935	4598848.95807075	0	0	0	0	0	1.5	1.5	1.5	1.5	1.5	1.5
250.254886677262	-0.0511213825519396	-4.86158650254432	863912.356679023	4598849.05749714	0	0	0	0	0	1.5	1.5	1.5	1.5	1.5	1.5
250.355390647815	-0.0445612724315241	-4.86639474591377	863912.371862738	4598849.15684745	0	0	0	0	0	1.5	1.5	1.5	1.5	1.5	1.5
250.455894618368	-0.0380011623111141	-4.87054367216885	863912.387491251	4598849.25612878	0	0	0	0	0	1.5	1.5	1.5	1.5	1.5	1.5
250.556398588921	-0.0314410521907042	-4.87403328130957	863912.403498835	4598849.35534973	0	0	0	0	0	1.5	1.5	1.5	1.5	1.5	1.5
250.656902559474	-0.0248809420702924	-4.87686357333592	863912.419819874	4598849.45451961	0	0	0	0	0	1.5	1.5	1.5	1.5	1.5	1.5
250.757406530027	-0.0183208319498787	-4.8790345482479	863912.436388852	4598849.55364837	0	0	0	0	0	1.5	1.5	1.5	1.5	1.5	1.5
250.85791050058	-0.0117607218294688	-4.88054620604552	863912.453140331	4598849.65274648	0	0	0	0	0	1.5	1.5	1.5	1.5	1.5	1.5
250.958414471134	-0.00520061170905699	-4.88139854672877	863912.470008933	4598849.75182472	0	0	0	0	0	1.5	1.5	1.5	1.5	1.5	1.5
251.058918441687	0.00135949841135666	-4.88159157029765	863912.486929319	4598849.85089413	0	0	0	0	0	1.5	1.5	1.5	1.5	1.5	1.5
251.15942241224	0.0079196085317666	-4.88112527675216	863912.503836169	4598849.94996586	0	0	0	0	0	1.5	1.5	1.5	1.5	1.5	1.5
251.259926382793	0.0144797186521784	-4.87999966609231	863912.520664157	4598850.049051	0	0	0	0	0	1.5	1.5	1.5	1.5	1.5	1.5
251.360430353346	0.0210398287725883	-4.87821473831809	863912.53734793	4598850.14816052	0	0	0	0	0	1.5	1.5	1.5	1.5	1.5	1.5
251.460934323899	0.027599938893002	-4.8757704934295	863912.553822088	4598850.24730509	0	0	0	0	0	1.5	1.5	1.5	1.5	1.5	1.5
251.561438294452	0.0341600490134138	-4.87266693142655	863912.570021163	4598850.34649496	0	0	0	0	0	1.5	1.5	1.5	1.5	1.5	1.5
251.661942265005	0.0407201591338237	-4.86890405230923	863912.5858796	4598850.44573984	0	0	0	0	0	1.5	1.5	1.5	1.5	1.5	1.5
251.762446235559	0.0407634459348546	-4.86464401697751	863912.601334397	4598850.54504835	0	0	0	0	0	1.5	1.5	1.5	1.5	1.5	1.5
251.862950206112	0.0341628565986751	-4.86087882152576	863912.616385031	4598850.64441895	0	0	0	0	0	1.5	1.5	1.5	1.5	1.5	1.5
251.963454176665	0.0275622672624936	-4.8577770115103	863912.63109439	4598850.74384065	0	0	0	0	0	1.5	1.5	1.5	1.5	1.5	1.5
252.063958147218	0.0209616779263141	-4.85533858693111	863912.645528285	4598850.84330273	0	0	0	0	0	1.5	1.5	1.5	1.5	1.5	1.5
252.164462117771	0.0143610885901308	-4.8535635477882	863912.659752611	4598850.94279501	0	0	0	0	0	1.5	1.5	1.5	1.5	1.5	1.5
252.264966088324	0.00776049925394939	-4.85245189408156	863912.67383332	4598851.04230773	0	0	0	0	0	1.5	1.5	1.5	1.5	1.5	1.5
252.365470058877	0.00115990991776984	-4.85200362581121	863912.687836411	4598851.1418314	0	0	0	0	0	1.5	1.5	1.5	1.5	1.5	1.5
252.46597402943	-0.00544067941841344	-4.85221874297712	863912.701827899	4598851.2413567	0	0	0	0	0	1.5	1.5	1.5	1.5	1.5	1.5
252.566477999983	-0.0120412687545949	-4.85309724557932	863912.715873806	4598851.34087434	0	0	0	0	0	1.5	1.5	1.5	1.5	1.5	1.5
252.666981970537	-0.0186418580907744	-4.85463913361779	863912.730040137	4598851.4403749	0	0	0	0	0	1.5	1.5	1.5	1.5	1.5	1.5
252.76748594109	-0.0252424474269558	-4.85684440709254	863912.744392865	4598851.53984873	0	0	0	0	0	1.5	1.5	1.5	1.5	1.5	1.5
252.867989911643	-0.0318430367631391	-4.85971306600357	863912.758997905	4598851.63928582	0	0	0	0	0	1.5	1.5	1.5	1.5	1.5	1.5
252.968493882196	-0.0384436260993187	-4.86324511035087	863912.773921102	4598851.73867563	0	0	0	0	0	1.5	1.5	1.5	1.5	1.5	1.5
253.068997852749	-0.0450442154355001	-4.86744054013445	863912.789228199	4598851.83800703	0	0	0	0	0	1.5	1.5	1.5	1.5	1.5	1.5
253.169501823302	-0.0516448047716834	-4.87229935535431	863912.804984818	4598851.93726808	0	0	0	0	0	1.5	1.5	1.5	1.5	1.5	1.5
253.270005793855	-0.0492421273445748	-4.87755248849694	863912.821251146	4598852.03644687	0	0	0	0	0	1.5	1.5	1.5	1.5	1.5	1.5
253.370509764408	-0.0407038907597345	-4.88207245447441	863912.838006443	4598852.13554425	0	0	0	0	0	1.5	1.5	1.5	1.5	1.5	1.5
253.471013734961	-0.0321656541748918	-4.88573429377357	863912.855167002	4598852.23457228	0	0	0	0	0	1.5	1.5	1.5	1.5	1.5	1.5
253.571517705515	-0.0236274175900466	-4.88853800639444	863912.87264761	4598852.33354435	0	0	0	0	0	1.5	1.5	1.5	1.5	1.5	1.5
253.672021676068	-0.0150891810052063	-4.890483592337	863912.890363196	4598852.43247464	0	0	0	0	0	1.5	1.5	1.5	1.5	1.5	1.5
253.772525646621	-0.00655094442036357	-4.89157105160127	863912.908228793	4598852.53137797	0	0	0	0	0	1.5	1.5	1.5	1.5	1.5	1.5
253.873029617174	0.00198729216448157	-4.89180038418724	863912.926159504	4598852.63026951	0	0	0	0	0	1.5	1.5	1.5	1.5	1.5	1.5
253.973533587727	0.0105255287493219	-4.89117159009491	863912.944070464	4598852.72916464	0	0	0	0	0	1.5	1.5	1.5	1.5	1.5	1.5
254.07403755828	0.0190637653341646	-4.88968466932429	863912.961876795	4598852.82807864	0	0	0	0	0	1.5	1.5	1.5	1.5	1.5	1.5
254.174541528833	0.0276020019190049	-4.88733962187536	863912.979493573	4598852.92702657	0	0	0	0	0	1.5	1.5	1.5	1.5	1.5	1.5
254.275045499386	0.0361402385038501	-4.88413644774814	863912.996835788	4598853.02602297	0	0	0	0	0	1.5	1.5	1.5	1.5	1.5	1.5
254.37554946994	0.0446784750886928	-4.88007514694261	863913.013818306	4598853.12508168	0	0	0	0	0	1.5	1.5	1.5	1.5	1.5	1.5
254.476053440493	0.0532167116735331	-4.87515571945879	863913.03035584	4598853.22421562	0	0	0	0	0	1.5	1.5	1.5	1.5	1.5	1.5
254.576557411046	0.0617549482583734	-4.86937816529667	863913.046362917	4598853.32343655	0	0	0	0	0	1.5	1.5	1.5	1.5	1.5	1.5
254.677061381599	0.070293184843221	-4.86274248445625	863913.061753856	4598853.42275488	0	0	0	0	0	1.5	1.5	1.5	1.5	1.5	1.5
254.777565352152	0.0660137390041435	-4.85570569709351	863913.076453502	4598853.52217785	0	0	0	0	0	1.5	1.5	1.5	1.5	1.5	1.5
254.878069322705	0.0564870205955132	-4.84954979072574	863913.090493937	4598853.6216961	0	0	0	0	0	1.5	1.5	1.5	1.5	1.5	1.5
254.978573293258	0.0469603021868776	-4.84435135738438	863913.103969174	4598853.7212925	0	0	0	0	0	1.5	1.5	1.5	1.5	1.5	1.5
255.079077263811	0.0374335837782446	-4.84011039706943	863913.116974203	4598853.82095143	0	0	0	0	0	1.5	1.5	1.5	1.5	1.5	1.5
255.179581234364	0.0279068653696144	-4.83682690978089	863913.129604205	4598853.92065861	0	0	0	0	0	1.5	1.5	1.5	1.5	1.5	1.5
255.280085204918	0.0183801469609814	-4.83450089551875	863913.141954506	4598854.02040085	0	0	0	0	0	1.5	1.5	1.5	1.5	1.5	1.5
255.380589175471	0.00885342855234576	-4.83313235428303	863913.154120537	4598854.12016574	0	0	0	0	0	1.5	1.5	1.5	1.5	1.5	1.5
255.481093146024	-0.000673289856284495	-4.83272128607371	863913.166197793	4598854.21994143	0	0	0	0	0	1.5	1.5	1.5	1.5	1.5	1.5
255.581597116577	-0.0102000082649174	-4.83326769089081	863913.1782818	4598854.3197163	0	0	0	0	0	1.5	1.5	1.5	1.5	1.5	1.5
255.68210108713	-0.0197267266735531	-4.83477156873431	863913.190468083	4598854.41947872	0	0	0	0	0	1.5	1.5	1.5	1.5	1.5	1.5
255.782605057683	-0.0292534450821833	-4.83723291960422	863913.202852131	4598854.51921677	0	0	0	0	0	1.5	1.5	1.5	1.5	1.5	1.5
255.883109028236	-0.0387801634908163	-4.84065174350055	863913.21552936	4598854.61891795	0	0	0	0	0	1.5	1.5	1.5	1.5	1.5	1.5
255.983612998789	-0.0483068818994466	-4.84502804042328	863913.228595079	4598854.71856894	0	0	0	0	0	1.5	1.5	1.5	1.5	1.5	1.5
256.084116969343	-0.0578336003080849	-4.85036181037242	863913.242144446	4598854.81815528	0	0	0	0	0	1.5	1.5	1.5	1.5	1.5	1.5
256.184620939896	-0.0673603187167125	-4.85665305334796	863913.256272421	4598854.91766113	0	0	0	0	0	1.5	1.5	1.5	1.5	1.5	1.5
256.285124910449	-0.0619789811745842	-4.86330757960889	863913.271058099	4598855.01707136	0	0	0	0	0	1.5	1.5	1.5	1.5	1.5	1.5
256.385628881002	-0.0527094976271577	-4.86907090335703	863913.286462457	4598855.11638766	0	0	0	0	0	1.5	1.5	1.5	1.5	1.5	1.5
256.486132851555	-0.0434400140797313	-4.87390260720367	863913.302392733	4598855.21562099	0	0	0	0	0	1.5	1.5	1.5	1.5	1.5	1.5
256.586636822108	-0.0341705305323048	-4.87780269114882	863913.318756103	4598855.31478386	0	0	0	0	0	1.5	1.5	1.5	1.5	1.5	1.5
256.687140792661	-0.0249010469848784	-4.88077115519248	863913.335459932	4598855.41388998	0	0	0	0	0	1.5	1.5	1.5	1.5	1.5	1.5
256.787644763214	-0.015631563437452	-4.88280799933464	863913.352411741	4598855.51295401	0	0	0	0	0	1.5	1.5	1.5	1.5	1.5	1.5
256.888148733767	-0.00636207989002552	-4.88391322357531	863913.369519164	4598855.61199129	0	0	0	0	0	1.5	1.5	1.5	1.5	1.5	1.5
256.988652704321	0.00290740365740093	-4.88408682791449	863913.38668991	4598855.71101761	0	0	0	0	0	1.5	1.5	1.5	1.5	1.5	1.5
257.089156674874	0.0121768872048274	-4.88332881235217	863913.403831719	4598855.81004895	0	0	0	0	0	1.5	1.5	1.5	1.5	1.5	1.5
257.189660645427	0.0214463707522538	-4.88163917688836	863913.420852316	4598855.90910119	0	0	0	0	0	1.5	1.5	1.5	1.5	1.5	1.5
257.29016461598	0.0307158542996803	-4.87901792152306	863913.43765937	4598856.00818986	0	0	0	0	0	1.5	1.5	1.5	1.5	1.5	1.5
257.390668586533	0.0399853378471015	-4.87546504625627	863913.454160446	4598856.10732992	0	0	0	0	0	1.5	1.5	1.5	1.5	1.5	1.5
257.491172557086	0.0492548213945331	-4.87098055108798	863913.470262973	4598856.20653547	0	0	0	0	0	1.5	1.5	1.5	1.5	1.5	1.5
257.591676527639	0.0585243049419543	-4.8655644360182	863913.485874201	4598856.30581947	0	0	0	0	0	1.5	1.5	1.5	1.5	1.5	1.5
257.692180498192	0.0677937884893808	-4.85921670104692	863913.500901174	4598856.40519353	0	0	0	0	0	1.5	1.5	1.5	1.5	1.5	1.5
257.792684468746	0.0610932793314586	-4.85266282722424	863913.515272458	4598856.50466452	0	0	0	0	0	1.5	1.5	1.5	1.5	1.5	1.5
257.893188439299	0.0526968295758124	-4.84694464834682	863913.529032744	4598856.60422192	0	0	0	0	0	1.5	1.5	1.5	1.5	1.5	1.5
257.993692409852	0.0443003798201614	-4.84207034600838	863913.542265564	4598856.70385083	0	0	0	0	0	1.5	1.5	1.5	1.5	1.5	1.5
258.094196380405	0.0359039300645105	-4.83803992020894	863913.555054674	4598856.8035377	0	0	0	0	0	1.5	1.5	1.5	1.5	1.5	1.5
258.194700350958	0.0275074803088596	-4.83485337094849	863913.567483986	4598856.90327011	0	0	0	0	0	1.5	1.5	1.5	1.5	1.5	1.5
258.295204321511	0.0191110305532086	-4.83251069822704	863913.579637532	4598857.00303651	0	0	0	0	0	1.5	1.5	1.5	1.5	1.5	1.5
258.395708292064	0.0107145807975577	-4.83101190204457	863913.591599433	4598857.10282608	0	0	0	0	0	1.5	1.5	1.5	1.5	1.5	1.5
258.496212262617	0.00231813104190676	-4.8303569824011	863913.603453868	4598857.20262849	0	0	0	0	0	1.5	1.5	1.5	1.5	1.5	1.5
258.59671623317	-0.00607831871374419	-4.83054593929662	863913.615285051	4598857.30243365	0	0	0	0	0	1.5	1.5	1.5	1.5	1.5	1.5
258.697220203724	-0.0144747684693951	-4.83157877273114	863913.627177202	4598857.40223157	0	0	0	0	0	1.5	1.5	1.5	1.5	1.5	1.5
258.797724174277	-0.0228712182250461	-4.83345548270465	863913.639214522	4598857.50201207	0	0	0	0	0	1.5	1.5	1.5	1.5	1.5	1.5
258.89822814483	-0.031267667980697	-4.83617606921715	863913.651481168	4598857.60176462	0	0	0	0	0	1.5	1.5	1.5	1.5	1.5	1.5
258.998732115383	-0.0396641177363479	-4.83974053226864	863913.664061226	4598857.7014781	0	0	0	0	0	1.5	1.5	1.5	1.5	1.5	1.5
259.099236085936	-0.0480605674919941	-4.84414887185912	863913.677038676	4598857.80114062	0	0	0	0	0	1.5	1.5	1.5	1.5	1.5	1.5
259.199740056489	-0.0563036496199046	-4.84940101578849	863913.690497367	4598857.90073926	0	0	0	0	0	1.5	1.5	1.5	1.5	1.5	1.5
259.300244027042	-0.0483288152522845	-4.8546590048727	863913.70449291	4598858.00026388	0	0	0	0	0	1.5	1.5	1.5	1.5	1.5	1.5
259.400747997595	-0.0403539808846734	-4.85911549143845	863913.718971705	4598858.09971937	0	0	0	0	0	1.5	1.5	1.5	1.5	1.5	1.5
259.501251968148	-0.0323791465170579	-4.86277047548576	863913.733853749	4598858.19911536	0	0	0	0	0	1.5	1.5	1.5	1.5	1.5	1.5
259.601755938702	-0.0244043121494377	-4.86562395701463	863913.749059174	4598858.29846241	0	0	0	0	0	1.5	1.5	1.5	1.5	1.5	1.5
259.702259909255	-0.0164294777818267	-4.86767593602504	863913.764508228	4598858.39777188	0	0	0	0	0	1.5	1.5	1.5	1.5	1.5	1.5
259.802763879808	-0.00845464341421107	-4.868926412517	863913.780121245	4598858.49705572	0	0	0	0	0	1.5	1.5	1.5	1.5	1.5	1.5
259.903267850361	-0.000479809046595468	-4.86937538649052	863913.795818621	4598858.59632626	0	0	0	0	0	1.5	1.5	1.5	1.5	1.5	1.5
260.003771820914	0.00749502532102013	-4.86902285794558	863913.811520784	4598858.69559604	0	0	0	0	0	1.5	1.5	1.5	1.5	1.5	1.5
260.104275791467	0.0154698596886357	-4.8678688268822	863913.827148164	4598858.79487762	0	0	0	0	0	1.5	1.5	1.5	1.5	1.5	1.5
260.20477976202	0.0234446940562513	-4.86591329330037	863913.842621163	4598858.89418337	0	0	0	0	0	1.5	1.5	1.5	1.5	1.5	1.5
260.305283732573	0.0314195284238669	-4.86315625720009	863913.857860123	4598858.99352528	0	0	0	0	0	1.5	1.5	1.5	1.5	1.5	1.5
260.405787703127	0.0393943627914825	-4.85959771858136	863913.872785305	4598859.0929148	0	0	0	0	0	1.5	1.5	1.5	1.5	1.5	1.5
260.50629167368	0.0473691971590981	-4.85523767744418	863913.887316854	4598859.19236261	0	0	0	0	0	1.5	1.5	1.5	1.5	1.5	1.5
260.606795644233	0.0553440315267092	-4.85007613378855	863913.901374786	4598859.29187844	0	0	0	0	0	1.5	1.5	1.5	1.5	1.5	1.5
260.707299614786	0.0613628746702642	-4.84412405096102	863913.914879003	4598859.39147088	0	0	0	0	0	1.5	1.5	1.5	1.5	1.5	1.5
260.807803585339	0.0518011700311244	-4.83843733305285	863913.927789294	4598859.49114206	0	0	0	0	0	1.5	1.5	1.5	1.5	1.5	1.5
260.908307555892	0.0422394653919899	-4.83371160442617	863913.940180508	4598859.59087915	0	0	0	0	0	1.5	1.5	1.5	1.5	1.5	1.5
261.008811526445	0.0326777607528447	-4.82994686508098	863913.952148207	4598859.69066798	0	0	0	0	0	1.5	1.5	1.5	1.5	1.5	1.5
261.109315496998	0.0231160561137049	-4.82714311501728	863913.963788115	4598859.7904956	0	0	0	0	0	1.5	1.5	1.5	1.5	1.5	1.5
261.209819467551	0.0135543514745704	-4.82530035423507	863913.975196069	4598859.89035002	0	0	0	0	0	1.5	1.5	1.5	1.5	1.5	1.5
261.310323438105	0.00399264683543062	-4.82441858273434	863913.986467985	4598859.99021989	0	0	0	0	0	1.5	1.5	1.5	1.5	1.5	1.5
261.410827408658	-0.00556905780371462	-4.82449780051511	863913.997699826	4598860.09009428	0	0	0	0	0	1.5	1.5	1.5	1.5	1.5	1.5
261.511331379211	-0.015130762442849	-4.82553800757737	863914.008987565	4598860.18996236	0	0	0	0	0	1.5	1.5	1.5	1.5	1.5	1.5
261.611835349764	-0.0246924670819889	-4.82753920392112	863914.020427158	4598860.28981315	0	0	0	0	0	1.5	1.5	1.5	1.5	1.5	1.5
261.712339320317	-0.0342541717211341	-4.83050138954636	863914.032114513	4598860.38963523	0	0	0	0	0	1.5	1.5	1.5	1.5	1.5	1.5
261.81284329087	-0.0438158763602685	-4.83442456445308	863914.044145451	4598860.48941644	0	0	0	0	0	1.5	1.5	1.5	1.5	1.5	1.5
261.913347261423	-0.0533775809994084	-4.8393087286413	863914.056615669	4598860.58914368	0	0	0	0	0	1.5	1.5	1.5	1.5	1.5	1.5
262.013851231976	-0.0629392856385482	-4.845153882111	863914.069620702	4598860.68880254	0	0	0	0	0	1.5	1.5	1.5	1.5	1.5	1.5
262.11435520253	-0.072500990277688	-4.8519600248622	863914.083255871	4598860.78837709	0	0	0	0	0	1.5	1.5	1.5	1.5	1.5	1.5
262.214859173083	-0.0785365240009612	-4.85969416832029	863914.097616023	4598860.88784962	0	0	0	0	0	1.5	1.5	1.5	1.5	1.5	1.5
262.315363143636	-0.0691575126785965	-4.86711608687694	863914.112743891	4598860.98720831	0	0	0	0	0	1.5	1.5	1.5	1.5	1.5	1.5
262.415867114189	-0.0597785013562318	-4.87359537755584	863914.128562	4598861.08645951	0	0	0	0	0	1.5	1.5	1.5	1.5	1.5	1.5
262.516371084742	-0.0503994900338671	-4.87913204035698	863914.144976126	4598861.18561393	0	0	0	0	0	1.5	1.5	1.5	1.5	1.5	1.5
262.616875055295	-0.0410204787115024	-4.88372607528035	863914.161892298	4598861.28468397	0	0	0	0	0	1.5	1.5	1.5	1.5	1.5	1.5
262.717379025848	-0.031641467389143	-4.88737748232597	863914.179216769	4598861.38368346	0	0	0	0	0	1.5	1.5	1.5	1.5	1.5	1.5
262.817882996401	-0.022262456066773	-4.89008626149382	863914.196855984	4598861.48262739	0	0	0	0	0	1.5	1.5	1.5	1.5	1.5	1.5
262.918386966955	-0.0128834447444083	-4.89185241278392	863914.214716541	4598861.58153161	0	0	0	0	0	1.5	1.5	1.5	1.5	1.5	1.5
263.018890937508	-0.00350443342204887	-4.89267593619625	863914.23270515	4598861.68041264	0	0	0	0	0	1.5	1.5	1.5	1.5	1.5	1.5
263.119394908061	0.00587457790032114	-4.89255683173083	863914.250728585	4598861.77928733	0	0	0	0	0	1.5	1.5	1.5	1.5	1.5	1.5
263.219898878614	0.0152535892226859	-4.89149509938764	863914.268693639	4598861.87817263	0	0	0	0	0	1.5	1.5	1.5	1.5	1.5	1.5
263.320402849167	0.0246326005450452	-4.8894907391667	863914.286507074	4598861.97708535	0	0	0	0	0	1.5	1.5	1.5	1.5	1.5	1.5
263.42090681972	0.0340116118674099	-4.88654375106799	863914.304075575	4598862.07604185	0	0	0	0	0	1.5	1.5	1.5	1.5	1.5	1.5
263.521410790273	0.0433906231897747	-4.88265413509152	863914.321305706	4598862.1750578	0	0	0	0	0	1.5	1.5	1.5	1.5	1.5	1.5
263.621914760826	0.0527696345121394	-4.8778218912373	863914.338103868	4598862.27414791	0	0	0	0	0	1.5	1.5	1.5	1.5	1.5	1.5
263.722418731379	0.0570384676721544	-4.87212426325038	863914.354377027	4598862.37332555	0	0	0	0	0	1.5	1.5	1.5	1.5	1.5	1.5
263.822922701933	0.0494287070894696	-4.86677407635182	863914.370091037	4598862.47259334	0	0	0	0	0	1.5	1.5	1.5	1.5	1.5	1.5
263.923426672486	0.0418189465067848	-4.86218870060678	863914.385311718	4598862.571938	0	0	0	0	0	1.5	1.5	1.5	1.5	1.5	1.5
264.023930643039	0.0342091859241001	-4.85836813601526	863914.400114728	4598862.67134578	0	0	0	0	0	1.5	1.5	1.5	1.5	1.5	1.5
264.124434613592	0.0265994253414153	-4.85531238257726	863914.414575874	4598862.77080389	0	0	0	0	0	1.5	1.5	1.5	1.5	1.5	1.5
264.224938584145	0.0189896647587305	-4.85302144029277	863914.428771086	4598862.87030032	0	0	0	0	0	1.5	1.5	1.5	1.5	1.5	1.5
264.325442554698	0.0113799041760458	-4.85149530916181	863914.44277638	4598862.96982367	0	0	0	0	0	1.5	1.5	1.5	1.5	1.5	1.5
264.425946525251	0.003770143593361	-4.85073398918436	863914.456667839	4598863.06936299	0	0	0	0	0	1.5	1.5	1.5	1.5	1.5	1.5
264.526450495804	-0.00383961698931946	-4.85073748036043	863914.470521581	4598863.16890756	0	0	0	0	0	1.5	1.5	1.5	1.5	1.5	1.5
264.626954466358	-0.0114493775720085	-4.85150578269002	863914.484413735	4598863.26844678	0	0	0	0	0	1.5	1.5	1.5	1.5	1.5	1.5
264.727458436911	-0.019059138154689	-4.85303889617313	863914.498420419	4598863.36796993	0	0	0	0	0	1.5	1.5	1.5	1.5	1.5	1.5
264.827962407464	-0.0266688987373737	-4.85533682080975	863914.512617715	4598863.46746607	0	0	0	0	0	1.5	1.5	1.5	1.5	1.5	1.5
264.928466378017	-0.0342786593200628	-4.8583995565999	863914.527081639	4598863.56692377	0	0	0	0	0	1.5	1.5	1.5	1.5	1.5	1.5
265.02897034857	-0.0418884199027433	-4.86222710354356	863914.541888119	4598863.66633103	0	0	0	0	0	1.5	1.5	1.5	1.5	1.5	1.5
265.129474319123	-0.0494981804854281	-4.86681946164074	863914.557112963	4598863.76567505	0	0	0	0	0	1.5	1.5	1.5	1.5	1.5	1.5
265.229978289676	-0.0515999684841935	-4.87206141307606	863914.572830237	4598863.86494233	0	0	0	0	0	1.5	1.5	1.5	1.5	1.5	1.5
265.330482260229	-0.0459779839281505	-4.876964898904	863914.589057729	4598863.96412749	0	0	0	0	0	1.5	1.5	1.5	1.5	1.5	1.5
265.430986230782	-0.0403559993721075	-4.88130335296167	863914.60574338	4598864.06323663	0	0	0	0	0	1.5	1.5	1.5	1.5	1.5	1.5
265.531490201336	-0.0347340148160644	-4.88507677524907	863914.622830877	4598864.1622773	0	0	0	0	0	1.5	1.5	1.5	1.5	1.5	1.5
265.631994171889	-0.0291120302600214	-4.8882851657662	863914.640264014	4598864.26125772	0	0	0	0	0	1.5	1.5	1.5	1.5	1.5	1.5
265.732498142442	-0.0234900457039784	-4.89092852451306	863914.657986683	4598864.36018674	0	0	0	0	0	1.5	1.5	1.5	1.5	1.5	1.5
265.833002112995	-0.0178680611479354	-4.89300685148965	863914.67594286	4598864.45907364	0	0	0	0	0	1.5	1.5	1.5	1.5	1.5	1.5
265.933506083548	-0.0122460765918923	-4.89452014669597	863914.694076591	4598864.55792815	0	0	0	0	0	1.5	1.5	1.5	1.5	1.5	1.5
266.034010054101	-0.00662409203584929	-4.89546841013202	863914.712331978	4598864.65676027	0	0	0	0	0	1.5	1.5	1.5	1.5	1.5	1.5
266.134514024654	-0.00100210747980627	-4.89585164179779	863914.730653159	4598864.75558022	0	0	0	0	0	1.5	1.5	1.5	1.5	1.5	1.5
266.235017995207	0.00461987707623358	-4.8956698416933	863914.748984292	4598864.85439832	0	0	0	0	0	1.5	1.5	1.5	1.5	1.5	1.5
266.335521965761	0.0102418616322798	-4.89492300981853	863914.767269541	4598864.95322493	0	0	0	0	0	1.5	1.5	1.5	1.5	1.5	1.5
266.436025936314	0.0158638461883228	-4.8936111461735	863914.785453051	4598865.05207029	0	0	0	0	0	1.5	1.5	1.5	1.5	1.5	1.5
266.536529906867	0.0214858307443627	-4.8917342507582	863914.803478941	4598865.15094452	0	0	0	0	0	1.5	1.5	1.5	1.5	1.5	1.5
266.63703387742	0.0271078153004057	-4.88929232357262	863914.821291276	4598865.24985743	0	0	0	0	0	1.5	1.5	1.5	1.5	1.5	1.5
266.737537847973	0.0289141387853116	-4.88639136052561	863914.838835994	4598865.34881815	0	0	0	0	0	1.5	1.5	1.5	1.5	1.5	1.5
266.838041818526	0.027633666444318	-4.88354972104979	863914.856094085	4598865.44782926	0	0	0	0	0	1.5	1.5	1.5	1.5	1.5	1.5
266.938545789079	0.0263531941033237	-4.88083677412842	863914.873077126	4598865.54688792	0	0	0	0	0	1.5	1.5	1.5	1.5	1.5	1.5
267.039049759632	0.0250727217623286	-4.87825251976151	863914.889797742	4598865.64599121	0	0	0	0	0	1.5	1.5	1.5	1.5	1.5	1.5
267.139553730185	0.0237922494213351	-4.87579695794905	863914.906268575	4598865.74513633	0	0	0	0	0	1.5	1.5	1.5	1.5	1.5	1.5
267.240057700739	0.0225117770803408	-4.87347008869104	863914.922502283	4598865.84432056	0	0	0	0	0	1.5	1.5	1.5	1.5	1.5	1.5
267.340561671292	0.0212313047393464	-4.87127191198748	863914.938511544	4598865.94354126	0	0	0	0	0	1.5	1.5	1.5	1.5	1.5	1.5
267.441065641845	0.0199508323983521	-4.86920242783838	863914.954309049	4598866.0427959	0	0	0	0	0	1.5	1.5	1.5	1.5	1.5	1.5
267.541569612398	0.0186703600573578	-4.86726163624374	863914.969907504	4598866.14208202	0	0	0	0	0	1.5	1.5	1.5	1.5	1.5	1.5
267.642073582951	0.0173898877163635	-4.86544953720354	863914.985319626	4598866.24139723	0	0	0	0	0	1.5	1.5	1.5	1.5	1.5	1.5
267.742577553504	0.0161094153753692	-4.8637661307178	863915.000558147	4598866.34073923	0	0	0	0	0	1.5	1.5	1.5	1.5	1.5	1.5
267.843081524057	0.0148289430343749	-4.86221141678651	863915.015635808	4598866.44010578	0	0	0	0	0	1.5	1.5	1.5	1.5	1.5	1.5
267.94358549461	0.0135484706933806	-4.86078539540968	863915.030565359	4598866.53949468	0	0	0	0	0	1.5	1.5	1.5	1.5	1.5	1.5
268.044089465163	0.012267998352387	-4.8594880665873	863915.045359561	4598866.63890383	0	0	0	0	0	1.5	1.5	1.5	1.5	1.5	1.5
268.144593435717	0.010987526011392	-4.85831943031937	863915.060031183	4598866.73833114	0	0	0	0	0	1.5	1.5	1.5	1.5	1.5	1.5
268.24509740627	0.00767755390301141	-4.85734422668001	863915.074594361	4598866.8377744	0	0	0	0	0	1.5	1.5	1.5	1.5	1.5	1.5
268.345601376823	0.00319996814286461	-4.85679760960232	863915.089081063	4598866.93722882	0	0	0	0	0	1.5	1.5	1.5	1.5	1.5	1.5
268.446105347376	-0.00127761761728471	-4.85670100767201	863915.103535778	4598867.03668791	0	0	0	0	0	1.5	1.5	1.5	1.5	1.5	1.5
268.546609317929	-0.00575520337743658	-4.85705442088909	863915.118003264	4598867.13614513	0	0	0	0	0	1.5	1.5	1.5	1.5	1.5	1.5
268.647113288482	-0.0102327891375834	-4.85785784925356	863915.132528276	4598867.23559397	0	0	0	0	0	1.5	1.5	1.5	1.5	1.5	1.5
268.747617259035	-0.0147103748977327	-4.85911129276541	863915.147155556	4598867.33502782	0	0	0	0	0	1.5	1.5	1.5	1.5	1.5	1.5
268.848121229588	-0.0191879606578846	-4.86081475142465	863915.161929827	4598867.43443992	0	0	0	0	0	1.5	1.5	1.5	1.5	1.5	1.5
268.948625200142	-0.0236655464180314	-4.86296822523128	863915.176895782	4598867.53382334	0	0	0	0	0	1.5	1.5	1.5	1.5	1.5	1.5
269.049129170695	-0.0281431321781807	-4.86557171418529	863915.192098075	4598867.63317088	0	0	0	0	0	1.5	1.5	1.5	1.5	1.5	1.5
269.149633141248	-0.03262071793833	-4.8686252182867	863915.20758131	4598867.73247501	0	0	0	0	0	1.5	1.5	1.5	1.5	1.5	1.5
269.250137111801	-0.0370983036984793	-4.87212873753548	863915.223390028	4598867.83172783	0	0	0	0	0	1.5	1.5	1.5	1.5	1.5	1.5
269.350641082354	-0.0415758894586287	-4.87608227193166	863915.239568701	4598867.930921	0	0	0	0	0	1.5	1.5	1.5	1.5	1.5	1.5
269.451145052907	-0.046053475218778	-4.88048582147522	863915.256161711	4598868.03004569	0	0	0	0	0	1.5	1.5	1.5	1.5	1.5	1.5
269.55164902346	-0.0505310609789273	-4.88533938616617	863915.273213343	4598868.12909249	0	0	0	0	0	1.5	1.5	1.5	1.5	1.5	1.5
269.652152994013	-0.0550086467390767	-4.89064296600451	863915.290767766	4598868.22805141	0	0	0	0	0	1.5	1.5	1.5	1.5	1.5	1.5
269.752656964566	-0.0488539076707758	-4.89601361103609	863915.308859975	4598868.32691341	0	0	0	0	0	1.5	1.5	1.5	1.5	1.5	1.5
269.85316093512	-0.0384971723600143	-4.90040317622369	863915.327436827	4598868.42568553	0	0	0	0	0	1.5	1.5	1.5	1.5	1.5	1.5
269.953664905673	-0.0281404370492412	-4.90375184839059	863915.346395707	4598868.52438508	0	0	0	0	0	1.5	1.5	1.5	1.5	1.5	1.5
270.054168876226	-0.0177837017384738	-4.90605962753679	863915.36563366	4598868.62303063	0	0	0	0	0	1.5	1.5	1.5	1.5	1.5	1.5
270.154672846779	-0.00742696642771238	-4.90732651366228	863915.385047898	4598868.72164165	0	0	0	0	0	1.5	1.5	1.5	1.5	1.5	1.5
270.255176817332	0.0029297688830608	-4.90755250676708	863915.404535739	4598868.82023816	0	0	0	0	0	1.5	1.5	1.5	1.5	1.5	1.5
270.355680787885	0.0132865041938281	-4.90673760685118	863915.423994546	4598868.91884041	0	0	0	0	0	1.5	1.5	1.5	1.5	1.5	1.5
270.456184758438	0.0236432395045896	-4.90488181391458	863915.443321666	4598869.01746853	0	0	0	0	0	1.5	1.5	1.5	1.5	1.5	1.5
270.556688728991	0.0339999748153569	-4.90198512795728	863915.462414363	4598869.11614229	0	0	0	0	0	1.5	1.5	1.5	1.5	1.5	1.5
270.657192699545	0.0443567101261242	-4.89804754897929	863915.481169762	4598869.21488068	0	0	0	0	0	1.5	1.5	1.5	1.5	1.5	1.5
270.757696670098	0.0547134454368915	-4.89306907698059	863915.499484792	4598869.31370166	0	0	0	0	0	1.5	1.5	1.5	1.5	1.5	1.5
270.858200640651	0.0650701807476589	-4.88704971196119	863915.51725613	4598869.41262182	0	0	0	0	0	1.5	1.5	1.5	1.5	1.5	1.5
270.958704611204	0.0754269160584262	-4.87998945392109	863915.534380164	4598869.51165602	0	0	0	0	0	1.5	1.5	1.5	1.5	1.5	1.5
271.059208581757	0.0857836513691935	-4.87188830286029	863915.550752953	4598869.61081713	0	0	0	0	0	1.5	1.5	1.5	1.5	1.5	1.5
271.15971255231	0.0961403866799608	-4.86274625877879	863915.566270205	4598869.71011563	0	0	0	0	0	1.5	1.5	1.5	1.5	1.5	1.5
271.260216522863	0.0895905127582976	-4.85323582497832	863915.580844918	4598869.80955681	0	0	0	0	0	1.5	1.5	1.5	1.5	1.5	1.5
271.360720493416	0.0785886947841543	-4.84478448591707	863915.594523998	4598869.90912524	0	0	0	0	0	1.5	1.5	1.5	1.5	1.5	1.5
271.461224463969	0.067586876810011	-4.83743887324553	863915.60741623	4598870.00879867	0	0	0	0	0	1.5	1.5	1.5	1.5	1.5	1.5
271.561728434523	0.0565850588358677	-4.83119898696369	863915.61963112	4598870.10855744	0	0	0	0	0	1.5	1.5	1.5	1.5	1.5	1.5
271.662232405076	0.0455832408617244	-4.82606482707156	863915.631278492	4598870.20838411	0	0	0	0	0	1.5	1.5	1.5	1.5	1.5	1.5
271.762736375629	0.0345814228875811	-4.82203639356913	863915.642468412	4598870.30826314	0	0	0	0	0	1.5	1.5	1.5	1.5	1.5	1.5
271.863240346182	0.0235796049134378	-4.8191136864564	863915.653311132	4598870.40818049	0	0	0	0	0	1.5	1.5	1.5	1.5	1.5	1.5
271.963744316735	0.0125777869393008	-4.81729670573338	863915.663917035	4598870.50812327	0	0	0	0	0	1.5	1.5	1.5	1.5	1.5	1.5
272.064248287288	0.00157596896515125	-4.81658545140006	863915.674396592	4598870.60807939	0	0	0	0	0	1.5	1.5	1.5	1.5	1.5	1.5
272.164752257841	-0.00942584900898581	-4.81697992345645	863915.684860317	4598870.70803718	0	0	0	0	0	1.5	1.5	1.5	1.5	1.5	1.5
272.265256228394	-0.0204276669831291	-4.81848012190254	863915.69541873	4598870.80798499	0	0	0	0	0	1.5	1.5	1.5	1.5	1.5	1.5
272.365760198947	-0.0314294849572724	-4.82108604673833	863915.706182318	4598870.9079109	0	0	0	0	0	1.5	1.5	1.5	1.5	1.5	1.5
272.466264169501	-0.0424313029314157	-4.82479769796383	863915.717261492	4598871.00780229	0	0	0	0	0	1.5	1.5	1.5	1.5	1.5	1.5
272.566768140054	-0.053433120905559	-4.82961507557903	863915.728766549	4598871.10764547	0	0	0	0	0	1.5	1.5	1.5	1.5	1.5	1.5
272.667272110607	-0.0644349388797023	-4.83553817958393	863915.740807613	4598871.20742539	0	0	0	0	0	1.5	1.5	1.5	1.5	1.5	1.5
272.76777608116	-0.0584540895925666	-4.84173772889403	863915.753467808	4598871.30712862	0	0	0	0	0	1.5	1.5	1.5	1.5	1.5	1.5
272.868280051713	-0.0519790532668125	-4.84728721356304	863915.766713529	4598871.40675579	0	0	0	0	0	1.5	1.5	1.5	1.5	1.5	1.5
272.968784022266	-0.0455040169410584	-4.85218593137184	863915.780479533	4598871.50631244	0	0	0	0	0	1.5	1.5	1.5	1.5	1.5	1.5
273.069287992819	-0.0390289806153042	-4.85643388232043	863915.794700701	4598871.60580511	0	0	0	0	0	1.5	1.5	1.5	1.5	1.5	1.5
273.169791963372	-0.0325539442895501	-4.8600310664088	863915.809312028	4598871.70524125	0	0	0	0	0	1.5	1.5	1.5	1.5	1.5	1.5
273.270295933926	-0.026078907963796	-4.86297748363696	863915.824248614	4598871.80462907	0	0	0	0	0	1.5	1.5	1.5	1.5	1.5	1.5
273.370799904479	-0.0196038716380455	-4.8652731340049	863915.83944565	4598871.90397742	0	0	0	0	0	1.5	1.5	1.5	1.5	1.5	1.5
273.471303875032	-0.0131288353122877	-4.86691801751263	863915.854838401	4598872.00329564	0	0	0	0	0	1.5	1.5	1.5	1.5	1.5	1.5
273.571807845585	-0.00665379898653359	-4.86791213416015	863915.870362189	4598872.10259347	0	0	0	0	0	1.5	1.5	1.5	1.5	1.5	1.5
273.672311816138	-0.000178762660783108	-4.86825548394745	863915.885952379	4598872.2018809	0	0	0	0	0	1.5	1.5	1.5	1.5	1.5	1.5
273.772815786691	0.00629627366497101	-4.86794806687454	863915.901544352	4598872.30116805	0	0	0	0	0	1.5	1.5	1.5	1.5	1.5	1.5
273.873319757244	0.0127713099907288	-4.86698988294141	863915.917073492	4598872.40046504	0	0	0	0	0	1.5	1.5	1.5	1.5	1.5	1.5
273.973823727797	0.0192463463164793	-4.86538093214807	863915.932475165	4598872.49978188	0	0	0	0	0	1.5	1.5	1.5	1.5	1.5	1.5
274.07432769835	0.0257213826422334	-4.86312121449452	863915.947684695	4598872.59912832	0	0	0	0	0	1.5	1.5	1.5	1.5	1.5	1.5
274.174831668904	0.0320698593287228	-4.86021165929487	863915.962637357	4598872.69851372	0	0	0	0	0	1.5	1.5	1.5	1.5	1.5	1.5
274.275335639457	0.0376787695162335	-4.85670665222509	863915.977270503	4598872.79794666	0	0	0	0	0	1.5	1.5	1.5	1.5	1.5	1.5
274.37583961001	0.0432876797037474	-4.85263792741099	863915.991527003	4598872.89743428	0	0	0	0	0	1.5	1.5	1.5	1.5	1.5	1.5
274.476343580563	0.0488965898912613	-4.84800548485257	863916.005350538	4598872.99698296	0	0	0	0	0	1.5	1.5	1.5	1.5	1.5	1.5
274.576847551116	0.0545055000787752	-4.84280932454983	863916.018684693	4598873.09659835	0	0	0	0	0	1.5	1.5	1.5	1.5	1.5	1.5
274.677351521669	0.0601144102662891	-4.83704944650277	863916.031472952	4598873.19628526	0	0	0	0	0	1.5	1.5	1.5	1.5	1.5	1.5
274.777855492222	0.0657233204538031	-4.83072585071139	863916.043658696	4598873.29604759	0	0	0	0	0	1.5	1.5	1.5	1.5	1.5	1.5
274.878359462775	0.071332230641317	-4.82383853717569	863916.055185199	4598873.3958882	0	0	0	0	0	1.5	1.5	1.5	1.5	1.5	1.5
274.978863433329	0.0769411408288309	-4.81638750589567	863916.065995634	4598873.49580885	0	0	0	0	0	1.5	1.5	1.5	1.5	1.5	1.5
275.079367403882	0.0825500510163448	-4.80837275687132	863916.076033075	4598873.59581007	0	0	0	0	0	1.5	1.5	1.5	1.5	1.5	1.5
275.179871374435	0.0881589612038555	-4.79979429010266	863916.085240505	4598873.69589108	0	0	0	0	0	1.5	1.5	1.5	1.5	1.5	1.5
275.280375344988	0.0937678713913726	-4.79065210558967	863916.093560832	4598873.79604971	0	0	0	0	0	1.5	1.5	1.5	1.5	1.5	1.5
275.380879315541	0.0993767815788865	-4.78094620333236	863916.100936901	4598873.89628225	0	0	0	0	0	1.5	1.5	1.5	1.5	1.5	1.5
275.481383286094	0.104985691766397	-4.77067658333074	863916.107311517	4598873.99658341	0	0	0	0	0	1.5	1.5	1.5	1.5	1.5	1.5
275.581887256647	0.110594601953914	-4.75984324558478	863916.112627469	4598874.0969462	0	0	0	0	0	1.5	1.5	1.5	1.5	1.5	1.5
275.6823912272	0.121240864232241	-4.74838985220405	863916.116827141	4598874.19736184	0	0	0	0	0	1.5	1.5	1.5	1.5	1.5	1.5
275.782895197753	0.149483563138511	-4.73478541226582	863916.119785045	4598874.2978215	0	0	0	0	0	1.5	1.5	1.5	1.5	1.5	1.5
275.883399168307	0.177726262044796	-4.71834246894836	863916.121233392	4598874.3983139	0	0	0	0	0	1.5	1.5	1.5	1.5	1.5	1.5
275.98390313886	0.205968960951097	-4.69906102225167	863916.12088659	4598874.49881572	0	0	0	0	0	1.5	1.5	1.5	1.5	1.5	1.5
276.084407109413	0.234211659857367	-4.67694107217579	863916.118459565	4598874.59928833	0	0	0	0	0	1.5	1.5	1.5	1.5	1.5	1.5
276.184911079966	0.262454358763652	-4.65198261872068	863916.113668412	4598874.69967542	0	0	0	0	0	1.5	1.5	1.5	1.5	1.5	1.5
276.285415050519	0.290697057669953	-4.62418566188633	863916.106231299	4598874.79990061	0	0	0	0	0	1.5	1.5	1.5	1.5	1.5	1.5
276.385919021072	0.318939756576223	-4.5935502016728	863916.095869648	4598874.89986507	0	0	0	0	0	1.5	1.5	1.5	1.5	1.5	1.5
276.486422991625	0.347182455482508	-4.56007623808004	863916.082309639	4598874.99944534	0	0	0	0	0	1.5	1.5	1.5	1.5	1.5	1.5
276.586926962178	0.375425154388793	-4.52376377110806	863916.065284054	4598875.09849113	0	0	0	0	0	1.5	1.5	1.5	1.5	1.5	1.5
276.687430932732	0.403667853295079	-4.48461280075685	863916.044534491	4598875.19682329	0	0	0	0	0	1.5	1.5	1.5	1.5	1.5	1.5
276.787934903285	0.431910552201364	-4.44262332702644	863916.019813976	4598875.29423201	0	0	0	0	0	1.5	1.5	1.5	1.5	1.5	1.5
276.888438873838	0.460153251107649	-4.3977953499168	863915.990889985	4598875.39047525	0	0	0	0	0	1.5	1.5	1.5	1.5	1.5	1.5
276.988942844391	0.488395950013919	-4.35012886942797	863915.957547888	4598875.48527736	0	0	0	0	0	1.5	1.5	1.5	1.5	1.5	1.5
277.089446814944	0.51663864892022	-4.29962388555987	863915.919594829	4598875.57832824	0	0	0	0	0	1.5	1.5	1.5	1.5	1.5	1.5
277.189950785497	0.520833754825889	-4.24686754571897	863915.876872587	4598875.66928703	0	0	0	0	0	1.5	1.5	1.5	1.5	1.5	1.5
277.29045475605	0.499582824225465	-4.19558958681255	863915.829459367	4598875.75789189	0	0	0	0	0	1.5	1.5	1.5	1.5	1.5	1.5
277.390958726603	0.478331893625017	-4.14644743080937	863915.777658451	4598875.84400623	0	0	0	0	0	1.5	1.5	1.5	1.5	1.5	1.5
277.491462697157	0.457080963024581	-4.09944107770951	863915.721778617	4598875.92753247	0	0	0	0	0	1.5	1.5	1.5	1.5	1.5	1.5
277.59196666771	0.435830032424158	-4.05457052751296	863915.66212153	4598876.00840512	0	0	0	0	0	1.5	1.5	1.5	1.5	1.5	1.5
277.692470638263	0.414579101823722	-4.01183578021969	863915.59897987	4598876.08658851	0	0	0	0	0	1.5	1.5	1.5	1.5	1.5	1.5
277.792974608816	0.393328171223286	-3.9712368358297	863915.532635808	4598876.16207444	0	0	0	0	0	1.5	1.5	1.5	1.5	1.5	1.5
277.893478579369	0.37207724062285	-3.93277369434301	863915.463359829	4598876.23487994	0	0	0	0	0	1.5	1.5	1.5	1.5	1.5	1.5
277.993982549922	0.350826310022414	-3.89644635575961	863915.39140986	4598876.30504503	0	0	0	0	0	1.5	1.5	1.5	1.5	1.5	1.5
278.094486520475	0.329575379421978	-3.86225482007951	863915.317030675	4598876.37263054	0	0	0	0	0	1.5	1.5	1.5	1.5	1.5	1.5
278.194990491028	0.308324448821542	-3.83019908730269	863915.24045357	4598876.4377161	0	0	0	0	0	1.5	1.5	1.5	1.5	1.5	1.5
278.295494461581	0.287073518221106	-3.80027915742917	863915.161896257	4598876.50039818	0	0	0	0	0	1.5	1.5	1.5	1.5	1.5	1.5
278.395998432135	0.26582258762067	-3.77249503045894	863915.081562973	4598876.56078826	0	0	0	0	0	1.5	1.5	1.5	1.5	1.5	1.5
278.496502402688	0.244571657020234	-3.74684670639201	863914.999644764	4598876.61901111	0	0	0	0	0	1.5	1.5	1.5	1.5	1.5	1.5
278.597006373241	0.223320726419798	-3.72333418522837	863914.916319938	4598876.67520325	0	0	0	0	0	1.5	1.5	1.5	1.5	1.5	1.5
278.697510343794	0.216752723501615	-3.70139981468698	863914.831747107	4598876.72949948	0	0	0	0	0	1.5	1.5	1.5	1.5	1.5	1.5
278.798014314347	0.214929209820902	-3.6797069405295	863914.746011338	4598876.78194021	0	0	0	0	0	1.5	1.5	1.5	1.5	1.5	1.5
278.8985182849	0.213105696140188	-3.65819733673729	863914.659162847	4598876.83251686	0	0	0	0	0	1.5	1.5	1.5	1.5	1.5	1.5
278.999022255453	0.211282182459475	-3.63687100331034	863914.571251079	4598876.88122196	0	0	0	0	0	1.5	1.5	1.5	1.5	1.5	1.5
279.099526226006	0.209458668778762	-3.61572794024868	863914.482324942	4598876.92804945	0	0	0	0	0	1.5	1.5	1.5	1.5	1.5	1.5
279.20003019656	0.207635155098048	-3.59476814755227	863914.392432766	4598876.9729947	0	0	0	0	0	1.5	1.5	1.5	1.5	1.5	1.5
279.300534167113	0.205811641417335	-3.57399162522115	863914.301622278	4598877.01605442	0	0	0	0	0	1.5	1.5	1.5	1.5	1.5	1.5
279.401038137666	0.203988127736622	-3.55339837325529	863914.209940565	4598877.05722668	0	0	0	0	0	1.5	1.5	1.5	1.5	1.5	1.5
279.501542108219	0.202164614055908	-3.53298839165468	863914.117434052	4598877.0965108	0	0	0	0	0	1.5	1.5	1.5	1.5	1.5	1.5
279.602046078772	0.200341100375195	-3.51276168041937	863914.024148471	4598877.13390738	0	0	0	0	0	1.5	1.5	1.5	1.5	1.5	1.5
279.702550049325	0.198517586694482	-3.49271823954932	863913.930128838	4598877.1694182	0	0	0	0	0	1.5	1.5	1.5	1.5	1.5	1.5
279.803054019878	0.196694073013768	-3.47285806904454	863913.83541943	4598877.20304623	0	0	0	0	0	1.5	1.5	1.5	1.5	1.5	1.5
279.903557990431	0.194870559333055	-3.45318116890502	863913.740063766	4598877.23479556	0	0	0	0	0	1.5	1.5	1.5	1.5	1.5	1.5
280.004061960984	0.193047045652341	-3.43368753913078	863913.644104582	4598877.26467135	0	0	0	0	0	1.5	1.5	1.5	1.5	1.5	1.5
280.104565931538	0.191231875066027	-3.4143771790692	863913.547583816	4598877.29267985	0	0	0	0	0	1.5	1.5	1.5	1.5	1.5	1.5
280.205069902091	0.194768302330943	-3.3949799038379	863913.450540276	4598877.31881953	0	0	0	0	0	1.5	1.5	1.5	1.5	1.5	1.5
280.305573872644	0.198304729595858	-3.3752272036249	863913.353003734	4598877.34305468	0	0	0	0	0	1.5	1.5	1.5	1.5	1.5	1.5
280.406077843197	0.201841156860774	-3.35511907843021	863913.255003635	4598877.36534119	0	0	0	0	0	1.5	1.5	1.5	1.5	1.5	1.5
280.50658181375	0.205377584125688	-3.33465552825383	863913.15657169	4598877.38563522	0	0	0	0	0	1.5	1.5	1.5	1.5	1.5	1.5
280.607085784303	0.208914011390605	-3.31383655309573	863913.057741909	4598877.4038933	0	0	0	0	0	1.5	1.5	1.5	1.5	1.5	1.5
280.707589754856	0.212450438655521	-3.29266215295594	863912.958550643	4598877.42007241	0	0	0	0	0	1.5	1.5	1.5	1.5	1.5	1.5
280.808093725409	0.215986865920434	-3.27113232783448	863912.859036618	4598877.43413003	0	0	0	0	0	1.5	1.5	1.5	1.5	1.5	1.5
280.908597695962	0.219523293185352	-3.24924707773129	863912.759240971	4598877.44602431	0	0	0	0	0	1.5	1.5	1.5	1.5	1.5	1.5
281.009101666516	0.223059720450267	-3.22700640264641	863912.659207275	4598877.45571407	0	0	0	0	0	1.5	1.5	1.5	1.5	1.5	1.5
281.109605637069	0.226596147715181	-3.20441030257986	863912.558981572	4598877.46315898	0	0	0	0	0	1.5	1.5	1.5	1.5	1.5	1.5
281.210109607622	0.230132574980097	-3.18145877753159	863912.458612392	4598877.46831964	0	0	0	0	0	1.5	1.5	1.5	1.5	1.5	1.5
281.310613578175	0.233669002245014	-3.15815182750162	863912.358150775	4598877.47115766	0	0	0	0	0	1.5	1.5	1.5	1.5	1.5	1.5
281.411117548728	0.237205429509928	-3.13448945248997	863912.257650287	4598877.4716358	0	0	0	0	0	1.5	1.5	1.5	1.5	1.5	1.5
281.511621519281	0.240741856774843	-3.11047165249662	863912.15716703	4598877.4697181	0	0	0	0	0	1.5	1.5	1.5	1.5	1.5	1.5
281.612125489834	0.242227966774601	-3.08612765858675	863912.056759636	4598877.46537023	0	0	0	0	0	1.5	1.5	1.5	1.5	1.5	1.5
281.712629460387	0.238537516093515	-3.06196823862019	863911.956487491	4598877.45858395	0	0	0	0	0	1.5	1.5	1.5	1.5	1.5	1.5
281.813133430941	0.234847065412428	-3.0381797236002	863911.856406764	4598877.44939591	0	0	0	0	0	1.5	1.5	1.5	1.5	1.5	1.5
281.913637401494	0.231156614731342	-3.01476211352679	863911.756570687	4598877.43784844	0	0	0	0	0	1.5	1.5	1.5	1.5	1.5	1.5
282.014141372047	0.227466164050256	-2.99171540839996	863911.657029728	4598877.42398487	0	0	0	0	0	1.5	1.5	1.5	1.5	1.5	1.5
282.1146453426	0.223775713369169	-2.96903960821971	863911.55783162	4598877.40784949	0	0	0	0	0	1.5	1.5	1.5	1.5	1.5	1.5
282.215149313153	0.220085262688083	-2.94673471298605	863911.459021391	4598877.38948735	0	0	0	0	0	1.5	1.5	1.5	1.5	1.5	1.5
282.315653283706	0.216394812006999	-2.92480072269897	863911.360641393	4598877.36894425	0	0	0	0	0	1.5	1.5	1.5	1.5	1.5	1.5
282.416157254259	0.21270436132591	-2.90323763735845	863911.262731342	4598877.34626654	0	0	0	0	0	1.5	1.5	1.5	1.5	1.5	1.5
282.516661224812	0.209013910644824	-2.88204545696452	863911.165328357	4598877.32150106	0	0	0	0	0	1.5	1.5	1.5	1.5	1.5	1.5
282.617165195365	0.205323459963739	-2.86122418151718	863911.068467003	4598877.29469507	0	0	0	0	0	1.5	1.5	1.5	1.5	1.5	1.5
282.717669165919	0.201633009282651	-2.8407738110164	863910.972179335	4598877.26589609	0	0	0	0	0	1.5	1.5	1.5	1.5	1.5	1.5
282.818173136472	0.197942558601564	-2.82069434546221	863910.876494947	4598877.23515188	0	0	0	0	0	1.5	1.5	1.5	1.5	1.5	1.5
282.918677107025	0.19425210792048	-2.80098578485461	863910.781441019	4598877.20251031	0	0	0	0	0	1.5	1.5	1.5	1.5	1.5	1.5
283.019181077578	0.190561657239394	-2.78164812919357	863910.687042373	4598877.16801932	0	0	0	0	0	1.5	1.5	1.5	1.5	1.5	1.5
283.119685048131	0.203435218922854	-2.76233549793536	863910.593323296	4598877.13172231	0	0	0	0	0	1.5	1.5	1.5	1.5	1.5	1.5
283.220189018684	0.239606685454631	-2.7400717626797	863910.500371473	4598877.09350466	0	0	0	0	0	1.5	1.5	1.5	1.5	1.5	1.5
283.320692989237	0.275778151986428	-2.71417265141685	863910.408367518	4598877.05306018	0	0	0	0	0	1.5	1.5	1.5	1.5	1.5	1.5
283.42119695979	0.311949618518246	-2.68463816414681	863910.317520512	4598877.01008187	0	0	0	0	0	1.5	1.5	1.5	1.5	1.5	1.5
283.521700930344	0.348121085050023	-2.65146830086962	863910.228066244	4598876.96427733	0	0	0	0	0	1.5	1.5	1.5	1.5	1.5	1.5
283.622204900897	0.38429255158182	-2.61466306158525	863910.140269914	4598876.9153722	0	0	0	0	0	1.5	1.5	1.5	1.5	1.5	1.5
283.72270887145	0.420464018113618	-2.5742224462937	863910.054428454	4598876.86311404	0	0	0	0	0	1.5	1.5	1.5	1.5	1.5	1.5
283.823212842003	0.456635484645415	-2.53014645499497	863909.970872383	4598876.80727681	0	0	0	0	0	1.5	1.5	1.5	1.5	1.5	1.5
283.923716812556	0.492806951177212	-2.48243508768907	863909.889967092	4598876.74766586	0	0	0	0	0	1.5	1.5	1.5	1.5	1.5	1.5
284.024220783109	0.52897841770901	-2.431088344376	863909.812113451	4598876.68412344	0	0	0	0	0	1.5	1.5	1.5	1.5	1.5	1.5
284.124724753662	0.565149884240807	-2.37610622505575	863909.737747613	4598876.61653479	0	0	0	0	0	1.5	1.5	1.5	1.5	1.5	1.5
284.225228724215	0.601321350772604	-2.31748872972832	863909.667339872	4598876.54483468	0	0	0	0	0	1.5	1.5	1.5	1.5	1.5	1.5
284.325732694768	0.637492817304401	-2.25523585839372	863909.601392451	4598876.46901434	0	0	0	0	0	1.5	1.5	1.5	1.5	1.5	1.5
284.426236665322	0.673664283836178	-2.18934761105199	863909.540436053	4598876.38912872	0	0	0	0	0	1.5	1.5	1.5	1.5	1.5	1.5
284.526740635875	0.709835750367996	-2.119823987703	863909.485025053	4598876.3053039	0	0	0	0	0	1.5	1.5	1.5	1.5	1.5	1.5
284.627244606428	0.685729625964829	-2.04919175525358	863909.43566894	4598876.21777781	0	0	0	0	0	1.5	1.5	1.5	1.5	1.5	1.5
284.727748576981	0.649640782994524	-1.98208674112384	863909.392455999	4598876.12705902	0	0	0	0	0	1.5	1.5	1.5	1.5	1.5	1.5
284.828252547534	0.613551940024178	-1.91860879900521	863909.355253355	4598876.03371225	0	0	0	0	0	1.5	1.5	1.5	1.5	1.5	1.5
284.928756518087	0.577463097053852	-1.8587579288978	863909.323873361	4598875.93824849	0	0	0	0	0	1.5	1.5	1.5	1.5	1.5	1.5
285.02926048864	0.541374254083547	-1.80253413080161	863909.298083101	4598875.84112357	0	0	0	0	0	1.5	1.5	1.5	1.5	1.5	1.5
285.129764459193	0.505285411113222	-1.74993740471658	863909.277612656	4598875.74273821	0	0	0	0	0	1.5	1.5	1.5	1.5	1.5	1.5
285.230268429747	0.469196568142896	-1.70096775064272	863909.262162539	4598875.64343904	0	0	0	0	0	1.5	1.5	1.5	1.5	1.5	1.5
285.3307724003	0.433107725172571	-1.65562516858006	863909.251410272	4598875.54352055	0	0	0	0	0	1.5	1.5	1.5	1.5	1.5	1.5
285.431276370853	0.397018882202245	-1.61390965852858	863909.245016089	4598875.44322749	0	0	0	0	0	1.5	1.5	1.5	1.5	1.5	1.5
285.531780341406	0.36093003923192	-1.57582122048828	863909.242627795	4598875.34275797	0	0	0	0	0	1.5	1.5	1.5	1.5	1.5	1.5
285.632284311959	0.324841196261594	-1.54135985445917	863909.243884809	4598875.24226684	0	0	0	0	0	1.5	1.5	1.5	1.5	1.5	1.5
285.732788282512	0.288752353291269	-1.51052556044125	863909.248421432	4598875.1418693	0	0	0	0	0	1.5	1.5	1.5	1.5	1.5	1.5
285.833292253065	0.252663510320943	-1.48331833843451	863909.255869414	4598875.04164479	0	0	0	0	0	1.5	1.5	1.5	1.5	1.5	1.5
285.933796223618	0.216574667350618	-1.45973818843896	863909.265859868	4598874.94164093	0	0	0	0	0	1.5	1.5	1.5	1.5	1.5	1.5
286.034300194171	0.181971609467106	-1.43978034783709	863909.278024619	4598874.84187756	0	0	0	0	0	1.5	1.5	1.5	1.5	1.5	1.5
286.134804164725	0.169175449136248	-1.42213451101825	863909.292043707	4598874.74235745	0	0	0	0	0	1.5	1.5	1.5	1.5	1.5	1.5
286.235308135278	0.156379288805396	-1.4057747391205	863909.307752836	4598874.6430899	0	0	0	0	0	1.5	1.5	1.5	1.5	1.5	1.5
286.335812105831	0.14358312847453	-1.39070103214382	863909.325020153	4598874.54408133	0	0	0	0	0	1.5	1.5	1.5	1.5	1.5	1.5
286.436316076384	0.130786968143679	-1.37691339008824	863909.343714411	4598874.44533209	0	0	0	0	0	1.5	1.5	1.5	1.5	1.5	1.5
286.536820046937	0.11799080781282	-1.36441181295374	863909.363705065	4598874.34683697	0	0	0	0	0	1.5	1.5	1.5	1.5	1.5	1.5
286.63732401749	0.105194647481954	-1.35319630074032	863909.384862322	4598874.24858569	0	0	0	0	0	1.5	1.5	1.5	1.5	1.5	1.5
286.737827988043	0.0923984871511027	-1.34326685344799	863909.407057163	4598874.15056348	0	0	0	0	0	1.5	1.5	1.5	1.5	1.5	1.5
286.838331958596	0.0796023268202439	-1.33462347107675	863909.43016133	4598874.0527515	0	0	0	0	0	1.5	1.5	1.5	1.5	1.5	1.5
286.938835929149	0.0668061664893852	-1.32726615362659	863909.454047301	4598873.95512741	0	0	0	0	0	1.5	1.5	1.5	1.5	1.5	1.5
287.039339899703	0.0540100061585265	-1.32119490109752	863909.478588222	4598873.85766583	0	0	0	0	0	1.5	1.5	1.5	1.5	1.5	1.5
287.139843870256	0.0412138458276678	-1.31640971348953	863909.503657837	4598873.76033884	0	0	0	0	0	1.5	1.5	1.5	1.5	1.5	1.5
287.240347840809	0.0284176854968091	-1.31291059080263	863909.529130389	4598873.66311648	0	0	0	0	0	1.5	1.5	1.5	1.5	1.5	1.5
287.340851811362	0.0156215251659503	-1.31069753303681	863909.554880522	4598873.56596724	0	0	0	0	0	1.5	1.5	1.5	1.5	1.5	1.5
287.441355781915	0.0028253648350916	-1.30977054019208	863909.580783154	4598873.46885854	0	0	0	0	0	1.5	1.5	1.5	1.5	1.5	1.5
287.541859752468	-0.00878518322282618	-1.31011890600624	863909.606713422	4598873.3717572	0	0	0	0	0	1.5	1.5	1.5	1.5	1.5	1.5
287.642363723021	-0.0149835196252356	-1.31131333051181	863909.632563869	4598873.27463459	0	0	0	0	0	1.5	1.5	1.5	1.5	1.5	1.5
287.742867693574	-0.0211818560276521	-1.31313071243664	863909.658268027	4598873.17747317	0	0	0	0	0	1.5	1.5	1.5	1.5	1.5	1.5
287.843371664128	-0.027380192430065	-1.31557105178073	863909.683765282	4598873.08025726	0	0	0	0	0	1.5	1.5	1.5	1.5	1.5	1.5
287.943875634681	-0.0335785288324745	-1.3186343485441	863909.708994916	4598872.98297157	0	0	0	0	0	1.5	1.5	1.5	1.5	1.5	1.5
288.044379605234	-0.0397768652348909	-1.32232060272673	863909.733896085	4598872.88560131	0	0	0	0	0	1.5	1.5	1.5	1.5	1.5	1.5
288.144883575787	-0.0459752016373039	-1.32662981432862	863909.758407791	4598872.78813229	0	0	0	0	0	1.5	1.5	1.5	1.5	1.5	1.5
288.24538754634	-0.0521735380397133	-1.33156198334978	863909.782468857	4598872.69055108	0	0	0	0	0	1.5	1.5	1.5	1.5	1.5	1.5
288.345891516893	-0.0583718744421262	-1.33711710979021	863909.806017907	4598872.59284507	0	0	0	0	0	1.5	1.5	1.5	1.5	1.5	1.5
288.446395487446	-0.0645702108445427	-1.34329519364991	863909.828993345	4598872.49500262	0	0	0	0	0	1.5	1.5	1.5	1.5	1.5	1.5
288.546899457999	-0.0707685472469521	-1.35009623492887	863909.851333341	4598872.39701316	0	0	0	0	0	1.5	1.5	1.5	1.5	1.5	1.5
288.647403428552	-0.0769668836493651	-1.3575202336271	863909.872975819	4598872.29886733	0	0	0	0	0	1.5	1.5	1.5	1.5	1.5	1.5
288.747907399106	-0.0831652200517815	-1.3655671897446	863909.893858443	4598872.20055706	0	0	0	0	0	1.5	1.5	1.5	1.5	1.5	1.5
288.848411369659	-0.089363556454191	-1.37423710328135	863909.913918618	4598872.10207572	0	0	0	0	0	1.5	1.5	1.5	1.5	1.5	1.5
288.948915340212	-0.0955618928566039	-1.38352997423738	863909.933093488	4598872.00341823	0	0	0	0	0	1.5	1.5	1.5	1.5	1.5	1.5
289.049419310765	-0.100125591095442	-1.39341991479069	863909.951320207	4598871.90458123	0	0	0	0	0	1.5	1.5	1.5	1.5	1.5	1.5
289.149923281318	-0.101137109865946	-1.40353376507612	863909.968554182	4598871.80556632	0	0	0	0	0	1.5	1.5	1.5	1.5	1.5	1.5
289.250427251871	-0.102148628636449	-1.41374927701428	863909.984780827	4598871.70638136	0	0	0	0	0	1.5	1.5	1.5	1.5	1.5	1.5
289.350931222424	-0.103160147406953	-1.42406645060516	863909.999988367	4598871.60703505	0	0	0	0	0	1.5	1.5	1.5	1.5	1.5	1.5
289.451435192977	-0.104171666177456	-1.43448528584877	863910.014165083	4598871.50753642	0	0	0	0	0	1.5	1.5	1.5	1.5	1.5	1.5
289.551939163531	-0.10518318494796	-1.4450057827451	863910.027299323	4598871.40789483	0	0	0	0	0	1.5	1.5	1.5	1.5	1.5	1.5
289.652443134084	-0.106194703718463	-1.45562794129415	863910.039379504	4598871.30811997	0	0	0	0	0	1.5	1.5	1.5	1.5	1.5	1.5
289.752947104637	-0.107206222488966	-1.46635176149593	863910.05039412	4598871.20822188	0	0	0	0	0	1.5	1.5	1.5	1.5	1.5	1.5
289.85345107519	-0.10821774125947	-1.47717724335044	863910.06033175	4598871.10821091	0	0	0	0	0	1.5	1.5	1.5	1.5	1.5	1.5
289.953955045743	-0.109229260029974	-1.48810438685767	863910.069181061	4598871.00809779	0	0	0	0	0	1.5	1.5	1.5	1.5	1.5	1.5
290.054459016296	-0.110240778800477	-1.49913319201762	863910.076930822	4598870.90789356	0	0	0	0	0	1.5	1.5	1.5	1.5	1.5	1.5
290.154962986849	-0.11125229757098	-1.51026365883029	863910.083569903	4598870.80760964	0	0	0	0	0	1.5	1.5	1.5	1.5	1.5	1.5
290.255466957402	-0.112263816341484	-1.5214957872957	863910.089087287	4598870.70725775	0	0	0	0	0	1.5	1.5	1.5	1.5	1.5	1.5
290.355970927955	-0.113275335111987	-1.53282957741382	863910.093472077	4598870.60685002	0	0	0	0	0	1.5	1.5	1.5	1.5	1.5	1.5
290.456474898509	-0.114286853882491	-1.54426502918468	863910.096713504	4598870.50639888	0	0	0	0	0	1.5	1.5	1.5	1.5	1.5	1.5
290.556978869062	-0.111993154879928	-1.55571586880716	863910.098802432	4598870.40591717	0	0	0	0	0	1.5	1.5	1.5	1.5	1.5	1.5
290.657482839615	-0.106641490116688	-1.56670269376847	863910.099761444	4598870.30541828	0	0	0	0	0	1.5	1.5	1.5	1.5	1.5	1.5
290.757986810168	-0.101289825353444	-1.57715165517201	863910.099643285	4598870.20491484	0	0	0	0	0	1.5	1.5	1.5	1.5	1.5	1.5
290.858490780721	-0.095938160590201	-1.58706275301777	863910.098502022	4598870.10441776	0	0	0	0	0	1.5	1.5	1.5	1.5	1.5	1.5
290.958994751274	-0.0905864958269576	-1.59643598730576	863910.096391816	4598870.00393631	0	0	0	0	0	1.5	1.5	1.5	1.5	1.5	1.5
291.059498721827	-0.0852348310637142	-1.60527135803598	863910.093366895	4598869.9034782	0	0	0	0	0	1.5	1.5	1.5	1.5	1.5	1.5
291.16000269238	-0.0798831663004708	-1.61356886520842	863910.089481526	4598869.80304965	0	0	0	0	0	1.5	1.5	1.5	1.5	1.5	1.5
291.260506662934	-0.0745315015372274	-1.62132850882308	863910.084789991	4598869.70265549	0	0	0	0	0	1.5	1.5	1.5	1.5	1.5	1.5
291.361010633487	-0.069179836773984	-1.62855028887997	863910.079346569	4598869.60229926	0	0	0	0	0	1.5	1.5	1.5	1.5	1.5	1.5
291.46151460404	-0.0638281720107406	-1.63523420537909	863910.073205521	4598869.50198327	0	0	0	0	0	1.5	1.5	1.5	1.5	1.5	1.5
291.562018574593	-0.0584765072475002	-1.64138025832042	863910.066421076	4598869.4017087	0	0	0	0	0	1.5	1.5	1.5	1.5	1.5	1.5
291.662522545146	-0.0531248424842538	-1.64698844770399	863910.059047424	4598869.30147572	0	0	0	0	0	1.5	1.5	1.5	1.5	1.5	1.5
291.763026515699	-0.0477731777210104	-1.65205877352978	863910.051138708	4598869.20128351	0	0	0	0	0	1.5	1.5	1.5	1.5	1.5	1.5
291.863530486252	-0.0424215129577701	-1.65659123579779	863910.042749021	4598869.10113041	0	0	0	0	0	1.5	1.5	1.5	1.5	1.5	1.5
291.964034456805	-0.0370698481945236	-1.66058583450803	863910.033932404	4598869.00101397	0	0	0	0	0	1.5	1.5	1.5	1.5	1.5	1.5
292.064538427359	-0.0352717478377878	-1.66416498868268	863910.024740048	4598868.90093131	0	0	0	0	0	1.5	1.5	1.5	1.5	1.5	1.5
292.165042397912	-0.035103697622065	-1.66770149453175	863910.015192691	4598868.8008819	0	0	0	0	0	1.5	1.5	1.5	1.5	1.5	1.5
292.265546368465	-0.0349356474063422	-1.6712211106669	863910.005292415	4598868.70086679	0	0	0	0	0	1.5	1.5	1.5	1.5	1.5	1.5
292.366050339018	-0.0347675971906193	-1.67472383708812	863909.99504103	4598868.60088706	0	0	0	0	0	1.5	1.5	1.5	1.5	1.5	1.5
292.466554309571	-0.0345995469748965	-1.6782096737954	863909.98444035	4598868.50094375	0	0	0	0	0	1.5	1.5	1.5	1.5	1.5	1.5
292.567058280124	-0.0344314967591736	-1.68167862078875	863909.973492194	4598868.40103792	0	0	0	0	0	1.5	1.5	1.5	1.5	1.5	1.5
292.667562250677	-0.0342634465434508	-1.68513067806817	863909.962198379	4598868.30117057	0	0	0	0	0	1.5	1.5	1.5	1.5	1.5	1.5
292.76806622123	-0.0340953963277279	-1.68856584563365	863909.950560728	4598868.2013427	0	0	0	0	0	1.5	1.5	1.5	1.5	1.5	1.5
292.868570191783	-0.0339273461120051	-1.69198412348521	863909.938581063	4598868.1015553	0	0	0	0	0	1.5	1.5	1.5	1.5	1.5	1.5
292.969074162337	-0.0337592958962823	-1.69538551162283	863909.92626121	4598868.00180932	0	0	0	0	0	1.5	1.5	1.5	1.5	1.5	1.5
293.06957813289	-0.0335912456805594	-1.69877001004651	863909.913602996	4598867.90210572	0	0	0	0	0	1.5	1.5	1.5	1.5	1.5	1.5
293.170082103443	-0.0334231954648366	-1.70213761875627	863909.90060825	4598867.80244542	0	0	0	0	0	1.5	1.5	1.5	1.5	1.5	1.5
293.270586073996	-0.0332551452491137	-1.70548833775209	863909.887278802	4598867.70282934	0	0	0	0	0	1.5	1.5	1.5	1.5	1.5	1.5
293.371090044549	-0.0330870950333909	-1.70882216703398	863909.873616486	4598867.60325836	0	0	0	0	0	1.5	1.5	1.5	1.5	1.5	1.5
293.471594015102	-0.032919044817668	-1.71213910660194	863909.859623133	4598867.50373336	0	0	0	0	0	1.5	1.5	1.5	1.5	1.5	1.5
293.572097985655	-0.028552525368367	-1.71526594220873	863909.845305295	4598867.40425452	0	0	0	0	0	1.5	1.5	1.5	1.5	1.5	1.5
293.672601956208	-0.0232705830212036	-1.71787015628851	863909.830702094	4598867.30481716	0	0	0	0	0	1.5	1.5	1.5	1.5	1.5	1.5
293.773105926762	-0.0179886406740373	-1.71994351419016	863909.81586637	4598867.20541421	0	0	0	0	0	1.5	1.5	1.5	1.5	1.5	1.5
293.873609897315	-0.0127066983268769	-1.72148601591369	863909.800850954	4598867.10603824	0	0	0	0	0	1.5	1.5	1.5	1.5	1.5	1.5
293.974113867868	-0.00742475597971349	-1.7224976614591	863909.78570864	4598867.00668153	0	0	0	0	0	1.5	1.5	1.5	1.5	1.5	1.5
294.074617838421	-0.00214281363254713	-1.72297845082639	863909.770492188	4598866.90733613	0	0	0	0	0	1.5	1.5	1.5	1.5	1.5	1.5
294.175121808974	0.00313912871461326	-1.72292838401556	863909.755254341	4598866.80799401	0	0	0	0	0	1.5	1.5	1.5	1.5	1.5	1.5
294.275625779527	0.00842107106177663	-1.7223474610266	863909.740047837	4598866.7086471	0	0	0	0	0	1.5	1.5	1.5	1.5	1.5	1.5
294.37612975008	0.01370301340894	-1.72123568185952	863909.724925421	4598866.60928735	0	0	0	0	0	1.5	1.5	1.5	1.5	1.5	1.5
294.476633720633	0.0189849557561034	-1.71959304651432	863909.70993986	4598866.50990687	0	0	0	0	0	1.5	1.5	1.5	1.5	1.5	1.5
294.577137691186	0.0242668981032668	-1.71741955499099	863909.695143951	4598866.41049799	0	0	0	0	0	1.5	1.5	1.5	1.5	1.5	1.5
294.67764166174	0.0295488404504301	-1.71471520728955	863909.680590537	4598866.31105334	0	0	0	0	0	1.5	1.5	1.5	1.5	1.5	1.5
294.778145632293	0.0348307827975905	-1.71148000340998	863909.666332518	4598866.21156591	0	0	0	0	0	1.5	1.5	1.5	1.5	1.5	1.5
294.878649602846	0.0401127251447569	-1.70771394335228	863909.652422856	4598866.11202919	0	0	0	0	0	1.5	1.5	1.5	1.5	1.5	1.5
294.979153573399	0.0453946674919203	-1.70341702711647	863909.63891459	4598866.01243723	0	0	0	0	0	1.5	1.5	1.5	1.5	1.5	1.5
295.079657543952	0.0428412471862231	-1.69897196454912	863909.62584848	4598865.9127863	0	0	0	0	0	1.5	1.5	1.5	1.5	1.5	1.5
295.180161514505	0.0400619506301873	-1.69480591427307	863909.613211557	4598865.81308002	0	0	0	0	0	1.5	1.5	1.5	1.5	1.5	1.5
295.280665485058	0.037282654074153	-1.69091919433625	863909.600976189	4598865.71332366	0	0	0	0	0	1.5	1.5	1.5	1.5	1.5	1.5
295.381169455611	0.0345033575181203	-1.68731180473865	863909.589114699	4598865.61352215	0	0	0	0	0	1.5	1.5	1.5	1.5	1.5	1.5
295.481673426164	0.031724060962086	-1.68398374548028	863909.577599362	4598865.51368009	0	0	0	0	0	1.5	1.5	1.5	1.5	1.5	1.5
295.582177396718	0.0289447644060502	-1.68093501656113	863909.566402418	4598865.41380182	0	0	0	0	0	1.5	1.5	1.5	1.5	1.5	1.5
295.682681367271	0.0261654678500175	-1.67816561798121	863909.555496073	4598865.3138914	0	0	0	0	0	1.5	1.5	1.5	1.5	1.5	1.5
295.783185337824	0.0233861712939832	-1.67567554974052	863909.544852502	4598865.21395263	0	0	0	0	0	1.5	1.5	1.5	1.5	1.5	1.5
295.883689308377	0.0206068747379474	-1.67346481183905	863909.534443856	4598865.11398912	0	0	0	0	0	1.5	1.5	1.5	1.5	1.5	1.5
295.98419327893	0.0178275781819147	-1.67153340427681	863909.524242264	4598865.01400426	0	0	0	0	0	1.5	1.5	1.5	1.5	1.5	1.5
296.084697249483	0.0150482816258804	-1.66988132705379	863909.514219834	4598864.91400127	0	0	0	0	0	1.5	1.5	1.5	1.5	1.5	1.5
296.185201220036	0.0122689850698461	-1.66850858017	863909.504348661	4598864.81398324	0	0	0	0	0	1.5	1.5	1.5	1.5	1.5	1.5
296.285705190589	0.00948968851381187	-1.66741516362544	863909.494600826	4598864.71395311	0	0	0	0	0	1.5	1.5	1.5	1.5	1.5	1.5
296.386209161143	0.0067103919577776	-1.6666010774201	863909.484948399	4598864.61391373	0	0	0	0	0	1.5	1.5	1.5	1.5	1.5	1.5
296.486713131696	0.00381727119923477	-1.66606683364804	863909.475363441	4598864.51386786	0	0	0	0	0	1.5	1.5	1.5	1.5	1.5	1.5
296.587217102249	-0.000233397597313681	-1.66588673688457	863909.465815259	4598864.41381847	0	0	0	0	0	1.5	1.5	1.5	1.5	1.5	1.5
296.687721072802	-0.00428406639386213	-1.66611374841854	863909.456264729	4598864.3137693	0	0	0	0	0	1.5	1.5	1.5	1.5	1.5	1.5
296.788225043355	-0.00833473519041058	-1.66674786824996	863909.446671123	4598864.21372426	0	0	0	0	0	1.5	1.5	1.5	1.5	1.5	1.5
296.888729013908	-0.0123854039869567	-1.66778909637883	863909.436993715	4598864.11368729	0	0	0	0	0	1.5	1.5	1.5	1.5	1.5	1.5
296.989232984461	-0.0164360727835075	-1.66923743280515	863909.427191791	4598864.01366245	0	0	0	0	0	1.5	1.5	1.5	1.5	1.5	1.5
297.089736955014	-0.0204867415800559	-1.67109287752891	863909.417224651	4598863.91365395	0	0	0	0	0	1.5	1.5	1.5	1.5	1.5	1.5
297.190240925567	-0.0245374103766021	-1.67335543055013	863909.407051615	4598863.81366618	0	0	0	0	0	1.5	1.5	1.5	1.5	1.5	1.5
297.290744896121	-0.0285880791731528	-1.6760250918688	863909.396632031	4598863.71370382	0	0	0	0	0	1.5	1.5	1.5	1.5	1.5	1.5
297.391248866674	-0.0326387479697013	-1.67910186148491	863909.385925278	4598863.61377181	0	0	0	0	0	1.5	1.5	1.5	1.5	1.5	1.5
297.491752837227	-0.0366894167662474	-1.68258573939847	863909.374890775	4598863.51387548	0	0	0	0	0	1.5	1.5	1.5	1.5	1.5	1.5
297.59225680778	-0.0407400855627959	-1.68647672560948	863909.363487989	4598863.41402052	0	0	0	0	0	1.5	1.5	1.5	1.5	1.5	1.5
297.692760778333	-0.0447907543593466	-1.69077482011794	863909.35167644	4598863.31421311	0	0	0	0	0	1.5	1.5	1.5	1.5	1.5	1.5
297.793264748886	-0.0488414231558928	-1.69548002292385	863909.339415717	4598863.21445989	0	0	0	0	0	1.5	1.5	1.5	1.5	1.5	1.5
297.893768719439	-0.0528920919524412	-1.7005923340272	863909.326665481	4598863.11476808	0	0	0	0	0	1.5	1.5	1.5	1.5	1.5	1.5
297.994272689992	-0.0545946822655696	-1.70608205106045	863909.313385731	4598863.01514544	0	0	0	0	0	1.5	1.5	1.5	1.5	1.5	1.5
298.094776660546	-0.0493173760602815	-1.71130383828549	863909.29956607	4598862.91559624	0	0	0	0	0	1.5	1.5	1.5	1.5	1.5	1.5
298.195280631099	-0.0440400698549905	-1.71599523528308	863909.285253153	4598862.81611675	0	0	0	0	0	1.5	1.5	1.5	1.5	1.5	1.5
298.295784601652	-0.0387627636496994	-1.72015624205322	863909.270500059	4598862.71670156	0	0	0	0	0	1.5	1.5	1.5	1.5	1.5	1.5
298.396288572205	-0.0334854574444083	-1.7237868585959	863909.255359772	4598862.61734459	0	0	0	0	0	1.5	1.5	1.5	1.5	1.5	1.5
298.496792542758	-0.0282081512391172	-1.72688708491112	863909.239885191	4598862.51803911	0	0	0	0	0	1.5	1.5	1.5	1.5	1.5	1.5
298.597296513311	-0.0229308450338261	-1.72945692099889	863909.224129137	4598862.41877789	0	0	0	0	0	1.5	1.5	1.5	1.5	1.5	1.5
298.697800483864	-0.017653538828535	-1.7314963668592	863909.208144362	4598862.31955324	0	0	0	0	0	1.5	1.5	1.5	1.5	1.5	1.5
298.798304454417	-0.0123762326232439	-1.73300542249205	863909.191983561	4598862.2203571	0	0	0	0	0	1.5	1.5	1.5	1.5	1.5	1.5
298.89880842497	-0.00709892641795283	-1.73398408789745	863909.175699386	4598862.12118113	0	0	0	0	0	1.5	1.5	1.5	1.5	1.5	1.5
298.999312395524	-0.00182162021266473	-1.73443236307539	863909.159344455	4598862.0220168	0	0	0	0	0	1.5	1.5	1.5	1.5	1.5	1.5
299.099816366077	0.00345568599262935	-1.73435024802587	863909.142971369	4598861.92285547	0	0	0	0	0	1.5	1.5	1.5	1.5	1.5	1.5
299.20032033663	0.00873299219792044	-1.7337377427489	863909.126632724	4598861.82368845	0	0	0	0	0	1.5	1.5	1.5	1.5	1.5	1.5
299.300824307183	0.0140102984032085	-1.73259484724447	863909.110381125	4598861.72450714	0	0	0	0	0	1.5	1.5	1.5	1.5	1.5	1.5
299.401328277736	0.0192876046084996	-1.73092156151259	863909.0942692	4598861.62530305	0	0	0	0	0	1.5	1.5	1.5	1.5	1.5	1.5
299.501832248289	0.0223243299491919	-1.72876956804626	863909.078348826	4598861.52606805	0	0	0	0	0	1.5	1.5	1.5	1.5	1.5	1.5
299.602336218842	0.0227203865677995	-1.72650598161506	863909.06264986	4598861.42679778	0	0	0	0	0	1.5	1.5	1.5	1.5	1.5	1.5
299.702840189395	0.0231164431864071	-1.72420258992113	863909.047177617	4598861.32749192	0	0	0	0	0	1.5	1.5	1.5	1.5	1.5	1.5
299.803344159948	0.0235124998050148	-1.72185939296447	863909.031936132	4598861.22815039	0	0	0	0	0	1.5	1.5	1.5	1.5	1.5	1.5
299.903848130502	0.0239085564236224	-1.71947639074507	863909.016929443	4598861.12877311	0	0	0	0	0	1.5	1.5	1.5	1.5	1.5	1.5
300.004352101055	0.0243046130422301	-1.71705358326293	863909.002161592	4598861.02936007	0	0	0	0	0	1.5	1.5	1.5	1.5	1.5	1.5
300.104856071608	0.0247006696608377	-1.71459097051806	863908.987636623	4598860.92991124	0	0	0	0	0	1.5	1.5	1.5	1.5	1.5	1.5
300.205360042161	0.0250967262794453	-1.71208855251046	863908.97335858	4598860.83042667	0	0	0	0	0	1.5	1.5	1.5	1.5	1.5	1.5
300.305864012714	0.025492782898053	-1.70954632924012	863908.959331516	4598860.7309064	0	0	0	0	0	1.5	1.5	1.5	1.5	1.5	1.5
300.406367983267	0.0258888395166606	-1.70696430070705	863908.94555948	4598860.63135052	0	0	0	0	0	1.5	1.5	1.5	1.5	1.5	1.5
300.50687195382	0.0262848961352683	-1.70434246691125	863908.932046529	4598860.53175914	0	0	0	0	0	1.5	1.5	1.5	1.5	1.5	1.5
300.607375924373	0.0266809527538759	-1.70168082785271	863908.918796719	4598860.43213242	0	0	0	0	0	1.5	1.5	1.5	1.5	1.5	1.5
300.707879894927	0.0270770093724833	-1.69897938353144	863908.905814109	4598860.33247052	0	0	0	0	0	1.5	1.5	1.5	1.5	1.5	1.5
300.80838386548	0.027473065991091	-1.69623813394744	863908.893102762	4598860.23277366	0	0	0	0	0	1.5	1.5	1.5	1.5	1.5	1.5
300.908887836033	0.0278691226096988	-1.6934570791007	863908.880666741	4598860.13304208	0	0	0	0	0	1.5	1.5	1.5	1.5	1.5	1.5
301.009391806586	0.0273535904557179	-1.69066617852356	863908.868509461	4598860.03327615	0	0	0	0	0	1.5	1.5	1.5	1.5	1.5	1.5
301.109895777139	0.02635579678565	-1.68796717518669	863908.856626401	4598859.93347718	0	0	0	0	0	1.5	1.5	1.5	1.5	1.5	1.5
301.210399747692	0.0253580031155816	-1.68536845407546	863908.845007736	4598859.83364708	0	0	0	0	0	1.5	1.5	1.5	1.5	1.5	1.5
301.310903718245	0.0243602094455142	-1.68287001518986	863908.833643533	4598859.73378769	0	0	0	0	0	1.5	1.5	1.5	1.5	1.5	1.5
301.411407688798	0.0233624157754463	-1.6804718585299	863908.822523849	4598859.63390077	0	0	0	0	0	1.5	1.5	1.5	1.5	1.5	1.5
301.511911659351	0.0223646221053784	-1.67817398409557	863908.811638731	4598859.53398802	0	0	0	0	0	1.5	1.5	1.5	1.5	1.5	1.5
301.612415629905	0.0213668284353105	-1.67597639188688	863908.800978218	4598859.43405105	0	0	0	0	0	1.5	1.5	1.5	1.5	1.5	1.5
301.712919600458	0.0203690347652426	-1.67387908190382	863908.790532338	4598859.33409142	0	0	0	0	0	1.5	1.5	1.5	1.5	1.5	1.5
301.813423571011	0.0193712410951747	-1.6718820541464	863908.780291115	4598859.23411061	0	0	0	0	0	1.5	1.5	1.5	1.5	1.5	1.5
301.913927541564	0.0183734474251068	-1.66998530861461	863908.770244561	4598859.13411005	0	0	0	0	0	1.5	1.5	1.5	1.5	1.5	1.5
302.014431512117	0.0173756537550389	-1.66818884530845	863908.760382687	4598859.03409111	0	0	0	0	0	1.5	1.5	1.5	1.5	1.5	1.5
302.11493548267	0.016377860084971	-1.66649266422793	863908.750695492	4598858.9340551	0	0	0	0	0	1.5	1.5	1.5	1.5	1.5	1.5
302.215439453223	0.0153800664149037	-1.66489676537305	863908.741172973	4598858.83400327	0	0	0	0	0	1.5	1.5	1.5	1.5	1.5	1.5
302.315943423776	0.0143822727448352	-1.66340114874379	863908.731805122	4598858.73393685	0	0	0	0	0	1.5	1.5	1.5	1.5	1.5	1.5
302.41644739433	0.0133844790747673	-1.66200581434018	863908.722581924	4598858.63385698	0	0	0	0	0	1.5	1.5	1.5	1.5	1.5	1.5
302.516951364883	0.00794981950138929	-1.66087496969014	863908.713489325	4598858.53376517	0	0	0	0	0	1.5	1.5	1.5	1.5	1.5	1.5
302.617455335436	0.000927640158821276	-1.660428859718	863908.704476517	4598858.43366613	0	0	0	0	0	1.5	1.5	1.5	1.5	1.5	1.5
302.717959305989	-0.00609453918374277	-1.66068850665173	863908.695473041	4598858.33356625	0	0	0	0	0	1.5	1.5	1.5	1.5	1.5	1.5
302.818463276542	-0.0131167185263028	-1.66165391049132	863908.686408253	4598858.23347191	0	0	0	0	0	1.5	1.5	1.5	1.5	1.5	1.5
302.918967247095	-0.0201388978688669	-1.66332507123677	863908.677211521	4598858.13338962	0	0	0	0	0	1.5	1.5	1.5	1.5	1.5	1.5
303.019471217648	-0.0271610772114349	-1.66570198888809	863908.667812239	4598858.03332615	0	0	0	0	0	1.5	1.5	1.5	1.5	1.5	1.5
303.119975188201	-0.034183256553995	-1.66878466344527	863908.65813984	4598857.93328874	0	0	0	0	0	1.5	1.5	1.5	1.5	1.5	1.5
303.220479158754	-0.041205435896559	-1.67257309490831	863908.648123818	4598857.83328516	0	0	0	0	0	1.5	1.5	1.5	1.5	1.5	1.5
303.320983129308	-0.0482276152391231	-1.67706728327722	863908.63769374	4598857.73332394	0	0	0	0	0	1.5	1.5	1.5	1.5	1.5	1.5
303.421487099861	-0.0552497945816871	-1.68226722855199	863908.62677927	4598857.63341449	0	0	0	0	0	1.5	1.5	1.5	1.5	1.5	1.5
303.521991070414	-0.0622719739242512	-1.68817293073263	863908.615310196	4598857.53356721	0	0	0	0	0	1.5	1.5	1.5	1.5	1.5	1.5
303.622495040967	-0.0692941532668152	-1.69478438981913	863908.603216453	4598857.4337937	0	0	0	0	0	1.5	1.5	1.5	1.5	1.5	1.5
303.72299901152	-0.0763163326093793	-1.70210160581149	863908.590428157	4598857.33410688	0	0	0	0	0	1.5	1.5	1.5	1.5	1.5	1.5
303.823502982073	-0.0833385119519433	-1.71012457870972	863908.576875644	4598857.23452112	0	0	0	0	0	1.5	1.5	1.5	1.5	1.5	1.5
303.924006952626	-0.0903606912945074	-1.71885330851381	863908.562489507	4598857.13505242	0	0	0	0	0	1.5	1.5	1.5	1.5	1.5	1.5
304.024510923179	-0.0788335199867846	-1.72748227032035	863908.547223689	4598857.03571491	0	0	0	0	0	1.5	1.5	1.5	1.5	1.5	1.5
304.125014893733	-0.0643906606975884	-1.73467956973935	863908.531171373	4598856.93650137	0	0	0	0	0	1.5	1.5	1.5	1.5	1.5	1.5
304.225518864286	-0.0499478014084004	-1.74042530445365	863908.514477323	4598856.8373937	0	0	0	0	0	1.5	1.5	1.5	1.5	1.5	1.5
304.326022834839	-0.0355049421192205	-1.74471947446323	863908.497285959	4598856.73837103	0	0	0	0	0	1.5	1.5	1.5	1.5	1.5	1.5
304.426526805392	-0.0210620828300244	-1.74756207976812	863908.479741346	4598856.63941029	0	0	0	0	0	1.5	1.5	1.5	1.5	1.5	1.5
304.527030775945	-0.00661922354083636	-1.74895312036831	863908.461987286	4598856.54048689	0	0	0	0	0	1.5	1.5	1.5	1.5	1.5	1.5
304.627534746498	0.00782363574834348	-1.74889259626379	863908.444167418	4598856.44157531	0	0	0	0	0	1.5	1.5	1.5	1.5	1.5	1.5
304.728038717051	0.0222664950375315	-1.74738050745457	863908.426425333	4598856.34264976	0	0	0	0	0	1.5	1.5	1.5	1.5	1.5	1.5
304.828542687604	0.0367093543267277	-1.74441685394064	863908.408904679	4598856.24368478	0	0	0	0	0	1.5	1.5	1.5	1.5	1.5	1.5
304.929046658157	0.0511522136159075	-1.74000163572202	863908.391749276	4598856.14465587	0	0	0	0	0	1.5	1.5	1.5	1.5	1.5	1.5
305.029550628711	0.0655950729050955	-1.73413485279868	863908.375103216	4598856.04554015	0	0	0	0	0	1.5	1.5	1.5	1.5	1.5	1.5
305.130054599264	0.0800379321942917	-1.72681650517064	863908.359110952	4598855.94631691	0	0	0	0	0	1.5	1.5	1.5	1.5	1.5	1.5
305.230558569817	0.0944807914834716	-1.71804659283791	863908.343917377	4598855.84696834	0	0	0	0	0	1.5	1.5	1.5	1.5	1.5	1.5
305.33106254037	0.10892365077266	-1.70782511580047	863908.329667872	4598855.74748009	0	0	0	0	0	1.5	1.5	1.5	1.5	1.5	1.5
305.431566510923	0.121876409397372	-1.69615575697083	863908.316508335	4598855.64784194	0	0	0	0	0	1.5	1.5	1.5	1.5	1.5	1.5
305.532070481476	0.10602272827826	-1.68470337285981	863908.304526695	4598855.54805528	0	0	0	0	0	1.5	1.5	1.5	1.5	1.5	1.5
305.632574452029	0.0901690471591491	-1.67484434664915	863908.293608996	4598855.44814647	0	0	0	0	0	1.5	1.5	1.5	1.5	1.5	1.5
305.733078422582	0.0743153660400377	-1.66657867833884	863908.28359713	4598855.34814271	0	0	0	0	0	1.5	1.5	1.5	1.5	1.5	1.5
305.833582393136	0.0584616849209264	-1.65990636792889	863908.274332454	4598855.24806685	0	0	0	0	0	1.5	1.5	1.5	1.5	1.5	1.5
305.934086363689	0.042608003801815	-1.65482741541928	863908.265655937	4598855.14793822	0	0	0	0	0	1.5	1.5	1.5	1.5	1.5	1.5
306.034590334242	0.0267543226827037	-1.65134182081004	863908.257408271	4598855.04777328	0	0	0	0	0	1.5	1.5	1.5	1.5	1.5	1.5
306.135094304795	0.0109006415636013	-1.64944958410114	863908.249429967	4598854.9475865	0	0	0	0	0	1.5	1.5	1.5	1.5	1.5	1.5
306.235598275348	-0.00495303955551907	-1.6491507052926	863908.241561427	4598854.84739102	0	0	0	0	0	1.5	1.5	1.5	1.5	1.5	1.5
306.336102245901	-0.0208067206746304	-1.65044518438442	863908.233643012	4598854.74719948	0	0	0	0	0	1.5	1.5	1.5	1.5	1.5	1.5
306.436606216454	-0.0366604017937328	-1.65333302137658	863908.225515099	4598854.64702474	0	0	0	0	0	1.5	1.5	1.5	1.5	1.5	1.5
306.537110187007	-0.0525140829128531	-1.6578142162691	863908.217018152	4598854.54688068	0	0	0	0	0	1.5	1.5	1.5	1.5	1.5	1.5
306.63761415756	-0.0683677640319555	-1.66388876906197	863908.207992784	4598854.44678293	0	0	0	0	0	1.5	1.5	1.5	1.5	1.5	1.5
306.738118128114	-0.0842214451510669	-1.6715566797552	863908.198279848	4598854.34674964	0	0	0	0	0	1.5	1.5	1.5	1.5	1.5	1.5
306.838622098667	-0.100075126270178	-1.68081794834878	863908.187720541	4598854.24680227	0	0	0	0	0	1.5	1.5	1.5	1.5	1.5	1.5
306.93912606922	-0.110225551198732	-1.69161715016147	863908.176156893	4598854.14696625	0	0	0	0	0	1.5	1.5	1.5	1.5	1.5	1.5
307.039630039773	-0.0965878057508106	-1.7020099319299	863908.163513825	4598854.04726114	0	0	0	0	0	1.5	1.5	1.5	1.5	1.5	1.5
307.140134010326	-0.0829500603028889	-1.71103206613141	863908.149903471	4598853.94768334	0	0	0	0	0	1.5	1.5	1.5	1.5	1.5	1.5
307.240637980879	-0.0693123148549671	-1.71868355276602	863908.135463424	4598853.84822237	0	0	0	0	0	1.5	1.5	1.5	1.5	1.5	1.5
307.341141951432	-0.0556745694070453	-1.72496439183372	863908.120330859	4598853.74886433	0	0	0	0	0	1.5	1.5	1.5	1.5	1.5	1.5
307.441645921985	-0.0420368239591235	-1.72987458333451	863908.104642565	4598853.64959246	0	0	0	0	0	1.5	1.5	1.5	1.5	1.5	1.5
307.542149892539	-0.0283990785112018	-1.73341412726839	863908.088534994	4598853.5503877	0	0	0	0	0	1.5	1.5	1.5	1.5	1.5	1.5
307.642653863092	-0.01476133306328	-1.73558302363536	863908.072144331	4598853.45122929	0	0	0	0	0	1.5	1.5	1.5	1.5	1.5	1.5
307.743157833645	-0.00112358761535823	-1.73638127243542	863908.055606575	4598853.35209529	0	0	0	0	0	1.5	1.5	1.5	1.5	1.5	1.5
307.843661804198	0.0125141578325558	-1.73580887366857	863908.039057624	4598853.25296315	0	0	0	0	0	1.5	1.5	1.5	1.5	1.5	1.5
307.944165774751	0.0261519032804776	-1.73386582733482	863908.02263337	4598853.1538103	0	0	0	0	0	1.5	1.5	1.5	1.5	1.5	1.5
308.044669745304	0.0397896487284071	-1.73055213343415	863908.006469787	4598853.05461465	0	0	0	0	0	1.5	1.5	1.5	1.5	1.5	1.5
308.145173715857	0.0534273941763211	-1.72586779196658	863907.990703024	4598852.95535519	0	0	0	0	0	1.5	1.5	1.5	1.5	1.5	1.5
308.24567768641	0.0670651396242429	-1.7198128029321	863907.975469486	4598852.85601257	0	0	0	0	0	1.5	1.5	1.5	1.5	1.5	1.5
308.346181656963	0.0807028850721724	-1.71238716633071	863907.9609059	4598852.75656961	0	0	0	0	0	1.5	1.5	1.5	1.5	1.5	1.5
308.446685627517	0.0859061087092307	-1.70373874587388	863907.947147662	4598852.65701211	0	0	0	0	0	1.5	1.5	1.5	1.5	1.5	1.5
308.54718959807	0.0753662895748425	-1.69563448768979	863907.934238347	4598852.55734094	0	0	0	0	0	1.5	1.5	1.5	1.5	1.5	1.5
308.647693568623	0.0648264704404544	-1.68858952317762	863907.922084357	4598852.45757478	0	0	0	0	0	1.5	1.5	1.5	1.5	1.5	1.5
308.748197539176	0.0542866513060663	-1.68260385233737	863907.910580622	4598852.35773149	0	0	0	0	0	1.5	1.5	1.5	1.5	1.5	1.5
308.848701509729	0.0437468321716782	-1.67767747516904	863907.899621798	4598852.25782688	0	0	0	0	0	1.5	1.5	1.5	1.5	1.5	1.5
308.949205480282	0.0332070130372901	-1.67381039167262	863907.889102328	4598852.15787501	0	0	0	0	0	1.5	1.5	1.5	1.5	1.5	1.5
309.049709450835	0.022667193902902	-1.67100260184812	863907.878916496	4598852.05788856	0	0	0	0	0	1.5	1.5	1.5	1.5	1.5	1.5
309.150213421388	0.0121273747685139	-1.66925410569554	863907.868958471	4598851.95787914	0	0	0	0	0	1.5	1.5	1.5	1.5	1.5	1.5
309.250717391942	0.00158755563412574	-1.66856490321488	863907.85912235	4598851.85785765	0	0	0	0	0	1.5	1.5	1.5	1.5	1.5	1.5
309.351221362495	-0.00895226350025641	-1.66893499440613	863907.849302187	4598851.75783459	0	0	0	0	0	1.5	1.5	1.5	1.5	1.5	1.5
309.451725333048	-0.0194920826346505	-1.67036437926931	863907.839392034	4598851.65782042	0	0	0	0	0	1.5	1.5	1.5	1.5	1.5	1.5
309.552229303601	-0.0300319017690386	-1.6728530578044	863907.829285972	4598851.55782586	0	0	0	0	0	1.5	1.5	1.5	1.5	1.5	1.5
309.652733274154	-0.0405717209034208	-1.6764010300114	863907.818878142	4598851.4578623	0	0	0	0	0	1.5	1.5	1.5	1.5	1.5	1.5
309.753237244707	-0.0511115400378148	-1.68100829589033	863907.808062791	4598851.35794204	0	0	0	0	0	1.5	1.5	1.5	1.5	1.5	1.5
309.85374121526	-0.0616513591722029	-1.68667485544118	863907.796734308	4598851.2580787	0	0	0	0	0	1.5	1.5	1.5	1.5	1.5	1.5
309.954245185813	-0.0618023589664077	-1.69312234236712	863907.784792216	4598851.15828692	0	0	0	0	0	1.5	1.5	1.5	1.5	1.5	1.5
310.054749156366	-0.0528585890886988	-1.69888428264058	863907.772233817	4598851.05857079	0	0	0	0	0	1.5	1.5	1.5	1.5	1.5	1.5
310.15525312692	-0.0439148192109849	-1.70374733852962	863907.759145852	4598850.95892274	0	0	0	0	0	1.5	1.5	1.5	1.5	1.5	1.5
310.255757097473	-0.0349710493332811	-1.70771151003423	863907.745618203	4598850.8593334	0	0	0	0	0	1.5	1.5	1.5	1.5	1.5	1.5
310.356261068026	-0.0260272794555722	-1.71077679715442	863907.731740605	4598850.75979219	0	0	0	0	0	1.5	1.5	1.5	1.5	1.5	1.5
310.456765038579	-0.0170835095778582	-1.71294319989019	863907.717602668	4598850.6602876	0	0	0	0	0	1.5	1.5	1.5	1.5	1.5	1.5
310.557269009132	-0.00813973970015443	-1.71421071824154	863907.703293904	4598850.56080742	0	0	0	0	0	1.5	1.5	1.5	1.5	1.5	1.5
310.657772979685	0.000804030177554454	-1.71457935220846	863907.688903762	4598850.46133898	0	0	0	0	0	1.5	1.5	1.5	1.5	1.5	1.5
310.758276950238	0.00974780005526334	-1.71404910179096	863907.674521658	4598850.36186937	0	0	0	0	0	1.5	1.5	1.5	1.5	1.5	1.5
310.858780920791	0.0186915699329722	-1.71261996698904	863907.660237011	4598850.26238573	0	0	0	0	0	1.5	1.5	1.5	1.5	1.5	1.5
310.959284891345	0.0276353398106811	-1.71029194780269	863907.64613928	4598850.16287544	0	0	0	0	0	1.5	1.5	1.5	1.5	1.5	1.5
311.059788861898	0.03657910968839	-1.70706504423192	863907.632317991	4598850.0633264	0	0	0	0	0	1.5	1.5	1.5	1.5	1.5	1.5
311.160292832451	0.0455228795660988	-1.70293925627673	863907.618862775	4598849.96372725	0	0	0	0	0	1.5	1.5	1.5	1.5	1.5	1.5
311.260796803004	0.0544666494438077	-1.69791458393711	863907.605863392	4598849.86406761	0	0	0	0	0	1.5	1.5	1.5	1.5	1.5	1.5
311.361300773557	0.0634104193215166	-1.69199102721307	863907.593409754	4598849.76433835	0	0	0	0	0	1.5	1.5	1.5	1.5	1.5	1.5
311.46180474411	0.0599583212671965	-1.68558021753604	863907.581582893	4598849.66453285	0	0	0	0	0	1.5	1.5	1.5	1.5	1.5	1.5
311.562308714663	0.0501435709296683	-1.68004737887044	863907.570356446	4598849.56465798	0	0	0	0	0	1.5	1.5	1.5	1.5	1.5	1.5
311.662812685216	0.0403288205921457	-1.67550096158375	863907.559633468	4598849.46472776	0	0	0	0	0	1.5	1.5	1.5	1.5	1.5	1.5
311.763316655769	0.0305140702546286	-1.67194096567597	863907.549315611	4598849.36475487	0	0	0	0	0	1.5	1.5	1.5	1.5	1.5	1.5
311.863820626323	0.0206993199171005	-1.66936739114709	863907.539304394	4598849.26475078	0	0	0	0	0	1.5	1.5	1.5	1.5	1.5	1.5
311.964324596876	0.0108845695795779	-1.66778023799713	863907.529501243	4598849.16472606	0	0	0	0	0	1.5	1.5	1.5	1.5	1.5	1.5
312.064828567429	0.00106981924206082	-1.66717950622608	863907.519807517	4598849.06469067	0	0	0	0	0	1.5	1.5	1.5	1.5	1.5	1.5
312.165332537982	-0.00874493109546179	-1.66756519583393	863907.510124548	4598848.96465424	0	0	0	0	0	1.5	1.5	1.5	1.5	1.5	1.5
312.265836508535	-0.01855968143299	-1.66893730682069	863907.500353661	4598848.86462636	0	0	0	0	0	1.5	1.5	1.5	1.5	1.5	1.5
312.366340479088	-0.028374431770507	-1.67129583918636	863907.490396208	4598848.7646169	0	0	0	0	0	1.5	1.5	1.5	1.5	1.5	1.5
312.466844449641	-0.0381891821080296	-1.67464079293094	863907.480153598	4598848.66463626	0	0	0	0	0	1.5	1.5	1.5	1.5	1.5	1.5
312.567348420194	-0.0480039324455522	-1.67897216805443	863907.469527325	4598848.56469571	0	0	0	0	0	1.5	1.5	1.5	1.5	1.5	1.5
312.667852390747	-0.0578186827830748	-1.68428996455682	863907.45841901	4598848.46480762	0	0	0	0	0	1.5	1.5	1.5	1.5	1.5	1.5
312.768356361301	-0.0676334331205974	-1.69059418243813	863907.446730441	4598848.36498582	0	0	0	0	0	1.5	1.5	1.5	1.5	1.5	1.5
312.868860331854	-0.07744818345812	-1.69788482169834	863907.434363623	4598848.26524583	0	0	0	0	0	1.5	1.5	1.5	1.5	1.5	1.5
312.969364302407	-0.0724336337469376	-1.70557012715134	863907.421236437	4598848.16560309	0	0	0	0	0	1.5	1.5	1.5	1.5	1.5	1.5
313.06986827296	-0.0635737347204697	-1.71240476742907	863907.407384484	4598848.06605847	0	0	0	0	0	1.5	1.5	1.5	1.5	1.5	1.5
313.170372243513	-0.0547138356940019	-1.71834895267594	863907.392896779	4598847.96660434	0	0	0	0	0	1.5	1.5	1.5	1.5	1.5	1.5
313.270876214066	-0.045853936667539	-1.72340268289194	863907.377862396	4598847.86723133	0	0	0	0	0	1.5	1.5	1.5	1.5	1.5	1.5
313.371380184619	-0.0369940376410661	-1.72756595807709	863907.362370208	4598847.76792864	0	0	0	0	0	1.5	1.5	1.5	1.5	1.5	1.5
313.471884155172	-0.0281341386145982	-1.73083877823138	863907.346508912	4598847.6686842	0	0	0	0	0	1.5	1.5	1.5	1.5	1.5	1.5
313.572388125726	-0.0192742395881354	-1.73322114335481	863907.330367053	4598847.56948499	0	0	0	0	0	1.5	1.5	1.5	1.5	1.5	1.5
313.672892096279	-0.0104143405616625	-1.73471305344738	863907.31403306	4598847.47031721	0	0	0	0	0	1.5	1.5	1.5	1.5	1.5	1.5
313.773396066832	-0.00155444153519961	-1.73531450850909	863907.297595277	4598847.37116659	0	0	0	0	0	1.5	1.5	1.5	1.5	1.5	1.5
313.873900037385	0.00730545749126826	-1.73502550853994	863907.281142004	4598847.27201853	0	0	0	0	0	1.5	1.5	1.5	1.5	1.5	1.5
313.974404007938	0.0161653565177361	-1.73384605353993	863907.264761534	4598847.17285842	0	0	0	0	0	1.5	1.5	1.5	1.5	1.5	1.5
314.074907978491	0.025025255544204	-1.73177614350906	863907.248542191	4598847.07367184	0	0	0	0	0	1.5	1.5	1.5	1.5	1.5	1.5
314.175411949044	0.0338851545706719	-1.72881577844733	863907.232572369	4598846.9744448	0	0	0	0	0	1.5	1.5	1.5	1.5	1.5	1.5
314.275915919597	0.0427450535971398	-1.72496495835474	863907.216940571	4598846.87516397	0	0	0	0	0	1.5	1.5	1.5	1.5	1.5	1.5
314.37641989015	0.0516049526236076	-1.72022368323129	863907.201735435	4598846.77581694	0	0	0	0	0	1.5	1.5	1.5	1.5	1.5	1.5
314.476923860704	0.0454775361869742	-1.7153061610635	863907.187023321	4598846.67639571	0	0	0	0	0	1.5	1.5	1.5	1.5	1.5	1.5
314.577427831257	0.0385331004944198	-1.71108445978591	863907.172765773	4598846.57690824	0	0	0	0	0	1.5	1.5	1.5	1.5	1.5	1.5
314.67793180181	0.0315886648018655	-1.70756070186867	863907.158893616	4598846.47736629	0	0	0	0	0	1.5	1.5	1.5	1.5	1.5	1.5
314.778435772363	0.0246442291093112	-1.70473488731179	863907.14533755	4598846.37778077	0	0	0	0	0	1.5	1.5	1.5	1.5	1.5	1.5
314.878939742916	0.0176997934167569	-1.70260701611526	863907.132028182	4598846.27816198	0	0	0	0	0	1.5	1.5	1.5	1.5	1.5	1.5
314.979443713469	0.0107553577242065	-1.70117708827908	863907.118896044	4598846.17851965	0	0	0	0	0	1.5	1.5	1.5	1.5	1.5	1.5
315.079947684022	0.00381092203164821	-1.70044510380326	863907.105871623	4598846.07886318	0	0	0	0	0	1.5	1.5	1.5	1.5	1.5	1.5
315.180451654575	-0.00313351366090612	-1.70041106268778	863907.092885372	4598845.97920173	0	0	0	0	0	1.5	1.5	1.5	1.5	1.5	1.5
315.280955625129	-0.0100779493534565	-1.70107496493266	863907.079867735	4598845.87954437	0	0	0	0	0	1.5	1.5	1.5	1.5	1.5	1.5
315.381459595682	-0.0170223850460108	-1.7024368105379	863907.066749166	4598845.77990025	0	0	0	0	0	1.5	1.5	1.5	1.5	1.5	1.5
315.481963566235	-0.0239668207385691	-1.70449659950348	863907.053460144	4598845.68027874	0	0	0	0	0	1.5	1.5	1.5	1.5	1.5	1.5
315.582467536788	-0.0309112564311195	-1.70725433182942	863907.039931199	4598845.58068953	0	0	0	0	0	1.5	1.5	1.5	1.5	1.5	1.5
315.682971507341	-0.0378556921236738	-1.71071000751571	863907.026092927	4598845.48114286	0	0	0	0	0	1.5	1.5	1.5	1.5	1.5	1.5
315.783475477894	-0.0448001278162321	-1.71486362656235	863907.01187602	4598845.38164958	0	0	0	0	0	1.5	1.5	1.5	1.5	1.5	1.5
315.883979448447	-0.0510616358663604	-1.71971357915529	863906.997211287	4598845.28222134	0	0	0	0	0	1.5	1.5	1.5	1.5	1.5	1.5
315.984483419	-0.0434472275109038	-1.72446283716623	863906.982057471	4598845.18286647	0	0	0	0	0	1.5	1.5	1.5	1.5	1.5	1.5
316.084987389553	-0.0358328191554472	-1.72844681690403	863906.966469952	4598845.08357869	0	0	0	0	0	1.5	1.5	1.5	1.5	1.5	1.5
316.185491360107	-0.0282184107999906	-1.7316655183687	863906.950524961	4598844.98434766	0	0	0	0	0	1.5	1.5	1.5	1.5	1.5	1.5
316.28599533066	-0.0206040024445339	-1.73411894156023	863906.934298606	4598844.88516224	0	0	0	0	0	1.5	1.5	1.5	1.5	1.5	1.5
316.386499301213	-0.0129895940890773	-1.73580708647862	863906.917866893	4598844.78601061	0	0	0	0	0	1.5	1.5	1.5	1.5	1.5	1.5
316.487003271766	-0.0053751857336207	-1.73672995312388	863906.90130575	4598844.68688052	0	0	0	0	0	1.5	1.5	1.5	1.5	1.5	1.5
316.587507242319	0.00223922262183593	-1.736887541496	863906.884691055	4598844.58775938	0	0	0	0	0	1.5	1.5	1.5	1.5	1.5	1.5
316.688011212872	0.00985363097729255	-1.73627985159499	863906.868098669	4598844.4886345	0	0	0	0	0	1.5	1.5	1.5	1.5	1.5	1.5
316.788515183425	0.0174680393327449	-1.73490688342084	863906.851604457	4598844.38949325	0	0	0	0	0	1.5	1.5	1.5	1.5	1.5	1.5
316.889019153978	0.0250824476882058	-1.73276863697355	863906.835284326	4598844.29032321	0	0	0	0	0	1.5	1.5	1.5	1.5	1.5	1.5
316.989523124532	0.0326968560436624	-1.72986511225313	863906.819214246	4598844.19111236	0	0	0	0	0	1.5	1.5	1.5	1.5	1.5	1.5
317.090027095085	0.0403112643991147	-1.72619630925957	863906.803470278	4598844.09184925	0	0	0	0	0	1.5	1.5	1.5	1.5	1.5	1.5
317.190531065638	0.0479256727545714	-1.72176222799287	863906.788128601	4598843.9925232	0	0	0	0	0	1.5	1.5	1.5	1.5	1.5	1.5
317.291035036191	0.0555400811100323	-1.71656286845304	863906.77326553	4598843.89312443	0	0	0	0	0	1.5	1.5	1.5	1.5	1.5	1.5
317.391539006744	0.060577172840969	-1.71061910527107	863906.758957426	4598843.7936443	0	0	0	0	0	1.5	1.5	1.5	1.5	1.5	1.5
317.492042977297	0.0522007894679407	-1.7049517887696	863906.7452395	4598843.69408106	0	0	0	0	0	1.5	1.5	1.5	1.5	1.5	1.5
317.59254694785	0.0438244060949077	-1.700126332056	863906.732044103	4598843.59444718	0	0	0	0	0	1.5	1.5	1.5	1.5	1.5	1.5
317.693050918403	0.0354480227218841	-1.69614273513026	863906.719287668	4598843.49475612	0	0	0	0	0	1.5	1.5	1.5	1.5	1.5	1.5
317.793554888956	0.0270716393488558	-1.69300099799239	863906.706886477	4598843.39502021	0	0	0	0	0	1.5	1.5	1.5	1.5	1.5	1.5
317.89405885951	0.0186952559758275	-1.69070112064238	863906.694756691	4598843.29525092	0	0	0	0	0	1.5	1.5	1.5	1.5	1.5	1.5
317.994562830063	0.0103188726027992	-1.68924310308023	863906.682814386	4598843.195459	0	0	0	0	0	1.5	1.5	1.5	1.5	1.5	1.5
318.095066800616	0.00194248922977088	-1.68862694530595	863906.670975579	4598843.09565474	0	0	0	0	0	1.5	1.5	1.5	1.5	1.5	1.5
318.195570771169	-0.00643389414325742	-1.68885264731953	863906.659156257	4598842.99584817	0	0	0	0	0	1.5	1.5	1.5	1.5	1.5	1.5
318.296074741722	-0.0148102775162857	-1.68992020912098	863906.6472724	4598842.89604926	0	0	0	0	0	1.5	1.5	1.5	1.5	1.5	1.5
318.396578712275	-0.023186660889314	-1.69182963071029	863906.635240008	4598842.79626817	0	0	0	0	0	1.5	1.5	1.5	1.5	1.5	1.5
318.497082682828	-0.0315630442623423	-1.69458091208747	863906.622975126	4598842.6965154	0	0	0	0	0	1.5	1.5	1.5	1.5	1.5	1.5
318.597586653381	-0.0399394276353659	-1.69817405325251	863906.610393871	4598842.59680207	0	0	0	0	0	1.5	1.5	1.5	1.5	1.5	1.5
318.698090623935	-0.048315811008399	-1.70260905420542	863906.597412467	4598842.49714007	0	0	0	0	0	1.5	1.5	1.5	1.5	1.5	1.5
318.798594594488	-0.0566921943814273	-1.70788591494619	863906.58394727	4598842.39754231	0	0	0	0	0	1.5	1.5	1.5	1.5	1.5	1.5
318.899098565041	-0.0601114921441285	-1.71392533390013	863906.569915651	4598842.29802281	0	0	0	0	0	1.5	1.5	1.5	1.5	1.5	1.5
318.999602535594	-0.052916597768341	-1.71960521981025	863906.555291261	4598842.19858867	0	0	0	0	0	1.5	1.5	1.5	1.5	1.5	1.5
319.100106506147	-0.0457217033925575	-1.72456199026789	863906.540138252	4598842.09923368	0	0	0	0	0	1.5	1.5	1.5	1.5	1.5	1.5
319.2006104767	-0.0385268090167782	-1.72879564527306	863906.524528844	4598841.99994935	0	0	0	0	0	1.5	1.5	1.5	1.5	1.5	1.5
319.301114447253	-0.0313319146409947	-1.73230618482575	863906.508535111	4598841.90072617	0	0	0	0	0	1.5	1.5	1.5	1.5	1.5	1.5
319.401618417806	-0.0241370202652072	-1.73509360892596	863906.492229002	4598841.80155384	0	0	0	0	0	1.5	1.5	1.5	1.5	1.5	1.5
319.502122388359	-0.0169421258894278	-1.7371579175737	863906.475682361	4598841.70242133	0	0	0	0	0	1.5	1.5	1.5	1.5	1.5	1.5
319.602626358913	-0.00974723151364432	-1.73849911076896	863906.458966944	4598841.60331714	0	0	0	0	0	1.5	1.5	1.5	1.5	1.5	1.5
319.703130329466	-0.00255233713786087	-1.73911718851174	863906.442154448	4598841.50422936	0	0	0	0	0	1.5	1.5	1.5	1.5	1.5	1.5
319.803634300019	0.00464255723792259	-1.73901215080205	863906.425316535	4598841.4051459	0	0	0	0	0	1.5	1.5	1.5	1.5	1.5	1.5
319.904138270572	0.011837451613706	-1.73818399763988	863906.408524855	4598841.30605459	0	0	0	0	0	1.5	1.5	1.5	1.5	1.5	1.5
320.004642241125	0.0190323459894895	-1.73663272902523	863906.391851079	4598841.20694338	0	0	0	0	0	1.5	1.5	1.5	1.5	1.5	1.5
320.105146211678	0.0262272403652729	-1.73435834495811	863906.375366918	4598841.10780048	0	0	0	0	0	1.5	1.5	1.5	1.5	1.5	1.5
320.205650182231	0.0334221347410564	-1.73136084543851	863906.359144151	4598841.00861448	0	0	0	0	0	1.5	1.5	1.5	1.5	1.5	1.5
320.306154152784	0.0406170291168399	-1.72764023046643	863906.343254649	4598840.90937457	0	0	0	0	0	1.5	1.5	1.5	1.5	1.5	1.5
320.406658123338	0.0395776188222387	-1.72340773301099	863906.327766827	4598840.81007119	0	0	0	0	0	1.5	1.5	1.5	1.5	1.5	1.5
320.507162093891	0.0306421040234976	-1.71987905253242	863906.312670973	4598840.71070745	0	0	0	0	0	1.5	1.5	1.5	1.5	1.5	1.5
320.607666064444	0.0217065892247565	-1.71724842677006	863906.297881193	4598840.61129767	0	0	0	0	0	1.5	1.5	1.5	1.5	1.5	1.5
320.708170034997	0.0127710744260204	-1.71551585572391	863906.283308317	4598840.51185584	0	0	0	0	0	1.5	1.5	1.5	1.5	1.5	1.5
320.80867400555	0.00383555962727424	-1.71468133939397	863906.268863091	4598840.41239539	0	0	0	0	0	1.5	1.5	1.5	1.5	1.5	1.5
320.909177976103	-0.00509995517146183	-1.71474487778024	863906.254456205	4598840.31292936	0	0	0	0	0	1.5	1.5	1.5	1.5	1.5	1.5
321.009681946656	-0.014035469970203	-1.71570647088272	863906.239998339	4598840.21347074	0	0	0	0	0	1.5	1.5	1.5	1.5	1.5	1.5
321.110185917209	-0.0229709847689441	-1.71756611870141	863906.225400191	4598840.11403262	0	0	0	0	0	1.5	1.5	1.5	1.5	1.5	1.5
321.210689887762	-0.0319064995676852	-1.72032382123631	863906.210572514	4598840.01462849	0	0	0	0	0	1.5	1.5	1.5	1.5	1.5	1.5
321.311193858316	-0.0408420143664263	-1.72397957848742	863906.195426156	4598839.91527244	0	0	0	0	0	1.5	1.5	1.5	1.5	1.5	1.5
321.411697828869	-0.0497775291651675	-1.72853339045474	863906.179872096	4598839.81597943	0	0	0	0	0	1.5	1.5	1.5	1.5	1.5	1.5
321.512201799422	-0.0587130439639086	-1.73398525713827	863906.163821491	4598839.71676551	0	0	0	0	0	1.5	1.5	1.5	1.5	1.5	1.5
321.612705769975	-0.0676485587626497	-1.740335178538	863906.147185726	4598839.61764808	0	0	0	0	0	1.5	1.5	1.5	1.5	1.5	1.5
321.713209740528	-0.0765840735613908	-1.74758315465395	863906.129876465	4598839.51864609	0	0	0	0	0	1.5	1.5	1.5	1.5	1.5	1.5
321.813713711081	-0.085519588360132	-1.75572918548611	863906.111805716	4598839.41978033	0	0	0	0	0	1.5	1.5	1.5	1.5	1.5	1.5
321.914217681634	-0.0874012393460116	-1.7645193349427	863906.092891882	4598839.32107242	0	0	0	0	0	1.5	1.5	1.5	1.5	1.5	1.5
322.014721652187	-0.0864902303712108	-1.77325772651865	863906.073112092	4598839.22253439	0	0	0	0	0	1.5	1.5	1.5	1.5	1.5	1.5
322.115225622741	-0.08557922139641	-1.78190455807542	863906.052476506	4598839.12417201	0	0	0	0	0	1.5	1.5	1.5	1.5	1.5	1.5
322.215729593294	-0.0846682124216091	-1.79045982961302	863906.030995672	4598839.02599075	0	0	0	0	0	1.5	1.5	1.5	1.5	1.5	1.5
322.316233563847	-0.0837572034468083	-1.79892354113144	863906.008680152	4598838.92799583	0	0	0	0	0	1.5	1.5	1.5	1.5	1.5	1.5
322.4167375344	-0.0828461944720079	-1.80729569263067	863905.985540516	4598838.83019221	0	0	0	0	0	1.5	1.5	1.5	1.5	1.5	1.5
322.517241504953	-0.0819351854972071	-1.81557628411074	863905.961587341	4598838.73258465	0	0	0	0	0	1.5	1.5	1.5	1.5	1.5	1.5
322.617745475506	-0.0810241765224057	-1.82376531557163	863905.936831205	4598838.63517765	0	0	0	0	0	1.5	1.5	1.5	1.5	1.5	1.5
322.718249446059	-0.0801131675476054	-1.83186278701334	863905.911282688	4598838.53797545	0	0	0	0	0	1.5	1.5	1.5	1.5	1.5	1.5
322.818753416612	-0.0792021585728045	-1.83986869843587	863905.884952364	4598838.44098211	0	0	0	0	0	1.5	1.5	1.5	1.5	1.5	1.5
322.919257387165	-0.0782911495980032	-1.84778304983923	863905.857850801	4598838.34420143	0	0	0	0	0	1.5	1.5	1.5	1.5	1.5	1.5
323.019761357719	-0.0773801406232029	-1.8556058412234	863905.829988557	4598838.24763698	0	0	0	0	0	1.5	1.5	1.5	1.5	1.5	1.5
323.120265328272	-0.076469131648402	-1.86333707258841	863905.801376179	4598838.15129214	0	0	0	0	0	1.5	1.5	1.5	1.5	1.5	1.5
323.220769298825	-0.0755581226736012	-1.87097674393423	863905.772024198	4598838.05517003	0	0	0	0	0	1.5	1.5	1.5	1.5	1.5	1.5
323.321273269378	-0.0746471136988003	-1.87852485526088	863905.741943128	4598837.95927357	0	0	0	0	0	1.5	1.5	1.5	1.5	1.5	1.5
323.421777239931	-0.0804595138694156	-1.88629566248414	863905.711134147	4598837.86360851	0	0	0	0	0	1.5	1.5	1.5	1.5	1.5	1.5
323.522281210484	-0.0867770158413888	-1.89469963011287	863905.679552596	4598837.76819576	0	0	0	0	0	1.5	1.5	1.5	1.5	1.5	1.5
323.622785181037	-0.0930945178133619	-1.90373853177376	863905.647140136	4598837.6730621	0	0	0	0	0	1.5	1.5	1.5	1.5	1.5	1.5
323.72328915159	-0.0994120197853351	-1.91341236746681	863905.613839018	4598837.57823592	0	0	0	0	0	1.5	1.5	1.5	1.5	1.5	1.5
323.823793122144	-0.105729521757308	-1.92372113719202	863905.579592159	4598837.48374724	0	0	0	0	0	1.5	1.5	1.5	1.5	1.5	1.5
323.924297092697	-0.112047023729278	-1.93466484094939	863905.544343214	4598837.38962785	0	0	0	0	0	1.5	1.5	1.5	1.5	1.5	1.5
324.02480106325	-0.118364525701255	-1.94624347873893	863905.508036652	4598837.29591142	0	0	0	0	0	1.5	1.5	1.5	1.5	1.5	1.5
324.125305033803	-0.124682027673228	-1.95845705056062	863905.470617849	4598837.20263358	0	0	0	0	0	1.5	1.5	1.5	1.5	1.5	1.5
324.225809004356	-0.130999529645197	-1.97130555641447	863905.432033172	4598837.10983201	0	0	0	0	0	1.5	1.5	1.5	1.5	1.5	1.5
324.326312974909	-0.137317031617174	-1.98478899630049	863905.39223008	4598837.01754653	0	0	0	0	0	1.5	1.5	1.5	1.5	1.5	1.5
324.426816945462	-0.143634533589147	-1.99890737021866	863905.351157224	4598836.92581922	0	0	0	0	0	1.5	1.5	1.5	1.5	1.5	1.5
324.527320916015	-0.149952035561117	-2.01366067816899	863905.308764566	4598836.83469443	0	0	0	0	0	1.5	1.5	1.5	1.5	1.5	1.5
324.627824886568	-0.15626953753309	-2.02904892015149	863905.265003488	4598836.74421892	0	0	0	0	0	1.5	1.5	1.5	1.5	1.5	1.5
324.728328857122	-0.162587039505067	-2.04507209616615	863905.219826921	4598836.65444192	0	0	0	0	0	1.5	1.5	1.5	1.5	1.5	1.5
324.828832827675	-0.168586582807936	-2.06172933570411	863905.173189478	4598836.56541517	0	0	0	0	0	1.5	1.5	1.5	1.5	1.5	1.5
324.929336798228	-0.169068002904763	-2.07869714897391	863905.125057677	4598836.47718742	0	0	0	0	0	1.5	1.5	1.5	1.5	1.5	1.5
325.029840768781	-0.16954942300159	-2.09571334687495	863905.075433734	4598836.38979023	0	0	0	0	0	1.5	1.5	1.5	1.5	1.5	1.5
325.130344739334	-0.170030843098416	-2.11277792940721	863905.024327789	4598836.3032513	0	0	0	0	0	1.5	1.5	1.5	1.5	1.5	1.5
325.230848709887	-0.170512263195243	-2.12989089657071	863904.971750537	4598836.21759832	0	0	0	0	0	1.5	1.5	1.5	1.5	1.5	1.5
325.33135268044	-0.170993683292069	-2.14705224836545	863904.917713233	4598836.13285889	0	0	0	0	0	1.5	1.5	1.5	1.5	1.5	1.5
325.431856650993	-0.171475103388896	-2.16426198479143	863904.86222769	4598836.0490606	0	0	0	0	0	1.5	1.5	1.5	1.5	1.5	1.5
325.532360621547	-0.171956523485722	-2.18152010584863	863904.805306289	4598835.96623095	0	0	0	0	0	1.5	1.5	1.5	1.5	1.5	1.5
325.6328645921	-0.172437943582549	-2.19882661153708	863904.746961975	4598835.88439736	0	0	0	0	0	1.5	1.5	1.5	1.5	1.5	1.5
325.733368562653	-0.172919363679375	-2.21618150185675	863904.687208265	4598835.80358716	0	0	0	0	0	1.5	1.5	1.5	1.5	1.5	1.5
325.833872533206	-0.173400783776202	-2.23358477680767	863904.626059246	4598835.72382758	0	0	0	0	0	1.5	1.5	1.5	1.5	1.5	1.5
325.934376503759	-0.173882203873029	-2.25103643638982	863904.56352958	4598835.64514573	0	0	0	0	0	1.5	1.5	1.5	1.5	1.5	1.5
326.034880474312	-0.174363623969855	-2.26853648060319	863904.499634505	4598835.56756861	0	0	0	0	0	1.5	1.5	1.5	1.5	1.5	1.5
326.135384444865	-0.174845044066682	-2.28608490944782	863904.434389835	4598835.49112306	0	0	0	0	0	1.5	1.5	1.5	1.5	1.5	1.5
326.235888415418	-0.175326464163509	-2.30368172292368	863904.367811964	4598835.41583578	0	0	0	0	0	1.5	1.5	1.5	1.5	1.5	1.5
326.336392385971	-0.174230170291272	-2.32130618495799	863904.299917997	4598835.34173318	0	0	0	0	0	1.5	1.5	1.5	1.5	1.5	1.5
326.436896356525	-0.168679285869667	-2.33853806590018	863904.230739834	4598835.2688279	0	0	0	0	0	1.5	1.5	1.5	1.5	1.5	1.5
326.537400327078	-0.163128401448059	-2.35521206091793	863904.160335656	4598835.19710576	0	0	0	0	0	1.5	1.5	1.5	1.5	1.5	1.5
326.637904297631	-0.157577517026456	-2.37132817001121	863904.088765051	4598835.12654743	0	0	0	0	0	1.5	1.5	1.5	1.5	1.5	1.5
326.738408268184	-0.152026632604851	-2.38688639318004	863904.01608597	4598835.05713132	0	0	0	0	0	1.5	1.5	1.5	1.5	1.5	1.5
326.838912238737	-0.146475748183246	-2.40188673042442	863903.942354733	4598834.98883371	0	0	0	0	0	1.5	1.5	1.5	1.5	1.5	1.5
326.93941620929	-0.140924863761641	-2.41632918174435	863903.867626035	4598834.92162885	0	0	0	0	0	1.5	1.5	1.5	1.5	1.5	1.5
327.039920179843	-0.135373979340035	-2.43021374713983	863903.791952957	4598834.85548906	0	0	0	0	0	1.5	1.5	1.5	1.5	1.5	1.5
327.140424150396	-0.12982309491843	-2.44354042661085	863903.71538699	4598834.7903849	0	0	0	0	0	1.5	1.5	1.5	1.5	1.5	1.5
327.240928120949	-0.124272210496825	-2.45630922015742	863903.637978056	4598834.72628523	0	0	0	0	0	1.5	1.5	1.5	1.5	1.5	1.5
327.341432091503	-0.118721326075219	-2.46852012777954	863903.559774539	4598834.66315733	0	0	0	0	0	1.5	1.5	1.5	1.5	1.5	1.5
327.441936062056	-0.113170441653614	-2.4801731494772	863903.480823323	4598834.60096698	0	0	0	0	0	1.5	1.5	1.5	1.5	1.5	1.5
327.542440032609	-0.107619557232009	-2.49126828525042	863903.401169829	4598834.5396786	0	0	0	0	0	1.5	1.5	1.5	1.5	1.5	1.5
327.642944003162	-0.102068672810403	-2.50180553509917	863903.32085806	4598834.47925531	0	0	0	0	0	1.5	1.5	1.5	1.5	1.5	1.5
327.743447973715	-0.0965177883887981	-2.51178489902348	863903.239930649	4598834.41965901	0	0	0	0	0	1.5	1.5	1.5	1.5	1.5	1.5
327.843951944268	-0.093257147320326	-2.52124612784348	863903.15842864	4598834.36085089	0	0	0	0	0	1.5	1.5	1.5	1.5	1.5	1.5
327.944455914821	-0.0943371310583266	-2.53067311275854	863903.076377219	4598834.30281178	0	0	0	0	0	1.5	1.5	1.5	1.5	1.5	1.5
328.044959885374	-0.095417114796326	-2.54020864032739	863902.993779217	4598834.24555323	0	0	0	0	0	1.5	1.5	1.5	1.5	1.5	1.5
328.145463855928	-0.0964970985343261	-2.54985271055004	863902.91063593	4598834.18908941	0	0	0	0	0	1.5	1.5	1.5	1.5	1.5	1.5
328.245967826481	-0.0975770822723267	-2.5596053234265	863902.826948964	4598834.13343458	0	0	0	0	0	1.5	1.5	1.5	1.5	1.5	1.5
328.346471797034	-0.0986570660103261	-2.56946647895676	863902.742720238	4598834.07860313	0	0	0	0	0	1.5	1.5	1.5	1.5	1.5	1.5
328.446975767587	-0.0997370497483262	-2.57943617714082	863902.657951992	4598834.02460953	0	0	0	0	0	1.5	1.5	1.5	1.5	1.5	1.5
328.54747973814	-0.100817033486326	-2.58951441797868	863902.572646791	4598833.97146835	0	0	0	0	0	1.5	1.5	1.5	1.5	1.5	1.5
328.647983708693	-0.101897017224326	-2.59970120147034	863902.486807533	4598833.91919424	0	0	0	0	0	1.5	1.5	1.5	1.5	1.5	1.5
328.748487679246	-0.102977000962326	-2.60999652761581	863902.400437451	4598833.86780194	0	0	0	0	0	1.5	1.5	1.5	1.5	1.5	1.5
328.848991649799	-0.104056984700326	-2.62040039641508	863902.313540124	4598833.81730629	0	0	0	0	0	1.5	1.5	1.5	1.5	1.5	1.5
328.949495620352	-0.105136968438326	-2.63091280786814	863902.226119475	4598833.76772216	0	0	0	0	0	1.5	1.5	1.5	1.5	1.5	1.5
329.049999590906	-0.106216952176326	-2.64153376197501	863902.138179785	4598833.71906454	0	0	0	0	0	1.5	1.5	1.5	1.5	1.5	1.5
329.150503561459	-0.107296935914326	-2.65226325873569	863902.049725693	4598833.67134846	0	0	0	0	0	1.5	1.5	1.5	1.5	1.5	1.5
329.251007532012	-0.108376919652326	-2.66310129815016	863901.960762204	4598833.624589	0	0	0	0	0	1.5	1.5	1.5	1.5	1.5	1.5
329.351511502565	-0.107721097613778	-2.6740037629052	863901.871295031	4598833.57880065	0	0	0	0	0	1.5	1.5	1.5	1.5	1.5	1.5
329.452015473118	-0.105369088088971	-2.68471196777972	863901.781337682	4598833.53398294	0	0	0	0	0	1.5	1.5	1.5	1.5	1.5	1.5
329.552519443671	-0.103017078564164	-2.6951837863582	863901.690910747	4598833.49012037	0	0	0	0	0	1.5	1.5	1.5	1.5	1.5	1.5
329.653023414224	-0.100665069039355	-2.70541921864068	863901.600034512	4598833.44719637	0	0	0	0	0	1.5	1.5	1.5	1.5	1.5	1.5
329.753527384777	-0.0983130595145477	-2.71541826462713	863901.508728644	4598833.40519396	0	0	0	0	0	1.5	1.5	1.5	1.5	1.5	1.5
329.854031355331	-0.0959610499897414	-2.72518092431755	863901.417012203	4598833.36409576	0	0	0	0	0	1.5	1.5	1.5	1.5	1.5	1.5
329.954535325884	-0.0936090404649337	-2.73470719771195	863901.324903646	4598833.323884	0	0	0	0	0	1.5	1.5	1.5	1.5	1.5	1.5
330.055039296437	-0.0912570309401247	-2.74399708481034	863901.232420838	4598833.28454057	0	0	0	0	0	1.5	1.5	1.5	1.5	1.5	1.5
330.15554326699	-0.0889050214153184	-2.75305058561269	863901.139581062	4598833.246047	0	0	0	0	0	1.5	1.5	1.5	1.5	1.5	1.5
330.256047237543	-0.0865530118905107	-2.76186770011903	863901.046401029	4598833.20838449	0	0	0	0	0	1.5	1.5	1.5	1.5	1.5	1.5
330.356551208096	-0.084201002365703	-2.77044842832935	863900.952896886	4598833.17153397	0	0	0	0	0	1.5	1.5	1.5	1.5	1.5	1.5
330.457055178649	-0.0818489928408953	-2.77879277024365	863900.859084231	4598833.13547602	0	0	0	0	0	1.5	1.5	1.5	1.5	1.5	1.5
330.557559149202	-0.0794969833160877	-2.78690072586192	863900.764978119	4598833.10019101	0	0	0	0	0	1.5	1.5	1.5	1.5	1.5	1.5
330.658063119755	-0.07714497379128	-2.79477229518417	863900.670593081	4598833.06565898	0	0	0	0	0	1.5	1.5	1.5	1.5	1.5	1.5
330.758567090309	-0.0747929642664723	-2.8024074782104	863900.575943128	4598833.03185979	0	0	0	0	0	1.5	1.5	1.5	1.5	1.5	1.5
330.859071060862	-0.0697386889673589	-2.80972712624673	863900.481042274	4598832.99877156	0	0	0	0	0	1.5	1.5	1.5	1.5	1.5	1.5
330.959575031415	-0.0627504428248251	-2.81638496814685	863900.385911983	4598832.96634876	0	0	0	0	0	1.5	1.5	1.5	1.5	1.5	1.5
331.060079001968	-0.0557621966822953	-2.82234046356245	863900.29057907	4598832.93452653	0	0	0	0	0	1.5	1.5	1.5	1.5	1.5	1.5
331.160582972521	-0.0487739505397576	-2.82759361249352	863900.195069281	4598832.90323907	0	0	0	0	0	1.5	1.5	1.5	1.5	1.5	1.5
331.261086943074	-0.0417857043972238	-2.83214441494007	863900.099407243	4598832.87242017	0	0	0	0	0	1.5	1.5	1.5	1.5	1.5	1.5
331.361590913627	-0.034797458254694	-2.83599287090208	863900.003616597	4598832.84200327	0	0	0	0	0	1.5	1.5	1.5	1.5	1.5	1.5
331.46209488418	-0.0278092121121563	-2.83913898037957	863899.907720141	4598832.81192155	0	0	0	0	0	1.5	1.5	1.5	1.5	1.5	1.5
331.562598854734	-0.0208209659696225	-2.84158274337253	863899.811739968	4598832.78210797	0	0	0	0	0	1.5	1.5	1.5	1.5	1.5	1.5
331.663102825287	-0.0138327198270927	-2.84332415988097	863899.715697606	4598832.75249531	0	0	0	0	0	1.5	1.5	1.5	1.5	1.5	1.5
331.76360679584	-0.00684447368455897	-2.84436322990488	863899.619614159	4598832.72301618	0	0	0	0	0	1.5	1.5	1.5	1.5	1.5	1.5
331.864110766393	0.000143772457978752	-2.84469995344426	863899.523510453	4598832.69360317	0	0	0	0	0	1.5	1.5	1.5	1.5	1.5	1.5
331.964614736946	0.00713201860050856	-2.84433433049911	863899.427407172	4598832.66418876	0	0	0	0	0	1.5	1.5	1.5	1.5	1.5	1.5
332.065118707499	0.0141202647430423	-2.84326636106944	863899.331325004	4598832.63470547	0	0	0	0	0	1.5	1.5	1.5	1.5	1.5	1.5
332.165622678052	0.02110851088558	-2.84149604515524	863899.235284782	4598832.60508587	0	0	0	0	0	1.5	1.5	1.5	1.5	1.5	1.5
332.266126648605	0.0280967570281098	-2.83902338275651	863899.139307625	4598832.57526258	0	0	0	0	0	1.5	1.5	1.5	1.5	1.5	1.5
332.366630619158	0.0294588238391071	-2.83605163479722	863899.043413612	4598832.54517307	0	0	0	0	0	1.5	1.5	1.5	1.5	1.5	1.5
332.467134589712	0.0286213109635372	-2.83313299271825	863898.947609017	4598832.51480005	0	0	0	0	0	1.5	1.5	1.5	1.5	1.5	1.5
332.567638560265	0.0277837980879674	-2.83029852400868	863898.851892185	4598832.48415156	0	0	0	0	0	1.5	1.5	1.5	1.5	1.5	1.5
332.668142530818	0.0269462852123975	-2.82754822866848	863898.756261307	4598832.45323592	0	0	0	0	0	1.5	1.5	1.5	1.5	1.5	1.5
332.768646501371	0.0261087723368277	-2.82488210669767	863898.660714503	4598832.42206141	0	0	0	0	0	1.5	1.5	1.5	1.5	1.5	1.5
332.869150471924	0.0252712594612578	-2.82230015809624	863898.56524983	4598832.39063628	0	0	0	0	0	1.5	1.5	1.5	1.5	1.5	1.5
332.969654442477	0.024433746585688	-2.8198023828642	863898.469865278	4598832.35896879	0	0	0	0	0	1.5	1.5	1.5	1.5	1.5	1.5
333.07015841303	0.0235962337101181	-2.81738878100154	863898.374558778	4598832.32706715	0	0	0	0	0	1.5	1.5	1.5	1.5	1.5	1.5
333.170662383583	0.0227587208345487	-2.81505935250827	863898.279328199	4598832.29493959	0	0	0	0	0	1.5	1.5	1.5	1.5	1.5	1.5
333.271166354137	0.0219212079589784	-2.81281409738438	863898.184171355	4598832.26259428	0	0	0	0	0	1.5	1.5	1.5	1.5	1.5	1.5
333.37167032469	0.0210836950834085	-2.81065301562987	863898.089086002	4598832.23003941	0	0	0	0	0	1.5	1.5	1.5	1.5	1.5	1.5
333.472174295243	0.0202461822078391	-2.80857610724475	863897.994069845	4598832.19728312	0	0	0	0	0	1.5	1.5	1.5	1.5	1.5	1.5
333.572678265796	0.0194086693322688	-2.80658337222901	863897.899120536	4598832.16433356	0	0	0	0	0	1.5	1.5	1.5	1.5	1.5	1.5
333.673182236349	0.018571156456699	-2.80467481058266	863897.804235679	4598832.13119885	0	0	0	0	0	1.5	1.5	1.5	1.5	1.5	1.5
333.773686206902	0.0177336435811296	-2.80285042230569	863897.709412832	4598832.0978871	0	0	0	0	0	1.5	1.5	1.5	1.5	1.5	1.5
333.874190177455	0.0138270122822204	-2.80124737075012	863897.614648143	4598832.06441025	0	0	0	0	0	1.5	1.5	1.5	1.5	1.5	1.5
333.974694148008	0.00953851953391321	-2.80007320638932	863897.519930059	4598832.03080174	0	0	0	0	0	1.5	1.5	1.5	1.5	1.5	1.5
334.075198118561	0.00525002678560597	-2.79933005257741	863897.425244235	4598831.99710245	0	0	0	0	0	1.5	1.5	1.5	1.5	1.5	1.5
334.175702089115	0.00096153403729873	-2.79901790931439	863897.330576203	4598831.9633532	0	0	0	0	0	1.5	1.5	1.5	1.5	1.5	1.5
334.276206059668	-0.00332695871100851	-2.79913677660027	863897.235911434	4598831.9295948	0	0	0	0	0	1.5	1.5	1.5	1.5	1.5	1.5
334.376710030221	-0.00761545145931575	-2.79968665443504	863897.141235382	4598831.89586806	0	0	0	0	0	1.5	1.5	1.5	1.5	1.5	1.5
334.477214000774	-0.011903944207623	-2.8006675428187	863897.046533547	4598831.86221379	0	0	0	0	0	1.5	1.5	1.5	1.5	1.5	1.5
334.577717971327	-0.0161924369559302	-2.80207944175126	863896.951791521	4598831.82867285	0	0	0	0	0	1.5	1.5	1.5	1.5	1.5	1.5
334.67822194188	-0.0204809297042375	-2.8039223512327	863896.85699504	4598831.79528614	0	0	0	0	0	1.5	1.5	1.5	1.5	1.5	1.5
334.778725912433	-0.0247694224525447	-2.80619627126305	863896.762130044	4598831.76209463	0	0	0	0	0	1.5	1.5	1.5	1.5	1.5	1.5
334.879229882986	-0.0290579152008519	-2.80890120184228	863896.667182723	4598831.72913938	0	0	0	0	0	1.5	1.5	1.5	1.5	1.5	1.5
334.979733853539	-0.0333464079491567	-2.81203714297041	863896.572139572	4598831.69646157	0	0	0	0	0	1.5	1.5	1.5	1.5	1.5	1.5
335.080237824093	-0.0376349006974664	-2.81560409464743	863896.47698745	4598831.66410248	0	0	0	0	0	1.5	1.5	1.5	1.5	1.5	1.5
335.180741794646	-0.0419233934457736	-2.81960205687334	863896.381713624	4598831.63210353	0	0	0	0	0	1.5	1.5	1.5	1.5	1.5	1.5
335.281245765199	-0.0458182067819349	-2.82403053646137	863896.286305833	4598831.6005063	0	0	0	0	0	1.5	1.5	1.5	1.5	1.5	1.5
335.381749735752	-0.0343150605649093	-2.82805739223225	863896.190761181	4598831.56932531	0	0	0	0	0	1.5	1.5	1.5	1.5	1.5	1.5
335.482253706305	-0.0228119143478966	-2.83092813613446	863896.095109529	4598831.53847401	0	0	0	0	0	1.5	1.5	1.5	1.5	1.5	1.5
335.582757676858	-0.0113087681308775	-2.83264276816801	863895.999387375	4598831.50784209	0	0	0	0	0	1.5	1.5	1.5	1.5	1.5	1.5
335.683261647411	0.000194378086141693	-2.8332012883329	863895.903630456	4598831.47731898	0	0	0	0	0	1.5	1.5	1.5	1.5	1.5	1.5
335.783765617964	0.0116975243031608	-2.83260369662912	863895.807874134	4598831.44679399	0	0	0	0	0	1.5	1.5	1.5	1.5	1.5	1.5
335.884269588518	0.02320067052018	-2.83084999305668	863895.712153776	4598831.41615646	0	0	0	0	0	1.5	1.5	1.5	1.5	1.5	1.5
335.984773559071	0.0347038167371991	-2.82794017761557	863895.616505139	4598831.38529582	0	0	0	0	0	1.5	1.5	1.5	1.5	1.5	1.5
336.085277529624	0.0462069629542183	-2.82387425030581	863895.520964753	4598831.35410177	0	0	0	0	0	1.5	1.5	1.5	1.5	1.5	1.5
336.185781500177	0.0577101091712375	-2.81865221112737	863895.425570305	4598831.32246438	0	0	0	0	0	1.5	1.5	1.5	1.5	1.5	1.5
336.28628547073	0.0692132553882566	-2.81227406008028	863895.330361013	4598831.29027425	0	0	0	0	0	1.5	1.5	1.5	1.5	1.5	1.5
336.386789441283	0.0807164016052758	-2.80473979716452	863895.235378007	4598831.25742263	0	0	0	0	0	1.5	1.5	1.5	1.5	1.5	1.5
336.487293411836	0.0922195478222949	-2.7960494223801	863895.140664701	4598831.22380159	0	0	0	0	0	1.5	1.5	1.5	1.5	1.5	1.5
336.587797382389	0.103722694039314	-2.78620293572701	863895.046267157	4598831.1893042	0	0	0	0	0	1.5	1.5	1.5	1.5	1.5	1.5
336.688301352942	0.115225840256327	-2.77520033720527	863894.95223445	4598831.15382468	0	0	0	0	0	1.5	1.5	1.5	1.5	1.5	1.5
336.788805323496	0.122455457901818	-2.76309173711001	863894.858618875	4598831.11725901	0	0	0	0	0	1.5	1.5	1.5	1.5	1.5	1.5
336.889309294049	0.115643917716527	-2.75112677079208	863894.765455172	4598831.07955686	0	0	0	0	0	1.5	1.5	1.5	1.5	1.5	1.5
336.989813264602	0.10883237753124	-2.73984639130836	863894.672735891	4598831.04077444	0	0	0	0	0	1.5	1.5	1.5	1.5	1.5	1.5
337.090317235155	0.102020837345949	-2.72925059865883	863894.580446295	4598831.00098017	0	0	0	0	0	1.5	1.5	1.5	1.5	1.5	1.5
337.190821205708	0.0952092971606543	-2.71933939284351	863894.48856952	4598830.96024169	0	0	0	0	0	1.5	1.5	1.5	1.5	1.5	1.5
337.291325176261	0.0883977569753672	-2.7101127738624	863894.397086718	4598830.91862591	0	0	0	0	0	1.5	1.5	1.5	1.5	1.5	1.5
337.391829146814	0.0815862167900763	-2.70157074171549	863894.305977204	4598830.87619899	0	0	0	0	0	1.5	1.5	1.5	1.5	1.5	1.5
337.492333117367	0.0747746766047815	-2.69371329640277	863894.215218596	4598830.83302642	0	0	0	0	0	1.5	1.5	1.5	1.5	1.5	1.5
337.592837087921	0.0679631364194944	-2.68654043792427	863894.124786958	4598830.78917299	0	0	0	0	0	1.5	1.5	1.5	1.5	1.5	1.5
337.693341058474	0.0611515962342035	-2.68005216627997	863894.034656936	4598830.74470287	0	0	0	0	0	1.5	1.5	1.5	1.5	1.5	1.5
337.793845029027	0.0543400560489126	-2.67424848146988	863893.944801894	4598830.69967963	0	0	0	0	0	1.5	1.5	1.5	1.5	1.5	1.5
337.89434899958	0.0475285158636217	-2.66912938349398	863893.855194054	4598830.65416633	0	0	0	0	0	1.5	1.5	1.5	1.5	1.5	1.5
337.994852970133	0.0407169756783308	-2.66469487235229	863893.765804618	4598830.60822549	0	0	0	0	0	1.5	1.5	1.5	1.5	1.5	1.5
338.095356940686	0.0339054354930399	-2.66094494804481	863893.67660391	4598830.56191923	0	0	0	0	0	1.5	1.5	1.5	1.5	1.5	1.5
338.195860911239	0.027093895307749	-2.65787961057153	863893.587561497	4598830.51530927	0	0	0	0	0	1.5	1.5	1.5	1.5	1.5	1.5
338.296364881792	0.0255820337444957	-2.65541740779073	863893.49864671	4598830.46845626	0	0	0	0	0	1.5	1.5	1.5	1.5	1.5	1.5
338.396868852346	0.036098547224393	-2.65231783614403	863893.409857266	4598830.4213662	0	0	0	0	0	1.5	1.5	1.5	1.5	1.5	1.5
338.497372822899	0.0466150607042844	-2.64816131313623	863893.32123928	4598830.37395432	0	0	0	0	0	1.5	1.5	1.5	1.5	1.5	1.5
338.597876793452	0.0571315741841877	-2.64294783876732	863893.232844426	4598830.32612781	0	0	0	0	0	1.5	1.5	1.5	1.5	1.5	1.5
338.698380764005	0.0676480876640851	-2.63667741303731	863893.14472569	4598830.27779456	0	0	0	0	0	1.5	1.5	1.5	1.5	1.5	1.5
338.798884734558	0.0781646011439765	-2.62935003594619	863893.056937653	4598830.22886334	0	0	0	0	0	1.5	1.5	1.5	1.5	1.5	1.5
338.899388705111	0.0886811146238738	-2.62096570749397	863892.969536778	4598830.17924403	0	0	0	0	0	1.5	1.5	1.5	1.5	1.5	1.5
338.999892675664	0.0991976281037771	-2.61152442768063	863892.882581685	4598830.12884776	0	0	0	0	0	1.5	1.5	1.5	1.5	1.5	1.5
339.100396646217	0.109714141583669	-2.60102619650621	863892.796133419	4598830.07758712	0	0	0	0	0	1.5	1.5	1.5	1.5	1.5	1.5
339.20090061677	0.120230655063566	-2.58947101397067	863892.710255716	4598830.02537644	0	0	0	0	0	1.5	1.5	1.5	1.5	1.5	1.5
339.301404587324	0.130747168543469	-2.57685888007402	863892.625015255	4598829.97213192	0	0	0	0	0	1.5	1.5	1.5	1.5	1.5	1.5
339.401908557877	0.141263682023361	-2.56318979481628	863892.540481896	4598829.91777199	0	0	0	0	0	1.5	1.5	1.5	1.5	1.5	1.5
339.50241252843	0.151780195503258	-2.54846375819742	863892.456728913	4598829.86221748	0	0	0	0	0	1.5	1.5	1.5	1.5	1.5	1.5
339.602916498983	0.162296708983155	-2.53268077021746	863892.373833211	4598829.80539195	0	0	0	0	0	1.5	1.5	1.5	1.5	1.5	1.5
339.703420469536	0.172813222463053	-2.5158408308764	863892.29187552	4598829.74722198	0	0	0	0	0	1.5	1.5	1.5	1.5	1.5	1.5
339.803924440089	0.177318835358012	-2.49808138786426	863892.210939331	4598829.68763914	0	0	0	0	0	1.5	1.5	1.5	1.5	1.5	1.5
339.904428410642	0.174625590615994	-2.48039548175205	863892.131075579	4598829.6266263	0	0	0	0	0	1.5	1.5	1.5	1.5	1.5	1.5
340.004932381195	0.171932345873975	-2.46298025743008	863892.05229485	4598829.56422126	0	0	0	0	0	1.5	1.5	1.5	1.5	1.5	1.5
340.105436351748	0.169239101131957	-2.44583571489835	863891.974604151	4598829.50046425	0	0	0	0	0	1.5	1.5	1.5	1.5	1.5	1.5
340.205940322302	0.166545856389939	-2.42896185415687	863891.898009064	4598829.43539505	0	0	0	0	0	1.5	1.5	1.5	1.5	1.5	1.5
340.306444292855	0.163852611647922	-2.41235867520564	863891.82251379	4598829.36905291	0	0	0	0	0	1.5	1.5	1.5	1.5	1.5	1.5
340.406948263408	0.161159366905902	-2.39602617804464	863891.748121187	4598829.30147655	0	0	0	0	0	1.5	1.5	1.5	1.5	1.5	1.5
340.507452233961	0.158466122163884	-2.37996436267389	863891.674832812	4598829.23270414	0	0	0	0	0	1.5	1.5	1.5	1.5	1.5	1.5
340.607956204514	0.155772877421867	-2.3641732290934	863891.602648962	4598829.16277324	0	0	0	0	0	1.5	1.5	1.5	1.5	1.5	1.5
340.708460175067	0.153079632679847	-2.34865277730313	863891.531568711	4598829.09172084	0	0	0	0	0	1.5	1.5	1.5	1.5	1.5	1.5
340.80896414562	0.150386387937829	-2.33340300730311	863891.461589955	4598829.01958329	0	0	0	0	0	1.5	1.5	1.5	1.5	1.5	1.5
340.909468116173	0.147693143195812	-2.31842391909335	863891.392709444	4598828.94639631	0	0	0	0	0	1.5	1.5	1.5	1.5	1.5	1.5
341.009972086727	0.144999898453794	-2.30371551267382	863891.324922829	4598828.87219496	0	0	0	0	0	1.5	1.5	1.5	1.5	1.5	1.5
341.11047605728	0.142306653711776	-2.28927778804454	863891.258224692	4598828.79701364	0	0	0	0	0	1.5	1.5	1.5	1.5	1.5	1.5
341.210980027833	0.139613408969758	-2.2751107452055	863891.192608591	4598828.72088607	0	0	0	0	0	1.5	1.5	1.5	1.5	1.5	1.5
341.311483998386	0.146098977575077	-2.26091323158512	863891.128072163	4598828.64384109	0	0	0	0	0	1.5	1.5	1.5	1.5	1.5	1.5
341.411987968939	0.157464256774295	-2.24565857640209	863891.064674796	4598828.56585631	0	0	0	0	0	1.5	1.5	1.5	1.5	1.5	1.5
341.512491939492	0.168829535973512	-2.22926166553309	863891.002519581	4598828.48687814	0	0	0	0	0	1.5	1.5	1.5	1.5	1.5	1.5
341.612995910045	0.180194815172729	-2.21172249897813	863890.941713451	4598828.40685687	0	0	0	0	0	1.5	1.5	1.5	1.5	1.5	1.5
341.713499880598	0.191560094371946	-2.1930410767372	863890.882366525	4598828.32574771	0	0	0	0	0	1.5	1.5	1.5	1.5	1.5	1.5
341.814003851151	0.202925373571163	-2.17321739881031	863890.824592165	4598828.24351121	0	0	0	0	0	1.5	1.5	1.5	1.5	1.5	1.5
341.914507821705	0.214290652770381	-2.15225146519745	863890.76850701	4598828.16011377	0	0	0	0	0	1.5	1.5	1.5	1.5	1.5	1.5
342.015011792258	0.225655931969598	-2.13014327589862	863890.71423097	4598828.07552803	0	0	0	0	0	1.5	1.5	1.5	1.5	1.5	1.5
342.115515762811	0.237021211168815	-2.10689283091383	863890.661887184	4598827.98973338	0	0	0	0	0	1.5	1.5	1.5	1.5	1.5	1.5
342.216019733364	0.248386490368032	-2.08250013024307	863890.611601932	4598827.90271648	0	0	0	0	0	1.5	1.5	1.5	1.5	1.5	1.5
342.316523703917	0.25975176956725	-2.05696517388635	863890.563504512	4598827.81447173	0	0	0	0	0	1.5	1.5	1.5	1.5	1.5	1.5
342.41702767447	0.27111704876646	-2.03028796184367	863890.517727059	4598827.72500176	0	0	0	0	0	1.5	1.5	1.5	1.5	1.5	1.5
342.517531645023	0.282482327965684	-2.002468494115	863890.474404317	4598827.63431805	0	0	0	0	0	1.5	1.5	1.5	1.5	1.5	1.5
342.618035615576	0.293847607164895	-1.97350677070039	863890.433673362	4598827.54244133	0	0	0	0	0	1.5	1.5	1.5	1.5	1.5	1.5
342.71853958613	0.305212886364112	-1.9434027915998	863890.395673263	4598827.44940221	0	0	0	0	0	1.5	1.5	1.5	1.5	1.5	1.5
342.819043556683	0.291379573732792	-1.91313593518996	863890.360520823	4598827.35525031	0	0	0	0	0	1.5	1.5	1.5	1.5	1.5	1.5
342.919547527236	0.270164539626345	-1.88491722867332	863890.328139512	4598827.26010921	0	0	0	0	0	1.5	1.5	1.5	1.5	1.5	1.5
343.020051497789	0.248949505519886	-1.85883071731977	863890.298353004	4598827.16412359	0	0	0	0	0	1.5	1.5	1.5	1.5	1.5	1.5
343.120555468342	0.227734471413426	-1.83487640112935	863890.270977048	4598827.06742239	0	0	0	0	0	1.5	1.5	1.5	1.5	1.5	1.5
343.221059438895	0.206519437306967	-1.81305428010204	863890.245821284	4598826.97011959	0	0	0	0	0	1.5	1.5	1.5	1.5	1.5	1.5
343.321563409448	0.185304403200508	-1.79336435423786	863890.222690328	4598826.8723153	0	0	0	0	0	1.5	1.5	1.5	1.5	1.5	1.5
343.422067380001	0.164089369094049	-1.77580662353679	863890.201384697	4598826.77409687	0	0	0	0	0	1.5	1.5	1.5	1.5	1.5	1.5
343.522571350554	0.14287433498759	-1.76038108799884	863890.181701615	4598826.67554017	0	0	0	0	0	1.5	1.5	1.5	1.5	1.5	1.5
343.623075321108	0.121659300881131	-1.74708774762401	863890.163435686	4598826.57671074	0	0	0	0	0	1.5	1.5	1.5	1.5	1.5	1.5
343.723579291661	0.100444266774672	-1.7359266024123	863890.146379467	4598826.47766516	0	0	0	0	0	1.5	1.5	1.5	1.5	1.5	1.5
343.824083262214	0.0792292326682249	-1.72689765236371	863890.13032394	4598826.37845226	0	0	0	0	0	1.5	1.5	1.5	1.5	1.5	1.5
343.924587232767	0.0580141985617538	-1.72000089747823	863890.115058911	4598826.27911451	0	0	0	0	0	1.5	1.5	1.5	1.5	1.5	1.5
344.02509120332	0.0367991644552947	-1.71523633775588	863890.100373326	4598826.17968935	0	0	0	0	0	1.5	1.5	1.5	1.5	1.5	1.5
344.125595173873	0.0155841303488476	-1.71260397319665	863890.086055552	4598826.08021049	0	0	0	0	0	1.5	1.5	1.5	1.5	1.5	1.5
344.226099144426	-0.00563090375761144	-1.71210380380053	863890.071893602	4598825.9807093	0	0	0	0	0	1.5	1.5	1.5	1.5	1.5	1.5
344.326603114979	-0.00338870968034436	-1.71262752991622	863890.057709904	4598825.88121121	0	0	0	0	0	1.5	1.5	1.5	1.5	1.5	1.5
344.427107085532	0.000345041896374867	-1.71278048026488	863890.043492328	4598825.78171795	0	0	0	0	0	1.5	1.5	1.5	1.5	1.5	1.5
344.527611056086	0.00407879347309621	-1.71255817375503	863890.029278202	4598825.6822242	0	0	0	0	0	1.5	1.5	1.5	1.5	1.5	1.5
344.628115026639	0.00781254504981966	-1.71196061038666	863890.015104863	4598825.58272463	0	0	0	0	0	1.5	1.5	1.5	1.5	1.5	1.5
344.728618997192	0.0115462966265389	-1.71098779015977	863890.001009656	4598825.48321396	0	0	0	0	0	1.5	1.5	1.5	1.5	1.5	1.5
344.829122967745	0.0152800482032602	-1.70963971307436	863889.987029935	4598825.38368701	0	0	0	0	0	1.5	1.5	1.5	1.5	1.5	1.5
344.929626938298	0.0190137997799816	-1.70791637913043	863889.973203076	4598825.28413872	0	0	0	0	0	1.5	1.5	1.5	1.5	1.5	1.5
345.030130908851	0.0227475513567029	-1.70581778832798	863889.959566475	4598825.18456418	0	0	0	0	0	1.5	1.5	1.5	1.5	1.5	1.5
345.130634879404	0.0264813029334243	-1.70334394066701	863889.946157561	4598825.08495874	0	0	0	0	0	1.5	1.5	1.5	1.5	1.5	1.5
345.231138849957	0.0302150545101456	-1.70049483614752	863889.933013792	4598824.98531797	0	0	0	0	0	1.5	1.5	1.5	1.5	1.5	1.5
345.331642820511	0.0339488060868669	-1.69727047476951	863889.920172666	4598824.88563776	0	0	0	0	0	1.5	1.5	1.5	1.5	1.5	1.5
345.432146791064	0.0376825576635883	-1.69367085653298	863889.907671724	4598824.78591433	0	0	0	0	0	1.5	1.5	1.5	1.5	1.5	1.5
345.532650761617	0.0414163092403096	-1.68969598143794	863889.89554855	4598824.68614427	0	0	0	0	0	1.5	1.5	1.5	1.5	1.5	1.5
345.63315473217	0.0451500608170289	-1.68534584948437	863889.883840774	4598824.58632463	0	0	0	0	0	1.5	1.5	1.5	1.5	1.5	1.5
345.733658702723	0.0477491661342105	-1.68062903248575	863889.872586033	4598824.48645292	0	0	0	0	0	1.5	1.5	1.5	1.5	1.5	1.5
345.834162673276	0.0439354461788901	-1.67602169869771	863889.861802953	4598824.38652917	0	0	0	0	0	1.5	1.5	1.5	1.5	1.5	1.5
345.934666643829	0.0401217262235719	-1.67179765890775	863889.851461207	4598824.28655877	0	0	0	0	0	1.5	1.5	1.5	1.5	1.5	1.5
346.035170614382	0.0363080062682494	-1.66795691311588	863889.841522663	4598824.18654746	0	0	0	0	0	1.5	1.5	1.5	1.5	1.5	1.5
346.135674584936	0.032494286312929	-1.6644994613221	863889.831949134	4598824.08650054	0	0	0	0	0	1.5	1.5	1.5	1.5	1.5	1.5
346.236178555489	0.0286805663576108	-1.6614253035264	863889.822702389	4598823.98642289	0	0	0	0	0	1.5	1.5	1.5	1.5	1.5	1.5
346.336682526042	0.0248668464022904	-1.65873443972879	863889.813744155	4598823.88631898	0	0	0	0	0	1.5	1.5	1.5	1.5	1.5	1.5
346.437186496595	0.0210531264469679	-1.65642686992927	863889.80503613	4598823.78619299	0	0	0	0	0	1.5	1.5	1.5	1.5	1.5	1.5
346.537690467148	0.0172394064916497	-1.65450259412784	863889.796539983	4598823.68604879	0	0	0	0	0	1.5	1.5	1.5	1.5	1.5	1.5
346.638194437701	0.0134256865363293	-1.65296161232449	863889.788217361	4598823.58589002	0	0	0	0	0	1.5	1.5	1.5	1.5	1.5	1.5
346.738698408254	0.00961196658100682	-1.65180392451923	863889.780029893	4598823.4857201	0	0	0	0	0	1.5	1.5	1.5	1.5	1.5	1.5
346.839202378807	0.00579824662568861	-1.65102953071206	863889.771939197	4598823.38554232	0	0	0	0	0	1.5	1.5	1.5	1.5	1.5	1.5
346.93970634936	0.00198452667036824	-1.65063843090298	863889.763906881	4598823.28535983	0	0	0	0	0	1.5	1.5	1.5	1.5	1.5	1.5
347.040210319914	-0.00182919328495212	-1.65063062509198	863889.755894546	4598823.18517575	0	0	0	0	0	1.5	1.5	1.5	1.5	1.5	1.5
347.140714290467	-0.00564291324027249	-1.65100611327907	863889.747863794	4598823.08499314	0	0	0	0	0	1.5	1.5	1.5	1.5	1.5	1.5
347.24121826102	-0.00854114177458183	-1.65175399983598	863889.739776312	4598822.9848151	0	0	0	0	0	1.5	1.5	1.5	1.5	1.5	1.5
347.341722231573	-0.00848932767207062	-1.65260981473587	863889.731605722	4598822.8846438	0	0	0	0	0	1.5	1.5	1.5	1.5	1.5	1.5
347.442226202126	-0.00843751356955941	-1.65346042211272	863889.723349667	4598822.78447951	0	0	0	0	0	1.5	1.5	1.5	1.5	1.5	1.5
347.542730172679	-0.00838569946704821	-1.65430582196654	863889.715008675	4598822.68432226	0	0	0	0	0	1.5	1.5	1.5	1.5	1.5	1.5
347.643234143232	-0.008333885364537	-1.65514601429733	863889.706583275	4598822.58417207	0	0	0	0	0	1.5	1.5	1.5	1.5	1.5	1.5
347.743738113785	-0.00828207126202582	-1.65598099910508	863889.698073992	4598822.48402897	0	0	0	0	0	1.5	1.5	1.5	1.5	1.5	1.5
347.844242084339	-0.00823025715951459	-1.65681077638981	863889.689481356	4598822.383893	0	0	0	0	0	1.5	1.5	1.5	1.5	1.5	1.5
347.944746054892	-0.00817844305700338	-1.65763534615149	863889.680805892	4598822.28376416	0	0	0	0	0	1.5	1.5	1.5	1.5	1.5	1.5
348.045250025445	-0.0081266289544922	-1.65845470839015	863889.672048129	4598822.18364249	0	0	0	0	0	1.5	1.5	1.5	1.5	1.5	1.5
348.145753995998	-0.00807481485198099	-1.65926886310577	863889.663208594	4598822.083528	0	0	0	0	0	1.5	1.5	1.5	1.5	1.5	1.5
348.246257966551	-0.00802300074946976	-1.66007781029836	863889.654287814	4598821.98342072	0	0	0	0	0	1.5	1.5	1.5	1.5	1.5	1.5
348.346761937104	-0.00797118664695858	-1.66088154996791	863889.645286315	4598821.88332067	0	0	0	0	0	1.5	1.5	1.5	1.5	1.5	1.5
348.447265907657	-0.00791937254444737	-1.66168008211444	863889.636204626	4598821.78322786	0	0	0	0	0	1.5	1.5	1.5	1.5	1.5	1.5
348.54776987821	-0.00786755844193616	-1.66247340673793	863889.627043273	4598821.68314231	0	0	0	0	0	1.5	1.5	1.5	1.5	1.5	1.5
348.648273848763	-0.00781574433942495	-1.66326152383838	863889.617802783	4598821.58306404	0	0	0	0	0	1.5	1.5	1.5	1.5	1.5	1.5
348.748777819317	-0.00831168271675769	-1.66405333839843	863889.608483587	4598821.48299306	0	0	0	0	0	1.5	1.5	1.5	1.5	1.5	1.5
348.84928178987	-0.00995299295102885	-1.66497117461117	863889.599079921	4598821.38292999	0	0	0	0	0	1.5	1.5	1.5	1.5	1.5	1.5
348.949785760423	-0.0115943031853	-1.66605396901936	863889.589576165	4598821.28287638	0	0	0	0	0	1.5	1.5	1.5	1.5	1.5	1.5
349.050289730976	-0.0132356134195712	-1.66730172162301	863889.579955826	4598821.18283391	0	0	0	0	0	1.5	1.5	1.5	1.5	1.5	1.5
349.150793701529	-0.0148769236538423	-1.66871443242211	863889.570202416	4598821.08280432	0	0	0	0	0	1.5	1.5	1.5	1.5	1.5	1.5
349.251297672082	-0.0165182338881135	-1.67029210141666	863889.560299454	4598820.98278944	0	0	0	0	0	1.5	1.5	1.5	1.5	1.5	1.5
349.351801642635	-0.0181595441223847	-1.67203472860667	863889.550230466	4598820.88279113	0	0	0	0	0	1.5	1.5	1.5	1.5	1.5	1.5
349.452305613188	-0.0198008543566558	-1.67394231399213	863889.539978988	4598820.78281137	0	0	0	0	0	1.5	1.5	1.5	1.5	1.5	1.5
349.552809583741	-0.0214421645909261	-1.67601485757305	863889.529528564	4598820.68285222	0	0	0	0	0	1.5	1.5	1.5	1.5	1.5	1.5
349.653313554295	-0.0230834748251981	-1.67825235934942	863889.518862751	4598820.58291581	0	0	0	0	0	1.5	1.5	1.5	1.5	1.5	1.5
349.753817524848	-0.0247247850594684	-1.68065481932124	863889.507965117	4598820.48300443	0	0	0	0	0	1.5	1.5	1.5	1.5	1.5	1.5
349.854321495401	-0.0263660952937395	-1.68322223748851	863889.496819243	4598820.38312044	0	0	0	0	0	1.5	1.5	1.5	1.5	1.5	1.5
349.954825465954	-0.0280074055280116	-1.68595461385124	863889.485408727	4598820.28326633	0	0	0	0	0	1.5	1.5	1.5	1.5	1.5	1.5
350.055329436507	-0.0296487157622819	-1.68885194840943	863889.473717182	4598820.18344475	0	0	0	0	0	1.5	1.5	1.5	1.5	1.5	1.5
350.15583340706	-0.031290025996553	-1.69191424116306	863889.46172824	4598820.08365845	0	0	0	0	0	1.5	1.5	1.5	1.5	1.5	1.5
350.256337377613	-0.0294296208043315	-1.69507074660262	863889.449426499	4598819.98391023	0	0	0	0	0	1.5	1.5	1.5	1.5	1.5	1.5
350.356841348166	-0.0223609733798346	-1.69767332677902	863889.436832886	4598819.88419843	0	0	0	0	0	1.5	1.5	1.5	1.5	1.5	1.5
350.45734531872	-0.0152923259553377	-1.69956547982283	863889.424015214	4598819.78451517	0	0	0	0	0	1.5	1.5	1.5	1.5	1.5	1.5
350.557849289273	-0.00822367853084082	-1.70074720573403	863889.411044349	4598819.68485172	0	0	0	0	0	1.5	1.5	1.5	1.5	1.5	1.5
350.658353259826	-0.00115503110634394	-1.70121850451263	863889.397991115	4598819.58519902	0	0	0	0	0	1.5	1.5	1.5	1.5	1.5	1.5
350.758857230379	0.00591361631815295	-1.70097937615863	863889.384926313	4598819.48554783	0	0	0	0	0	1.5	1.5	1.5	1.5	1.5	1.5
350.859361200932	0.0129822637426498	-1.70002982067203	863889.37192074	4598819.3858889	0	0	0	0	0	1.5	1.5	1.5	1.5	1.5	1.5
350.959865171485	0.0200509111671427	-1.69836983805282	863889.359045212	4598819.28621309	0	0	0	0	0	1.5	1.5	1.5	1.5	1.5	1.5
351.060369142038	0.0271195585916436	-1.69599942830101	863889.346370577	4598819.18651155	0	0	0	0	0	1.5	1.5	1.5	1.5	1.5	1.5
351.160873112591	0.0341882060161405	-1.69291859141661	863889.33396774	4598819.08677586	0	0	0	0	0	1.5	1.5	1.5	1.5	1.5	1.5
351.261377083144	0.0412568534406334	-1.6891273273996	863889.321907674	4598818.98699815	0	0	0	0	0	1.5	1.5	1.5	1.5	1.5	1.5
351.361881053698	0.0483255008651343	-1.68462563624998	863889.31026144	4598818.88717132	0	0	0	0	0	1.5	1.5	1.5	1.5	1.5	1.5
351.462385024251	0.0553941482896312	-1.67941351796777	863889.299100194	4598818.78728913	0	0	0	0	0	1.5	1.5	1.5	1.5	1.5	1.5
351.562888994804	0.0624627957141241	-1.67349097255295	863889.288495199	4598818.68734638	0	0	0	0	0	1.5	1.5	1.5	1.5	1.5	1.5
351.663392965357	0.0695314431386209	-1.66685800000553	863889.278517829	4598818.58733907	0	0	0	0	0	1.5	1.5	1.5	1.5	1.5	1.5
351.76389693591	0.0599339662820447	-1.65991360580268	863889.269233228	4598818.48726508	0	0	0	0	0	1.5	1.5	1.5	1.5	1.5	1.5
351.864400906463	0.0320206972149275	-1.65529270140652	863889.260543166	4598818.3871376	0	0	0	0	0	1.5	1.5	1.5	1.5	1.5	1.5
351.964904877016	0.00410742814779458	-1.65347719138272	863889.252175373	4598818.28698259	0	0	0	0	0	1.5	1.5	1.5	1.5	1.5	1.5
352.065408847569	-0.0238058409193384	-1.65446707573129	863889.243848925	4598818.18682413	0	0	0	0	0	1.5	1.5	1.5	1.5	1.5	1.5
352.165912818123	-0.0517191099864713	-1.65826235445222	863889.235282868	4598818.08668593	0	0	0	0	0	1.5	1.5	1.5	1.5	1.5	1.5
352.266416788676	-0.0796323790536043	-1.66486302754552	863889.226196425	4598817.98659374	0	0	0	0	0	1.5	1.5	1.5	1.5	1.5	1.5
352.366920759229	-0.107545648120737	-1.67426909501118	863889.216309225	4598817.88657765	0	0	0	0	0	1.5	1.5	1.5	1.5	1.5	1.5
352.467424729782	-0.13545891718787	-1.6864805568492	863889.205341602	4598817.78667453	0	0	0	0	0	1.5	1.5	1.5	1.5	1.5	1.5
352.567928700335	-0.163372186255003	-1.70149741305959	863889.193014978	4598817.6869303	0	0	0	0	0	1.5	1.5	1.5	1.5	1.5	1.5
352.668432670888	-0.191285455322136	-1.71931966364235	863889.179052388	4598817.58740228	0	0	0	0	0	1.5	1.5	1.5	1.5	1.5	1.5
352.768936641441	-0.219198724389253	-1.73994730859745	863889.163179146	4598817.48816151	0	0	0	0	0	1.5	1.5	1.5	1.5	1.5	1.5
352.869440611994	-0.247111993456402	-1.76338034792495	863889.145123718	4598817.389295	0	0	0	0	0	1.5	1.5	1.5	1.5	1.5	1.5
352.969944582547	-0.275025262523535	-1.7896187816248	863889.124618807	4598817.29090792	0	0	0	0	0	1.5	1.5	1.5	1.5	1.5	1.5
353.070448553101	-0.302938531590652	-1.81866260969699	863889.101402695	4598817.19312576	0	0	0	0	0	1.5	1.5	1.5	1.5	1.5	1.5
353.170952523654	-0.330851800657801	-1.85051183214158	863889.075220862	4598817.09609635	0	0	0	0	0	1.5	1.5	1.5	1.5	1.5	1.5
353.271456494207	-0.344264639666744	-1.88477084095909	863889.045834765	4598816.99998958	0	0	0	0	0	1.5	1.5	1.5	1.5	1.5	1.5
353.37196046476	-0.345469382475768	-1.91943134488452	863889.013145718	4598816.90495557	0	0	0	0	0	1.5	1.5	1.5	1.5	1.5	1.5
353.472464435313	-0.346674125284792	-1.95421293024577	863888.97717737	4598816.81111364	0	0	0	0	0	1.5	1.5	1.5	1.5	1.5	1.5
353.572968405866	-0.347878868093817	-1.98911559704284	863888.937961874	4598816.71858166	0	0	0	0	0	1.5	1.5	1.5	1.5	1.5	1.5
353.673472376419	-0.349083610902841	-2.02413934527568	863888.895535804	4598816.62747708	0	0	0	0	0	1.5	1.5	1.5	1.5	1.5	1.5
353.773976346972	-0.350288353711866	-2.05928417494434	863888.849940175	4598816.53791678	0	0	0	0	0	1.5	1.5	1.5	1.5	1.5	1.5
353.874480317526	-0.351493096520891	-2.09455008604882	863888.801220464	4598816.45001689	0	0	0	0	0	1.5	1.5	1.5	1.5	1.5	1.5
353.974984288079	-0.352697839329915	-2.12993707858906	863888.749426624	4598816.3638926	0	0	0	0	0	1.5	1.5	1.5	1.5	1.5	1.5
354.075488258632	-0.353902582138939	-2.16544515256512	863888.694613085	4598816.27965803	0	0	0	0	0	1.5	1.5	1.5	1.5	1.5	1.5
354.175992229185	-0.355107324947964	-2.20107430797699	863888.636838762	4598816.197426	0	0	0	0	0	1.5	1.5	1.5	1.5	1.5	1.5
354.276496199738	-0.356312067756988	-2.23682454482466	863888.576167038	4598816.11730787	0	0	0	0	0	1.5	1.5	1.5	1.5	1.5	1.5
354.377000170291	-0.357516810566013	-2.27269586310813	863888.512665757	4598816.03941338	0	0	0	0	0	1.5	1.5	1.5	1.5	1.5	1.5
354.477504140844	-0.358721553375037	-2.3086882628274	863888.446407197	4598815.96385042	0	0	0	0	0	1.5	1.5	1.5	1.5	1.5	1.5
354.578008111397	-0.359926296184062	-2.34480174398248	863888.377468042	4598815.89072489	0	0	0	0	0	1.5	1.5	1.5	1.5	1.5	1.5
354.67851208195	-0.361131038993086	-2.38103630657335	863888.305929347	4598815.82014048	0	0	0	0	0	1.5	1.5	1.5	1.5	1.5	1.5
354.779016052504	-0.358791451240057	-2.41728668093936	863888.231877877	4598815.75219697	0	0	0	0	0	1.5	1.5	1.5	1.5	1.5	1.5
354.879520023057	-0.353999409581241	-2.4531058367826	863888.155425383	4598815.68696673	0	0	0	0	0	1.5	1.5	1.5	1.5	1.5	1.5
354.98002399361	-0.34920736792242	-2.48844337341211	863888.076700864	4598815.62449716	0	0	0	0	0	1.5	1.5	1.5	1.5	1.5	1.5
355.080527964163	-0.344415326263601	-2.52329929082784	863887.995832684	4598815.56482839	0	0	0	0	0	1.5	1.5	1.5	1.5	1.5	1.5
355.181031934716	-0.339623284604785	-2.55767358902977	863887.912947805	4598815.50799397	0	0	0	0	0	1.5	1.5	1.5	1.5	1.5	1.5
355.281535905269	-0.334831242945964	-2.59156626801798	863887.828171509	4598815.4540212	0	0	0	0	0	1.5	1.5	1.5	1.5	1.5	1.5
355.382039875822	-0.330039201287145	-2.62497732779241	863887.741627151	4598815.40293125	0	0	0	0	0	1.5	1.5	1.5	1.5	1.5	1.5
355.482543846375	-0.325247159628329	-2.65790676835304	863887.653435927	4598815.35473951	0	0	0	0	0	1.5	1.5	1.5	1.5	1.5	1.5
355.583047816929	-0.320455117969511	-2.69035458969993	863887.563716659	4598815.3094558	0	0	0	0	0	1.5	1.5	1.5	1.5	1.5	1.5
355.683551787482	-0.315663076310692	-2.72232079183305	863887.472585599	4598815.26708461	0	0	0	0	0	1.5	1.5	1.5	1.5	1.5	1.5
355.784055758035	-0.310871034651874	-2.7538053747524	863887.380156263	4598815.22762537	0	0	0	0	0	1.5	1.5	1.5	1.5	1.5	1.5
355.884559728588	-0.306078992993055	-2.78480833845799	863887.286539265	4598815.19107271	0	0	0	0	0	1.5	1.5	1.5	1.5	1.5	1.5
355.985063699141	-0.301286951334236	-2.81532968294981	863887.19184218	4598815.15741672	0	0	0	0	0	1.5	1.5	1.5	1.5	1.5	1.5
356.085567669694	-0.296494909675418	-2.84536940822786	863887.096169424	4598815.12664315	0	0	0	0	0	1.5	1.5	1.5	1.5	1.5	1.5
356.186071640247	-0.291702868016599	-2.87492751429215	863886.999622144	4598815.09873374	0	0	0	0	0	1.5	1.5	1.5	1.5	1.5	1.5
356.2865756108	-0.283056352310611	-2.90385715606584	863886.902299024	4598815.07366277	0	0	0	0	0	1.5	1.5	1.5	1.5	1.5	1.5
356.387079581353	-0.273180093578398	-2.93180914175494	863886.804301952	4598815.05137007	0	0	0	0	0	1.5	1.5	1.5	1.5	1.5	1.5
356.487583551907	-0.263303834846185	-2.95876852422724	863886.705729604	4598815.03177597	0	0	0	0	0	1.5	1.5	1.5	1.5	1.5	1.5
356.58808752246	-0.253427576113972	-2.98473530348275	863886.606673094	4598815.01479692	0	0	0	0	0	1.5	1.5	1.5	1.5	1.5	1.5
356.688591493013	-0.243551317381764	-3.00970947952144	863886.507216085	4598815.00034609	0	0	0	0	0	1.5	1.5	1.5	1.5	1.5	1.5
356.789095463566	-0.233675058649546	-3.03369105234336	863886.407434978	4598814.98833382	0	0	0	0	0	1.5	1.5	1.5	1.5	1.5	1.5
356.889599434119	-0.223798799917339	-3.05668002194847	863886.307399107	4598814.97866801	0	0	0	0	0	1.5	1.5	1.5	1.5	1.5	1.5
356.990103404672	-0.213922541185126	-3.07867638833678	863886.207170963	4598814.97125452	0	0	0	0	0	1.5	1.5	1.5	1.5	1.5	1.5
357.090607375225	-0.204046282452907	-3.09968015150831	863886.106806426	4598814.96599748	0	0	0	0	0	1.5	1.5	1.5	1.5	1.5	1.5
357.191111345778	-0.1941700237207	-3.11969131146303	863886.006355022	4598814.96279961	0	0	0	0	0	1.5	1.5	1.5	1.5	1.5	1.5
357.291615316332	-0.184293764988487	-3.13870986820095	863885.90586018	4598814.96156252	0	0	0	0	0	1.5	1.5	1.5	1.5	1.5	1.5
357.392119286885	-0.174417506256274	-3.15673582172208	863885.80535951	4598814.96218693	0	0	0	0	0	1.5	1.5	1.5	1.5	1.5	1.5
357.492623257438	-0.164541247524061	-3.17376917202641	863885.70488508	4598814.9645729	0	0	0	0	0	1.5	1.5	1.5	1.5	1.5	1.5
357.593127227991	-0.154664988791848	-3.18980991911394	863885.604463707	4598814.96862002	0	0	0	0	0	1.5	1.5	1.5	1.5	1.5	1.5
357.693631198544	-0.144788730059635	-3.20485806298468	863885.504117244	4598814.9742276	0	0	0	0	0	1.5	1.5	1.5	1.5	1.5	1.5
357.794135169097	-0.146526752769076	-3.21943585810553	863885.403864046	4598814.98131037	0	0	0	0	0	1.5	1.5	1.5	1.5	1.5	1.5
357.89463913965	-0.149629927972064	-3.23431831926569	863885.30372606	4598814.98986873	0	0	0	0	0	1.5	1.5	1.5	1.5	1.5	1.5
357.995143110203	-0.152733103175051	-3.24951266185507	863885.203728136	4598814.99993197	0	0	0	0	0	1.5	1.5	1.5	1.5	1.5	1.5
358.095647080756	-0.155836278378037	-3.26501888587366	863885.1038965	4598815.01152896	0	0	0	0	0	1.5	1.5	1.5	1.5	1.5	1.5
358.19615105131	-0.158939453581027	-3.2808369913215	863885.004258775	4598815.02468803	0	0	0	0	0	1.5	1.5	1.5	1.5	1.5	1.5
358.296655021863	-0.162042628784014	-3.29696697819855	863884.904843998	4598815.03943698	0	0	0	0	0	1.5	1.5	1.5	1.5	1.5	1.5
358.397158992416	-0.165145803987	-3.31340884650481	863884.805682637	4598815.05580294	0	0	0	0	0	1.5	1.5	1.5	1.5	1.5	1.5
358.497662962969	-0.16824897918999	-3.33016259624031	863884.706806603	4598815.07381244	0	0	0	0	0	1.5	1.5	1.5	1.5	1.5	1.5
358.598166933522	-0.171352154392977	-3.34722822740502	863884.608249269	4598815.09349123	0	0	0	0	0	1.5	1.5	1.5	1.5	1.5	1.5
358.698670904075	-0.174455329595963	-3.36460573999895	863884.510045477	4598815.11486432	0	0	0	0	0	1.5	1.5	1.5	1.5	1.5	1.5
358.799174874628	-0.177558504798951	-3.38229513402211	863884.412231549	4598815.13795588	0	0	0	0	0	1.5	1.5	1.5	1.5	1.5	1.5
358.899678845181	-0.180661680001941	-3.4002964094745	863884.314845296	4598815.16278919	0	0	0	0	0	1.5	1.5	1.5	1.5	1.5	1.5
359.000182815734	-0.183764855204927	-3.41860956635609	863884.217926019	4598815.18938655	0	0	0	0	0	1.5	1.5	1.5	1.5	1.5	1.5
359.100686786288	-0.186868030407914	-3.43723460466692	863884.12151452	4598815.21776927	0	0	0	0	0	1.5	1.5	1.5	1.5	1.5	1.5
359.201190756841	-0.190066802432808	-3.45617198473789	863884.025653095	4598815.24795757	0	0	0	0	0	1.5	1.5	1.5	1.5	1.5	1.5
359.301694727394	-0.194167608762644	-3.47548052671202	863883.930386248	4598815.2799726	0	0	0	0	0	1.5	1.5	1.5	1.5	1.5	1.5
359.402198697947	-0.198268415092482	-3.49520121600478	863883.835762324	4598815.31384049	0	0	0	0	0	1.5	1.5	1.5	1.5	1.5	1.5
359.5027026685	-0.20236922142232	-3.51533405261616	863883.741832083	4598815.34958705	0	0	0	0	0	1.5	1.5	1.5	1.5	1.5	1.5
359.603206639053	-0.206470027752159	-3.53587903654615	863883.648648331	4598815.3872365	0	0	0	0	0	1.5	1.5	1.5	1.5	1.5	1.5
359.703710609606	-0.210570834081997	-3.55683616779477	863883.556265917	4598815.42681134	0	0	0	0	0	1.5	1.5	1.5	1.5	1.5	1.5
359.804214580159	-0.214671640411835	-3.578205446362	863883.464741724	4598815.46833225	0	0	0	0	0	1.5	1.5	1.5	1.5	1.5	1.5
359.904718550713	-0.218772446741673	-3.59998687224785	863883.374134658	4598815.51181797	0	0	0	0	0	1.5	1.5	1.5	1.5	1.5	1.5
360.005222521266	-0.222873253071512	-3.62218044545232	863883.284505627	4598815.55728522	0	0	0	0	0	1.5	1.5	1.5	1.5	1.5	1.5
360.105726491819	-0.22697405940135	-3.6447861659754	863883.195917513	4598815.60474851	0	0	0	0	0	1.5	1.5	1.5	1.5	1.5	1.5
360.206230462372	-0.231074865731186	-3.6678040338171	863883.108435146	4598815.65422009	0	0	0	0	0	1.5	1.5	1.5	1.5	1.5	1.5
360.306734432925	-0.235175672061026	-3.69123404897743	863883.022125259	4598815.7057098	0	0	0	0	0	1.5	1.5	1.5	1.5	1.5	1.5
360.407238403478	-0.239276478390864	-3.71507621145637	863882.937056452	4598815.75922491	0	0	0	0	0	1.5	1.5	1.5	1.5	1.5	1.5
360.507742374031	-0.2433772847207	-3.73933052125392	863882.853299132	4598815.81477007	0	0	0	0	0	1.5	1.5	1.5	1.5	1.5	1.5
360.608246344584	-0.247478091050541	-3.76399697837011	863882.770925456	4598815.87234709	0	0	0	0	0	1.5	1.5	1.5	1.5	1.5	1.5
360.708750315138	-0.251500949624704	-3.78907464271943	863882.690009262	4598815.93195488	0	0	0	0	0	1.5	1.5	1.5	1.5	1.5	1.5
360.809254285691	-0.255276973086103	-3.81454123942997	863882.610625369	4598815.99358847	0	0	0	0	0	1.5	1.5	1.5	1.5	1.5	1.5
360.909758256244	-0.259052996547504	-3.84038734149129	863882.532848786	4598816.05723821	0	0	0	0	0	1.5	1.5	1.5	1.5	1.5	1.5
361.010262226797	-0.262829020008907	-3.8666129489034	863882.456755612	4598816.12289107	0	0	0	0	0	1.5	1.5	1.5	1.5	1.5	1.5
361.11076619735	-0.266605043470306	-3.89321806166625	863882.38242309	4598816.19053076	0	0	0	0	0	1.5	1.5	1.5	1.5	1.5	1.5
361.211270167903	-0.270381066931707	-3.92020267977989	863882.30992949	4598816.26013761	0	0	0	0	0	1.5	1.5	1.5	1.5	1.5	1.5
361.311774138456	-0.274157090393108	-3.9475668032443	863882.239354006	4598816.33168842	0	0	0	0	0	1.5	1.5	1.5	1.5	1.5	1.5
361.412278109009	-0.277933113854509	-3.97531043205948	863882.170776624	4598816.40515639	0	0	0	0	0	1.5	1.5	1.5	1.5	1.5	1.5
361.512782079562	-0.281709137315911	-4.00343356622544	863882.104277995	4598816.48051099	0	0	0	0	0	1.5	1.5	1.5	1.5	1.5	1.5
361.613286050116	-0.285485160777312	-4.03193620574217	863882.039939296	4598816.55771783	0	0	0	0	0	1.5	1.5	1.5	1.5	1.5	1.5
361.713790020669	-0.289261184238713	-4.06081835060967	863881.97784208	4598816.63673859	0	0	0	0	0	1.5	1.5	1.5	1.5	1.5	1.5
361.814293991222	-0.293037207700114	-4.09008000082795	863881.918068119	4598816.71753093	0	0	0	0	0	1.5	1.5	1.5	1.5	1.5	1.5
361.914797961775	-0.296813231161515	-4.11972115639699	863881.860699237	4598816.80004832	0	0	0	0	0	1.5	1.5	1.5	1.5	1.5	1.5
362.015301932328	-0.300589254622914	-4.1497418173168	863881.805817134	4598816.88424003	0	0	0	0	0	1.5	1.5	1.5	1.5	1.5	1.5
362.115805902881	-0.304365278084317	-4.18014198358741	863881.753503203	4598816.970051	0	0	0	0	0	1.5	1.5	1.5	1.5	1.5	1.5
362.216309873434	-0.304144659073934	-4.2108330829051	863881.70383719	4598817.05742114	0	0	0	0	0	1.5	1.5	1.5	1.5	1.5	1.5
362.316813843987	-0.298858227140222	-4.24113517506484	863881.656862266	4598817.14626725	0	0	0	0	0	1.5	1.5	1.5	1.5	1.5	1.5
362.417317814541	-0.293571795206505	-4.27090595982522	863881.612576692	4598817.23648416	0	0	0	0	0	1.5	1.5	1.5	1.5	1.5	1.5
362.517821785094	-0.28828536327279	-4.30014543718618	863881.570971813	4598817.32796838	0	0	0	0	0	1.5	1.5	1.5	1.5	1.5	1.5
362.618325755647	-0.282998931339078	-4.32885360714773	863881.532034623	4598817.4206196	0	0	0	0	0	1.5	1.5	1.5	1.5	1.5	1.5
362.7188297262	-0.277712499405364	-4.3570304697099	863881.495748015	4598817.51434079	0	0	0	0	0	1.5	1.5	1.5	1.5	1.5	1.5
362.819333696753	-0.272426067471649	-4.38467602487267	863881.462091031	4598817.60903827	0	0	0	0	0	1.5	1.5	1.5	1.5	1.5	1.5
362.919837667306	-0.267139635537934	-4.41179027263605	863881.431039108	4598817.70462178	0	0	0	0	0	1.5	1.5	1.5	1.5	1.5	1.5
363.020341637859	-0.26185320360422	-4.43837321300002	863881.402564317	4598817.80100456	0	0	0	0	0	1.5	1.5	1.5	1.5	1.5	1.5
363.120845608412	-0.256566771670505	-4.4644248459646	863881.376635596	4598817.89810336	0	0	0	0	0	1.5	1.5	1.5	1.5	1.5	1.5
363.221349578965	-0.25128033973679	-4.48994517152978	863881.353218978	4598817.99583853	0	0	0	0	0	1.5	1.5	1.5	1.5	1.5	1.5
363.321853549519	-0.245993907803075	-4.51493418969557	863881.332277811	4598818.09413395	0	0	0	0	0	1.5	1.5	1.5	1.5	1.5	1.5
363.422357520072	-0.240707475869361	-4.53939190046196	863881.31377297	4598818.19291712	0	0	0	0	0	1.5	1.5	1.5	1.5	1.5	1.5
363.522861490625	-0.235421043935646	-4.56331830382895	863881.297663061	4598818.29211912	0	0	0	0	0	1.5	1.5	1.5	1.5	1.5	1.5
363.623365461178	-0.230134612001931	-4.58671339979655	863881.283904621	4598818.3916746	0	0	0	0	0	1.5	1.5	1.5	1.5	1.5	1.5
363.723869431731	-0.224053669086382	-4.60955374819097	863881.272451849	4598818.4915217	0	0	0	0	0	1.5	1.5	1.5	1.5	1.5	1.5
363.824373402284	-0.217413942998604	-4.63173837213354	863881.263250005	4598818.59160146	0	0	0	0	0	1.5	1.5	1.5	1.5	1.5	1.5
363.924877372837	-0.210774216910825	-4.65325567724091	863881.256237014	4598818.69185851	0	0	0	0	0	1.5	1.5	1.5	1.5	1.5	1.5
364.02538134339	-0.204134490823051	-4.67410566351306	863881.251349242	4598818.79224174	0	0	0	0	0	1.5	1.5	1.5	1.5	1.5	1.5
364.125885313943	-0.197494764735272	-4.69428833095001	863881.248521846	4598818.89270423	0	0	0	0	0	1.5	1.5	1.5	1.5	1.5	1.5
364.226389284497	-0.19085503864749	-4.71380367955176	863881.247688956	4598818.99320315	0	0	0	0	0	1.5	1.5	1.5	1.5	1.5	1.5
364.32689325505	-0.184215312559715	-4.73265170931829	863881.248783841	4598819.09369967	0	0	0	0	0	1.5	1.5	1.5	1.5	1.5	1.5
364.427397225603	-0.177575586471937	-4.75083242024963	863881.251739064	4598819.1941588	0	0	0	0	0	1.5	1.5	1.5	1.5	1.5	1.5
364.527901196156	-0.170935860384155	-4.76834581234576	863881.256486626	4598819.29454929	0	0	0	0	0	1.5	1.5	1.5	1.5	1.5	1.5
364.628405166709	-0.16429613429638	-4.78519188560667	863881.262958091	4598819.3948435	0	0	0	0	0	1.5	1.5	1.5	1.5	1.5	1.5
364.728909137262	-0.157656408208602	-4.80137064003238	863881.271084705	4598819.49501728	0	0	0	0	0	1.5	1.5	1.5	1.5	1.5	1.5
364.829413107815	-0.151016682120823	-4.81688207562288	863881.280797504	4598819.59504981	0	0	0	0	0	1.5	1.5	1.5	1.5	1.5	1.5
364.929917078368	-0.144376956033045	-4.83172619237818	863881.292027407	4598819.69492349	0	0	0	0	0	1.5	1.5	1.5	1.5	1.5	1.5
365.030421048922	-0.137737229945266	-4.84590299029827	863881.3047053	4598819.79462379	0	0	0	0	0	1.5	1.5	1.5	1.5	1.5	1.5
365.130925019475	-0.131097503857488	-4.85941246938316	863881.31876211	4598819.89413912	0	0	0	0	0	1.5	1.5	1.5	1.5	1.5	1.5
365.231428990028	-0.125555937127642	-4.87230283378723	863881.334130262	4598819.99346046	0	0	0	0	0	1.5	1.5	1.5	1.5	1.5	1.5
365.331932960581	-0.120173396902191	-4.88465122066292	863881.350750495	4598820.09258002	0	0	0	0	0	1.5	1.5	1.5	1.5	1.5	1.5
365.432436931134	-0.114790856676741	-4.89645864087429	863881.368566652	4598820.19149167	0	0	0	0	0	1.5	1.5	1.5	1.5	1.5	1.5
365.532940901687	-0.109408316451293	-4.90772509442133	863881.387522745	4598820.29019126	0	0	0	0	0	1.5	1.5	1.5	1.5	1.5	1.5
365.63344487224	-0.10402577622584	-4.91845058130406	863881.407562979	4598820.38867649	0	0	0	0	0	1.5	1.5	1.5	1.5	1.5	1.5
365.733948842793	-0.0986432360003894	-4.92863510152247	863881.428631771	4598820.48694686	0	0	0	0	0	1.5	1.5	1.5	1.5	1.5	1.5
365.834452813346	-0.0932606957749421	-4.93827865507655	863881.450673778	4598820.58500358	0	0	0	0	0	1.5	1.5	1.5	1.5	1.5	1.5
365.9349567839	-0.0878781555494916	-4.94738124196632	863881.473633906	4598820.68284943	0	0	0	0	0	1.5	1.5	1.5	1.5	1.5	1.5
366.035460754453	-0.0824956153240382	-4.95594286219177	863881.497457321	4598820.78048872	0	0	0	0	0	1.5	1.5	1.5	1.5	1.5	1.5
366.135964725006	-0.0771130750985908	-4.9639635157529	863881.522089458	4598820.87792717	0	0	0	0	0	1.5	1.5	1.5	1.5	1.5	1.5
366.236468695559	-0.0717305348731404	-4.97144320264971	863881.547476022	4598820.97517183	0	0	0	0	0	1.5	1.5	1.5	1.5	1.5	1.5
366.336972666112	-0.0663479946476869	-4.9783819228822	863881.573562984	4598821.07223098	0	0	0	0	0	1.5	1.5	1.5	1.5	1.5	1.5
366.437476636665	-0.0609654544222396	-4.98477967645037	863881.600296583	4598821.16911404	0	0	0	0	0	1.5	1.5	1.5	1.5	1.5	1.5
366.537980607218	-0.0555829141967891	-4.99063646335422	863881.627623313	4598821.26583151	0	0	0	0	0	1.5	1.5	1.5	1.5	1.5	1.5
366.638484577771	-0.0510748172310123	-4.99595638296927	863881.655489926	4598821.36239484	0	0	0	0	0	1.5	1.5	1.5	1.5	1.5	1.5
366.738988548325	-0.055065712381	-5.00129015530058	863881.683863135	4598821.45881053	0	0	0	0	0	1.5	1.5	1.5	1.5	1.5	1.5
366.839492518878	-0.0590566075309876	-5.00702502844052	863881.712769497	4598821.5550677	0	0	0	0	0	1.5	1.5	1.5	1.5	1.5	1.5
366.939996489431	-0.0630475026809753	-5.0131610023891	863881.742246668	4598821.65115158	0	0	0	0	0	1.5	1.5	1.5	1.5	1.5	1.5
367.040500459984	-0.0670383978309629	-5.01969807714631	863881.772332075	4598821.74704674	0	0	0	0	0	1.5	1.5	1.5	1.5	1.5	1.5
367.141004430537	-0.0710292929809506	-5.02663625271216	863881.803062892	4598821.84273699	0	0	0	0	0	1.5	1.5	1.5	1.5	1.5	1.5
367.24150840109	-0.0750201881309382	-5.03397552908665	863881.83447602	4598821.9382054	0	0	0	0	0	1.5	1.5	1.5	1.5	1.5	1.5
367.342012371643	-0.0790110832809236	-5.04171590626976	863881.866608055	4598822.03343423	0	0	0	0	0	1.5	1.5	1.5	1.5	1.5	1.5
367.442516342196	-0.0830019784309135	-5.04985738426152	863881.899495265	4598822.12840488	0	0	0	0	0	1.5	1.5	1.5	1.5	1.5	1.5
367.543020312749	-0.0869928735809012	-5.05839996306191	863881.933173561	4598822.22309785	0	0	0	0	0	1.5	1.5	1.5	1.5	1.5	1.5
367.643524283303	-0.0909837687308866	-5.06734364267093	863881.967678462	4598822.31749273	0	0	0	0	0	1.5	1.5	1.5	1.5	1.5	1.5
367.744028253856	-0.0949746638808765	-5.07668842308859	863882.003045065	4598822.41156811	0	0	0	0	0	1.5	1.5	1.5	1.5	1.5	1.5
367.844532224409	-0.0989655590308642	-5.08643430431488	863882.039308013	4598822.5053016	0	0	0	0	0	1.5	1.5	1.5	1.5	1.5	1.5
367.945036194962	-0.10295645418085	-5.09658128634981	863882.076501453	4598822.59866974	0	0	0	0	0	1.5	1.5	1.5	1.5	1.5	1.5
368.045540165515	-0.106947349330837	-5.10712936919337	863882.114659001	4598822.69164799	0	0	0	0	0	1.5	1.5	1.5	1.5	1.5	1.5
368.146044136068	-0.106973224502088	-5.1180306304414	863882.153813347	4598822.78421086	0	0	0	0	0	1.5	1.5	1.5	1.5	1.5	1.5
368.246548106621	-0.0944784958105895	-5.12815397932449	863882.193949457	4598822.87635236	0	0	0	0	0	1.5	1.5	1.5	1.5	1.5	1.5
368.347052077174	-0.0819837671190836	-5.1370215583631	863882.234958711	4598822.96810868	0	0	0	0	0	1.5	1.5	1.5	1.5	1.5	1.5
368.447556047728	-0.0694890384275707	-5.14463336755723	863882.276722645	4598823.05952407	0	0	0	0	0	1.5	1.5	1.5	1.5	1.5	1.5
368.548060018281	-0.0569943097360719	-5.15098940690688	863882.319124024	4598823.15064562	0	0	0	0	0	1.5	1.5	1.5	1.5	1.5	1.5
368.648563988834	-0.044499581044566	-5.15608967641205	863882.362046688	4598823.24152285	0	0	0	0	0	1.5	1.5	1.5	1.5	1.5	1.5
368.749067959387	-0.0320048523530601	-5.15993417607274	863882.405375381	4598823.33220725	0	0	0	0	0	1.5	1.5	1.5	1.5	1.5	1.5
368.84957192994	-0.0195101236615543	-5.16252290588895	863882.44899556	4598823.42275184	0	0	0	0	0	1.5	1.5	1.5	1.5	1.5	1.5
368.950075900493	-0.00701539497004841	-5.16385586586067	863882.492793208	4598823.51321074	0	0	0	0	0	1.5	1.5	1.5	1.5	1.5	1.5
369.050579871046	0.00547933372145745	-5.16393305598792	863882.536654628	4598823.60363874	0	0	0	0	0	1.5	1.5	1.5	1.5	1.5	1.5
369.151083841599	0.0179740624129633	-5.16275447627069	863882.580466242	4598823.69409088	0	0	0	0	0	1.5	1.5	1.5	1.5	1.5	1.5
369.251587812152	0.0304687911044692	-5.16032012670898	863882.624114376	4598823.784622	0	0	0	0	0	1.5	1.5	1.5	1.5	1.5	1.5
369.352091782706	0.0429635197959751	-5.15663000730278	863882.667485066	4598823.87528632	0	0	0	0	0	1.5	1.5	1.5	1.5	1.5	1.5
369.452595753259	0.0554582484874738	-5.15168411805211	863882.710463844	4598823.96613704	0	0	0	0	0	1.5	1.5	1.5	1.5	1.5	1.5
369.553099723812	0.0679529771789868	-5.14548245895696	863882.752935551	4598824.05722584	0	0	0	0	0	1.5	1.5	1.5	1.5	1.5	1.5
369.653603694365	0.0730602429168327	-5.138143889806	863882.794785308	4598824.14860198	0	0	0	0	0	1.5	1.5	1.5	1.5	1.5	1.5
369.754107664918	0.0624817146805054	-5.13133263734847	863882.835974128	4598824.24027799	0	0	0	0	0	1.5	1.5	1.5	1.5	1.5	1.5
369.854611635471	0.0519031864441722	-5.12558456898129	863882.876586469	4598824.33221089	0	0	0	0	0	1.5	1.5	1.5	1.5	1.5	1.5
369.955115606024	0.0413246582078389	-5.12089968470447	863882.916718713	4598824.42435443	0	0	0	0	0	1.5	1.5	1.5	1.5	1.5	1.5
370.055619576577	0.0307461299715057	-5.11727798451801	863882.956467927	4598824.51666389	0	0	0	0	0	1.5	1.5	1.5	1.5	1.5	1.5
370.156123547131	0.0201676017351725	-5.11471946842191	863882.995931716	4598824.60909577	0	0	0	0	0	1.5	1.5	1.5	1.5	1.5	1.5
370.256627517684	0.00958907349883922	-5.11322413641617	863883.035208079	4598824.70160747	0	0	0	0	0	1.5	1.5	1.5	1.5	1.5	1.5
370.357131488237	-0.000989454737494025	-5.11279198850079	863883.07439527	4598824.79415698	0	0	0	0	0	1.5	1.5	1.5	1.5	1.5	1.5
370.45763545879	-0.0115679829738273	-5.11342302467577	863883.113591663	4598824.88670259	0	0	0	0	0	1.5	1.5	1.5	1.5	1.5	1.5
370.558139429343	-0.0221465112101605	-5.11511724494112	863883.152895623	4598824.97920256	0	0	0	0	0	1.5	1.5	1.5	1.5	1.5	1.5
370.658643399896	-0.0327250394464938	-5.11787464929682	863883.192405364	4598825.0716148	0	0	0	0	0	1.5	1.5	1.5	1.5	1.5	1.5
370.759147370449	-0.043303567682827	-5.12169523774288	863883.232218823	4598825.16389657	0	0	0	0	0	1.5	1.5	1.5	1.5	1.5	1.5
370.859651341002	-0.0538820959191603	-5.1265790102793	863883.272433516	4598825.25600415	0	0	0	0	0	1.5	1.5	1.5	1.5	1.5	1.5
370.960155311555	-0.0644606241554935	-5.13252596690607	863883.313146392	4598825.34789256	0	0	0	0	0	1.5	1.5	1.5	1.5	1.5	1.5
371.060659282109	-0.0750391523918267	-5.13953610762321	863883.35445369	4598825.43951523	0	0	0	0	0	1.5	1.5	1.5	1.5	1.5	1.5
371.161163252662	-0.0759110534958027	-5.14739557751958	863883.396447923	4598825.53082503	0	0	0	0	0	1.5	1.5	1.5	1.5	1.5	1.5
371.261667223215	-0.0643499348472485	-5.15444397064067	863883.43913161	4598825.62181464	0	0	0	0	0	1.5	1.5	1.5	1.5	1.5	1.5
371.362171193768	-0.0527888161986878	-5.16033042543355	863883.482402896	4598825.71252635	0	0	0	0	0	1.5	1.5	1.5	1.5	1.5	1.5
371.462675164321	-0.0412276975501402	-5.16505494189821	863883.526154862	4598825.80300726	0	0	0	0	0	1.5	1.5	1.5	1.5	1.5	1.5
371.563179134874	-0.029666578901586	-5.16861752003465	863883.570281382	4598825.89330614	0	0	0	0	0	1.5	1.5	1.5	1.5	1.5	1.5
371.663683105427	-0.0181054602530252	-5.17101815984288	863883.614676953	4598825.98347307	0	0	0	0	0	1.5	1.5	1.5	1.5	1.5	1.5
371.76418707598	-0.00654434160447759	-5.1722568613229	863883.659236533	4598826.07355909	0	0	0	0	0	1.5	1.5	1.5	1.5	1.5	1.5
371.864691046533	0.0050167770440766	-5.1723336244747	863883.703855359	4598826.16361579	0	0	0	0	0	1.5	1.5	1.5	1.5	1.5	1.5
371.965195017087	0.0165778956926308	-5.17124844929828	863883.74842877	4598826.25369497	0	0	0	0	0	1.5	1.5	1.5	1.5	1.5	1.5
372.06569898764	0.028139014341185	-5.16900133579365	863883.792852027	4598826.34384827	0	0	0	0	0	1.5	1.5	1.5	1.5	1.5	1.5
372.166202958193	0.0397001329897392	-5.1655922839608	863883.837020133	4598826.43412682	0	0	0	0	0	1.5	1.5	1.5	1.5	1.5	1.5
372.266706928746	0.0512612516382934	-5.16102129379973	863883.880827659	4598826.52458085	0	0	0	0	0	1.5	1.5	1.5	1.5	1.5	1.5
372.367210899299	0.0628223702868475	-5.15528836531046	863883.924168568	4598826.61525932	0	0	0	0	0	1.5	1.5	1.5	1.5	1.5	1.5
372.467714869852	0.0743834889354017	-5.14839349849296	863883.966936057	4598826.70620958	0	0	0	0	0	1.5	1.5	1.5	1.5	1.5	1.5
372.568218840405	0.0859446075839559	-5.14033669334725	863884.009022397	4598826.79747696	0	0	0	0	0	1.5	1.5	1.5	1.5	1.5	1.5
372.668722810958	0.0829180562026321	-5.13160329746366	863884.050328622	4598826.88909998	0	0	0	0	0	1.5	1.5	1.5	1.5	1.5	1.5
372.769226781512	0.072446247204271	-5.12379593277635	863884.090871211	4598826.98106354	0	0	0	0	0	1.5	1.5	1.5	1.5	1.5	1.5
372.869730752065	0.0619744382059157	-5.11704102647225	863884.130743157	4598827.07331991	0	0	0	0	0	1.5	1.5	1.5	1.5	1.5	1.5
372.970234722618	0.0515026292075664	-5.11133857855137	863884.170039719	4598827.16582288	0	0	0	0	0	1.5	1.5	1.5	1.5	1.5	1.5
373.070738693171	0.0410308202092053	-5.10668858901368	863884.20885696	4598827.25852807	0	0	0	0	0	1.5	1.5	1.5	1.5	1.5	1.5
373.171242663724	0.0305590112108501	-5.10309105785921	863884.247291591	4598827.35139258	0	0	0	0	0	1.5	1.5	1.5	1.5	1.5	1.5
373.271746634277	0.0200872022125008	-5.10054598508795	863884.285440837	4598827.44437471	0	0	0	0	0	1.5	1.5	1.5	1.5	1.5	1.5
373.37225060483	0.00961539321414556	-5.09905337069989	863884.323402295	4598827.53743369	0	0	0	0	0	1.5	1.5	1.5	1.5	1.5	1.5
373.472754575383	-0.000856415784215581	-5.09861321469505	863884.361273808	4598827.63052932	0	0	0	0	0	1.5	1.5	1.5	1.5	1.5	1.5
373.573258545936	-0.0113282247825649	-5.09922551707341	863884.399153334	4598827.72362169	0	0	0	0	0	1.5	1.5	1.5	1.5	1.5	1.5
373.67376251649	-0.0218000337809201	-5.10089027783498	863884.43713882	4598827.81667087	0	0	0	0	0	1.5	1.5	1.5	1.5	1.5	1.5
373.774266487043	-0.0322718427792812	-5.10360749697976	863884.475328077	4598827.90963657	0	0	0	0	0	1.5	1.5	1.5	1.5	1.5	1.5
373.874770457596	-0.0427436517776306	-5.10737717450774	863884.513818651	4598828.0024779	0	0	0	0	0	1.5	1.5	1.5	1.5	1.5	1.5
373.975274428149	-0.0532154607759858	-5.11219931041894	863884.552707692	4598828.09515298	0	0	0	0	0	1.5	1.5	1.5	1.5	1.5	1.5
374.075778398702	-0.063687269774341	-5.11807390471335	863884.592091816	4598828.1876187	0	0	0	0	0	1.5	1.5	1.5	1.5	1.5	1.5
374.176282369255	-0.0577329519923274	-5.12426665041812	863884.6320469	4598828.27983913	0	0	0	0	0	1.5	1.5	1.5	1.5	1.5	1.5
374.276786339808	-0.0497399055218517	-5.12966737487156	863884.672536384	4598828.37182622	0	0	0	0	0	1.5	1.5	1.5	1.5	1.5	1.5
374.377290310361	-0.0417468590513761	-5.13426476641789	863884.713485224	4598828.46360979	0	0	0	0	0	1.5	1.5	1.5	1.5	1.5	1.5
374.477794280915	-0.0337538125809049	-5.13805882505712	863884.754818812	4598828.55522076	0	0	0	0	0	1.5	1.5	1.5	1.5	1.5	1.5
374.578298251468	-0.0257607661104247	-5.14104955078926	863884.796462951	4598828.64669101	0	0	0	0	0	1.5	1.5	1.5	1.5	1.5	1.5
374.678802222021	-0.017767719639949	-5.1432369436143	863884.83834378	4598828.73805315	0	0	0	0	0	1.5	1.5	1.5	1.5	1.5	1.5
374.779306192574	-0.00977467316947778	-5.14462100353224	863884.880387694	4598828.82934036	0	0	0	0	0	1.5	1.5	1.5	1.5	1.5	1.5
374.879810163127	-0.00178162669899756	-5.14520173054308	863884.922521271	4598828.92058624	0	0	0	0	0	1.5	1.5	1.5	1.5	1.5	1.5
374.98031413368	0.00621141977147813	-5.14497912464683	863884.964671187	4598829.01182457	0	0	0	0	0	1.5	1.5	1.5	1.5	1.5	1.5
375.080818104233	0.0142044662419493	-5.14395318584347	863885.006764134	4598829.10308919	0	0	0	0	0	1.5	1.5	1.5	1.5	1.5	1.5
375.181322074786	0.022197512712425	-5.14212391413302	863885.048726745	4598829.1944138	0	0	0	0	0	1.5	1.5	1.5	1.5	1.5	1.5
375.28182604534	0.0301905591829052	-5.13949130951547	863885.090485507	4598829.28583178	0	0	0	0	0	1.5	1.5	1.5	1.5	1.5	1.5
375.382330015893	0.0381836056533764	-5.13605537199082	863885.13196668	4598829.37737604	0	0	0	0	0	1.5	1.5	1.5	1.5	1.5	1.5
375.482833986446	0.0461766521238521	-5.13181610155907	863885.173096229	4598829.46907878	0	0	0	0	0	1.5	1.5	1.5	1.5	1.5	1.5
375.583337956999	0.0524317802936556	-5.12678355397048	863885.213799772	4598829.56097137	0	0	0	0	0	1.5	1.5	1.5	1.5	1.5	1.5
375.683841927552	0.0453310661453727	-5.12187077685063	863885.25403465	4598829.65307014	0	0	0	0	0	1.5	1.5	1.5	1.5	1.5	1.5
375.784345898105	0.0382303519970858	-5.11767164969645	863885.293849525	4598829.74535128	0	0	0	0	0	1.5	1.5	1.5	1.5	1.5	1.5
375.884849868658	0.0311296378487989	-5.11418617250793	863885.333309544	4598829.83778474	0	0	0	0	0	1.5	1.5	1.5	1.5	1.5	1.5
375.985353839211	0.024028923700512	-5.11141434528508	863885.372480185	4598829.93034122	0	0	0	0	0	1.5	1.5	1.5	1.5	1.5	1.5
376.085857809764	0.0169282095522251	-5.10935616802789	863885.411427194	4598830.02299204	0	0	0	0	0	1.5	1.5	1.5	1.5	1.5	1.5
376.186361780318	0.00982749540393821	-5.10801164073637	863885.450216519	4598830.115709	0	0	0	0	0	1.5	1.5	1.5	1.5	1.5	1.5
376.286865750871	0.00272678125565131	-5.10738076341052	863885.488914251	4598830.20846424	0	0	0	0	0	1.5	1.5	1.5	1.5	1.5	1.5
376.387369721424	-0.00437393289263559	-5.10746353605033	863885.527586562	4598830.30123007	0	0	0	0	0	1.5	1.5	1.5	1.5	1.5	1.5
376.487873691977	-0.0114746470409225	-5.1082599586558	863885.566299648	4598830.3939789	0	0	0	0	0	1.5	1.5	1.5	1.5	1.5	1.5
376.58837766253	-0.0185753611892054	-5.10977003122694	863885.605119668	4598830.48668301	0	0	0	0	0	1.5	1.5	1.5	1.5	1.5	1.5
376.688881633083	-0.0256760753374963	-5.11199375376375	863885.644112684	4598830.57931448	0	0	0	0	0	1.5	1.5	1.5	1.5	1.5	1.5
376.789385603636	-0.0327767894857832	-5.11493112626622	863885.683344605	4598830.671845	0	0	0	0	0	1.5	1.5	1.5	1.5	1.5	1.5
376.889889574189	-0.0398775036340661	-5.11858214873436	863885.722881118	4598830.76424576	0	0	0	0	0	1.5	1.5	1.5	1.5	1.5	1.5
376.990393544743	-0.046978217782357	-5.12294682116816	863885.762787632	4598830.8564873	0	0	0	0	0	1.5	1.5	1.5	1.5	1.5	1.5
377.090897515296	-0.0504403041851013	-5.12795943133416	863885.803128481	4598830.94853969	0	0	0	0	0	1.5	1.5	1.5	1.5	1.5	1.5
377.191401485849	-0.0474163163463084	-5.13287692078832	863885.843931373	4598831.04038822	0	0	0	0	0	1.5	1.5	1.5	1.5	1.5	1.5
377.291905456402	-0.0443923285075155	-5.13749048745777	863885.885171511	4598831.13204127	0	0	0	0	0	1.5	1.5	1.5	1.5	1.5	1.5
377.392409426955	-0.0413683406687226	-5.14180013134253	863885.926820162	4598831.22350942	0	0	0	0	0	1.5	1.5	1.5	1.5	1.5	1.5
377.492913397508	-0.0383443528299297	-5.14580585244258	863885.968848751	4598831.31480362	0	0	0	0	0	1.5	1.5	1.5	1.5	1.5	1.5
377.593417368061	-0.0353203649911368	-5.14950765075792	863886.011228858	4598831.40593519	0	0	0	0	0	1.5	1.5	1.5	1.5	1.5	1.5
377.693921338614	-0.0322963771523439	-5.15290552628857	863886.053932203	4598831.49691576	0	0	0	0	0	1.5	1.5	1.5	1.5	1.5	1.5
377.794425309167	-0.029272389313551	-5.1559994790345	863886.096930641	4598831.58775724	0	0	0	0	0	1.5	1.5	1.5	1.5	1.5	1.5
377.894929279721	-0.0262484014747581	-5.15878950899574	863886.140196151	4598831.67847183	0	0	0	0	0	1.5	1.5	1.5	1.5	1.5	1.5
377.995433250274	-0.0232244136359652	-5.16127561617228	863886.183700824	4598831.76907197	0	0	0	0	0	1.5	1.5	1.5	1.5	1.5	1.5
378.095937220827	-0.0202004257971723	-5.16345780056411	863886.227416855	4598831.85957033	0	0	0	0	0	1.5	1.5	1.5	1.5	1.5	1.5
378.19644119138	-0.0171764379583794	-5.16533606217124	863886.27131653	4598831.94997975	0	0	0	0	0	1.5	1.5	1.5	1.5	1.5	1.5
378.296945161933	-0.0141524501195882	-5.16691040099366	863886.315372215	4598832.04031326	0	0	0	0	0	1.5	1.5	1.5	1.5	1.5	1.5
378.397449132486	-0.0111284622807936	-5.16818081703138	863886.359556346	4598832.13058402	0	0	0	0	0	1.5	1.5	1.5	1.5	1.5	1.5
378.497953103039	-0.00810447444200071	-5.1691473102844	863886.403841413	4598832.2208053	0	0	0	0	0	1.5	1.5	1.5	1.5	1.5	1.5
378.598457073592	-0.00640344956269176	-5.16984930087619	863886.448200658	4598832.31099014	0	0	0	0	0	1.5	1.5	1.5	1.5	1.5	1.5
378.698961044145	-0.0056106212001388	-5.17045303178328	863886.492618162	4598832.4011463	0	0	0	0	0	1.5	1.5	1.5	1.5	1.5	1.5
378.799465014699	-0.0048177928375854	-5.17097708029196	863886.537086496	4598832.4912774	0	0	0	0	0	1.5	1.5	1.5	1.5	1.5	1.5
378.899968985252	-0.00402496447503289	-5.17142144640224	863886.581598468	4598832.58138695	0	0	0	0	0	1.5	1.5	1.5	1.5	1.5	1.5
379.000472955805	-0.00323213611247993	-5.17178613011411	863886.626146888	4598832.6714785	0	0	0	0	0	1.5	1.5	1.5	1.5	1.5	1.5
379.100976926358	-0.00243930774992698	-5.17207113142758	863886.670724571	4598832.76155557	0	0	0	0	0	1.5	1.5	1.5	1.5	1.5	1.5
379.201480896911	-0.00164647938737402	-5.17227645034265	863886.715324336	4598832.8516217	0	0	0	0	0	1.5	1.5	1.5	1.5	1.5	1.5
379.301984867464	-0.000853651024821063	-5.17240208685931	863886.759939005	4598832.94168046	0	0	0	0	0	1.5	1.5	1.5	1.5	1.5	1.5
379.402488838017	-6.08226622681061e-05	-5.17244804097757	863886.8045614	4598833.03173539	0	0	0	0	0	1.5	1.5	1.5	1.5	1.5	1.5
379.50299280857	0.00073200570028485	-5.17241431269743	863886.849184345	4598833.12179004	0	0	0	0	0	1.5	1.5	1.5	1.5	1.5	1.5
379.603496779124	0.00152483406283781	-5.17230090201888	863886.893800665	4598833.21184798	0	0	0	0	0	1.5	1.5	1.5	1.5	1.5	1.5
379.704000749677	0.00231766242539076	-5.17210780894193	863886.938403183	4598833.30191275	0	0	0	0	0	1.5	1.5	1.5	1.5	1.5	1.5
379.80450472023	0.00311049078794327	-5.17183503346657	863886.982984721	4598833.39198791	0	0	0	0	0	1.5	1.5	1.5	1.5	1.5	1.5
379.905008690783	0.00390331915049668	-5.17148257559281	863887.027538097	4598833.48207701	0	0	0	0	0	1.5	1.5	1.5	1.5	1.5	1.5
380.005512661336	0.00469614751304963	-5.17105043532065	863887.072056128	4598833.57218357	0	0	0	0	0	1.5	1.5	1.5	1.5	1.5	1.5
380.106016631889	0.00629446537914084	-5.17050602536513	863887.116530837	4598833.66231152	0	0	0	0	0	1.5	1.5	1.5	1.5	1.5	1.5
380.206520602442	0.00808781153492603	-5.16978328739741	863887.160948508	4598833.7524676	0	0	0	0	0	1.5	1.5	1.5	1.5	1.5	1.5
380.307024572995	0.0098811576907102	-5.16888031102044	863887.205292881	4598833.84265975	0	0	0	0	0	1.5	1.5	1.5	1.5	1.5	1.5
380.407528543548	0.0116745038464934	-5.16779709623425	863887.249547661	4598833.93289589	0	0	0	0	0	1.5	1.5	1.5	1.5	1.5	1.5
380.508032514102	0.0134678500022775	-5.16653364303882	863887.293696534	4598834.0231839	0	0	0	0	0	1.5	1.5	1.5	1.5	1.5	1.5
380.608536484655	0.0152611961580627	-5.16508995143416	863887.337723153	4598834.11353158	0	0	0	0	0	1.5	1.5	1.5	1.5	1.5	1.5
380.709040455208	0.0170545423138459	-5.16346602142027	863887.381611144	4598834.20394668	0	0	0	0	0	1.5	1.5	1.5	1.5	1.5	1.5
380.809544425761	0.0188478884696301	-5.16166185299715	863887.425344093	4598834.29443687	0	0	0	0	0	1.5	1.5	1.5	1.5	1.5	1.5
380.910048396314	0.0206412346254152	-5.15967744616479	863887.468905548	4598834.38500973	0	0	0	0	0	1.5	1.5	1.5	1.5	1.5	1.5
381.010552366867	0.0224345807811984	-5.1575128009232	863887.512279012	4598834.47567277	0	0	0	0	0	1.5	1.5	1.5	1.5	1.5	1.5
381.11105633742	0.0242279269369826	-5.15516791727238	863887.555447941	4598834.56643338	0	0	0	0	0	1.5	1.5	1.5	1.5	1.5	1.5
381.211560307973	0.0260212730927667	-5.15264279521233	863887.598395739	4598834.65729882	0	0	0	0	0	1.5	1.5	1.5	1.5	1.5	1.5
381.312064278527	0.0278146192485509	-5.14993743474304	863887.641105753	4598834.74827628	0	0	0	0	0	1.5	1.5	1.5	1.5	1.5	1.5
381.41256824908	0.0296079654043351	-5.14705183586452	863887.683561273	4598834.83937276	0	0	0	0	0	1.5	1.5	1.5	1.5	1.5	1.5
381.513072219633	0.0313184328961803	-5.14398602840512	863887.725745526	4598834.93059518	0	0	0	0	0	1.5	1.5	1.5	1.5	1.5	1.5
381.613576190186	0.0215397520198299	-5.14132979967498	863887.76765977	4598835.02194198	0	0	0	0	0	1.5	1.5	1.5	1.5	1.5	1.5
381.714080160739	0.0117610711434795	-5.13965636719968	863887.809376173	4598835.11337932	0	0	0	0	0	1.5	1.5	1.5	1.5	1.5	1.5
381.814584131292	0.00198239026712902	-5.13896573097922	863887.850984469	4598835.20486592	0	0	0	0	0	1.5	1.5	1.5	1.5	1.5	1.5
381.915088101845	-0.00779629060921588	-5.13925789101361	863887.892574537	4598835.2963608	0	0	0	0	0	1.5	1.5	1.5	1.5	1.5	1.5
382.015592072398	-0.0175749714855718	-5.14053284730285	863887.934236282	4598835.38782307	0	0	0	0	0	1.5	1.5	1.5	1.5	1.5	1.5
382.116096042951	-0.0273536523619223	-5.14279059984693	863887.97605951	4598835.47921159	0	0	0	0	0	1.5	1.5	1.5	1.5	1.5	1.5
382.216600013505	-0.0371323332382672	-5.14603114864585	863888.018133811	4598835.57048476	0	0	0	0	0	1.5	1.5	1.5	1.5	1.5	1.5
382.317103984058	-0.0469110141146231	-5.15025449369963	863888.060548432	4598835.66160026	0	0	0	0	0	1.5	1.5	1.5	1.5	1.5	1.5
382.417607954611	-0.0566896949909736	-5.15546063500824	863888.103392149	4598835.75251473	0	0	0	0	0	1.5	1.5	1.5	1.5	1.5	1.5
382.518111925164	-0.0664683758673185	-5.1616495725717	863888.146753137	4598835.84318358	0	0	0	0	0	1.5	1.5	1.5	1.5	1.5	1.5
382.618615895717	-0.0762470567436689	-5.16882130639	863888.190718827	4598835.93356069	0	0	0	0	0	1.5	1.5	1.5	1.5	1.5	1.5
382.71911986627	-0.0860257376200249	-5.17697583646316	863888.235375763	4598836.02359819	0	0	0	0	0	1.5	1.5	1.5	1.5	1.5	1.5
382.819623836823	-0.0958044184963698	-5.18611316279115	863888.280809446	4598836.11324615	0	0	0	0	0	1.5	1.5	1.5	1.5	1.5	1.5
382.920127807376	-0.10558309937272	-5.19623328537399	863888.327104168	4598836.20245244	0	0	0	0	0	1.5	1.5	1.5	1.5	1.5	1.5
383.02063177793	-0.112053156816182	-5.20731370500914	863888.37434275	4598836.29116242	0	0	0	0	0	1.5	1.5	1.5	1.5	1.5	1.5
383.121135748483	-0.0973817297312004	-5.21783822384432	863888.422554026	4598836.37934761	0	0	0	0	0	1.5	1.5	1.5	1.5	1.5	1.5
383.221639719036	-0.0827103026462191	-5.22688820600377	863888.471626128	4598836.46705683	0	0	0	0	0	1.5	1.5	1.5	1.5	1.5	1.5
383.322143689589	-0.0680388755612377	-5.23446365148751	863888.521425678	4598836.5543552	0	0	0	0	0	1.5	1.5	1.5	1.5	1.5	1.5
383.422647660142	-0.0533674484762564	-5.24056456029552	863888.571821064	4598836.64131106	0	0	0	0	0	1.5	1.5	1.5	1.5	1.5	1.5
383.523151630695	-0.038696021391275	-5.24519093242781	863888.622682156	4598836.72799542	0	0	0	0	0	1.5	1.5	1.5	1.5	1.5	1.5
383.623655601248	-0.0240245943062937	-5.24834276788438	863888.673880012	4598836.81448137	0	0	0	0	0	1.5	1.5	1.5	1.5	1.5	1.5
383.724159571801	-0.00935316722132065	-5.25002006666523	863888.725286559	4598836.90084347	0	0	0	0	0	1.5	1.5	1.5	1.5	1.5	1.5
383.824663542354	0.00531825986366899	-5.25022282877036	863888.776774273	4598836.98715722	0	0	0	0	0	1.5	1.5	1.5	1.5	1.5	1.5
383.925167512908	0.0199896869486503	-5.24895105419977	863888.828215841	4598837.07349847	0	0	0	0	0	1.5	1.5	1.5	1.5	1.5	1.5
384.025671483461	0.0346611140336234	-5.24620474295346	863888.879483829	4598837.15994288	0	0	0	0	0	1.5	1.5	1.5	1.5	1.5	1.5
384.126175454014	0.049332541118613	-5.24198389503142	863888.930450349	4598837.24656532	0	0	0	0	0	1.5	1.5	1.5	1.5	1.5	1.5
384.226679424567	0.0640039682035861	-5.23628851043367	863888.980986729	4598837.33343934	0	0	0	0	0	1.5	1.5	1.5	1.5	1.5	1.5
384.32718339512	0.0786753952885674	-5.22911858916019	863889.030963198	4598837.42063657	0	0	0	0	0	1.5	1.5	1.5	1.5	1.5	1.5
384.427687365673	0.0933468223735487	-5.22047413121099	863889.080248579	4598837.50822616	0	0	0	0	0	1.5	1.5	1.5	1.5	1.5	1.5
384.528191336226	0.102203605285179	-5.21042609695453	863889.128710512	4598837.59627389	0	0	0	0	0	1.5	1.5	1.5	1.5	1.5	1.5
384.628695306779	0.0929317521394472	-5.20062015784629	863889.176280914	4598837.68480651	0	0	0	0	0	1.5	1.5	1.5	1.5	1.5	1.5
384.729199277332	0.0836598989937153	-5.19174607679358	863889.223022391	4598837.77377963	0	0	0	0	0	1.5	1.5	1.5	1.5	1.5	1.5
384.829703247886	0.0743880458479834	-5.18380385379641	863889.269014156	4598837.86314267	0	0	0	0	0	1.5	1.5	1.5	1.5	1.5	1.5
384.930207218439	0.0651161927022514	-5.17679348885476	863889.314336563	4598837.9528471	0	0	0	0	0	1.5	1.5	1.5	1.5	1.5	1.5
385.030711188992	0.0558443395565195	-5.17071498196865	863889.359070962	4598838.04284627	0	0	0	0	0	1.5	1.5	1.5	1.5	1.5	1.5
385.131215159545	0.0465724864107876	-5.16556833313807	863889.403299551	4598838.13309514	0	0	0	0	0	1.5	1.5	1.5	1.5	1.5	1.5
385.231719130098	0.0373006332650557	-5.16135354236302	863889.447105243	4598838.22355007	0	0	0	0	0	1.5	1.5	1.5	1.5	1.5	1.5
385.332223100651	0.0280287801193237	-5.1580706096435	863889.490571537	4598838.31416861	0	0	0	0	0	1.5	1.5	1.5	1.5	1.5	1.5
385.432727071204	0.0187569269735918	-5.15571953497952	863889.533782397	4598838.40490926	0	0	0	0	0	1.5	1.5	1.5	1.5	1.5	1.5
385.533231041757	0.00948507382785987	-5.15430031837106	863889.576822126	4598838.49573122	0	0	0	0	0	1.5	1.5	1.5	1.5	1.5	1.5
385.633735012311	0.000213220682127951	-5.15381295981814	863889.61977526	4598838.58659417	0	0	0	0	0	1.5	1.5	1.5	1.5	1.5	1.5
385.734238982864	-0.00905863246359874	-5.15425745932074	863889.662726446	4598838.67745805	0	0	0	0	0	1.5	1.5	1.5	1.5	1.5	1.5
385.834742953417	-0.0183304856093307	-5.15563381687888	863889.705760337	4598838.76828277	0	0	0	0	0	1.5	1.5	1.5	1.5	1.5	1.5
385.93524692397	-0.0276023387550678	-5.15794203249255	863889.748961474	4598838.85902805	0	0	0	0	0	1.5	1.5	1.5	1.5	1.5	1.5
386.035750894523	-0.0325154348433185	-5.16109548370048	863889.792413141	4598838.94965361	0	0	0	0	0	1.5	1.5	1.5	1.5	1.5	1.5
386.136254865076	-0.0307656020569764	-5.16427548143507	863889.836157043	4598839.04013847	0	0	0	0	0	1.5	1.5	1.5	1.5	1.5	1.5
386.236758835629	-0.0290157692706334	-5.16727961402684	863889.880180522	4598839.13048765	0	0	0	0	0	1.5	1.5	1.5	1.5	1.5	1.5
386.337262806182	-0.0272659364842923	-5.17010788147578	863889.924467292	4598839.22070806	0	0	0	0	0	1.5	1.5	1.5	1.5	1.5	1.5
386.437766776735	-0.0255161036979503	-5.17276028378188	863889.969001132	4598839.31080678	0	0	0	0	0	1.5	1.5	1.5	1.5	1.5	1.5
386.538270747289	-0.0237662709116082	-5.17523682094516	863890.013765882	4598839.40079101	0	0	0	0	0	1.5	1.5	1.5	1.5	1.5	1.5
386.638774717842	-0.0220164381252662	-5.1775374929656	863890.058745442	4598839.49066805	0	0	0	0	0	1.5	1.5	1.5	1.5	1.5	1.5
386.739278688395	-0.0202666053389241	-5.17966229984321	863890.103923768	4598839.58044535	0	0	0	0	0	1.5	1.5	1.5	1.5	1.5	1.5
386.839782658948	-0.0185167725525821	-5.18161124157799	863890.149284867	4598839.67013044	0	0	0	0	0	1.5	1.5	1.5	1.5	1.5	1.5
386.940286629501	-0.01676693976624	-5.18338431816994	863890.194812792	4598839.75973096	0	0	0	0	0	1.5	1.5	1.5	1.5	1.5	1.5
387.040790600054	-0.015017106979898	-5.18498152961905	863890.240491645	4598839.84925463	0	0	0	0	0	1.5	1.5	1.5	1.5	1.5	1.5
387.141294570607	-0.0132672741935559	-5.18640287592534	863890.286305562	4598839.93870927	0	0	0	0	0	1.5	1.5	1.5	1.5	1.5	1.5
387.24179854116	-0.0115174414072148	-5.18764835708879	863890.332238719	4598840.02810273	0	0	0	0	0	1.5	1.5	1.5	1.5	1.5	1.5
387.342302511714	-0.0097676086208718	-5.18871797310941	863890.378275324	4598840.11744297	0	0	0	0	0	1.5	1.5	1.5	1.5	1.5	1.5
387.442806482267	-0.00801777583452975	-5.18961172398721	863890.424399611	4598840.20673797	0	0	0	0	0	1.5	1.5	1.5	1.5	1.5	1.5
387.54331045282	-0.00288165787803702	-5.19023451918459	863890.470594258	4598840.2959966	0	0	0	0	0	1.5	1.5	1.5	1.5	1.5	1.5
387.643814423373	0.0049280403187829	-5.19013168440431	863890.516813977	4598840.38524225	0	0	0	0	0	1.5	1.5	1.5	1.5	1.5	1.5
387.744318393926	0.0127377385156072	-5.18924394394642	863890.562989487	4598840.47451077	0	0	0	0	0	1.5	1.5	1.5	1.5	1.5	1.5
387.844822364479	0.0205474367124227	-5.18757129781094	863890.609050674	4598840.56383833	0	0	0	0	0	1.5	1.5	1.5	1.5	1.5	1.5
387.945326335032	0.0283571349092427	-5.18511374599785	863890.654927286	4598840.65326081	0	0	0	0	0	1.5	1.5	1.5	1.5	1.5	1.5
388.045830305585	0.036166833106067	-5.18187128850716	863890.70054885	4598840.74281366	0	0	0	0	0	1.5	1.5	1.5	1.5	1.5	1.5
388.146334276138	0.0439765313028825	-5.17784392533887	863890.745844585	4598840.83253172	0	0	0	0	0	1.5	1.5	1.5	1.5	1.5	1.5
388.246838246692	0.0517862294997024	-5.17303165649297	863890.790743329	4598840.92244908	0	0	0	0	0	1.5	1.5	1.5	1.5	1.5	1.5
388.347342217245	0.0595959276965223	-5.16743448196947	863890.835173457	4598841.01259887	0	0	0	0	0	1.5	1.5	1.5	1.5	1.5	1.5
388.447846187798	0.0674056258933423	-5.16105240176838	863890.879062811	4598841.10301313	0	0	0	0	0	1.5	1.5	1.5	1.5	1.5	1.5
388.548350158351	0.0752153240901622	-5.15388541588968	863890.922338628	4598841.1937226	0	0	0	0	0	1.5	1.5	1.5	1.5	1.5	1.5
388.648854128904	0.0830250222869821	-5.14593352433337	863890.964927482	4598841.28475658	0	0	0	0	0	1.5	1.5	1.5	1.5	1.5	1.5
388.749358099457	0.090834720483802	-5.13719672709947	863891.00675522	4598841.37614271	0	0	0	0	0	1.5	1.5	1.5	1.5	1.5	1.5
388.84986207001	0.0986444186806219	-5.12767502418796	863891.047746916	4598841.46790682	0	0	0	0	0	1.5	1.5	1.5	1.5	1.5	1.5
388.950366040563	0.106454116877442	-5.11736841559886	863891.087826822	4598841.56007276	0	0	0	0	0	1.5	1.5	1.5	1.5	1.5	1.5
389.050870011117	0.103300025361047	-5.10664550786018	863891.126925959	4598841.65265898	0	0	0	0	0	1.5	1.5	1.5	1.5	1.5	1.5
389.15137398167	0.0947222654003891	-5.0966944946204	863891.165062723	4598841.74564581	0	0	0	0	0	1.5	1.5	1.5	1.5	1.5	1.5
389.251877952223	0.0861445054397358	-5.08760558031512	863891.202312566	4598841.83899156	0	0	0	0	0	1.5	1.5	1.5	1.5	1.5	1.5
389.352381922776	0.0775667454790873	-5.07937876494434	863891.23875287	4598841.93265636	0	0	0	0	0	1.5	1.5	1.5	1.5	1.5	1.5
389.452885893329	0.0689889855184292	-5.07201404850806	863891.274461907	4598842.02660245	0	0	0	0	0	1.5	1.5	1.5	1.5	1.5	1.5
389.553389863882	0.0604112255577759	-5.06551143100627	863891.309518716	4598842.12079391	0	0	0	0	0	1.5	1.5	1.5	1.5	1.5	1.5
389.653893834435	0.0518334655971274	-5.05987091243899	863891.344003008	4598842.21519653	0	0	0	0	0	1.5	1.5	1.5	1.5	1.5	1.5
389.754397804988	0.0432557056364741	-5.0550924928062	863891.377995059	4598842.30977756	0	0	0	0	0	1.5	1.5	1.5	1.5	1.5	1.5
389.854901775542	0.034677945675816	-5.0511761721079	863891.411575623	4598842.40450549	0	0	0	0	0	1.5	1.5	1.5	1.5	1.5	1.5
389.955405746095	0.0261001857151675	-5.0481219503441	863891.444825839	4598842.4993499	0	0	0	0	0	1.5	1.5	1.5	1.5	1.5	1.5
390.055909716648	0.0175224257545142	-5.0459298275148	863891.477827153	4598842.59428123	0	0	0	0	0	1.5	1.5	1.5	1.5	1.5	1.5
390.156413687201	0.00894466579386094	-5.04459980362	863891.51066124	4598842.68927054	0	0	0	0	0	1.5	1.5	1.5	1.5	1.5	1.5
390.256917657754	0.000366905833207642	-5.0441318786597	863891.543409923	4598842.78428934	0	0	0	0	0	1.5	1.5	1.5	1.5	1.5	1.5
390.357421628307	-0.00821085412744565	-5.04452605263389	863891.576155101	4598842.87930934	0	0	0	0	0	1.5	1.5	1.5	1.5	1.5	1.5
390.45792559886	-0.016788614088099	-5.04578232554258	863891.60897868	4598842.97430229	0	0	0	0	0	1.5	1.5	1.5	1.5	1.5	1.5
390.558429569413	-0.00288038485118636	-5.04687709877903	863891.641933151	4598843.06924991	0	0	0	0	0	1.5	1.5	1.5	1.5	1.5	1.5
390.658933539966	0.0133644702883444	-5.046350252672	863891.674915075	4598843.16418799	0	0	0	0	0	1.5	1.5	1.5	1.5	1.5	1.5
390.75943751052	0.0296093254278752	-5.04419073412239	863891.707769444	4598843.25917028	0	0	0	0	0	1.5	1.5	1.5	1.5	1.5	1.5
390.859941481073	0.045854180567406	-5.0403985431302	863891.740341002	4598843.35424987	0	0	0	0	0	1.5	1.5	1.5	1.5	1.5	1.5
390.960445451626	0.0620990357069368	-5.03497367969542	863891.772474018	4598843.44947851	0	0	0	0	0	1.5	1.5	1.5	1.5	1.5	1.5
391.060949422179	0.0783438908464676	-5.02791614381806	863891.804012045	4598843.54490575	0	0	0	0	0	1.5	1.5	1.5	1.5	1.5	1.5
391.161453392732	0.0945887459859892	-5.01922593549813	863891.834797687	4598843.64057826	0	0	0	0	0	1.5	1.5	1.5	1.5	1.5	1.5
391.261957363285	0.110833601125529	-5.0089030547356	863891.864672397	4598843.73653898	0	0	0	0	0	1.5	1.5	1.5	1.5	1.5	1.5
391.362461333838	0.127078456265051	-4.9969475015305	863891.893476306	4598843.83282638	0	0	0	0	0	1.5	1.5	1.5	1.5	1.5	1.5
391.462965304391	0.143323311404581	-4.98335927588281	863891.921048079	4598843.92947362	0	0	0	0	0	1.5	1.5	1.5	1.5	1.5	1.5
391.563469274945	0.159568166544121	-4.96813837779252	863891.947224827	4598844.0265078	0	0	0	0	0	1.5	1.5	1.5	1.5	1.5	1.5
391.663973245498	0.175813021683643	-4.95128480725968	863891.971842062	4598844.12394906	0	0	0	0	0	1.5	1.5	1.5	1.5	1.5	1.5
391.764477216051	0.192057876823174	-4.93279856428424	863891.994733711	4598844.22180985	0	0	0	0	0	1.5	1.5	1.5	1.5	1.5	1.5
391.864981186604	0.208302731962705	-4.91267964886621	863892.015732191	4598844.32009398	0	0	0	0	0	1.5	1.5	1.5	1.5	1.5	1.5
391.965485157157	0.224087841422883	-4.89092844700168	863892.034668564	4598844.41879587	0	0	0	0	0	1.5	1.5	1.5	1.5	1.5	1.5
392.06598912771	0.212815406836149	-4.86897319140288	863892.051420807	4598844.51789181	0	0	0	0	0	1.5	1.5	1.5	1.5	1.5	1.5
392.166493098263	0.201542972249415	-4.84815086023786	863892.066049866	4598844.61732357	0	0	0	0	0	1.5	1.5	1.5	1.5	1.5	1.5
392.266997068816	0.190270537662681	-4.8284614535066	863892.07866201	4598844.71703142	0	0	0	0	0	1.5	1.5	1.5	1.5	1.5	1.5
392.367501039369	0.178998103075947	-4.8099049712091	863892.089365276	4598844.81696238	0	0	0	0	0	1.5	1.5	1.5	1.5	1.5	1.5
392.468005009923	0.167725668489213	-4.79248141334538	863892.098269161	4598844.91706989	0	0	0	0	0	1.5	1.5	1.5	1.5	1.5	1.5
392.568508980476	0.15645323390248	-4.77619077991542	863892.105484352	4598845.01731343	0	0	0	0	0	1.5	1.5	1.5	1.5	1.5	1.5
392.669012951029	0.145180799315746	-4.76103307091923	863892.111122477	4598845.11765816	0	0	0	0	0	1.5	1.5	1.5	1.5	1.5	1.5
392.769516921582	0.133908364729012	-4.7470082863568	863892.115295904	4598845.21807462	0	0	0	0	0	1.5	1.5	1.5	1.5	1.5	1.5
392.870020892135	0.122635930142284	-4.73411642622815	863892.118117562	4598845.31853828	0	0	0	0	0	1.5	1.5	1.5	1.5	1.5	1.5
392.970524862688	0.11136349555555	-4.72235749053326	863892.119700783	4598845.4190292	0	0	0	0	0	1.5	1.5	1.5	1.5	1.5	1.5
393.071028833241	0.10009106096881	-4.71173147927213	863892.120159187	4598845.51953165	0	0	0	0	0	1.5	1.5	1.5	1.5	1.5	1.5
393.171532803794	0.0888186263820827	-4.70223839244478	863892.119606576	4598845.62003372	0	0	0	0	0	1.5	1.5	1.5	1.5	1.5	1.5
393.272036774347	0.0775461917953488	-4.69387823005119	863892.118156852	4598845.72052695	0	0	0	0	0	1.5	1.5	1.5	1.5	1.5	1.5
393.372540744901	0.0662737572086086	-4.68665099209136	863892.115923965	4598845.82100589	0	0	0	0	0	1.5	1.5	1.5	1.5	1.5	1.5
393.473044715454	0.0605066948474885	-4.68049044351864	863892.113021332	4598845.92146778	0	0	0	0	0	1.5	1.5	1.5	1.5	1.5	1.5
393.573548686007	0.0722295429189662	-4.67382018405274	863892.10949081	4598846.02190953	0	0	0	0	0	1.5	1.5	1.5	1.5	1.5	1.5
393.67405265656	0.0839523909904439	-4.66597173180946	863892.105231247	4598846.12232294	0	0	0	0	0	1.5	1.5	1.5	1.5	1.5	1.5
393.774556627113	0.0956752390619217	-4.6569450867888	863892.100124608	4598846.22269675	0	0	0	0	0	1.5	1.5	1.5	1.5	1.5	1.5
393.875060597666	0.107398087133399	-4.64674024899077	863892.094053056	4598846.32301672	0	0	0	0	0	1.5	1.5	1.5	1.5	1.5	1.5
393.975564568219	0.119120935204877	-4.63535721841537	863892.08689904	4598846.42326521	0	0	0	0	0	1.5	1.5	1.5	1.5	1.5	1.5
394.076068538772	0.130843783276355	-4.62279599506259	863892.078545387	4598846.52342075	0	0	0	0	0	1.5	1.5	1.5	1.5	1.5	1.5
394.176572509326	0.142566631347833	-4.60905657893244	863892.068875429	4598846.62345765	0	0	0	0	0	1.5	1.5	1.5	1.5	1.5	1.5
394.277076479879	0.15428947941931	-4.59413897002491	863892.057773149	4598846.72334558	0	0	0	0	0	1.5	1.5	1.5	1.5	1.5	1.5
394.377580450432	0.166012327490781	-4.57804316834002	863892.045123353	4598846.82304921	0	0	0	0	0	1.5	1.5	1.5	1.5	1.5	1.5
394.478084420985	0.177735175562266	-4.56076917387773	863892.030811872	4598846.92252774	0	0	0	0	0	1.5	1.5	1.5	1.5	1.5	1.5
394.578588391538	0.189458023633744	-4.54231698663808	863892.014725804	4598847.02173459	0	0	0	0	0	1.5	1.5	1.5	1.5	1.5	1.5
394.679092362091	0.201180871705215	-4.52268660662107	863891.996753774	4598847.120617	0	0	0	0	0	1.5	1.5	1.5	1.5	1.5	1.5
394.779596332644	0.212903719776699	-4.50187803382666	863891.976786242	4598847.21911563	0	0	0	0	0	1.5	1.5	1.5	1.5	1.5	1.5
394.880100303197	0.224626567848177	-4.47989126825488	863891.954715848	4598847.31716429	0	0	0	0	0	1.5	1.5	1.5	1.5	1.5	1.5
394.98060427375	0.227483704720087	-4.45690856184223	863891.930440205	4598847.41469015	0	0	0	0	0	1.5	1.5	1.5	1.5	1.5	1.5
395.081108244304	0.217534091675198	-4.43454553408997	863891.903948593	4598847.51163767	0	0	0	0	0	1.5	1.5	1.5	1.5	1.5	1.5
395.181612214857	0.207584478630303	-4.41318248195417	863891.875343861	4598847.60798306	0	0	0	0	0	1.5	1.5	1.5	1.5	1.5	1.5
395.28211618541	0.197634865585419	-4.39281940543488	863891.844735387	4598847.7037109	0	0	0	0	0	1.5	1.5	1.5	1.5	1.5	1.5
395.382620155963	0.187685252540529	-4.37345630453205	863891.812231571	4598847.79881208	0	0	0	0	0	1.5	1.5	1.5	1.5	1.5	1.5
395.483124126516	0.177735639495634	-4.35509317924569	863891.777939687	4598847.89328341	0	0	0	0	0	1.5	1.5	1.5	1.5	1.5	1.5
395.583628097069	0.16778602645075	-4.33773002957583	863891.741965755	4598847.98712727	0	0	0	0	0	1.5	1.5	1.5	1.5	1.5	1.5
395.684132067622	0.157836413405861	-4.32136685552244	863891.704414456	4598848.08035132	0	0	0	0	0	1.5	1.5	1.5	1.5	1.5	1.5
395.784636038175	0.147886800360971	-4.30600365708553	863891.665389061	4598848.1729681	0	0	0	0	0	1.5	1.5	1.5	1.5	1.5	1.5
395.885140008729	0.137937187316082	-4.29164043426509	863891.624991395	4598848.26499474	0	0	0	0	0	1.5	1.5	1.5	1.5	1.5	1.5
395.985643979282	0.127987574271192	-4.27827718706114	863891.583321817	4598848.35645262	0	0	0	0	0	1.5	1.5	1.5	1.5	1.5	1.5
396.086147949835	0.118037961226303	-4.26591391547366	863891.540479226	4598848.44736704	0	0	0	0	0	1.5	1.5	1.5	1.5	1.5	1.5
396.186651920388	0.108088348181419	-4.25455061950266	863891.496561089	4598848.53776691	0	0	0	0	0	1.5	1.5	1.5	1.5	1.5	1.5
396.287155890941	0.0981387351365237	-4.24418729914814	863891.451663479	4598848.62768444	0	0	0	0	0	1.5	1.5	1.5	1.5	1.5	1.5
396.387659861494	0.0881891220916342	-4.23482395441009	863891.405881144	4598848.71715484	0	0	0	0	0	1.5	1.5	1.5	1.5	1.5	1.5
396.488163832047	0.0803752108756663	-4.22640304202575	863891.359306661	4598848.80621553	0	0	0	0	0	1.5	1.5	1.5	1.5	1.5	1.5
396.5886678026	0.0744088699787519	-4.2186248346736	863891.31201366	4598848.89489681	0	0	0	0	0	1.5	1.5	1.5	1.5	1.5	1.5
396.689171773153	0.0684425290818409	-4.21144626827127	863891.264058776	4598848.98322197	0	0	0	0	0	1.5	1.5	1.5	1.5	1.5	1.5
396.789675743707	0.0624761881849332	-4.20486734281876	863891.215497449	4598849.0712152	0	0	0	0	0	1.5	1.5	1.5	1.5	1.5	1.5
396.89017971426	0.0565098472880222	-4.19888805831606	863891.166384549	4598849.15890181	0	0	0	0	0	1.5	1.5	1.5	1.5	1.5	1.5
396.990683684813	0.0505435063911077	-4.19350841476316	863891.116774416	4598849.24630809	0	0	0	0	0	1.5	1.5	1.5	1.5	1.5	1.5
397.091187655366	0.0445771654942001	-4.18872841216009	863891.066720904	4598849.33346126	0	0	0	0	0	1.5	1.5	1.5	1.5	1.5	1.5
397.191691625919	0.038610824597289	-4.18454805050683	863891.016277423	4598849.42038932	0	0	0	0	0	1.5	1.5	1.5	1.5	1.5	1.5
397.292195596472	0.032644483700378	-4.18096732980337	863890.965496984	4598849.507121	0	0	0	0	0	1.5	1.5	1.5	1.5	1.5	1.5
397.392699567025	0.0266781428034669	-4.17798625004974	863890.914432253	4598849.59368563	0	0	0	0	0	1.5	1.5	1.5	1.5	1.5	1.5
397.493203537578	0.0207118019065559	-4.17560481124591	863890.863135596	4598849.68011303	0	0	0	0	0	1.5	1.5	1.5	1.5	1.5	1.5
397.593707508132	0.0147454610096449	-4.1738230133919	863890.811659137	4598849.76643348	0	0	0	0	0	1.5	1.5	1.5	1.5	1.5	1.5
397.694211478685	0.00877912011273381	-4.1726408564877	863890.760054805	4598849.85267755	0	0	0	0	0	1.5	1.5	1.5	1.5	1.5	1.5
397.794715449238	0.00281277921582276	-4.17205834053331	863890.708374395	4598849.93887606	0	0	0	0	0	1.5	1.5	1.5	1.5	1.5	1.5
397.895219419791	-0.00315356168108828	-4.17207546552874	863890.656669619	4598850.02505996	0	0	0	0	0	1.5	1.5	1.5	1.5	1.5	1.5
397.995723390344	-0.00950376665382288	-4.17270508093998	863890.604992407	4598850.11126038	0	0	0	0	0	1.5	1.5	1.5	1.5	1.5	1.5
398.096227360897	-0.016046373667568	-4.17398902621523	863890.553397588	4598850.19751015	0	0	0	0	0	1.5	1.5	1.5	1.5	1.5	1.5
398.19673133145	-0.0225889806813132	-4.17593052947312	863890.501941938	4598850.283843	0	0	0	0	0	1.5	1.5	1.5	1.5	1.5	1.5
398.297235302003	-0.0291315876950546	-4.17852959071366	863890.450682427	4598850.37029243	0	0	0	0	0	1.5	1.5	1.5	1.5	1.5	1.5
398.397739272556	-0.0356741947088034	-4.18178620993686	863890.399676254	4598850.45689156	0	0	0	0	0	1.5	1.5	1.5	1.5	1.5	1.5
398.49824324311	-0.0422168017225486	-4.18570038714271	863890.34898091	4598850.543673	0	0	0	0	0	1.5	1.5	1.5	1.5	1.5	1.5
398.598747213663	-0.04875940873629	-4.1902721223312	863890.298654242	4598850.63066873	0	0	0	0	0	1.5	1.5	1.5	1.5	1.5	1.5
398.699251184216	-0.0553020157500388	-4.19550141550235	863890.248754515	4598850.71791001	0	0	0	0	0	1.5	1.5	1.5	1.5	1.5	1.5
398.799755154769	-0.0618446227637803	-4.20138826665614	863890.199340464	4598850.80542727	0	0	0	0	0	1.5	1.5	1.5	1.5	1.5	1.5
398.900259125322	-0.0683872297775254	-4.20793267579258	863890.150471356	4598850.89324995	0	0	0	0	0	1.5	1.5	1.5	1.5	1.5	1.5
399.000763095875	-0.0749298367912705	-4.21513464291168	863890.102207037	4598850.9814064	0	0	0	0	0	1.5	1.5	1.5	1.5	1.5	1.5
399.101267066428	-0.0814724438050157	-4.22299416801342	863890.054607984	4598851.06992378	0	0	0	0	0	1.5	1.5	1.5	1.5	1.5	1.5
399.201771036981	-0.0880150508187608	-4.23151125109782	863890.007735347	4598851.1588279	0	0	0	0	0	1.5	1.5	1.5	1.5	1.5	1.5
399.302275007534	-0.094557657832506	-4.24068589216486	863889.961650989	4598851.24814312	0	0	0	0	0	1.5	1.5	1.5	1.5	1.5	1.5
399.402778978088	-0.101100264846251	-4.25051809121456	863889.916417523	4598851.33789222	0	0	0	0	0	1.5	1.5	1.5	1.5	1.5	1.5
399.503282948641	-0.100794974670891	-4.26073530303638	863889.87209184	4598851.42809307	0	0	0	0	0	1.5	1.5	1.5	1.5	1.5	1.5
399.603786919194	-0.0986913049364182	-4.27075988462209	863889.828682051	4598851.51873828	0	0	0	0	0	1.5	1.5	1.5	1.5	1.5	1.5
399.704290889747	-0.0965876352019451	-4.28057303904674	863889.786173473	4598851.60980961	0	0	0	0	0	1.5	1.5	1.5	1.5	1.5	1.5
399.8047948603	-0.0944839654674721	-4.29017476631035	863889.744550947	4598851.70128931	0	0	0	0	0	1.5	1.5	1.5	1.5	1.5	1.5
399.905298830853	-0.0923802957329991	-4.29956506641291	863889.70379897	4598851.79316015	0	0	0	0	0	1.5	1.5	1.5	1.5	1.5	1.5
400.005802801406	-0.0902766259985272	-4.30874393935442	863889.663901713	4598851.8854054	0	0	0	0	0	1.5	1.5	1.5	1.5	1.5	1.5
400.106306771959	-0.088172956264053	-4.31771138513489	863889.624843037	4598851.97800886	0	0	0	0	0	1.5	1.5	1.5	1.5	1.5	1.5
400.206810742513	-0.0860692865295799	-4.32646740375431	863889.586606504	4598852.07095481	0	0	0	0	0	1.5	1.5	1.5	1.5	1.5	1.5
400.307314713066	-0.0839656167951081	-4.33501199521268	863889.549175398	4598852.16422806	0	0	0	0	0	1.5	1.5	1.5	1.5	1.5	1.5
400.407818683619	-0.0818619470606351	-4.34334515951001	863889.512532731	4598852.25781388	0	0	0	0	0	1.5	1.5	1.5	1.5	1.5	1.5
400.508322654172	-0.0797582773261608	-4.35146689664629	863889.476661262	4598852.35169801	0	0	0	0	0	1.5	1.5	1.5	1.5	1.5	1.5
400.608826624725	-0.077654607591689	-4.35937720662152	863889.441543511	4598852.44586668	0	0	0	0	0	1.5	1.5	1.5	1.5	1.5	1.5
400.709330595278	-0.0755509378572159	-4.36707608943571	863889.407161766	4598852.54030658	0	0	0	0	0	1.5	1.5	1.5	1.5	1.5	1.5
400.809834565831	-0.0734472681227429	-4.37456354508885	863889.373498098	4598852.63500483	0	0	0	0	0	1.5	1.5	1.5	1.5	1.5	1.5
400.910338536384	-0.0714316268178195	-4.3818396210494	863889.340534375	4598852.729949	0	0	0	0	0	1.5	1.5	1.5	1.5	1.5	1.5
401.010842506937	-0.0775313582846735	-4.38932530678352	863889.308265782	4598852.82513166	0	0	0	0	0	1.5	1.5	1.5	1.5	1.5	1.5
401.111346477491	-0.0836310897515275	-4.39742403974937	863889.276739857	4598852.92056284	0	0	0	0	0	1.5	1.5	1.5	1.5	1.5	1.5
401.211850448044	-0.0897308212183815	-4.40613581994695	863889.246017173	4598853.01625558	0	0	0	0	0	1.5	1.5	1.5	1.5	1.5	1.5
401.312354418597	-0.0958305526852355	-4.41546064737625	863889.216158726	4598853.11222145	0	0	0	0	0	1.5	1.5	1.5	1.5	1.5	1.5
401.41285838915	-0.10193028415209	-4.42539852203728	863889.187225945	4598853.20847039	0	0	0	0	0	1.5	1.5	1.5	1.5	1.5	1.5
401.513362359703	-0.10803001561894	-4.43594944393003	863889.159280692	4598853.30501063	0	0	0	0	0	1.5	1.5	1.5	1.5	1.5	1.5
401.613866330256	-0.114129747085798	-4.44711341305452	863889.132385261	4598853.40184853	0	0	0	0	0	1.5	1.5	1.5	1.5	1.5	1.5
401.714370300809	-0.120229478552652	-4.45889042941073	863889.106602368	4598853.4989885	0	0	0	0	0	1.5	1.5	1.5	1.5	1.5	1.5
401.814874271362	-0.126329210019502	-4.47128049299866	863889.081995139	4598853.59643286	0	0	0	0	0	1.5	1.5	1.5	1.5	1.5	1.5
401.915378241916	-0.13242894148636	-4.48428360381833	863889.058627087	4598853.69418172	0	0	0	0	0	1.5	1.5	1.5	1.5	1.5	1.5
402.015882212469	-0.138528672953214	-4.49789976186972	863889.036562082	4598853.79223287	0	0	0	0	0	1.5	1.5	1.5	1.5	1.5	1.5
402.116386183022	-0.144628404420064	-4.51212896715283	863889.015864321	4598853.89058164	0	0	0	0	0	1.5	1.5	1.5	1.5	1.5	1.5
402.216890153575	-0.150728135886918	-4.52697121966767	863888.996598282	4598853.98922079	0	0	0	0	0	1.5	1.5	1.5	1.5	1.5	1.5
402.317394124128	-0.156827867353776	-4.54242651941425	863888.978828672	4598854.08814039	0	0	0	0	0	1.5	1.5	1.5	1.5	1.5	1.5
402.417898094681	-0.163602888387523	-4.55849971068643	863888.962620394	4598854.1873277	0	0	0	0	0	1.5	1.5	1.5	1.5	1.5	1.5
402.518402065234	-0.174433073818706	-4.57548668888217	863888.948050127	4598854.2867687	0	0	0	0	0	1.5	1.5	1.5	1.5	1.5	1.5
402.618906035787	-0.185263259249894	-4.59356214371557	863888.935225352	4598854.38644968	0	0	0	0	0	1.5	1.5	1.5	1.5	1.5	1.5
402.71941000634	-0.196093444681071	-4.61272607518662	863888.924258741	4598854.486352	0	0	0	0	0	1.5	1.5	1.5	1.5	1.5	1.5
402.819913976894	-0.206923630112254	-4.63297848329533	863888.91526304	4598854.58645085	0	0	0	0	0	1.5	1.5	1.5	1.5	1.5	1.5
402.920417947447	-0.217753815543436	-4.65431936804171	863888.908350867	4598854.68671493	0	0	0	0	0	1.5	1.5	1.5	1.5	1.5	1.5
403.020921918	-0.228584000974619	-4.67674872942575	863888.903634476	4598854.78710607	0	0	0	0	0	1.5	1.5	1.5	1.5	1.5	1.5
403.121425888553	-0.239414186405802	-4.70026656744745	863888.901225477	4598854.88757885	0	0	0	0	0	1.5	1.5	1.5	1.5	1.5	1.5
403.221929859106	-0.250244371836985	-4.7248728821068	863888.901234526	4598854.98808028	0	0	0	0	0	1.5	1.5	1.5	1.5	1.5	1.5
403.322433829659	-0.261074557268167	-4.75056767340382	863888.903770966	4598855.08854948	0	0	0	0	0	1.5	1.5	1.5	1.5	1.5	1.5
403.422937800212	-0.27190474269935	-4.7773509413385	863888.908942433	4598855.1889173	0	0	0	0	0	1.5	1.5	1.5	1.5	1.5	1.5
403.523441770765	-0.282734928130533	-4.80522268591084	863888.91685441	4598855.2891061	0	0	0	0	0	1.5	1.5	1.5	1.5	1.5	1.5
403.623945741318	-0.293565113561709	-4.83418290712082	863888.927609745	4598855.38902939	0	0	0	0	0	1.5	1.5	1.5	1.5	1.5	1.5
403.724449711872	-0.304395298992898	-4.8642316049685	863888.941308118	4598855.48859165	0	0	0	0	0	1.5	1.5	1.5	1.5	1.5	1.5
403.824953682425	-0.315225484424081	-4.89536877945382	863888.958045461	4598855.58768803	0	0	0	0	0	1.5	1.5	1.5	1.5	1.5	1.5
403.925457652978	-0.317932768055401	-4.92746929272231	863888.97791208	4598855.6862045	0	0	0	0	0	1.5	1.5	1.5	1.5	1.5	1.5
404.025961623531	-0.302266550208381	-4.95863553973225	863889.00090155	4598855.78403964	0	0	0	0	0	1.5	1.5	1.5	1.5	1.5	1.5
404.126465594084	-0.286600332361371	-4.988227269645	863889.026852192	4598855.88113174	0	0	0	0	0	1.5	1.5	1.5	1.5	1.5	1.5
404.226969564637	-0.270934114514369	-5.01624448246056	863889.055588478	4598855.97743653	0	0	0	0	0	1.5	1.5	1.5	1.5	1.5	1.5
404.32747353519	-0.255267896667358	-5.04268717817896	863889.086936274	4598856.07292357	0	0	0	0	0	1.5	1.5	1.5	1.5	1.5	1.5
404.427977505743	-0.239601678820348	-5.06755535680019	863889.12072336	4598856.16757536	0	0	0	0	0	1.5	1.5	1.5	1.5	1.5	1.5
404.528481476297	-0.223935460973337	-5.09084901832424	863889.156779847	4598856.26138645	0	0	0	0	0	1.5	1.5	1.5	1.5	1.5	1.5
404.62898544685	-0.208269243126327	-5.11256816275111	863889.194938486	4598856.35436263	0	0	0	0	0	1.5	1.5	1.5	1.5	1.5	1.5
404.729489417403	-0.192603025279316	-5.13271279008082	863889.235034901	4598856.44652001	0	0	0	0	0	1.5	1.5	1.5	1.5	1.5	1.5
404.829993387956	-0.176936807432305	-5.15128290031334	863889.276907723	4598856.53788426	0	0	0	0	0	1.5	1.5	1.5	1.5	1.5	1.5
404.930497358509	-0.161270589585295	-5.16827849344869	863889.320398658	4598856.62848968	0	0	0	0	0	1.5	1.5	1.5	1.5	1.5	1.5
405.031001329062	-0.145604371738284	-5.18369956948687	863889.365352474	4598856.71837852	0	0	0	0	0	1.5	1.5	1.5	1.5	1.5	1.5
405.131505299615	-0.129938153891274	-5.19754612842787	863889.411616935	4598856.80760007	0	0	0	0	0	1.5	1.5	1.5	1.5	1.5	1.5
405.232009270168	-0.114271936044263	-5.2098181702717	863889.459042671	4598856.89621001	0	0	0	0	0	1.5	1.5	1.5	1.5	1.5	1.5
405.332513240722	-0.0986057181972526	-5.22051569501836	863889.507482996	4598856.98426957	0	0	0	0	0	1.5	1.5	1.5	1.5	1.5	1.5
405.433017211275	-0.0903984049137425	-5.22982518875288	863889.556796388	4598857.07184334	0	0	0	0	0	1.5	1.5	1.5	1.5	1.5	1.5
405.533521181828	-0.089724094528778	-5.23887670194285	863889.606906161	4598857.15896389	0	0	0	0	0	1.5	1.5	1.5	1.5	1.5	1.5
405.634025152381	-0.089049784143814	-5.24786044426174	863889.657799509	4598857.24562904	0	0	0	0	0	1.5	1.5	1.5	1.5	1.5	1.5
405.734529122934	-0.0883754737588503	-5.25677641570955	863889.709466451	4598857.33183523	0	0	0	0	0	1.5	1.5	1.5	1.5	1.5	1.5
405.835033093487	-0.0877011633738859	-5.26562461628629	863889.761897039	4598857.41757913	0	0	0	0	0	1.5	1.5	1.5	1.5	1.5	1.5
405.93553706404	-0.0870268529889222	-5.27440504599196	863889.815081357	4598857.50285756	0	0	0	0	0	1.5	1.5	1.5	1.5	1.5	1.5
406.036041034593	-0.0863525426039581	-5.28311770482655	863889.869009525	4598857.58766757	0	0	0	0	0	1.5	1.5	1.5	1.5	1.5	1.5
406.136545005146	-0.0856782322189941	-5.29176259279007	863889.923671703	4598857.67200636	0	0	0	0	0	1.5	1.5	1.5	1.5	1.5	1.5
406.2370489757	-0.08500392183403	-5.30033970988251	863889.979058089	4598857.75587134	0	0	0	0	0	1.5	1.5	1.5	1.5	1.5	1.5
406.337552946253	-0.0843296114490659	-5.30884905610388	863890.035158925	4598857.83926008	0	0	0	0	0	1.5	1.5	1.5	1.5	1.5	1.5
406.438056916806	-0.0836553010641019	-5.31729063145418	863890.0919645	4598857.92217037	0	0	0	0	0	1.5	1.5	1.5	1.5	1.5	1.5
406.538560887359	-0.0829809906791378	-5.3256644359334	863890.149465145	4598858.00460012	0	0	0	0	0	1.5	1.5	1.5	1.5	1.5	1.5
406.639064857912	-0.0823066802941738	-5.33397046954155	863890.207651242	4598858.08654747	0	0	0	0	0	1.5	1.5	1.5	1.5	1.5	1.5
406.739568828465	-0.0816323699092097	-5.34220873227862	863890.266513224	4598858.1680107	0	0	0	0	0	1.5	1.5	1.5	1.5	1.5	1.5
406.840072799018	-0.0809580595242457	-5.35037922414462	863890.326041576	4598858.24898828	0	0	0	0	0	1.5	1.5	1.5	1.5	1.5	1.5
406.940576769571	-0.0763788224181637	-5.35835381266756	863890.386224595	4598858.3294805	0	0	0	0	0	1.5	1.5	1.5	1.5	1.5	1.5
407.041080740125	-0.0697242557519419	-5.36569578240062	863890.447023413	4598858.40950866	0	0	0	0	0	1.5	1.5	1.5	1.5	1.5	1.5
407.141584710678	-0.0630696890857238	-5.37236894176142	863890.508381561	4598858.48910884	0	0	0	0	0	1.5	1.5	1.5	1.5	1.5	1.5
407.242088681231	-0.0564151224194983	-5.37837329074995	863890.57024306	4598858.56831852	0	0	0	0	0	1.5	1.5	1.5	1.5	1.5	1.5
407.342592651784	-0.0497605557532765	-5.38370882936622	863890.632552697	4598858.64717619	0	0	0	0	0	1.5	1.5	1.5	1.5	1.5	1.5
407.443096622337	-0.0431059890870584	-5.38837555761022	863890.695255948	4598858.72572129	0	0	0	0	0	1.5	1.5	1.5	1.5	1.5	1.5
407.54360059289	-0.0364514224208366	-5.39237347548195	863890.758298907	4598858.80399402	0	0	0	0	0	1.5	1.5	1.5	1.5	1.5	1.5
407.644104563443	-0.029796855754611	-5.39570258298143	863890.821628209	4598858.88203528	0	0	0	0	0	1.5	1.5	1.5	1.5	1.5	1.5
407.744608533996	-0.023142289088393	-5.39836288010863	863890.885190947	4598858.95988655	0	0	0	0	0	1.5	1.5	1.5	1.5	1.5	1.5
407.845112504549	-0.0164877224221712	-5.40035436686357	863890.948934595	4598859.03758978	0	0	0	0	0	1.5	1.5	1.5	1.5	1.5	1.5
407.945616475103	-0.00983315575594559	-5.40167704324624	863891.012806923	4598859.11518728	0	0	0	0	0	1.5	1.5	1.5	1.5	1.5	1.5
408.046120445656	-0.00317858908972754	-5.40233090925665	863891.076755909	4598859.19272163	0	0	0	0	0	1.5	1.5	1.5	1.5	1.5	1.5
408.146624416209	0.00347597757649426	-5.40231596489479	863891.140729663	4598859.27023554	0	0	0	0	0	1.5	1.5	1.5	1.5	1.5	1.5
408.247128386762	0.0101305442427161	-5.40163221016067	863891.204676332	4598859.3477718	0	0	0	0	0	1.5	1.5	1.5	1.5	1.5	1.5
408.347632357315	0.0167851109089379	-5.40027964505428	863891.268544021	4598859.42537312	0	0	0	0	0	1.5	1.5	1.5	1.5	1.5	1.5
408.448136327868	0.021340521674628	-5.39833641480727	863891.332282201	4598859.50308084	0	0	0	0	0	1.5	1.5	1.5	1.5	1.5	1.5
408.548640298421	0.0251614779981971	-5.39599959700439	863891.395853627	4598859.58092502	0	0	0	0	0	1.5	1.5	1.5	1.5	1.5	1.5
408.649144268974	0.0289824343217661	-5.39327875791967	863891.45922799	4598859.65892971	0	0	0	0	0	1.5	1.5	1.5	1.5	1.5	1.5
408.749648239528	0.0328033906453352	-5.39017389755312	863891.522374863	4598859.73711867	0	0	0	0	0	1.5	1.5	1.5	1.5	1.5	1.5
408.850152210081	0.0366243469689043	-5.38668501590474	863891.585263608	4598859.81551537	0	0	0	0	0	1.5	1.5	1.5	1.5	1.5	1.5
408.950656180634	0.0404453032924711	-5.38281211297454	863891.64786335	4598859.89414303	0	0	0	0	0	1.5	1.5	1.5	1.5	1.5	1.5
409.051160151187	0.0442662596160424	-5.37855518876251	863891.710142953	4598859.97302448	0	0	0	0	0	1.5	1.5	1.5	1.5	1.5	1.5
409.15166412174	0.0480872159396114	-5.37391424326864	863891.772070993	4598860.05218222	0	0	0	0	0	1.5	1.5	1.5	1.5	1.5	1.5
409.252168092293	0.0519081722631783	-5.36888927649296	863891.833615736	4598860.13163832	0	0	0	0	0	1.5	1.5	1.5	1.5	1.5	1.5
409.352672062846	0.0557291285867496	-5.36348028843543	863891.894745113	4598860.2114144	0	0	0	0	0	1.5	1.5	1.5	1.5	1.5	1.5
409.453176033399	0.0595500849103186	-5.35768727909609	863891.955426697	4598860.2915316	0	0	0	0	0	1.5	1.5	1.5	1.5	1.5	1.5
409.553680003952	0.0633710412338855	-5.35151024847491	863892.015627682	4598860.37201052	0	0	0	0	0	1.5	1.5	1.5	1.5	1.5	1.5
409.654183974506	0.0671919975574546	-5.34494919657191	863892.075314864	4598860.45287122	0	0	0	0	0	1.5	1.5	1.5	1.5	1.5	1.5
409.754687945059	0.0710129538810258	-5.33800412338707	863892.134454619	4598860.53413312	0	0	0	0	0	1.5	1.5	1.5	1.5	1.5	1.5
409.855191915612	0.0748339102045927	-5.33067502892041	863892.193012886	4598860.61581502	0	0	0	0	0	1.5	1.5	1.5	1.5	1.5	1.5
409.955695886165	0.0798262987419744	-5.32291072622462	863892.250953931	4598860.69793586	0	0	0	0	0	1.5	1.5	1.5	1.5	1.5	1.5
410.056199856718	0.0849944434186929	-5.31462815671629	863892.30823425	4598860.78051888	0	0	0	0	0	1.5	1.5	1.5	1.5	1.5	1.5
410.156703827271	0.0901625880954113	-5.30582616814756	863892.364807019	4598860.86358816	0	0	0	0	0	1.5	1.5	1.5	1.5	1.5	1.5
410.257207797824	0.0953307327721297	-5.29650476051842	863892.420624705	4598860.94716663	0	0	0	0	0	1.5	1.5	1.5	1.5	1.5	1.5
410.357711768377	0.100498877448848	-5.28666393382888	863892.475639044	4598861.03127601	0	0	0	0	0	1.5	1.5	1.5	1.5	1.5	1.5
410.458215738931	0.105667022125567	-5.27630368807894	863892.529801018	4598861.11593674	0	0	0	0	0	1.5	1.5	1.5	1.5	1.5	1.5
410.558719709484	0.110835166802285	-5.26542402326859	863892.583060836	4598861.20116784	0	0	0	0	0	1.5	1.5	1.5	1.5	1.5	1.5
410.659223680037	0.116003311479003	-5.25402493939784	863892.635367923	4598861.28698688	0	0	0	0	0	1.5	1.5	1.5	1.5	1.5	1.5
410.75972765059	0.121171456155719	-5.2421064364667	863892.686670906	4598861.37340986	0	0	0	0	0	1.5	1.5	1.5	1.5	1.5	1.5
410.860231621143	0.12633960083244	-5.22966851447514	863892.736917606	4598861.46045116	0	0	0	0	0	1.5	1.5	1.5	1.5	1.5	1.5
410.960735591696	0.131507745509159	-5.21671117342318	863892.786055041	4598861.54812338	0	0	0	0	0	1.5	1.5	1.5	1.5	1.5	1.5
411.061239562249	0.136675890185874	-5.20323441331082	863892.834029421	4598861.63643734	0	0	0	0	0	1.5	1.5	1.5	1.5	1.5	1.5
411.161743532802	0.141844034862595	-5.18923823413805	863892.880786164	4598861.72540188	0	0	0	0	0	1.5	1.5	1.5	1.5	1.5	1.5
411.262247503355	0.147012179539314	-5.17472263590489	863892.926269902	4598861.81502387	0	0	0	0	0	1.5	1.5	1.5	1.5	1.5	1.5
411.362751473909	0.152180324216029	-5.15968761861132	863892.970424503	4598861.90530802	0	0	0	0	0	1.5	1.5	1.5	1.5	1.5	1.5
411.463255444462	0.145554247394949	-5.14472428166318	863893.013210997	4598861.99624853	0	0	0	0	0	1.5	1.5	1.5	1.5	1.5	1.5
411.563759415015	0.138896572179996	-5.13043006326598	863893.054662645	4598862.08780527	0	0	0	0	0	1.5	1.5	1.5	1.5	1.5	1.5
411.664263385568	0.13223889696505	-5.11680496766256	863893.094832226	4598862.17993179	0	0	0	0	0	1.5	1.5	1.5	1.5	1.5	1.5
411.764767356121	0.1255812217501	-5.10384899485289	863893.133773914	4598862.27258411	0	0	0	0	0	1.5	1.5	1.5	1.5	1.5	1.5
411.865271326674	0.11892354653515	-5.09156214483697	863893.171543155	4598862.3657206	0	0	0	0	0	1.5	1.5	1.5	1.5	1.5	1.5
411.965775297227	0.1122658713202	-5.0799444176148	863893.208196555	4598862.45930192	0	0	0	0	0	1.5	1.5	1.5	1.5	1.5	1.5
412.06627926778	0.10560819610525	-5.06899581318639	863893.243791773	4598862.55329089	0	0	0	0	0	1.5	1.5	1.5	1.5	1.5	1.5
412.166783238333	0.0989505208903002	-5.05871633155174	863893.278387423	4598862.64765243	0	0	0	0	0	1.5	1.5	1.5	1.5	1.5	1.5
412.267287208887	0.0922928456753503	-5.04910597271085	863893.312042977	4598862.7423534	0	0	0	0	0	1.5	1.5	1.5	1.5	1.5	1.5
412.36779117944	0.0856351704604005	-5.0401647366637	863893.344818686	4598862.83736253	0	0	0	0	0	1.5	1.5	1.5	1.5	1.5	1.5
412.468295149993	0.0789774952454506	-5.03189262341032	863893.376775495	4598862.93265026	0	0	0	0	0	1.5	1.5	1.5	1.5	1.5	1.5
412.568799120546	0.0723198200305007	-5.02428963295069	863893.407974967	4598863.0281887	0	0	0	0	0	1.5	1.5	1.5	1.5	1.5	1.5
412.669303091099	0.0656621448155508	-5.01735576528481	863893.438479218	4598863.12395142	0	0	0	0	0	1.5	1.5	1.5	1.5	1.5	1.5
412.769807061652	0.0590044696006009	-5.0110910204127	863893.468350854	4598863.21991339	0	0	0	0	0	1.5	1.5	1.5	1.5	1.5	1.5
412.870311032205	0.0541209096420318	-5.00548680047079	863893.497652879	4598863.31605086	0	0	0	0	0	1.5	1.5	1.5	1.5	1.5	1.5
412.970815002758	0.0658593587917576	-4.99945755378798	863893.52640965	4598863.41235281	0	0	0	0	0	1.5	1.5	1.5	1.5	1.5	1.5
413.071318973312	0.0775978079414702	-4.99224854635748	863893.554528342	4598863.50884293	0	0	0	0	0	1.5	1.5	1.5	1.5	1.5	1.5
413.171822943865	0.0893362570911894	-4.98385977817931	863893.58189365	4598863.60554934	0	0	0	0	0	1.5	1.5	1.5	1.5	1.5	1.5
413.272326914418	0.101074706240915	-4.97429124925344	863893.608389551	4598863.70249746	0	0	0	0	0	1.5	1.5	1.5	1.5	1.5	1.5
413.372830884971	0.112813155390628	-4.9635429595799	863893.633899237	4598863.79970963	0	0	0	0	0	1.5	1.5	1.5	1.5	1.5	1.5
413.473334855524	0.124551604540347	-4.95161490915868	863893.658305072	4598863.89720468	0	0	0	0	0	1.5	1.5	1.5	1.5	1.5	1.5
413.573838826077	0.136290053690066	-4.93850709798977	863893.681488562	4598863.99499746	0	0	0	0	0	1.5	1.5	1.5	1.5	1.5	1.5
413.67434279663	0.148028502839785	-4.92421952607318	863893.703330354	4598864.0930985	0	0	0	0	0	1.5	1.5	1.5	1.5	1.5	1.5
413.774846767183	0.159766951989505	-4.90875219340891	863893.723710259	4598864.19151346	0	0	0	0	0	1.5	1.5	1.5	1.5	1.5	1.5
413.875350737736	0.171505401139224	-4.89210509999695	863893.742507305	4598864.29024282	0	0	0	0	0	1.5	1.5	1.5	1.5	1.5	1.5
413.97585470829	0.183243850288943	-4.87427824583731	863893.759599819	4598864.38928133	0	0	0	0	0	1.5	1.5	1.5	1.5	1.5	1.5
414.076358678843	0.194982299438662	-4.85527163092999	863893.774865544	4598864.48861764	0	0	0	0	0	1.5	1.5	1.5	1.5	1.5	1.5
414.176862649396	0.206720748588382	-4.83508525527498	863893.788181793	4598864.58823381	0	0	0	0	0	1.5	1.5	1.5	1.5	1.5	1.5
414.277366619949	0.218459197738094	-4.81371911887231	863893.799425644	4598864.68810493	0	0	0	0	0	1.5	1.5	1.5	1.5	1.5	1.5
414.377870590502	0.22265895818729	-4.79131206458352	863893.808475867	4598864.78819847	0	0	0	0	0	1.5	1.5	1.5	1.5	1.5	1.5
414.478374561055	0.213828023235148	-4.76937772721967	863893.815292898	4598864.88846896	0	0	0	0	0	1.5	1.5	1.5	1.5	1.5	1.5
414.578878531608	0.204997088283012	-4.74833093388222	863893.819953659	4598864.98886294	0	0	0	0	0	1.5	1.5	1.5	1.5	1.5	1.5
414.679382502161	0.19616615333087	-4.72817168457114	863893.822545161	4598865.0893318	0	0	0	0	0	1.5	1.5	1.5	1.5	1.5	1.5
414.779886472715	0.187335218378724	-4.70889997928644	863893.823155497	4598865.18983236	0	0	0	0	0	1.5	1.5	1.5	1.5	1.5	1.5
414.880390443268	0.178504283426587	-4.69051581802814	863893.821873617	4598865.29032674	0	0	0	0	0	1.5	1.5	1.5	1.5	1.5	1.5
414.980894413821	0.169673348474446	-4.67301920079623	863893.818789128	4598865.39078208	0	0	0	0	0	1.5	1.5	1.5	1.5	1.5	1.5
415.081398384374	0.160842413522299	-4.65641012759068	863893.813992115	4598865.49117035	0	0	0	0	0	1.5	1.5	1.5	1.5	1.5	1.5
415.181902354927	0.152011478570163	-4.64068859841155	863893.807572985	4598865.59146808	0	0	0	0	0	1.5	1.5	1.5	1.5	1.5	1.5
415.28240632548	0.143180543618021	-4.62585461325879	863893.79962233	4598865.69165616	0	0	0	0	0	1.5	1.5	1.5	1.5	1.5	1.5
415.382910296033	0.13434960866588	-4.61190817213242	863893.790230811	4598865.79171955	0	0	0	0	0	1.5	1.5	1.5	1.5	1.5	1.5
415.483414266586	0.125518673713738	-4.59884927503243	863893.779489055	4598865.89164712	0	0	0	0	0	1.5	1.5	1.5	1.5	1.5	1.5
415.583918237139	0.116687738761597	-4.58667792195883	863893.767487577	4598865.99143133	0	0	0	0	0	1.5	1.5	1.5	1.5	1.5	1.5
415.684422207693	0.107856803809455	-4.57539411291162	863893.754316713	4598866.09106802	0	0	0	0	0	1.5	1.5	1.5	1.5	1.5	1.5
415.784926178246	0.0990258688573135	-4.56499784789079	863893.740066567	4598866.19055616	0	0	0	0	0	1.5	1.5	1.5	1.5	1.5	1.5
415.885430148799	0.0945484387435783	-4.55537550943067	863893.724825024	4598866.28989732	0	0	0	0	0	1.5	1.5	1.5	1.5	1.5	1.5
415.985934119352	0.094100247511345	-4.54589553842654	863893.708638646	4598866.38908892	0	0	0	0	0	1.5	1.5	1.5	1.5	1.5	1.5
416.086438089905	0.093652056279112	-4.53646061242083	863893.691514906	4598866.48812301	0	0	0	0	0	1.5	1.5	1.5	1.5	1.5	1.5
416.186942060458	0.0932038650468784	-4.52707073141351	863893.673459789	4598866.58699154	0	0	0	0	0	1.5	1.5	1.5	1.5	1.5	1.5
416.287446031011	0.0927556738146451	-4.51772589540461	863893.654479339	4598866.68568661	0	0	0	0	0	1.5	1.5	1.5	1.5	1.5	1.5
416.387950001564	0.0923074825824121	-4.50842610439412	863893.634579661	4598866.78420046	0	0	0	0	0	1.5	1.5	1.5	1.5	1.5	1.5
416.488453972118	0.0918592913501785	-4.49917135838202	863893.613766913	4598866.88252546	0	0	0	0	0	1.5	1.5	1.5	1.5	1.5	1.5
416.588957942671	0.0914111001179452	-4.48996165736833	863893.592047304	4598866.98065413	0	0	0	0	0	1.5	1.5	1.5	1.5	1.5	1.5
416.689461913224	0.0909629088857122	-4.48079700135306	863893.569427099	4598867.07857912	0	0	0	0	0	1.5	1.5	1.5	1.5	1.5	1.5
416.789965883777	0.0905147176534789	-4.47167739033619	863893.545912608	4598867.17629322	0	0	0	0	0	1.5	1.5	1.5	1.5	1.5	1.5
416.89046985433	0.0900665264212453	-4.46260282431771	863893.521510187	4598867.27378938	0	0	0	0	0	1.5	1.5	1.5	1.5	1.5	1.5
416.990973824883	0.0896183351890123	-4.45357330329766	863893.496226237	4598867.37106066	0	0	0	0	0	1.5	1.5	1.5	1.5	1.5	1.5
417.091477795436	0.089170143956779	-4.44458882727601	863893.470067202	4598867.46810026	0	0	0	0	0	1.5	1.5	1.5	1.5	1.5	1.5
417.191981765989	0.0887219527245454	-4.43564939625276	863893.443039564	4598867.56490154	0	0	0	0	0	1.5	1.5	1.5	1.5	1.5	1.5
417.292485736542	0.0882737614923124	-4.42675501022792	863893.415149842	4598867.66145798	0	0	0	0	0	1.5	1.5	1.5	1.5	1.5	1.5
417.392989707096	0.0835882195743643	-4.41805755576918	863893.386408068	4598867.75776423	0	0	0	0	0	1.5	1.5	1.5	1.5	1.5	1.5
417.493493677649	0.0771995328360201	-4.4099776520024	863893.356858466	4598867.85382574	0	0	0	0	0	1.5	1.5	1.5	1.5	1.5	1.5
417.593997648202	0.0708108460976759	-4.40253983661945	863893.32656442	4598867.94965513	0	0	0	0	0	1.5	1.5	1.5	1.5	1.5	1.5
417.694501618755	0.0644221593593317	-4.39574410962032	863893.29558914	4598868.04526654	0	0	0	0	0	1.5	1.5	1.5	1.5	1.5	1.5
417.795005589308	0.0580334726209875	-4.38959047100501	863893.263995449	4598868.14067542	0	0	0	0	0	1.5	1.5	1.5	1.5	1.5	1.5
417.895509559861	0.0516447858826433	-4.38407892077353	863893.231845807	4598868.23589844	0	0	0	0	0	1.5	1.5	1.5	1.5	1.5	1.5
417.996013530414	0.0452560991442991	-4.37920945892587	863893.199202336	4598868.33095333	0	0	0	0	0	1.5	1.5	1.5	1.5	1.5	1.5
418.096517500967	0.0388674124059549	-4.37498208546203	863893.166126846	4598868.42585878	0	0	0	0	0	1.5	1.5	1.5	1.5	1.5	1.5
418.19702147152	0.0324787256676143	-4.37139680038202	863893.132680871	4598868.52063433	0	0	0	0	0	1.5	1.5	1.5	1.5	1.5	1.5
418.297525442074	0.0260900389292665	-4.36845360368583	863893.098925699	4598868.61530021	0	0	0	0	0	1.5	1.5	1.5	1.5	1.5	1.5
418.398029412627	0.0197013521909223	-4.36615249537347	863893.064922409	4598868.70987727	0	0	0	0	0	1.5	1.5	1.5	1.5	1.5	1.5
418.49853338318	0.0133126654525817	-4.36449347544493	863893.030731914	4598868.80438682	0	0	0	0	0	1.5	1.5	1.5	1.5	1.5	1.5
418.599037353733	0.00692397871423751	-4.36347654390021	863892.996414996	4598868.89885055	0	0	0	0	0	1.5	1.5	1.5	1.5	1.5	1.5
418.699541324286	0.000535291975889696	-4.36310170073931	863892.962032349	4598868.99329038	0	0	0	0	0	1.5	1.5	1.5	1.5	1.5	1.5
418.800045294839	-0.00585339476245088	-4.36336894596224	863892.927644621	4598869.08772836	0	0	0	0	0	1.5	1.5	1.5	1.5	1.5	1.5
418.900549265392	-0.00751226615090347	-4.36407025679709	863892.893306724	4598869.18218447	0	0	0	0	0	1.5	1.5	1.5	1.5	1.5	1.5
419.001053235945	-0.00849676154464887	-4.36487474222113	863892.859040136	4598869.27666647	0	0	0	0	0	1.5	1.5	1.5	1.5	1.5	1.5
419.101557206499	-0.00948125693839428	-4.36577817334125	863892.824854244	4598869.3711777	0	0	0	0	0	1.5	1.5	1.5	1.5	1.5	1.5
419.202061177052	-0.0104657523321397	-4.36678055015742	863892.790758428	4598869.46572146	0	0	0	0	0	1.5	1.5	1.5	1.5	1.5	1.5
419.302565147605	-0.0114502477258851	-4.36788187266966	863892.756762077	4598869.56030103	0	0	0	0	0	1.5	1.5	1.5	1.5	1.5	1.5
419.403069118158	-0.0124347431196305	-4.36908214087796	863892.722874591	4598869.65491966	0	0	0	0	0	1.5	1.5	1.5	1.5	1.5	1.5
419.503573088711	-0.0134192385133759	-4.37038135478232	863892.68910538	4598869.74958057	0	0	0	0	0	1.5	1.5	1.5	1.5	1.5	1.5
419.604077059264	-0.0144037339071213	-4.37177951438274	863892.655463869	4598869.84428693	0	0	0	0	0	1.5	1.5	1.5	1.5	1.5	1.5
419.704581029817	-0.0153882293008667	-4.37327661967923	863892.621959492	4598869.93904189	0	0	0	0	0	1.5	1.5	1.5	1.5	1.5	1.5
419.80508500037	-0.0163727246946121	-4.37487267067178	863892.588601702	4598870.03384856	0	0	0	0	0	1.5	1.5	1.5	1.5	1.5	1.5
419.905588970924	-0.0173572200883575	-4.3765676673604	863892.555399965	4598870.12870999	0	0	0	0	0	1.5	1.5	1.5	1.5	1.5	1.5
420.006092941477	-0.0183417154821023	-4.37836160974507	863892.522363761	4598870.22362919	0	0	0	0	0	1.5	1.5	1.5	1.5	1.5	1.5
420.10659691203	-0.0193262108758477	-4.38025449782581	863892.489502589	4598870.31860912	0	0	0	0	0	1.5	1.5	1.5	1.5	1.5	1.5
420.207100882583	-0.0203107062695937	-4.38224633160261	863892.456825965	4598870.41365271	0	0	0	0	0	1.5	1.5	1.5	1.5	1.5	1.5
420.307604853136	-0.0215502596113584	-4.38433765000533	863892.424343423	4598870.5087628	0	0	0	0	0	1.5	1.5	1.5	1.5	1.5	1.5
420.408108823689	-0.0286007032884331	-4.38685783545458	863892.39207546	4598870.60394589	0	0	0	0	0	1.5	1.5	1.5	1.5	1.5	1.5
420.508612794242	-0.0356511469655039	-4.39008661848753	863892.360081237	4598870.69922133	0	0	0	0	0	1.5	1.5	1.5	1.5	1.5	1.5
420.609116764795	-0.0427015906425786	-4.39402399910419	863892.328428605	4598870.79461077	0	0	0	0	0	1.5	1.5	1.5	1.5	1.5	1.5
420.709620735348	-0.0497520343196533	-4.39866997730455	863892.297185652	4598870.89013516	0	0	0	0	0	1.5	1.5	1.5	1.5	1.5	1.5
420.810124705902	-0.056802477996728	-4.40402455308863	863892.266420746	4598870.98581454	0	0	0	0	0	1.5	1.5	1.5	1.5	1.5	1.5
420.910628676455	-0.0638529216737987	-4.4100877264564	863892.236202569	4598871.08166796	0	0	0	0	0	1.5	1.5	1.5	1.5	1.5	1.5
421.011132647008	-0.0709033653508814	-4.4168594974079	863892.206600158	4598871.1777133	0	0	0	0	0	1.5	1.5	1.5	1.5	1.5	1.5
421.111636617561	-0.0779538090279521	-4.42433986594309	863892.177682932	4598871.27396711	0	0	0	0	0	1.5	1.5	1.5	1.5	1.5	1.5
421.212140588114	-0.0850042527050268	-4.43252883206199	863892.149520714	4598871.37044447	0	0	0	0	0	1.5	1.5	1.5	1.5	1.5	1.5
421.312644558667	-0.0920546963821016	-4.4414263957646	863892.12218376	4598871.46715885	0	0	0	0	0	1.5	1.5	1.5	1.5	1.5	1.5
421.41314852922	-0.0991051400591723	-4.45103255705091	863892.095742765	4598871.56412196	0	0	0	0	0	1.5	1.5	1.5	1.5	1.5	1.5
421.513652499773	-0.106155583736247	-4.46134731592094	863892.070268878	4598871.66134356	0	0	0	0	0	1.5	1.5	1.5	1.5	1.5	1.5
421.614156470326	-0.113206027413322	-4.47237067237467	863892.0458337	4598871.75883134	0	0	0	0	0	1.5	1.5	1.5	1.5	1.5	1.5
421.71466044088	-0.1202564710904	-4.48410262641211	863892.022509277	4598871.85659076	0	0	0	0	0	1.5	1.5	1.5	1.5	1.5	1.5
421.815164411433	-0.124093421412802	-4.4965083784696	863892.000367845	4598871.95462481	0	0	0	0	0	1.5	1.5	1.5	1.5	1.5	1.5
421.915668381986	-0.116231921997652	-4.50858520408824	863891.979438909	4598872.05292489	0	0	0	0	0	1.5	1.5	1.5	1.5	1.5	1.5
422.016172352539	-0.108370422582507	-4.51987191780116	863891.959659679	4598872.15146281	0	0	0	0	0	1.5	1.5	1.5	1.5	1.5	1.5
422.116676323092	-0.100508923167357	-4.53036851960836	863891.940954829	4598872.25021039	0	0	0	0	0	1.5	1.5	1.5	1.5	1.5	1.5
422.217180293645	-0.0926474237522072	-4.54007500950984	863891.923248407	4598872.34914194	0	0	0	0	0	1.5	1.5	1.5	1.5	1.5	1.5
422.317684264198	-0.0847859243370575	-4.54899138750559	863891.906463925	4598872.44823413	0	0	0	0	0	1.5	1.5	1.5	1.5	1.5	1.5
422.418188234751	-0.0769244249219033	-4.55711765359562	863891.890524428	4598872.5474658	0	0	0	0	0	1.5	1.5	1.5	1.5	1.5	1.5
422.518692205305	-0.0690629255067536	-4.56445380777993	863891.875352574	4598872.64681779	0	0	0	0	0	1.5	1.5	1.5	1.5	1.5	1.5
422.619196175858	-0.0612014260916083	-4.5709998500585	863891.860870685	4598872.74627274	0	0	0	0	0	1.5	1.5	1.5	1.5	1.5	1.5
422.719700146411	-0.0533399266764585	-4.57675578043136	863891.847000806	4598872.84581493	0	0	0	0	0	1.5	1.5	1.5	1.5	1.5	1.5
422.820204116964	-0.0454784272613088	-4.5817215988985	863891.833664753	4598872.94543007	0	0	0	0	0	1.5	1.5	1.5	1.5	1.5	1.5
422.920708087517	-0.0376169278461635	-4.58589730545991	863891.820784151	4598873.04510516	0	0	0	0	0	1.5	1.5	1.5	1.5	1.5	1.5
423.02121205807	-0.0297554284310137	-4.58928290011559	863891.808280473	4598873.14482826	0	0	0	0	0	1.5	1.5	1.5	1.5	1.5	1.5
423.121716028623	-0.0218939290158551	-4.59187838286556	863891.796075074	4598873.24458832	0	0	0	0	0	1.5	1.5	1.5	1.5	1.5	1.5
423.222219999176	-0.0140324296007098	-4.5936837537098	863891.784089218	4598873.34437502	0	0	0	0	0	1.5	1.5	1.5	1.5	1.5	1.5
423.32272396973	-0.00992643993887805	-4.59476598973882	863891.772244894	4598873.44417862	0	0	0	0	0	1.5	1.5	1.5	1.5	1.5	1.5
423.423227940283	-0.0126468668725935	-4.59590034322035	863891.760504894	4598873.54399455	0	0	0	0	0	1.5	1.5	1.5	1.5	1.5	1.5
423.523731910836	-0.0153672938063074	-4.59730811041033	863891.748891777	4598873.64382532	0	0	0	0	0	1.5	1.5	1.5	1.5	1.5	1.5
423.624235881389	-0.0180877207400228	-4.59898929130873	863891.737432859	4598873.7436739	0	0	0	0	0	1.5	1.5	1.5	1.5	1.5	1.5
423.724739851942	-0.0208081476737383	-4.60094388591558	863891.726155474	4598873.84354314	0	0	0	0	0	1.5	1.5	1.5	1.5	1.5	1.5
423.825243822495	-0.0235285746074552	-4.60317189423087	863891.715086971	4598873.94343574	0	0	0	0	0	1.5	1.5	1.5	1.5	1.5	1.5
423.925747793048	-0.0262490015411707	-4.60567331625459	863891.704254717	4598874.04335423	0	0	0	0	0	1.5	1.5	1.5	1.5	1.5	1.5
424.026251763601	-0.0289694284748861	-4.60844815198675	863891.693686099	4598874.14330095	0	0	0	0	0	1.5	1.5	1.5	1.5	1.5	1.5
424.126755734154	-0.0316898554086	-4.61149640142735	863891.683408525	4598874.24327801	0	0	0	0	0	1.5	1.5	1.5	1.5	1.5	1.5
424.227259704708	-0.0344102823423154	-4.61481806457639	863891.673449426	4598874.34328728	0	0	0	0	0	1.5	1.5	1.5	1.5	1.5	1.5
424.327763675261	-0.0371307092760309	-4.61841314143386	863891.663836255	4598874.44333039	0	0	0	0	0	1.5	1.5	1.5	1.5	1.5	1.5
424.428267645814	-0.0398511362097448	-4.62228163199978	863891.654596491	4598874.54340867	0	0	0	0	0	1.5	1.5	1.5	1.5	1.5	1.5
424.528771616367	-0.0425715631434633	-4.62642353627413	863891.645757633	4598874.64352315	0	0	0	0	0	1.5	1.5	1.5	1.5	1.5	1.5
424.62927558692	-0.0452919900771787	-4.63083885425692	863891.637347208	4598874.74367452	0	0	0	0	0	1.5	1.5	1.5	1.5	1.5	1.5
424.729779557473	-0.0480124170108926	-4.63552758594815	863891.62939276	4598874.84386312	0	0	0	0	0	1.5	1.5	1.5	1.5	1.5	1.5
424.830283528026	-0.0500685562523491	-4.64047194050035	863891.62192154	4598874.94408891	0	0	0	0	0	1.5	1.5	1.5	1.5	1.5	1.5
424.930787498579	-0.0515425500103565	-4.6455781003162	863891.614954546	4598875.044351	0	0	0	0	0	1.5	1.5	1.5	1.5	1.5	1.5
425.031291469132	-0.0530165437683631	-4.6508324023573	863891.608507023	4598875.14464783	0	0	0	0	0	1.5	1.5	1.5	1.5	1.5	1.5
425.131795439686	-0.0544905375263705	-4.65623484662365	863891.602594009	4598875.24497759	0	0	0	0	0	1.5	1.5	1.5	1.5	1.5	1.5
425.232299410239	-0.0559645312843788	-4.66178543311525	863891.597230539	4598875.34533821	0	0	0	0	0	1.5	1.5	1.5	1.5	1.5	1.5
425.332803380792	-0.0574385250423862	-4.6674841618321	863891.592431645	4598875.44572741	0	0	0	0	0	1.5	1.5	1.5	1.5	1.5	1.5
425.433307351345	-0.0589125188003936	-4.6733310327742	863891.588212355	4598875.54614263	0	0	0	0	0	1.5	1.5	1.5	1.5	1.5	1.5
425.533811321898	-0.060386512558401	-4.67932604594155	863891.584587689	4598875.64658107	0	0	0	0	0	1.5	1.5	1.5	1.5	1.5	1.5
425.634315292451	-0.0618605063164075	-4.68546920133415	863891.581572655	4598875.74703965	0	0	0	0	0	1.5	1.5	1.5	1.5	1.5	1.5
425.734819263004	-0.0633345000744149	-4.691760498952	863891.579182249	4598875.84751502	0	0	0	0	0	1.5	1.5	1.5	1.5	1.5	1.5
425.835323233557	-0.0648084938324224	-4.6981999387951	863891.57743145	4598875.94800357	0	0	0	0	0	1.5	1.5	1.5	1.5	1.5	1.5
425.935827204111	-0.0662824875904306	-4.70478752086345	863891.576335217	4598876.04850138	0	0	0	0	0	1.5	1.5	1.5	1.5	1.5	1.5
426.036331174664	-0.067756481348438	-4.71152324515705	863891.575908485	4598876.14900425	0	0	0	0	0	1.5	1.5	1.5	1.5	1.5	1.5
426.136835145217	-0.0692304751064446	-4.7184071116759	863891.576166161	4598876.2495077	0	0	0	0	0	1.5	1.5	1.5	1.5	1.5	1.5
426.23733911577	-0.070704468864452	-4.72543912042	863891.577123123	4598876.3500069	0	0	0	0	0	1.5	1.5	1.5	1.5	1.5	1.5
426.337843086323	-0.0685139245971061	-4.73249371114078	863891.578791342	4598876.45049682	0	0	0	0	0	1.5	1.5	1.5	1.5	1.5	1.5
426.438347056876	-0.0646134003501007	-4.73918362351394	863891.58115119	4598876.55097289	0	0	0	0	0	1.5	1.5	1.5	1.5	1.5	1.5
426.538851027429	-0.0607128761030975	-4.74548151771303	863891.584163467	4598876.65143155	0	0	0	0	0	1.5	1.5	1.5	1.5	1.5	1.5
426.639354997982	-0.0568123518560877	-4.75138739373806	863891.587788672	4598876.75186997	0	0	0	0	0	1.5	1.5	1.5	1.5	1.5	1.5
426.739858968535	-0.0529118276090845	-4.75690125158903	863891.591987305	4598876.85228607	0	0	0	0	0	1.5	1.5	1.5	1.5	1.5	1.5
426.840362939089	-0.049011303362079	-4.76202309126593	863891.596719875	4598876.95267845	0	0	0	0	0	1.5	1.5	1.5	1.5	1.5	1.5
426.940866909642	-0.0451107791150736	-4.76675291276877	863891.601946903	4598877.05304631	0	0	0	0	0	1.5	1.5	1.5	1.5	1.5	1.5
427.041370880195	-0.0412102548680682	-4.77109071609755	863891.607628925	4598877.15338945	0	0	0	0	0	1.5	1.5	1.5	1.5	1.5	1.5
427.141874850748	-0.037309730621065	-4.77503650125226	863891.613726498	4598877.25370822	0	0	0	0	0	1.5	1.5	1.5	1.5	1.5	1.5
427.242378821301	-0.0334092063740596	-4.77859026823292	863891.620200201	4598877.35400342	0	0	0	0	0	1.5	1.5	1.5	1.5	1.5	1.5
427.342882791854	-0.0295086821270519	-4.78175201703951	863891.627010635	4598877.45427634	0	0	0	0	0	1.5	1.5	1.5	1.5	1.5	1.5
427.443386762407	-0.0256081578800465	-4.78452174767204	863891.634118423	4598877.55452863	0	0	0	0	0	1.5	1.5	1.5	1.5	1.5	1.5
427.54389073296	-0.0217076336330411	-4.7868994601305	863891.641484209	4598877.6547623	0	0	0	0	0	1.5	1.5	1.5	1.5	1.5	1.5
427.644394703514	-0.0178071093860379	-4.7888851544149	863891.649068658	4598877.75497967	0	0	0	0	0	1.5	1.5	1.5	1.5	1.5	1.5
427.744898674067	-0.0139065851390325	-4.79047883052524	863891.656832453	4598877.85518331	0	0	0	0	0	1.5	1.5	1.5	1.5	1.5	1.5
427.84540264462	-0.014154974056554	-4.79184286028949	863891.664740515	4598877.95537567	0	0	0	0	0	1.5	1.5	1.5	1.5	1.5	1.5
427.945906615173	-0.0155817998601135	-4.79333719221452	863891.672791202	4598878.05555667	0	0	0	0	0	1.5	1.5	1.5	1.5	1.5	1.5
428.046410585726	-0.0170086256636739	-4.7949749257981	863891.680998766	4598878.15572493	0	0	0	0	0	1.5	1.5	1.5	1.5	1.5	1.5
428.146914556279	-0.0184354514672334	-4.79675606104023	863891.689377549	4598878.25587902	0	0	0	0	0	1.5	1.5	1.5	1.5	1.5	1.5
428.247418526832	-0.0198622772707922	-4.79868059794089	863891.697941886	4598878.35601741	0	0	0	0	0	1.5	1.5	1.5	1.5	1.5	1.5
428.347922497385	-0.0212891030743517	-4.80074853650011	863891.706706105	4598878.4561385	0	0	0	0	0	1.5	1.5	1.5	1.5	1.5	1.5
428.448426467938	-0.0227159288779113	-4.80295987671787	863891.715684528	4598878.55624061	0	0	0	0	0	1.5	1.5	1.5	1.5	1.5	1.5
428.548930438492	-0.0241427546814708	-4.80531461859417	863891.724891464	4598878.65632196	0	0	0	0	0	1.5	1.5	1.5	1.5	1.5	1.5
428.649434409045	-0.0255695804850295	-4.80781276212902	863891.734341213	4598878.75638066	0	0	0	0	0	1.5	1.5	1.5	1.5	1.5	1.5
428.749938379598	-0.0269964062885907	-4.81045430732242	863891.744048067	4598878.85641475	0	0	0	0	0	1.5	1.5	1.5	1.5	1.5	1.5
428.850442350151	-0.0284232320921494	-4.81323925417436	863891.754026301	4598878.95642214	0	0	0	0	0	1.5	1.5	1.5	1.5	1.5	1.5
428.950946320704	-0.029850057895709	-4.81616760268485	863891.764290179	4598879.0564006	0	0	0	0	0	1.5	1.5	1.5	1.5	1.5	1.5
429.051450291257	-0.0312768836992685	-4.81923935285388	863891.774853951	4598879.15634782	0	0	0	0	0	1.5	1.5	1.5	1.5	1.5	1.5
429.15195426181	-0.0327037095028273	-4.82245450468145	863891.785731848	4598879.25626134	0	0	0	0	0	1.5	1.5	1.5	1.5	1.5	1.5
429.252458232363	-0.0341305353063868	-4.82581305816758	863891.796938087	4598879.35613856	0	0	0	0	0	1.5	1.5	1.5	1.5	1.5	1.5
429.352962202917	-0.0365013523091083	-4.82936004584024	863891.808488286	4598879.45597658	0	0	0	0	0	1.5	1.5	1.5	1.5	1.5	1.5
429.45346617347	-0.0389225819394165	-4.8331502482736	863891.820404664	4598879.55577155	0	0	0	0	0	1.5	1.5	1.5	1.5	1.5	1.5
429.553970144023	-0.041343811569726	-4.83718379389843	863891.832711335	4598879.65551913	0	0	0	0	0	1.5	1.5	1.5	1.5	1.5	1.5
429.654474114576	-0.0437650412000341	-4.84146068271472	863891.84543237	4598879.75521471	0	0	0	0	0	1.5	1.5	1.5	1.5	1.5	1.5
429.754978085129	-0.0461862708303409	-4.84598091472247	863891.858591796	4598879.85485336	0	0	0	0	0	1.5	1.5	1.5	1.5	1.5	1.5
429.855482055682	-0.048607500460649	-4.8507444899217	863891.872213591	4598879.95442984	0	0	0	0	0	1.5	1.5	1.5	1.5	1.5	1.5
429.955986026235	-0.0510287300909572	-4.85575140831239	863891.886321675	4598880.05393858	0	0	0	0	0	1.5	1.5	1.5	1.5	1.5	1.5
430.056489996788	-0.0534499597212639	-4.86100166989454	863891.90093991	4598880.15337364	0	0	0	0	0	1.5	1.5	1.5	1.5	1.5	1.5
430.156993967341	-0.0558711893515721	-4.86649527466817	863891.916092088	4598880.25272873	0	0	0	0	0	1.5	1.5	1.5	1.5	1.5	1.5
430.257497937895	-0.0582924189818829	-4.87223222263327	863891.931801929	4598880.35199716	0	0	0	0	0	1.5	1.5	1.5	1.5	1.5	1.5
430.358001908448	-0.0607136486121897	-4.87821251378982	863891.94809307	4598880.45117184	0	0	0	0	0	1.5	1.5	1.5	1.5	1.5	1.5
430.458505879001	-0.0631348782424978	-4.88443614813785	863891.964989063	4598880.55024525	0	0	0	0	0	1.5	1.5	1.5	1.5	1.5	1.5
430.559009849554	-0.065556107872806	-4.89090312567734	863891.98251336	4598880.64920945	0	0	0	0	0	1.5	1.5	1.5	1.5	1.5	1.5
430.659513820107	-0.0679773375031127	-4.89761344640829	863892.000689311	4598880.74805602	0	0	0	0	0	1.5	1.5	1.5	1.5	1.5	1.5
430.76001779066	-0.0695849182518056	-4.90456142607016	863892.019540122	4598880.8467761	0	0	0	0	0	1.5	1.5	1.5	1.5	1.5	1.5
430.860521761213	-0.0661534876788223	-4.91138255044645	863892.039074704	4598880.94536316	0	0	0	0	0	1.5	1.5	1.5	1.5	1.5	1.5
430.961025731766	-0.0627220571058371	-4.91785880242548	863892.059264328	4598881.04381819	0	0	0	0	0	1.5	1.5	1.5	1.5	1.5	1.5
431.06152970232	-0.0592906265328538	-4.92399018200725	863892.080074194	4598881.142144	0	0	0	0	0	1.5	1.5	1.5	1.5	1.5	1.5
431.162033672873	-0.0558591959598705	-4.92977668919175	863892.101469607	4598881.24034409	0	0	0	0	0	1.5	1.5	1.5	1.5	1.5	1.5
431.262537643426	-0.0524277653868892	-4.93521832397899	863892.123415987	4598881.33842252	0	0	0	0	0	1.5	1.5	1.5	1.5	1.5	1.5
431.363041613979	-0.0489963348139059	-4.94031508636897	863892.145878858	4598881.43638397	0	0	0	0	0	1.5	1.5	1.5	1.5	1.5	1.5
431.463545584532	-0.0455649042409226	-4.94506697636168	863892.168823851	4598881.53423363	0	0	0	0	0	1.5	1.5	1.5	1.5	1.5	1.5
431.564049555085	-0.0421334736679413	-4.94947399395713	863892.192216704	4598881.63197721	0	0	0	0	0	1.5	1.5	1.5	1.5	1.5	1.5
431.664553525638	-0.0387020430949541	-4.95353613915533	863892.216023252	4598881.72962086	0	0	0	0	0	1.5	1.5	1.5	1.5	1.5	1.5
431.765057496191	-0.0352706125219708	-4.95725341195626	863892.240209426	4598881.82717118	0	0	0	0	0	1.5	1.5	1.5	1.5	1.5	1.5
431.865561466744	-0.0318391819489895	-4.96062581235993	863892.264741251	4598881.92463516	0	0	0	0	0	1.5	1.5	1.5	1.5	1.5	1.5
431.966065437298	-0.0284077513760062	-4.96365334036633	863892.289584833	4598882.02202016	0	0	0	0	0	1.5	1.5	1.5	1.5	1.5	1.5
432.066569407851	-0.0249763208030229	-4.96633599597548	863892.314706358	4598882.11933383	0	0	0	0	0	1.5	1.5	1.5	1.5	1.5	1.5
432.167073378404	-0.0215448902300416	-4.96867377918736	863892.340072085	4598882.21658414	0	0	0	0	0	1.5	1.5	1.5	1.5	1.5	1.5
432.267577348957	-0.0207480032086496	-4.97069699731857	863892.365648559	4598882.31377925	0	0	0	0	0	1.5	1.5	1.5	1.5	1.5	1.5
432.36808131951	-0.0288250138253194	-4.97318813984068	863892.391436236	4598882.41091852	0	0	0	0	0	1.5	1.5	1.5	1.5	1.5	1.5
432.468585290063	-0.0369020244419846	-4.97649105399996	863892.417505215	4598882.50798266	0	0	0	0	0	1.5	1.5	1.5	1.5	1.5	1.5
432.569089260616	-0.0449790350586499	-4.98060573979641	863892.443933999	4598882.60494943	0	0	0	0	0	1.5	1.5	1.5	1.5	1.5	1.5
432.669593231169	-0.0530560456753151	-4.98553219723004	863892.470800849	4598882.7017957	0	0	0	0	0	1.5	1.5	1.5	1.5	1.5	1.5
432.770097201722	-0.0611330562919758	-4.99127042630084	863892.498183721	4598882.79849729	0	0	0	0	0	1.5	1.5	1.5	1.5	1.5	1.5
432.870601172276	-0.0692100669086411	-4.99782042700882	863892.526160207	4598882.89502878	0	0	0	0	0	1.5	1.5	1.5	1.5	1.5	1.5
432.971105142829	-0.0772870775253063	-5.00518219935397	863892.554807459	4598882.99136329	0	0	0	0	0	1.5	1.5	1.5	1.5	1.5	1.5
433.071609113382	-0.0853640881419761	-5.01335574333631	863892.584202118	4598883.08747232	0	0	0	0	0	1.5	1.5	1.5	1.5	1.5	1.5
433.172113083935	-0.0934410987586414	-5.02234105895581	863892.614420228	4598883.18332557	0	0	0	0	0	1.5	1.5	1.5	1.5	1.5	1.5
433.272617054488	-0.101518109375302	-5.03213814621248	863892.64553715	4598883.27889076	0	0	0	0	0	1.5	1.5	1.5	1.5	1.5	1.5
433.373121025041	-0.109595119991967	-5.04274700510633	863892.677627462	4598883.37413342	0	0	0	0	0	1.5	1.5	1.5	1.5	1.5	1.5
433.473624995594	-0.117672130608633	-5.05416763563736	863892.710764855	4598883.46901678	0	0	0	0	0	1.5	1.5	1.5	1.5	1.5	1.5
433.574128966147	-0.125749141225298	-5.06640003780556	863892.745022016	4598883.56350153	0	0	0	0	0	1.5	1.5	1.5	1.5	1.5	1.5
433.674632936701	-0.133826151841959	-5.07944421161092	863892.780470505	4598883.65754572	0	0	0	0	0	1.5	1.5	1.5	1.5	1.5	1.5
433.775136907254	-0.134903213155678	-5.09318330919879	863892.817179409	4598883.75110503	0	0	0	0	0	1.5	1.5	1.5	1.5	1.5	1.5
433.875640877807	-0.121907422578579	-5.10608855348457	863892.85514366	4598883.84416213	0	0	0	0	0	1.5	1.5	1.5	1.5	1.5	1.5
433.97614484836	-0.108911632001472	-5.11768766921687	863892.894245238	4598883.93674724	0	0	0	0	0	1.5	1.5	1.5	1.5	1.5	1.5
434.076648818913	-0.0959158414243651	-5.1279806563957	863892.934357941	4598884.0288989	0	0	0	0	0	1.5	1.5	1.5	1.5	1.5	1.5
434.177152789466	-0.0829200508472583	-5.13696751502106	863892.975357146	4598884.12065971	0	0	0	0	0	1.5	1.5	1.5	1.5	1.5	1.5
434.277656760019	-0.0699242602701589	-5.14464824509293	863893.017119671	4598884.21207573	0	0	0	0	0	1.5	1.5	1.5	1.5	1.5	1.5
434.378160730572	-0.0569284696930521	-5.15102284661134	863893.059523634	4598884.30319608	0	0	0	0	0	1.5	1.5	1.5	1.5	1.5	1.5
434.478664701126	-0.043932679115938	-5.15609131957626	863893.102448274	4598884.39407238	0	0	0	0	0	1.5	1.5	1.5	1.5	1.5	1.5
434.579168671679	-0.0309368885388312	-5.15985366398772	863893.145773772	4598884.48475831	0	0	0	0	0	1.5	1.5	1.5	1.5	1.5	1.5
434.679672642232	-0.0179410979617244	-5.16230987984569	863893.189381043	4598884.57530912	0	0	0	0	0	1.5	1.5	1.5	1.5	1.5	1.5
434.780176612785	-0.00494530738462501	-5.16345996715019	863893.233151528	4598884.66578117	0	0	0	0	0	1.5	1.5	1.5	1.5	1.5	1.5
434.880680583338	0.00805048319248178	-5.16330392590121	863893.276966977	4598884.75623145	0	0	0	0	0	1.5	1.5	1.5	1.5	1.5	1.5
434.981184553891	0.0210462737695885	-5.16184175609876	863893.320709224	4598884.84671715	0	0	0	0	0	1.5	1.5	1.5	1.5	1.5	1.5
435.081688524444	0.0340420643466953	-5.15907345774283	863893.364259964	4598884.93729516	0	0	0	0	0	1.5	1.5	1.5	1.5	1.5	1.5
435.182192494997	0.0470378549238094	-5.15499903083342	863893.407500534	4598885.0280216	0	0	0	0	0	1.5	1.5	1.5	1.5	1.5	1.5
435.28269646555	0.049893948386168	-5.14984478799065	863893.450314742	4598885.11894997	0	0	0	0	0	1.5	1.5	1.5	1.5	1.5	1.5
435.383200436104	0.0400603432633304	-5.14532440625112	863893.492678446	4598885.21008914	0	0	0	0	0	1.5	1.5	1.5	1.5	1.5	1.5
435.483704406657	0.0302267381404872	-5.14179234087128	863893.534674876	4598885.30139816	0	0	0	0	0	1.5	1.5	1.5	1.5	1.5	1.5
435.58420837721	0.020393133017644	-5.13924859185114	863893.576393735	4598885.39283436	0	0	0	0	0	1.5	1.5	1.5	1.5	1.5	1.5
435.684712347763	0.0105595278948008	-5.1376931591907	863893.617925106	4598885.4843559	0	0	0	0	0	1.5	1.5	1.5	1.5	1.5	1.5
435.785216318316	0.000725922771963115	-5.13712604288995	863893.659359328	4598885.57592146	0	0	0	0	0	1.5	1.5	1.5	1.5	1.5	1.5
435.885720288869	-0.0091076823508912	-5.13754724294891	863893.70078687	4598885.66749005	0	0	0	0	0	1.5	1.5	1.5	1.5	1.5	1.5
435.986224259422	-0.0189412874737288	-5.13895675936755	863893.742298209	4598885.75902068	0	0	0	0	0	1.5	1.5	1.5	1.5	1.5	1.5
436.086728229975	-0.028774892596572	-5.1413545921459	863893.783983711	4598885.8504721	0	0	0	0	0	1.5	1.5	1.5	1.5	1.5	1.5
436.187232200529	-0.0386084977194152	-5.14474074128394	863893.825933505	4598885.94180256	0	0	0	0	0	1.5	1.5	1.5	1.5	1.5	1.5
436.287736171082	-0.0484421028422529	-5.14911520678168	863893.868237359	4598886.03296953	0	0	0	0	0	1.5	1.5	1.5	1.5	1.5	1.5
436.388240141635	-0.0582757079650961	-5.15447798863912	863893.91098455	4598886.12392942	0	0	0	0	0	1.5	1.5	1.5	1.5	1.5	1.5
436.488744112188	-0.0681093130879393	-5.16082908685626	863893.954263731	4598886.21463734	0	0	0	0	0	1.5	1.5	1.5	1.5	1.5	1.5
436.589248082741	-0.0779429182107881	-5.16816850143309	863893.998162788	4598886.30504682	0	0	0	0	0	1.5	1.5	1.5	1.5	1.5	1.5
436.689752053294	-0.0877765233336313	-5.17649623236962	863894.04276869	4598886.3951096	0	0	0	0	0	1.5	1.5	1.5	1.5	1.5	1.5
436.790256023847	-0.0886063675851005	-5.18555701425745	863894.08816304	4598886.48477749	0	0	0	0	0	1.5	1.5	1.5	1.5	1.5	1.5
436.8907599944	-0.0824808445742912	-5.19415448632389	863894.134352141	4598886.57403864	0	0	0	0	0	1.5	1.5	1.5	1.5	1.5	1.5
436.991263964953	-0.0763553215634785	-5.20213631900603	863894.18127961	4598886.66291387	0	0	0	0	0	1.5	1.5	1.5	1.5	1.5	1.5
437.091767935507	-0.0702297985526658	-5.20950251230387	863894.228887739	4598886.75142641	0	0	0	0	0	1.5	1.5	1.5	1.5	1.5	1.5
437.19227190606	-0.0641042755418566	-5.2162530662174	863894.277119449	4598886.83960073	0	0	0	0	0	1.5	1.5	1.5	1.5	1.5	1.5
437.292775876613	-0.0579787525310369	-5.22238798074664	863894.325918253	4598886.92746252	0	0	0	0	0	1.5	1.5	1.5	1.5	1.5	1.5
437.393279847166	-0.0518532295202242	-5.22790725589158	863894.37522822	4598887.01503848	0	0	0	0	0	1.5	1.5	1.5	1.5	1.5	1.5
437.493783817719	-0.045727706509415	-5.23281089165221	863894.424993927	4598887.10235631	0	0	0	0	0	1.5	1.5	1.5	1.5	1.5	1.5
437.594287788272	-0.0396021834986023	-5.23709888802854	863894.475160416	4598887.18944451	0	0	0	0	0	1.5	1.5	1.5	1.5	1.5	1.5
437.694791758825	-0.0334766604877896	-5.24077124502058	863894.525673142	4598887.27633238	0	0	0	0	0	1.5	1.5	1.5	1.5	1.5	1.5
437.795295729378	-0.0273511374769803	-5.24382796262831	863894.576477929	4598887.36304982	0	0	0	0	0	1.5	1.5	1.5	1.5	1.5	1.5
437.895799699931	-0.0212256144661676	-5.24626904085174	863894.627520908	4598887.44962728	0	0	0	0	0	1.5	1.5	1.5	1.5	1.5	1.5
437.996303670485	-0.0151000914553514	-5.24809447969087	863894.678748468	4598887.53609567	0	0	0	0	0	1.5	1.5	1.5	1.5	1.5	1.5
438.096807641038	-0.00897456844453873	-5.24930427914569	863894.7301072	4598887.62248622	0	0	0	0	0	1.5	1.5	1.5	1.5	1.5	1.5
438.197311611591	-0.00284904543372601	-5.24989843921622	863894.781543835	4598887.70883042	0	0	0	0	0	1.5	1.5	1.5	1.5	1.5	1.5
438.297815582144	-0.00408870908622607	-5.25014390030842	863894.833010733	4598887.79515658	0	0	0	0	0	1.5	1.5	1.5	1.5	1.5	1.5
438.398319552697	-0.00817508302019123	-5.25076018020878	863894.88451342	4598887.8814614	0	0	0	0	0	1.5	1.5	1.5	1.5	1.5	1.5
438.49882352325	-0.0122614569541587	-5.25178715691468	863894.936086999	4598887.96772387	0	0	0	0	0	1.5	1.5	1.5	1.5	1.5	1.5
438.599327493803	-0.0163478308881262	-5.2532248304261	863894.987766839	4598888.05392271	0	0	0	0	0	1.5	1.5	1.5	1.5	1.5	1.5
438.699831464356	-0.0204342048220913	-5.25507320074305	863895.039588234	4598888.14003652	0	0	0	0	0	1.5	1.5	1.5	1.5	1.5	1.5
438.80033543491	-0.0245205787560634	-5.25733226786553	863895.091586369	4598888.22604371	0	0	0	0	0	1.5	1.5	1.5	1.5	1.5	1.5
438.900839405463	-0.0286069526900309	-5.26000203179354	863895.143796299	4598888.3119225	0	0	0	0	0	1.5	1.5	1.5	1.5	1.5	1.5
439.001343376016	-0.0326933266239961	-5.26308249252708	863895.196252918	4598888.39765081	0	0	0	0	0	1.5	1.5	1.5	1.5	1.5	1.5
439.101847346569	-0.0367797005579635	-5.26657365006615	863895.248990935	4598888.48320628	0	0	0	0	0	1.5	1.5	1.5	1.5	1.5	1.5
439.202351317122	-0.040866074491931	-5.27047550441074	863895.302044841	4598888.56856622	0	0	0	0	0	1.5	1.5	1.5	1.5	1.5	1.5
439.302855287675	-0.0449524484258962	-5.27478805556086	863895.355448881	4598888.65370752	0	0	0	0	0	1.5	1.5	1.5	1.5	1.5	1.5
439.403359258228	-0.0490388223598637	-5.27951130351651	863895.409237026	4598888.73860666	0	0	0	0	0	1.5	1.5	1.5	1.5	1.5	1.5
439.503863228781	-0.0531251962938335	-5.28464524827769	863895.463442941	4598888.82323966	0	0	0	0	0	1.5	1.5	1.5	1.5	1.5	1.5
439.604367199334	-0.0572115702278009	-5.2901898898444	863895.518099951	4598888.90758202	0	0	0	0	0	1.5	1.5	1.5	1.5	1.5	1.5
439.704871169888	-0.0612979441617684	-5.29614522821664	863895.573241012	4598888.99160869	0	0	0	0	0	1.5	1.5	1.5	1.5	1.5	1.5
439.805375140441	-0.0607550690678171	-5.30231927738118	863895.62889426	4598889.07529699	0	0	0	0	0	1.5	1.5	1.5	1.5	1.5	1.5
439.905879110994	-0.059232193968122	-5.30834887555664	863895.68505744	4598889.15864395	0	0	0	0	0	1.5	1.5	1.5	1.5	1.5	1.5
440.006383081547	-0.0577093188684261	-5.31422541873792	863895.741715797	4598889.24165509	0	0	0	0	0	1.5	1.5	1.5	1.5	1.5	1.5
440.1068870521	-0.0561864437687301	-5.31994890692502	863895.798854668	4598889.32433622	0	0	0	0	0	1.5	1.5	1.5	1.5	1.5	1.5
440.207391022653	-0.0546635686690333	-5.32551934011796	863895.856459527	4598889.40669338	0	0	0	0	0	1.5	1.5	1.5	1.5	1.5	1.5
440.307894993206	-0.0531406935693374	-5.33093671831671	863895.914515981	4598889.48873284	0	0	0	0	0	1.5	1.5	1.5	1.5	1.5	1.5
440.408398963759	-0.0516178184696423	-5.33620104152128	863895.973009769	4598889.57046105	0	0	0	0	0	1.5	1.5	1.5	1.5	1.5	1.5
440.508902934313	-0.0500949433699464	-5.34131230973168	863896.031926762	4598889.65188472	0	0	0	0	0	1.5	1.5	1.5	1.5	1.5	1.5
440.609406904866	-0.0485720682702504	-5.34627052294791	863896.091252957	4598889.73301074	0	0	0	0	0	1.5	1.5	1.5	1.5	1.5	1.5
440.709910875419	-0.0470491931705545	-5.35107568116996	863896.150974478	4598889.81384618	0	0	0	0	0	1.5	1.5	1.5	1.5	1.5	1.5
440.810414845972	-0.0455263180708594	-5.35572778439783	863896.211077576	4598889.89439832	0	0	0	0	0	1.5	1.5	1.5	1.5	1.5	1.5
440.910918816525	-0.0440034429711618	-5.36022683263153	863896.271548619	4598889.97467462	0	0	0	0	0	1.5	1.5	1.5	1.5	1.5	1.5
441.011422787078	-0.0424805678714667	-5.36457282587105	863896.332374096	4598890.0546827	0	0	0	0	0	1.5	1.5	1.5	1.5	1.5	1.5
441.111926757631	-0.0409576927717707	-5.3687657641164	863896.393540613	4598890.13443037	0	0	0	0	0	1.5	1.5	1.5	1.5	1.5	1.5
441.212430728184	-0.0394348176720748	-5.37280564736757	863896.455034888	4598890.21392558	0	0	0	0	0	1.5	1.5	1.5	1.5	1.5	1.5
441.312934698737	-0.0331892372609532	-5.37646999694692	863896.516838245	4598890.29318075	0	0	0	0	0	1.5	1.5	1.5	1.5	1.5	1.5
441.413438669291	-0.0266284971816195	-5.37947595685741	863896.578905635	4598890.37222934	0	0	0	0	0	1.5	1.5	1.5	1.5	1.5	1.5
441.513942639844	-0.020067757102282	-5.38182253634015	863896.641184367	4598890.45111155	0	0	0	0	0	1.5	1.5	1.5	1.5	1.5	1.5
441.614446610397	-0.0135070170229408	-5.38350973539516	863896.703622076	4598890.529868	0	0	0	0	0	1.5	1.5	1.5	1.5	1.5	1.5
441.71495058095	-0.00694627694360337	-5.38453755402242	863896.766166644	4598890.60853962	0	0	0	0	0	1.5	1.5	1.5	1.5	1.5	1.5
441.815454551503	-0.000385536864265901	-5.38490599222194	863896.828766122	4598890.68716756	0	0	0	0	0	1.5	1.5	1.5	1.5	1.5	1.5
441.915958522056	0.00617520321506786	-5.38461504999373	863896.891368648	4598890.76579308	0	0	0	0	0	1.5	1.5	1.5	1.5	1.5	1.5
442.016462492609	0.0127359432944053	-5.38366472733777	863896.953922361	4598890.84445743	0	0	0	0	0	1.5	1.5	1.5	1.5	1.5	1.5
442.116966463162	0.0192966833737428	-5.38205502425407	863897.016375327	4598890.92320178	0	0	0	0	0	1.5	1.5	1.5	1.5	1.5	1.5
442.217470433716	0.0258574234530803	-5.37978594074264	863897.078675454	4598891.0020671	0	0	0	0	0	1.5	1.5	1.5	1.5	1.5	1.5
442.317974404269	0.0324181635324214	-5.37685747680346	863897.140770408	4598891.08109404	0	0	0	0	0	1.5	1.5	1.5	1.5	1.5	1.5
442.418478374822	0.0389789036117589	-5.37326963243654	863897.20260754	4598891.16032286	0	0	0	0	0	1.5	1.5	1.5	1.5	1.5	1.5
442.518982345375	0.0455396436910927	-5.36902240764188	863897.264133803	4598891.23979331	0	0	0	0	0	1.5	1.5	1.5	1.5	1.5	1.5
442.619486315928	0.0521003837704301	-5.36411580241948	863897.325295678	4598891.3195445	0	0	0	0	0	1.5	1.5	1.5	1.5	1.5	1.5
442.719990286481	0.0570918793157628	-5.35855882654464	863897.386039126	4598891.39961482	0	0	0	0	0	1.5	1.5	1.5	1.5	1.5	1.5
442.820494257034	0.0499178771719848	-5.35318137383717	863897.446334998	4598891.48002273	0	0	0	0	0	1.5	1.5	1.5	1.5	1.5	1.5
442.920998227587	0.0427438750282109	-5.34852493682991	863897.506226728	4598891.56073215	0	0	0	0	0	1.5	1.5	1.5	1.5	1.5	1.5
443.021502198141	0.0355698728844248	-5.34458951552285	863897.5657712	4598891.64169813	0	0	0	0	0	1.5	1.5	1.5	1.5	1.5	1.5
443.122006168694	0.0283958707406508	-5.341375109916	863897.625025858	4598891.72287649	0	0	0	0	0	1.5	1.5	1.5	1.5	1.5	1.5
443.222510139247	0.0212218685968728	-5.33888172000935	863897.684048611	4598891.80422363	0	0	0	0	0	1.5	1.5	1.5	1.5	1.5	1.5
443.3230141098	0.0140478664530948	-5.33710934580292	863897.742897734	4598891.88569648	0	0	0	0	0	1.5	1.5	1.5	1.5	1.5	1.5
443.423518080353	0.00687386430932092	-5.33605798729668	863897.801631774	4598891.96725235	0	0	0	0	0	1.5	1.5	1.5	1.5	1.5	1.5
443.524022050906	-0.000300137834457072	-5.33572764449066	863897.860309459	4598892.04884878	0	0	0	0	0	1.5	1.5	1.5	1.5	1.5	1.5
443.624526021459	-0.00747413997823506	-5.33611831738483	863897.918989606	4598892.13044344	0	0	0	0	0	1.5	1.5	1.5	1.5	1.5	1.5
443.725029992012	-0.0146481421220171	-5.33723000597922	863897.977731026	4598892.21199399	0	0	0	0	0	1.5	1.5	1.5	1.5	1.5	1.5
443.825533962565	-0.0218221442657951	-5.33906271027381	863898.036592435	4598892.29345797	0	0	0	0	0	1.5	1.5	1.5	1.5	1.5	1.5
443.926037933119	-0.0289961464095731	-5.34161643026861	863898.095632363	4598892.37479265	0	0	0	0	0	1.5	1.5	1.5	1.5	1.5	1.5
444.026541903672	-0.036170148553347	-5.34489116596361	863898.154909057	4598892.45595491	0	0	0	0	0	1.5	1.5	1.5	1.5	1.5	1.5
444.127045874225	-0.043344150697125	-5.34888691735883	863898.21448039	4598892.53690113	0	0	0	0	0	1.5	1.5	1.5	1.5	1.5	1.5
444.227549844778	-0.047577421619212	-5.35355442865071	863898.274403323	4598892.61758738	0	0	0	0	0	1.5	1.5	1.5	1.5	1.5	1.5
444.328053815331	-0.0459286228285787	-5.35825329301957	863898.334707868	4598892.69798882	0	0	0	0	0	1.5	1.5	1.5	1.5	1.5	1.5
444.428557785884	-0.0442798240379426	-5.36278644656333	863898.395382906	4598892.77811105	0	0	0	0	0	1.5	1.5	1.5	1.5	1.5	1.5
444.529061756437	-0.0426310252473084	-5.36715388928199	863898.456413914	4598892.85796246	0	0	0	0	0	1.5	1.5	1.5	1.5	1.5	1.5
444.62956572699	-0.0409822264566751	-5.37135562117554	863898.517786494	4598892.93755165	0	0	0	0	0	1.5	1.5	1.5	1.5	1.5	1.5
444.730069697543	-0.0393334276660409	-5.37539164224399	863898.579486375	4598893.01688739	0	0	0	0	0	1.5	1.5	1.5	1.5	1.5	1.5
444.830573668097	-0.0376846288754067	-5.37926195248734	863898.641499403	4598893.0959786	0	0	0	0	0	1.5	1.5	1.5	1.5	1.5	1.5
444.93107763865	-0.0360358300847734	-5.38296655190559	863898.703811544	4598893.17483438	0	0	0	0	0	1.5	1.5	1.5	1.5	1.5	1.5
445.031581609203	-0.0343870312941392	-5.38650544049873	863898.766408873	4598893.25346396	0	0	0	0	0	1.5	1.5	1.5	1.5	1.5	1.5
445.132085579756	-0.032738232503504	-5.38987861826678	863898.829277578	4598893.33187675	0	0	0	0	0	1.5	1.5	1.5	1.5	1.5	1.5
445.232589550309	-0.0310894337128698	-5.39308608520972	863898.892403949	4598893.41008225	0	0	0	0	0	1.5	1.5	1.5	1.5	1.5	1.5
445.333093520862	-0.0294406349222356	-5.39612784132756	863898.955774375	4598893.48809013	0	0	0	0	0	1.5	1.5	1.5	1.5	1.5	1.5
445.433597491415	-0.0277918361316013	-5.3990038866203	863899.019375344	4598893.56591017	0	0	0	0	0	1.5	1.5	1.5	1.5	1.5	1.5
445.534101461968	-0.0261430373409681	-5.40171422108794	863899.083193432	4598893.64355225	0	0	0	0	0	1.5	1.5	1.5	1.5	1.5	1.5
445.634605432521	-0.0244942385503338	-5.40425884473047	863899.147215306	4598893.72102639	0	0	0	0	0	1.5	1.5	1.5	1.5	1.5	1.5
445.735109403075	-0.0272307204189494	-5.40672742963529	863899.211428651	4598893.79834191	0	0	0	0	0	1.5	1.5	1.5	1.5	1.5	1.5
445.835613373628	-0.0363587441723552	-5.40992292647367	863899.275856245	4598893.87547896	0	0	0	0	0	1.5	1.5	1.5	1.5	1.5	1.5
445.936117344181	-0.0454867679257558	-5.41403582594258	863899.340565264	4598893.95238004	0	0	0	0	0	1.5	1.5	1.5	1.5	1.5	1.5
446.036621314734	-0.0546147916791564	-5.41906612804201	863899.405625144	4598894.02898447	0	0	0	0	0	1.5	1.5	1.5	1.5	1.5	1.5
446.137125285287	-0.0637428154325518	-5.42501383277195	863899.471104497	4598894.10523061	0	0	0	0	0	1.5	1.5	1.5	1.5	1.5	1.5
446.23762925584	-0.0728708391859524	-5.43187894013242	863899.537070934	4598894.18105565	0	0	0	0	0	1.5	1.5	1.5	1.5	1.5	1.5
446.338133226393	-0.081998862939353	-5.4396614501234	863899.603590887	4598894.2563955	0	0	0	0	0	1.5	1.5	1.5	1.5	1.5	1.5
446.438637196946	-0.0911268866927484	-5.4483613627449	863899.670729424	4598894.33118455	0	0	0	0	0	1.5	1.5	1.5	1.5	1.5	1.5
446.5391411675	-0.100254910446159	-5.45797867799694	863899.738550053	4598894.40535552	0	0	0	0	0	1.5	1.5	1.5	1.5	1.5	1.5
446.639645138053	-0.109382934199555	-5.46851339587948	863899.80711452	4598894.47883931	0	0	0	0	0	1.5	1.5	1.5	1.5	1.5	1.5
446.740149108606	-0.118510957952955	-5.47996551639255	863899.876482609	4598894.55156487	0	0	0	0	0	1.5	1.5	1.5	1.5	1.5	1.5
446.840653079159	-0.127638981706356	-5.49233503953613	863899.946711913	4598894.62345898	0	0	0	0	0	1.5	1.5	1.5	1.5	1.5	1.5
446.941157049712	-0.136767005459757	-5.50562196531024	863900.017857618	4598894.69444622	0	0	0	0	0	1.5	1.5	1.5	1.5	1.5	1.5
447.041661020265	-0.145895029213152	-5.51982629371486	863900.089972259	4598894.76444877	0	0	0	0	0	1.5	1.5	1.5	1.5	1.5	1.5
447.142164990818	-0.155023052966553	-5.53494802475	863900.163105479	4598894.83338634	0	0	0	0	0	1.5	1.5	1.5	1.5	1.5	1.5
447.242668961371	-0.157171399887152	-5.55080351923015	863900.237301609	4598894.90117844	0	0	0	0	0	1.5	1.5	1.5	1.5	1.5	1.5
447.343172931925	-0.152968553574567	-5.56638866760519	863900.312557727	4598894.96779196	0	0	0	0	0	1.5	1.5	1.5	1.5	1.5	1.5
447.443676902478	-0.148765707261985	-5.58155141323818	863900.388829066	4598895.0332407	0	0	0	0	0	1.5	1.5	1.5	1.5	1.5	1.5
447.544180873031	-0.144562860949405	-5.59629175612912	863900.466070444	4598895.09754182	0	0	0	0	0	1.5	1.5	1.5	1.5	1.5	1.5
447.644684843584	-0.140360014636823	-5.61060969627804	863900.544237916	4598895.16071398	0	0	0	0	0	1.5	1.5	1.5	1.5	1.5	1.5
447.745188814137	-0.136157168324241	-5.62450523368491	863900.623288774	4598895.22277723	0	0	0	0	0	1.5	1.5	1.5	1.5	1.5	1.5
447.84569278469	-0.131954322011659	-5.63797836834975	863900.703181537	4598895.28375298	0	0	0	0	0	1.5	1.5	1.5	1.5	1.5	1.5
447.946196755243	-0.127751475699079	-5.65102910027254	863900.783875944	4598895.34366389	0	0	0	0	0	1.5	1.5	1.5	1.5	1.5	1.5
448.046700725796	-0.123548629386493	-5.66365742945331	863900.865332944	4598895.40253384	0	0	0	0	0	1.5	1.5	1.5	1.5	1.5	1.5
448.147204696349	-0.119345783073913	-5.67586335589202	863900.947514676	4598895.46038785	0	0	0	0	0	1.5	1.5	1.5	1.5	1.5	1.5
448.247708666903	-0.115142936761331	-5.6876468795887	863901.030384458	4598895.51725199	0	0	0	0	0	1.5	1.5	1.5	1.5	1.5	1.5
448.348212637456	-0.110940090448749	-5.69900800054335	863901.113906761	4598895.57315337	0	0	0	0	0	1.5	1.5	1.5	1.5	1.5	1.5
448.448716608009	-0.106737244136167	-5.70994671875595	863901.198047189	4598895.62812005	0	0	0	0	0	1.5	1.5	1.5	1.5	1.5	1.5
448.549220578562	-0.102534397823587	-5.7204630342265	863901.282772451	4598895.68218098	0	0	0	0	0	1.5	1.5	1.5	1.5	1.5	1.5
448.649724549115	-0.0983315515110047	-5.73055694695503	863901.36805034	4598895.73536598	0	0	0	0	0	1.5	1.5	1.5	1.5	1.5	1.5
448.750228519668	-0.100116650208482	-5.74043045478552	863901.453852051	4598895.78770175	0	0	0	0	0	1.5	1.5	1.5	1.5	1.5	1.5
448.850732490221	-0.1048337472524	-5.75072961914115	863901.540176259	4598895.83917106	0	0	0	0	0	1.5	1.5	1.5	1.5	1.5	1.5
448.951236460774	-0.109550844296317	-5.76150287047917	863901.627037921	4598895.88972798	0	0	0	0	0	1.5	1.5	1.5	1.5	1.5	1.5
449.051740431327	-0.114267941340232	-5.77275020879959	863901.714450915	4598895.93932546	0	0	0	0	0	1.5	1.5	1.5	1.5	1.5	1.5
449.152244401881	-0.11898503838415	-5.78447163410242	863901.802427688	4598895.98791579	0	0	0	0	0	1.5	1.5	1.5	1.5	1.5	1.5
449.252748372434	-0.123702135428067	-5.79666714638764	863901.890979182	4598896.03545057	0	0	0	0	0	1.5	1.5	1.5	1.5	1.5	1.5
449.353252342987	-0.128419232471985	-5.80933674565526	863901.980114752	4598896.08188077	0	0	0	0	0	1.5	1.5	1.5	1.5	1.5	1.5
449.45375631354	-0.133136329515905	-5.82248043190528	863902.069842093	4598896.12715667	0	0	0	0	0	1.5	1.5	1.5	1.5	1.5	1.5
449.554260284093	-0.137853426559822	-5.8360982051377	863902.16016716	4598896.17122791	0	0	0	0	0	1.5	1.5	1.5	1.5	1.5	1.5
449.654764254646	-0.142570523603737	-5.85019006535251	863902.251094089	4598896.2140435	0	0	0	0	0	1.5	1.5	1.5	1.5	1.5	1.5
449.755268225199	-0.147287620647655	-5.86475601254972	863902.34262511	4598896.25555183	0	0	0	0	0	1.5	1.5	1.5	1.5	1.5	1.5
449.855772195752	-0.152004717691572	-5.87979604672933	863902.434760474	4598896.29570071	0	0	0	0	0	1.5	1.5	1.5	1.5	1.5	1.5
449.956276166306	-0.15672181473549	-5.89531016789133	863902.527498365	4598896.33443737	0	0	0	0	0	1.5	1.5	1.5	1.5	1.5	1.5
450.056780136859	-0.161438911779404	-5.91129837603573	863902.620834815	4598896.37170854	0	0	0	0	0	1.5	1.5	1.5	1.5	1.5	1.5
450.157284107412	-0.166156008823327	-5.92776067116256	863902.714763628	4598896.40746043	0	0	0	0	0	1.5	1.5	1.5	1.5	1.5	1.5
450.257788077965	-0.159905867509814	-5.94423839623237	863902.809271996	4598896.44165089	0	0	0	0	0	1.5	1.5	1.5	1.5	1.5	1.5
450.358292048518	-0.151444654379804	-5.95988437807421	863902.90431769	4598896.47431828	0	0	0	0	0	1.5	1.5	1.5	1.5	1.5	1.5
450.458796019071	-0.142983441249794	-5.9746799744008	863902.999849682	4598896.5055353	0	0	0	0	0	1.5	1.5	1.5	1.5	1.5	1.5
450.559299989624	-0.134522228119789	-5.98862518521211	863903.095820494	4598896.53537634	0	0	0	0	0	1.5	1.5	1.5	1.5	1.5	1.5
450.659803960177	-0.126061014989778	-6.00172001050817	863903.192186065	4598896.56391719	0	0	0	0	0	1.5	1.5	1.5	1.5	1.5	1.5
450.76030793073	-0.117599801859768	-6.01396445028897	863903.288905582	4598896.5912349	0	0	0	0	0	1.5	1.5	1.5	1.5	1.5	1.5
450.860811901284	-0.109138588729754	-6.02535850455451	863903.385941292	4598896.61740759	0	0	0	0	0	1.5	1.5	1.5	1.5	1.5	1.5
450.961315871837	-0.100677375599743	-6.03590217330478	863903.483258319	4598896.64251438	0	0	0	0	0	1.5	1.5	1.5	1.5	1.5	1.5
451.06181984239	-0.0922161624697334	-6.0455954565398	863903.580824472	4598896.66663522	0	0	0	0	0	1.5	1.5	1.5	1.5	1.5	1.5
451.162323812943	-0.0837549493397281	-6.05443835425954	863903.67861005	4598896.68985079	0	0	0	0	0	1.5	1.5	1.5	1.5	1.5	1.5
451.262827783496	-0.0752937362097181	-6.06243086646403	863903.776587641	4598896.71224244	0	0	0	0	0	1.5	1.5	1.5	1.5	1.5	1.5
451.363331754049	-0.066832523079708	-6.06957299315325	863903.874731923	4598896.73389204	0	0	0	0	0	1.5	1.5	1.5	1.5	1.5	1.5
451.463835724602	-0.0583713099497027	-6.07586473432721	863903.973019456	4598896.75488193	0	0	0	0	0	1.5	1.5	1.5	1.5	1.5	1.5
451.564339695155	-0.0499100968196831	-6.08130608998592	863904.071428476	4598896.77529487	0	0	0	0	0	1.5	1.5	1.5	1.5	1.5	1.5
451.664843665709	-0.041448883689673	-6.08589706012935	863904.169938687	4598896.79521392	0	0	0	0	0	1.5	1.5	1.5	1.5	1.5	1.5
451.765347636262	-0.0471956416074161	-6.09029074388082	863904.268534911	4598896.8147028	0	0	0	0	0	1.5	1.5	1.5	1.5	1.5	1.5
451.865851606815	-0.0542668171668296	-6.09538943386527	863904.367222444	4598896.83372376	0	0	0	0	0	1.5	1.5	1.5	1.5	1.5	1.5
451.966355577368	-0.0613379927262432	-6.10119880506992	863904.466012218	4598896.8522062	0	0	0	0	0	1.5	1.5	1.5	1.5	1.5	1.5
452.066859547921	-0.0684091682856527	-6.10771885749476	863904.564914017	4598896.87007926	0	0	0	0	0	1.5	1.5	1.5	1.5	1.5	1.5
452.167363518474	-0.0754803438450662	-6.1149495911398	863904.66393632	4598896.88727192	0	0	0	0	0	1.5	1.5	1.5	1.5	1.5	1.5
452.267867489027	-0.0825515194044838	-6.12289100600505	863904.763086154	4598896.90371289	0	0	0	0	0	1.5	1.5	1.5	1.5	1.5	1.5
452.36837145958	-0.0896226949638973	-6.13154310209049	863904.862368932	4598896.91933067	0	0	0	0	0	1.5	1.5	1.5	1.5	1.5	1.5
452.468875430133	-0.0966938705233108	-6.14090587939614	863904.961788303	4598896.93405354	0	0	0	0	0	1.5	1.5	1.5	1.5	1.5	1.5
452.569379400687	-0.103765046082724	-6.15097933792198	863905.061345999	4598896.94780956	0	0	0	0	0	1.5	1.5	1.5	1.5	1.5	1.5
452.66988337124	-0.110836221642134	-6.16176347766801	863905.161041675	4598896.96052657	0	0	0	0	0	1.5	1.5	1.5	1.5	1.5	1.5
452.770387341793	-0.117907397201547	-6.17325829863425	863905.260872758	4598896.97213224	0	0	0	0	0	1.5	1.5	1.5	1.5	1.5	1.5
452.870891312346	-0.124978572760961	-6.18546380082069	863905.360834287	4598896.98255411	0	0	0	0	0	1.5	1.5	1.5	1.5	1.5	1.5
452.971395282899	-0.132049748320378	-6.19837998422734	863905.46091876	4598896.99171958	0	0	0	0	0	1.5	1.5	1.5	1.5	1.5	1.5
453.071899253452	-0.139120923879792	-6.21200684885417	863905.561115977	4598896.99955601	0	0	0	0	0	1.5	1.5	1.5	1.5	1.5	1.5
453.172403224005	-0.145001071278871	-6.22633907695514	863905.661412883	4598897.00599074	0	0	0	0	0	1.5	1.5	1.5	1.5	1.5	1.5
453.272907194558	-0.138667158259316	-6.24059396864931	863905.761792073	4598897.01098025	0	0	0	0	0	1.5	1.5	1.5	1.5	1.5	1.5
453.373411165112	-0.132333245239758	-6.25421227693589	863905.862231124	4598897.01457038	0	0	0	0	0	1.5	1.5	1.5	1.5	1.5	1.5
453.473915135665	-0.125999332220199	-6.26719400181486	863905.96270911	4598897.01682439	0	0	0	0	0	1.5	1.5	1.5	1.5	1.5	1.5
453.574419106218	-0.119665419200644	-6.27953914328622	863906.06320765	4598897.01780586	0	0	0	0	0	1.5	1.5	1.5	1.5	1.5	1.5
453.674923076771	-0.113331506181079	-6.29124770135	863906.163710789	4598897.01757861	0	0	0	0	0	1.5	1.5	1.5	1.5	1.5	1.5
453.775427047324	-0.106997593161524	-6.30231967600616	863906.264204882	4598897.01620663	0	0	0	0	0	1.5	1.5	1.5	1.5	1.5	1.5
453.875931017877	-0.100663680141966	-6.31275506725472	863906.364678467	4598897.01375408	0	0	0	0	0	1.5	1.5	1.5	1.5	1.5	1.5
453.97643498843	-0.0943297671224073	-6.32255387509567	863906.465122152	4598897.01028516	0	0	0	0	0	1.5	1.5	1.5	1.5	1.5	1.5
454.076938958983	-0.0879958541028489	-6.33171609952902	863906.565528487	4598897.00586415	0	0	0	0	0	1.5	1.5	1.5	1.5	1.5	1.5
454.177442929536	-0.081661941083294	-6.34024174055477	863906.665891844	4598897.00055534	0	0	0	0	0	1.5	1.5	1.5	1.5	1.5	1.5
454.27794690009	-0.0753280280637356	-6.34813079817291	863906.766208294	4598896.994423	0	0	0	0	0	1.5	1.5	1.5	1.5	1.5	1.5
454.378450870643	-0.0689941150441737	-6.35538327238346	863906.866475483	4598896.98753136	0	0	0	0	0	1.5	1.5	1.5	1.5	1.5	1.5
454.478954841196	-0.0626602020246153	-6.36199916318639	863906.966692511	4598896.97994463	0	0	0	0	0	1.5	1.5	1.5	1.5	1.5	1.5
454.579458811749	-0.0563262890050569	-6.36797847058172	863907.066859807	4598896.97172691	0	0	0	0	0	1.5	1.5	1.5	1.5	1.5	1.5
454.679962782302	-0.052556371580341	-6.37334830229006	863907.16697899	4598896.96294209	0	0	0	0	0	1.5	1.5	1.5	1.5	1.5	1.5
454.780466752855	-0.0584094013522885	-6.37892455267767	863907.267049428	4598896.9536185	0	0	0	0	0	1.5	1.5	1.5	1.5	1.5	1.5
454.880970723408	-0.064262431124236	-6.38508905579713	863907.36706338	4598896.94370763	0	0	0	0	0	1.5	1.5	1.5	1.5	1.5	1.5
454.981474693961	-0.0701154608961835	-6.39184181164843	863907.467011205	4598896.93315101	0	0	0	0	0	1.5	1.5	1.5	1.5	1.5	1.5
455.081978664515	-0.0759684906681343	-6.39918282023159	863907.566882122	4598896.92189035	0	0	0	0	0	1.5	1.5	1.5	1.5	1.5	1.5
455.182482635068	-0.0818215204400818	-6.40711208154659	863907.666664116	4598896.90986749	0	0	0	0	0	1.5	1.5	1.5	1.5	1.5	1.5
455.282986605621	-0.0876745502120259	-6.41562959559343	863907.766343828	4598896.89702452	0	0	0	0	0	1.5	1.5	1.5	1.5	1.5	1.5
455.383490576174	-0.0935275799839734	-6.42473536237212	863907.86590646	4598896.88330371	0	0	0	0	0	1.5	1.5	1.5	1.5	1.5	1.5
455.483994546727	-0.0993806097559209	-6.43442938188266	863907.965335677	4598896.86864766	0	0	0	0	0	1.5	1.5	1.5	1.5	1.5	1.5
455.58449851728	-0.105233639527868	-6.44471165412504	863908.0646135	4598896.85299925	0	0	0	0	0	1.5	1.5	1.5	1.5	1.5	1.5
455.685002487833	-0.111086669299813	-6.45558217909926	863908.16372022	4598896.83630174	0	0	0	0	0	1.5	1.5	1.5	1.5	1.5	1.5
455.785506458386	-0.116939699071767	-6.46704095680535	863908.26263429	4598896.81849881	0	0	0	0	0	1.5	1.5	1.5	1.5	1.5	1.5
455.886010428939	-0.122792728843711	-6.47908798724327	863908.36133224	4598896.79953462	0	0	0	0	0	1.5	1.5	1.5	1.5	1.5	1.5
455.986514399493	-0.128645758615658	-6.49172327041303	863908.459788581	4598896.77935387	0	0	0	0	0	1.5	1.5	1.5	1.5	1.5	1.5
456.087018370046	-0.134498788387606	-6.50494680631465	863908.557975712	4598896.75790187	0	0	0	0	0	1.5	1.5	1.5	1.5	1.5	1.5
456.187522340599	-0.136834942085301	-6.51869961269271	863908.655863989	4598896.73512527	0	0	0	0	0	1.5	1.5	1.5	1.5	1.5	1.5
456.288026311152	-0.132150268254449	-6.53221665352232	863908.753431074	4598896.71100975	0	0	0	0	0	1.5	1.5	1.5	1.5	1.5	1.5
456.388530281705	-0.127465594423598	-6.54526286603118	863908.850669319	4598896.68560053	0	0	0	0	0	1.5	1.5	1.5	1.5	1.5	1.5
456.489034252258	-0.122780920592747	-6.55783825021929	863908.947574131	4598896.65894772	0	0	0	0	0	1.5	1.5	1.5	1.5	1.5	1.5
456.589538222811	-0.118096246761893	-6.56994280608666	863909.044142725	4598896.63110115	0	0	0	0	0	1.5	1.5	1.5	1.5	1.5	1.5
456.690042193364	-0.113411572931042	-6.58157653363328	863909.140374055	4598896.60211037	0	0	0	0	0	1.5	1.5	1.5	1.5	1.5	1.5
456.790546163917	-0.108726899100193	-6.59273943285914	863909.236268737	4598896.57202461	0	0	0	0	0	1.5	1.5	1.5	1.5	1.5	1.5
456.891050134471	-0.104042225269342	-6.60343150376427	863909.33182898	4598896.54089276	0	0	0	0	0	1.5	1.5	1.5	1.5	1.5	1.5
456.991554105024	-0.0993575514384904	-6.61365274634865	863909.427058509	4598896.50876338	0	0	0	0	0	1.5	1.5	1.5	1.5	1.5	1.5
457.092058075577	-0.0946728776076391	-6.62340316061228	863909.521962494	4598896.47568466	0	0	0	0	0	1.5	1.5	1.5	1.5	1.5	1.5
457.19256204613	-0.0899882037767904	-6.63268274655515	863909.616547478	4598896.44170443	0	0	0	0	0	1.5	1.5	1.5	1.5	1.5	1.5
457.293066016683	-0.0853035299459338	-6.6414915041773	863909.710821309	4598896.40687014	0	0	0	0	0	1.5	1.5	1.5	1.5	1.5	1.5
457.393569987236	-0.0806188561150852	-6.64982943347869	863909.804793064	4598896.37122889	0	0	0	0	0	1.5	1.5	1.5	1.5	1.5	1.5
457.494073957789	-0.0759341822842338	-6.65769653445933	863909.898472984	4598896.3348274	0	0	0	0	0	1.5	1.5	1.5	1.5	1.5	1.5
457.594577928342	-0.0712495084533825	-6.66509280711923	863909.991872402	4598896.29771202	0	0	0	0	0	1.5	1.5	1.5	1.5	1.5	1.5
457.695081898896	-0.0733036812953837	-6.67216483367556	863910.08500287	4598896.25992681	0	0	0	0	0	1.5	1.5	1.5	1.5	1.5	1.5
457.795585869449	-0.0841873754218845	-6.6800790719389	863910.177850557	4598896.22145211	0	0	0	0	0	1.5	1.5	1.5	1.5	1.5	1.5
457.896089840002	-0.0950710695483852	-6.68908716467625	863910.270369312	4598896.18219323	0	0	0	0	0	1.5	1.5	1.5	1.5	1.5	1.5
457.996593810555	-0.105954763674892	-6.6991891118876	863910.36250865	4598896.14205217	0	0	0	0	0	1.5	1.5	1.5	1.5	1.5	1.5
458.097097781108	-0.116838457801393	-6.71038491357294	863910.454215226	4598896.10093227	0	0	0	0	0	1.5	1.5	1.5	1.5	1.5	1.5
458.197601751661	-0.127722151927894	-6.72267456973228	863910.545432532	4598896.05873838	0	0	0	0	0	1.5	1.5	1.5	1.5	1.5	1.5
458.298105722214	-0.138605846054388	-6.73605808036562	863910.636100607	4598896.01537714	0	0	0	0	0	1.5	1.5	1.5	1.5	1.5	1.5
458.398609692767	-0.149489540180889	-6.75053544547296	863910.726155748	4598895.97075715	0	0	0	0	0	1.5	1.5	1.5	1.5	1.5	1.5
458.49911366332	-0.16037323430739	-6.7661066650543	863910.815530245	4598895.9247893	0	0	0	0	0	1.5	1.5	1.5	1.5	1.5	1.5
458.599617633874	-0.171256928433884	-6.78277173910962	863910.904152118	4598895.877387	0	0	0	0	0	1.5	1.5	1.5	1.5	1.5	1.5
458.700121604427	-0.182140622560398	-6.80053066763898	863910.991944878	4598895.82846652	0	0	0	0	0	1.5	1.5	1.5	1.5	1.5	1.5
458.80062557498	-0.193024316686898	-6.81938345064232	863911.078827302	4598895.77794728	0	0	0	0	0	1.5	1.5	1.5	1.5	1.5	1.5
458.901129545533	-0.203908010813393	-6.83933008811964	863911.164713229	4598895.72575225	0	0	0	0	0	1.5	1.5	1.5	1.5	1.5	1.5
459.001633516086	-0.214791704939894	-6.86037058007098	863911.249511375	4598895.6718083	0	0	0	0	0	1.5	1.5	1.5	1.5	1.5	1.5
459.102137486639	-0.225675399066394	-6.88250492649631	863911.333125178	4598895.6160466	0	0	0	0	0	1.5	1.5	1.5	1.5	1.5	1.5
459.202641457192	-0.231480672599835	-6.90558080411202	863911.415454435	4598895.55840553	0	0	0	0	0	1.5	1.5	1.5	1.5	1.5	1.5
459.303145427745	-0.233856037958627	-6.92896489763965	863911.49642104	4598895.49886566	0	0	0	0	0	1.5	1.5	1.5	1.5	1.5	1.5
459.403649398299	-0.23623140331742	-6.95258772481736	863911.575965982	4598895.43743944	0	0	0	0	0	1.5	1.5	1.5	1.5	1.5	1.5
459.504153368852	-0.238606768676212	-6.97644928564513	863911.654030213	4598895.37414217	0	0	0	0	0	1.5	1.5	1.5	1.5	1.5	1.5
459.604657339405	-0.240982134035003	-7.00054958012298	863911.730554179	4598895.30899125	0	0	0	0	0	1.5	1.5	1.5	1.5	1.5	1.5
459.705161309958	-0.243357499393795	-7.0248886082509	863911.805477888	4598895.24200627	0	0	0	0	0	1.5	1.5	1.5	1.5	1.5	1.5
459.805665280511	-0.245732864752585	-7.04946637002887	863911.878740969	4598895.17320903	0	0	0	0	0	1.5	1.5	1.5	1.5	1.5	1.5
459.906169251064	-0.248108230111377	-7.07428286545694	863911.950282753	4598895.1026236	0	0	0	0	0	1.5	1.5	1.5	1.5	1.5	1.5
460.006673221617	-0.250483595470169	-7.09933809453508	863912.020042334	4598895.03027638	0	0	0	0	0	1.5	1.5	1.5	1.5	1.5	1.5
460.10717719217	-0.252858960828962	-7.1246320572633	863912.087958657	4598894.95619613	0	0	0	0	0	1.5	1.5	1.5	1.5	1.5	1.5
460.207681162724	-0.255234326187754	-7.15016475364158	863912.153970593	4598894.88041405	0	0	0	0	0	1.5	1.5	1.5	1.5	1.5	1.5
460.308185133277	-0.257609691546545	-7.17593618366994	863912.218017026	4598894.80296379	0	0	0	0	0	1.5	1.5	1.5	1.5	1.5	1.5
460.40868910383	-0.259985056905336	-7.20194634734835	863912.280036937	4598894.72388149	0	0	0	0	0	1.5	1.5	1.5	1.5	1.5	1.5
460.509193074383	-0.262360422264127	-7.22819524467685	863912.339969497	4598894.64320587	0	0	0	0	0	1.5	1.5	1.5	1.5	1.5	1.5
460.609697044936	-0.264735787622919	-7.25468287565543	863912.397754163	4598894.5609782	0	0	0	0	0	1.5	1.5	1.5	1.5	1.5	1.5
460.710201015489	-0.271557115774259	-7.28156755297049	863912.453327626	4598894.47724033	0	0	0	0	0	1.5	1.5	1.5	1.5	1.5	1.5
460.810704986042	-0.280206837082943	-7.30929478700564	863912.506594928	4598894.39201712	0	0	0	0	0	1.5	1.5	1.5	1.5	1.5	1.5
460.911208956595	-0.288856558391613	-7.33789135237644	863912.557441275	4598894.30532797	0	0	0	0	0	1.5	1.5	1.5	1.5	1.5	1.5
461.011712927148	-0.297506279700288	-7.36735724908296	863912.605749755	4598894.21719961	0	0	0	0	0	1.5	1.5	1.5	1.5	1.5	1.5
461.112216897702	-0.306156001008962	-7.39769247712518	863912.651401848	4598894.1276666	0	0	0	0	0	1.5	1.5	1.5	1.5	1.5	1.5
461.212720868255	-0.314805722317637	-7.42889703650309	863912.69427775	4598894.03677168	0	0	0	0	0	1.5	1.5	1.5	1.5	1.5	1.5
461.313224838808	-0.323455443626307	-7.46097092721669	863912.734256736	4598893.94456614	0	0	0	0	0	1.5	1.5	1.5	1.5	1.5	1.5
461.413728809361	-0.332105164934981	-7.493914149266	863912.771217572	4598893.8511101	0	0	0	0	0	1.5	1.5	1.5	1.5	1.5	1.5
461.514232779914	-0.340754886243661	-7.52772670265104	863912.805038952	4598893.7564729	0	0	0	0	0	1.5	1.5	1.5	1.5	1.5	1.5
461.614736750467	-0.349404607552336	-7.56240858737175	863912.835599997	4598893.66073336	0	0	0	0	0	1.5	1.5	1.5	1.5	1.5	1.5
461.71524072102	-0.35805432886101	-7.59795980342817	863912.86278078	4598893.56398013	0	0	0	0	0	1.5	1.5	1.5	1.5	1.5	1.5
461.815744691573	-0.366704050169685	-7.63438035082028	863912.886462905	4598893.46631187	0	0	0	0	0	1.5	1.5	1.5	1.5	1.5	1.5
461.916248662126	-0.375353771478355	-7.67167022954807	863912.906530125	4598893.36783759	0	0	0	0	0	1.5	1.5	1.5	1.5	1.5	1.5
462.01675263268	-0.384003492787029	-7.70982943961159	863912.922869006	4598893.26867679	0	0	0	0	0	1.5	1.5	1.5	1.5	1.5	1.5
462.117256603233	-0.392653214095704	-7.7488579810108	863912.935369636	4598893.16895969	0	0	0	0	0	1.5	1.5	1.5	1.5	1.5	1.5
462.217760573786	-0.380694270433312	-7.7880025356836	863912.943944682	4598893.06882866	0	0	0	0	0	1.5	1.5	1.5	1.5	1.5	1.5
462.318264544339	-0.361012166028379	-7.8252747566082	863912.948684239	4598892.96844233	0	0	0	0	0	1.5	1.5	1.5	1.5	1.5	1.5
462.418768514892	-0.341330061623456	-7.86056884789125	863912.94977915	4598892.86794954	0	0	0	0	0	1.5	1.5	1.5	1.5	1.5	1.5
462.519272485445	-0.321647957218523	-7.89388480953278	863912.947426671	4598892.76747775	0	0	0	0	0	1.5	1.5	1.5	1.5	1.5	1.5
462.619776455998	-0.301965852813589	-7.92522264153277	863912.941828017	4598892.66713396	0	0	0	0	0	1.5	1.5	1.5	1.5	1.5	1.5
462.720280426551	-0.282283748408655	-7.95458234389123	863912.933187054	4598892.56700576	0	0	0	0	0	1.5	1.5	1.5	1.5	1.5	1.5
462.820784397104	-0.262601644003733	-7.98196391660813	863912.921709196	4598892.46716251	0	0	0	0	0	1.5	1.5	1.5	1.5	1.5	1.5
462.921288367658	-0.242919539598777	-8.00736735968354	863912.907600465	4598892.36765649	0	0	0	0	0	1.5	1.5	1.5	1.5	1.5	1.5
463.021792338211	-0.223237435193855	-8.03079267311738	863912.891066736	4598892.26852414	0	0	0	0	0	1.5	1.5	1.5	1.5	1.5	1.5
463.122296308764	-0.203555330788921	-8.05223985690968	863912.872313128	4598892.1697873	0	0	0	0	0	1.5	1.5	1.5	1.5	1.5	1.5
463.222800279317	-0.183873226383987	-8.07170891106046	863912.851543545	4598892.07145443	0	0	0	0	0	1.5	1.5	1.5	1.5	1.5	1.5
463.32330424987	-0.164191121979065	-8.08919983556968	863912.828960352	4598891.97352185	0	0	0	0	0	1.5	1.5	1.5	1.5	1.5	1.5
463.423808220423	-0.144509017574131	-8.10471263043738	863912.804764172	4598891.87597499	0	0	0	0	0	1.5	1.5	1.5	1.5	1.5	1.5
463.524312190976	-0.124826913169198	-8.11824729566354	863912.779153789	4598891.77878959	0	0	0	0	0	1.5	1.5	1.5	1.5	1.5	1.5
463.62481616153	-0.105144808764253	-8.12980383124818	863912.752326148	4598891.68193293	0	0	0	0	0	1.5	1.5	1.5	1.5	1.5	1.5
463.725320132083	-0.0857543628010219	-8.13939559589352	863912.724476054	4598891.58536511	0	0	0	0	0	1.5	1.5	1.5	1.5	1.5	1.5
463.825824102636	-0.0663922496112863	-8.14704126522034	863912.695794679	4598891.48904078	0	0	0	0	0	1.5	1.5	1.5	1.5	1.5	1.5
463.926328073189	-0.0470301364215618	-8.15274096529329	863912.666471174	4598891.39290986	0	0	0	0	0	1.5	1.5	1.5	1.5	1.5	1.5
464.026832043742	-0.0276680232318262	-8.15649469611238	863912.636693593	4598891.29691855	0	0	0	0	0	1.5	1.5	1.5	1.5	1.5	1.5
464.127336014295	-0.00830591004209071	-8.1583024576776	863912.606649185	4598891.20101037	0	0	0	0	0	1.5	1.5	1.5	1.5	1.5	1.5
464.227839984848	0.0110562031476448	-8.15816424998896	863912.576524722	4598891.10512729	0	0	0	0	0	1.5	1.5	1.5	1.5	1.5	1.5
464.328343955401	0.0304183163373913	-8.15608007304644	863912.546506828	4598891.00921082	0	0	0	0	0	1.5	1.5	1.5	1.5	1.5	1.5
464.428847925954	0.0497804295271269	-8.15204992685006	863912.51678232	4598890.91320307	0	0	0	0	0	1.5	1.5	1.5	1.5	1.5	1.5
464.529351896508	0.0691425427168514	-8.14607381139981	863912.487538546	4598890.81704788	0	0	0	0	0	1.5	1.5	1.5	1.5	1.5	1.5
464.629855867061	0.088504655906587	-8.1381517266957	863912.458963696	4598890.72069191	0	0	0	0	0	1.5	1.5	1.5	1.5	1.5	1.5
464.730359837614	0.107866769096322	-8.12828367273771	863912.431247099	4598890.62408572	0	0	0	0	0	1.5	1.5	1.5	1.5	1.5	1.5
464.830863808167	0.127228882286047	-8.11646964952587	863912.404579468	4598890.5271849	0	0	0	0	0	1.5	1.5	1.5	1.5	1.5	1.5
464.93136777872	0.146590995475783	-8.10270965706015	863912.379153107	4598890.42995122	0	0	0	0	0	1.5	1.5	1.5	1.5	1.5	1.5
465.031871749273	0.165953108665518	-8.08700369534057	863912.355162053	4598890.33235373	0	0	0	0	0	1.5	1.5	1.5	1.5	1.5	1.5
465.132375719826	0.183889676356504	-8.06935858475369	863912.332802123	4598890.23436996	0	0	0	0	0	1.5	1.5	1.5	1.5	1.5	1.5
465.232879690379	0.188278873173947	-8.05065637628228	863912.312238567	4598890.13599368	0	0	0	0	0	1.5	1.5	1.5	1.5	1.5	1.5
465.333383660932	0.19266806999139	-8.03151303610319	863912.293540146	4598890.03724597	0	0	0	0	0	1.5	1.5	1.5	1.5	1.5	1.5
465.433887631486	0.197057266808831	-8.01192856421641	863912.276757264	4598889.9381548	0	0	0	0	0	1.5	1.5	1.5	1.5	1.5	1.5
465.534391602039	0.201446463626274	-7.99190296062193	863912.26194006	4598889.83875077	0	0	0	0	0	1.5	1.5	1.5	1.5	1.5	1.5
465.634895572592	0.205835660443717	-7.97143622531976	863912.249138316	4598889.73906722	0	0	0	0	0	1.5	1.5	1.5	1.5	1.5	1.5
465.735399543145	0.21022485726116	-7.9505283583099	863912.238401356	4598889.63914026	0	0	0	0	0	1.5	1.5	1.5	1.5	1.5	1.5
465.835903513698	0.214614054078606	-7.92917935959233	863912.229777943	4598889.53900884	0	0	0	0	0	1.5	1.5	1.5	1.5	1.5	1.5
465.936407484251	0.219003250896049	-7.90738922916708	863912.223316163	4598889.4387148	0	0	0	0	0	1.5	1.5	1.5	1.5	1.5	1.5
466.036911454804	0.22339244771349	-7.88515796703415	863912.219063316	4598889.33830292	0	0	0	0	0	1.5	1.5	1.5	1.5	1.5	1.5
466.137415425357	0.227781644530933	-7.86248557319352	863912.217065784	4598889.23782096	0	0	0	0	0	1.5	1.5	1.5	1.5	1.5	1.5
466.237919395911	0.232170841348376	-7.8393720476452	863912.217368903	4598889.13731968	0	0	0	0	0	1.5	1.5	1.5	1.5	1.5	1.5
466.338423366464	0.236560038165816	-7.8158173903892	863912.22001683	4598889.03685292	0	0	0	0	0	1.5	1.5	1.5	1.5	1.5	1.5
466.438927337017	0.24094923498326	-7.79182160142549	863912.225052399	4598888.93647759	0	0	0	0	0	1.5	1.5	1.5	1.5	1.5	1.5
466.53943130757	0.245338431800705	-7.76738468075407	863912.232516972	4598888.83625372	0	0	0	0	0	1.5	1.5	1.5	1.5	1.5	1.5
466.639935278123	0.250973103752883	-7.74249020661877	863912.242450429	4598888.73624445	0	0	0	0	0	1.5	1.5	1.5	1.5	1.5	1.5
466.740439248676	0.260109131311543	-7.7168073096672	863912.254906233	4598888.6365181	0	0	0	0	0	1.5	1.5	1.5	1.5	1.5	1.5
466.840943219229	0.269245158870204	-7.6902062056709	863912.269964501	4598888.5371516	0	0	0	0	0	1.5	1.5	1.5	1.5	1.5	1.5
466.941447189782	0.278381186428858	-7.66268689462989	863912.287705769	4598888.43822911	0	0	0	0	0	1.5	1.5	1.5	1.5	1.5	1.5
467.041951160335	0.287517213987518	-7.63424937654414	863912.308207382	4598888.33984186	0	0	0	0	0	1.5	1.5	1.5	1.5	1.5	1.5
467.142455130889	0.296653241546178	-7.60489365141366	863912.331543049	4598888.24208825	0	0	0	0	0	1.5	1.5	1.5	1.5	1.5	1.5
467.242959101442	0.305789269104844	-7.57461971923843	863912.35778236	4598888.14507394	0	0	0	0	0	1.5	1.5	1.5	1.5	1.5	1.5
467.343463071995	0.314925296663504	-7.54342758001849	863912.386990287	4598888.04891196	0	0	0	0	0	1.5	1.5	1.5	1.5	1.5	1.5
467.443967042548	0.324061324222164	-7.51131723375383	863912.419226644	4598887.95372269	0	0	0	0	0	1.5	1.5	1.5	1.5	1.5	1.5
467.544471013101	0.333197351780818	-7.47828868044445	863912.454545531	4598887.85963387	0	0	0	0	0	1.5	1.5	1.5	1.5	1.5	1.5
467.644974983654	0.342333379339478	-7.44434192009033	863912.492994743	4598887.76678057	0	0	0	0	0	1.5	1.5	1.5	1.5	1.5	1.5
467.745478954207	0.351469406898139	-7.40947695269148	863912.534615159	4598887.67530507	0	0	0	0	0	1.5	1.5	1.5	1.5	1.5	1.5
467.84598292476	0.360605434456793	-7.37369377824793	863912.579440104	4598887.58535678	0	0	0	0	0	1.5	1.5	1.5	1.5	1.5	1.5
467.946486895314	0.369741462015464	-7.33699239675958	863912.627494697	4598887.49709201	0	0	0	0	0	1.5	1.5	1.5	1.5	1.5	1.5
468.046990865867	0.378877489574119	-7.29937280822657	863912.678795176	4598887.41067374	0	0	0	0	0	1.5	1.5	1.5	1.5	1.5	1.5
468.14749483642	0.378072160077283	-7.261033694949	863912.733346006	4598887.32626987	0	0	0	0	0	1.5	1.5	1.5	1.5	1.5	1.5
468.247998806973	0.362211331592628	-7.22383297982512	863912.79105654	4598887.24399364	0	0	0	0	0	1.5	1.5	1.5	1.5	1.5	1.5
468.348502777526	0.346350503107974	-7.18822634094022	863912.851723627	4598887.16387195	0	0	0	0	0	1.5	1.5	1.5	1.5	1.5	1.5
468.449006748079	0.330489674623328	-7.1542137782943	863912.915142697	4598887.08590981	0	0	0	0	0	1.5	1.5	1.5	1.5	1.5	1.5
468.549510718632	0.314628846138673	-7.12179529188733	863912.981116154	4598887.01009644	0	0	0	0	0	1.5	1.5	1.5	1.5	1.5	1.5
468.650014689185	0.29876801765401	-7.09097088171931	863913.049453846	4598886.93640649	0	0	0	0	0	1.5	1.5	1.5	1.5	1.5	1.5
468.750518659738	0.282907189169355	-7.06174054779029	863913.119973396	4598886.86480117	0	0	0	0	0	1.5	1.5	1.5	1.5	1.5	1.5
468.851022630292	0.267046360684701	-7.03410429010023	863913.192500417	4598886.79522937	0	0	0	0	0	1.5	1.5	1.5	1.5	1.5	1.5
468.951526600845	0.251185532200046	-7.00806210864914	863913.266868612	4598886.72762871	0	0	0	0	0	1.5	1.5	1.5	1.5	1.5	1.5
469.052030571398	0.2353247037154	-6.98361400343703	863913.342919771	4598886.66192661	0	0	0	0	0	1.5	1.5	1.5	1.5	1.5	1.5
469.152534541951	0.219463875230746	-6.96075997446389	863913.420503685	4598886.59804121	0	0	0	0	0	1.5	1.5	1.5	1.5	1.5	1.5
469.253038512504	0.203603046746091	-6.93950002172971	863913.499477964	4598886.53588229	0	0	0	0	0	1.5	1.5	1.5	1.5	1.5	1.5
469.353542483057	0.187742218261428	-6.91983414523448	863913.579707791	4598886.47535215	0	0	0	0	0	1.5	1.5	1.5	1.5	1.5	1.5
469.45404645361	0.171881389776773	-6.90176234497825	863913.661065606	4598886.4163464	0	0	0	0	0	1.5	1.5	1.5	1.5	1.5	1.5
469.554550424163	0.156020561292127	-6.88528462096099	863913.74343073	4598886.35875468	0	0	0	0	0	1.5	1.5	1.5	1.5	1.5	1.5
469.655054394717	0.148332949416216	-6.87014206832734	863913.826691981	4598886.30246596	0	0	0	0	0	1.5	1.5	1.5	1.5	1.5	1.5
469.75555836527	0.145437912820734	-6.85537949928353	863913.910783744	4598886.24742561	0	0	0	0	0	1.5	1.5	1.5	1.5	1.5	1.5
469.856062335823	0.142542876225251	-6.84090789291246	863913.995671055	4598886.19362026	0	0	0	0	0	1.5	1.5	1.5	1.5	1.5	1.5
469.956566306376	0.13964783962977	-6.82672724921414	863914.081320481	4598886.14103647	0	0	0	0	0	1.5	1.5	1.5	1.5	1.5	1.5
470.057070276929	0.136752803034284	-6.81283756818853	863914.167699498	4598886.08965991	0	0	0	0	0	1.5	1.5	1.5	1.5	1.5	1.5
470.157574247482	0.133857766438803	-6.7992388498357	863914.254776493	4598886.03947535	0	0	0	0	0	1.5	1.5	1.5	1.5	1.5	1.5
470.258078218035	0.130962729843321	-6.7859310941556	863914.342520761	4598885.99046676	0	0	0	0	0	1.5	1.5	1.5	1.5	1.5	1.5
470.358582188588	0.128067693247838	-6.77291430114824	863914.430902502	4598885.94261727	0	0	0	0	0	1.5	1.5	1.5	1.5	1.5	1.5
470.459086159141	0.125172656652357	-6.76018847081363	863914.51989282	4598885.89590929	0	0	0	0	0	1.5	1.5	1.5	1.5	1.5	1.5
470.559590129695	0.122277620056874	-6.74775360315176	863914.609463709	4598885.8503245	0	0	0	0	0	1.5	1.5	1.5	1.5	1.5	1.5
470.660094100248	0.119382583461392	-6.73560969816263	863914.699588057	4598885.80584387	0	0	0	0	0	1.5	1.5	1.5	1.5	1.5	1.5
470.760598070801	0.116487546865907	-6.72375675584623	863914.790239628	4598885.76244776	0	0	0	0	0	1.5	1.5	1.5	1.5	1.5	1.5
470.861102041354	0.113592510270425	-6.71219477620259	863914.88139306	4598885.72011589	0	0	0	0	0	1.5	1.5	1.5	1.5	1.5	1.5
470.961606011907	0.110697473674942	-6.70092375923169	863914.973023848	4598885.67882739	0	0	0	0	0	1.5	1.5	1.5	1.5	1.5	1.5
471.06210998246	0.107802437079461	-6.68994370493353	863915.065108337	4598885.63856086	0	0	0	0	0	1.5	1.5	1.5	1.5	1.5	1.5
471.162613953013	0.102881618451641	-6.67933649326403	863915.157622852	4598885.59929233	0	0	0	0	0	1.5	1.5	1.5	1.5	1.5	1.5
471.263117923566	0.0974679711021618	-6.66926852863961	863915.250538483	4598885.56098243	0	0	0	0	0	1.5	1.5	1.5	1.5	1.5	1.5
471.363621894119	0.0920543237526822	-6.65974465706898	863915.343824971	4598885.52358453	0	0	0	0	0	1.5	1.5	1.5	1.5	1.5	1.5
471.464125864673	0.0866406764031995	-6.65076487855215	863915.437453501	4598885.48705128	0	0	0	0	0	1.5	1.5	1.5	1.5	1.5	1.5
471.564629835226	0.0812270290537199	-6.64232919308912	863915.531396636	4598885.45133468	0	0	0	0	0	1.5	1.5	1.5	1.5	1.5	1.5
471.665133805779	0.0758133817042434	-6.63443760067989	863915.625628249	4598885.41638616	0	0	0	0	0	1.5	1.5	1.5	1.5	1.5	1.5
471.765637776332	0.0703997343547638	-6.62709010132445	863915.720123449	4598885.38215664	0	0	0	0	0	1.5	1.5	1.5	1.5	1.5	1.5
471.866141746885	0.0649860870052842	-6.62028669502281	863915.814858501	4598885.34859656	0	0	0	0	0	1.5	1.5	1.5	1.5	1.5	1.5
471.966645717438	0.0595724396558077	-6.61402738177497	863915.909810752	4598885.31565593	0	0	0	0	0	1.5	1.5	1.5	1.5	1.5	1.5
472.067149687991	0.0541587923063281	-6.60831216158092	863916.00495855	4598885.28328438	0	0	0	0	0	1.5	1.5	1.5	1.5	1.5	1.5
472.167653658545	0.0487451449568424	-6.60314103444067	863916.100281165	4598885.25143121	0	0	0	0	0	1.5	1.5	1.5	1.5	1.5	1.5
472.268157629098	0.0433314976073659	-6.59851400035422	863916.195758709	4598885.22004541	0	0	0	0	0	1.5	1.5	1.5	1.5	1.5	1.5
472.368661599651	0.0379178502578863	-6.59443105932156	863916.29137205	4598885.18907569	0	0	0	0	0	1.5	1.5	1.5	1.5	1.5	1.5
472.469165570204	0.0325042029084067	-6.59089221134271	863916.387102735	4598885.15847057	0	0	0	0	0	1.5	1.5	1.5	1.5	1.5	1.5
472.569669540757	0.0270905555589302	-6.58789745641765	863916.482932904	4598885.12817834	0	0	0	0	0	1.5	1.5	1.5	1.5	1.5	1.5
472.67017351131	0.0217569053194452	-6.5854428353632	863916.578845246	4598885.09814726	0	0	0	0	0	1.5	1.5	1.5	1.5	1.5	1.5
472.770677481863	0.0164244841862821	-6.58352414473992	863916.674823035	4598885.06832598	0	0	0	0	0	1.5	1.5	1.5	1.5	1.5	1.5
472.871181452416	0.011092063053116	-6.58214138361318	863916.770849928	4598885.03866317	0	0	0	0	0	1.5	1.5	1.5	1.5	1.5	1.5
472.971685422969	0.00575964191995286	-6.58129455198299	863916.866909834	4598885.00910742	0	0	0	0	0	1.5	1.5	1.5	1.5	1.5	1.5
473.072189393523	0.000427220786789757	-6.58098364984934	863916.962986834	4598884.97960729	0	0	0	0	0	1.5	1.5	1.5	1.5	1.5	1.5
473.172693364076	-0.00490520034637033	-6.58120867721224	863917.059065102	4598884.95011128	0	0	0	0	0	1.5	1.5	1.5	1.5	1.5	1.5
473.273197334629	-0.0102376214795334	-6.58196963407168	863917.155128814	4598884.92056791	0	0	0	0	0	1.5	1.5	1.5	1.5	1.5	1.5
473.373701305182	-0.0155700426126965	-6.58326652042767	863917.251162074	4598884.89092571	0	0	0	0	0	1.5	1.5	1.5	1.5	1.5	1.5
473.474205275735	-0.0209024637458566	-6.5850993362802	863917.347148823	4598884.86113328	0	0	0	0	0	1.5	1.5	1.5	1.5	1.5	1.5
473.574709246288	-0.0262348848790258	-6.58746808162927	863917.443072765	4598884.83113927	0	0	0	0	0	1.5	1.5	1.5	1.5	1.5	1.5
473.675213216841	-0.0315673060121858	-6.59037275647489	863917.538917276	4598884.80089244	0	0	0	0	0	1.5	1.5	1.5	1.5	1.5	1.5
473.775717187394	-0.0368997271453489	-6.59381336081705	863917.634665329	4598884.77034169	0	0	0	0	0	1.5	1.5	1.5	1.5	1.5	1.5
473.876221157947	-0.042232148278512	-6.59778989465576	863917.730299408	4598884.73943606	0	0	0	0	0	1.5	1.5	1.5	1.5	1.5	1.5
473.976725128501	-0.0475645694116752	-6.60230235799101	863917.82580143	4598884.7081248	0	0	0	0	0	1.5	1.5	1.5	1.5	1.5	1.5
474.077229099054	-0.0528667865384517	-6.60735057780827	863917.921152659	4598884.67635737	0	0	0	0	0	1.5	1.5	1.5	1.5	1.5	1.5
474.177733069607	-0.0579342358183825	-6.61291854915237	863918.016333831	4598884.64408406	0	0	0	0	0	1.5	1.5	1.5	1.5	1.5	1.5
474.27823704016	-0.0630016850983134	-6.61899581926968	863918.111325451	4598884.61125711	0	0	0	0	0	1.5	1.5	1.5	1.5	1.5	1.5
474.378741010713	-0.0680691343782471	-6.62558238816021	863918.206107286	4598884.57782934	0	0	0	0	0	1.5	1.5	1.5	1.5	1.5	1.5
474.479244981266	-0.0731365836581779	-6.63267825582394	863918.30065819	4598884.54375395	0	0	0	0	0	1.5	1.5	1.5	1.5	1.5	1.5
474.579748951819	-0.0782040329381088	-6.64028342226088	863918.394956041	4598884.5089845	0	0	0	0	0	1.5	1.5	1.5	1.5	1.5	1.5
474.680252922372	-0.0832714822180367	-6.64839788747103	863918.488977669	4598884.47347498	0	0	0	0	0	1.5	1.5	1.5	1.5	1.5	1.5
474.780756892925	-0.0883389314979676	-6.65702165145439	863918.582698791	4598884.43717984	0	0	0	0	0	1.5	1.5	1.5	1.5	1.5	1.5
474.881260863479	-0.0934063807778984	-6.66615471421096	863918.676093946	4598884.40005407	0	0	0	0	0	1.5	1.5	1.5	1.5	1.5	1.5
474.981764834032	-0.0984738300578264	-6.67579707574074	863918.769136427	4598884.3620532	0	0	0	0	0	1.5	1.5	1.5	1.5	1.5	1.5
475.082268804585	-0.103541279337763	-6.68594873604374	863918.861798223	4598884.32313337	0	0	0	0	0	1.5	1.5	1.5	1.5	1.5	1.5
475.182772775138	-0.108608728617691	-6.69660969511993	863918.954049957	4598884.28325142	0	0	0	0	0	1.5	1.5	1.5	1.5	1.5	1.5
475.283276745691	-0.113676177897622	-6.70777995296934	863919.045860826	4598884.2423649	0	0	0	0	0	1.5	1.5	1.5	1.5	1.5	1.5
475.383780716244	-0.118743627177553	-6.71945950959196	863919.137198544	4598884.20043216	0	0	0	0	0	1.5	1.5	1.5	1.5	1.5	1.5
475.484284686797	-0.123811076457483	-6.73164836498779	863919.228029289	4598884.15741241	0	0	0	0	0	1.5	1.5	1.5	1.5	1.5	1.5
475.58478865735	-0.127619668376304	-6.74433378320451	863919.31831769	4598884.11326587	0	0	0	0	0	1.5	1.5	1.5	1.5	1.5	1.5
475.685292627903	-0.126434313197435	-6.75710050014601	863919.408034854	4598884.06796972	0	0	0	0	0	1.5	1.5	1.5	1.5	1.5	1.5
475.785796598457	-0.125248958018566	-6.76974808418552	863919.497169217	4598884.0215372	0	0	0	0	0	1.5	1.5	1.5	1.5	1.5	1.5
475.88630056901	-0.124063602839698	-6.78227653532303	863919.585712051	4598883.97398636	0	0	0	0	0	1.5	1.5	1.5	1.5	1.5	1.5
475.986804539563	-0.122878247660829	-6.79468585355855	863919.673655122	4598883.92533521	0	0	0	0	0	1.5	1.5	1.5	1.5	1.5	1.5
476.087308510116	-0.121692892481961	-6.80697603889208	863919.760990683	4598883.87560171	0	0	0	0	0	1.5	1.5	1.5	1.5	1.5	1.5
476.187812480669	-0.120507537303093	-6.8191470913236	863919.847711466	4598883.82480378	0	0	0	0	0	1.5	1.5	1.5	1.5	1.5	1.5
476.288316451222	-0.119322182124224	-6.83119901085315	863919.933810676	4598883.77295929	0	0	0	0	0	1.5	1.5	1.5	1.5	1.5	1.5
476.388820421775	-0.118136826945356	-6.8431317974807	863920.019281982	4598883.720086	0	0	0	0	0	1.5	1.5	1.5	1.5	1.5	1.5
476.489324392329	-0.116951471766487	-6.85494545120626	863920.104119513	4598883.66620165	0	0	0	0	0	1.5	1.5	1.5	1.5	1.5	1.5
476.589828362882	-0.115766116587618	-6.86663997202983	863920.188317846	4598883.61132384	0	0	0	0	0	1.5	1.5	1.5	1.5	1.5	1.5
476.690332333435	-0.11458076140875	-6.8782153599514	863920.271872003	4598883.55547012	0	0	0	0	0	1.5	1.5	1.5	1.5	1.5	1.5
476.790836303988	-0.113395406229882	-6.88967161497098	863920.354777442	4598883.49865792	0	0	0	0	0	1.5	1.5	1.5	1.5	1.5	1.5
476.891340274541	-0.112210051051013	-6.90100873708857	863920.43703005	4598883.44090458	0	0	0	0	0	1.5	1.5	1.5	1.5	1.5	1.5
476.991844245094	-0.111024695872145	-6.91222672630417	863920.518626133	4598883.38222732	0	0	0	0	0	1.5	1.5	1.5	1.5	1.5	1.5
477.092348215647	-0.110879112497288	-6.92334522426621	863920.599562267	4598883.32264304	0	0	0	0	0	1.5	1.5	1.5	1.5	1.5	1.5
477.1928521862	-0.112459752142872	-6.9345684456038	863920.679828704	4598883.26215964	0	0	0	0	0	1.5	1.5	1.5	1.5	1.5	1.5
477.293356156753	-0.114040391788453	-6.94595052750177	863920.759406394	4598883.20077291	0	0	0	0	0	1.5	1.5	1.5	1.5	1.5	1.5
477.393860127307	-0.115621031434035	-6.95749146996014	863920.838275276	4598883.13847817	0	0	0	0	0	1.5	1.5	1.5	1.5	1.5	1.5
477.49436409786	-0.117201671079617	-6.9691912729789	863920.916414949	4598883.07527117	0	0	0	0	0	1.5	1.5	1.5	1.5	1.5	1.5
477.594868068413	-0.118782310725199	-6.98104993655806	863920.993804676	4598883.01114816	0	0	0	0	0	1.5	1.5	1.5	1.5	1.5	1.5
477.695372038966	-0.120362950370781	-6.99306746069761	863921.070423389	4598882.94610587	0	0	0	0	0	1.5	1.5	1.5	1.5	1.5	1.5
477.795876009519	-0.121943590016363	-7.00524384539756	863921.146249688	4598882.88014152	0	0	0	0	0	1.5	1.5	1.5	1.5	1.5	1.5
477.896379980072	-0.123524229661946	-7.01757909065791	863921.221261855	4598882.81325285	0	0	0	0	0	1.5	1.5	1.5	1.5	1.5	1.5
477.996883950625	-0.125104869307528	-7.03007319647865	863921.295437848	4598882.74543811	0	0	0	0	0	1.5	1.5	1.5	1.5	1.5	1.5
478.097387921178	-0.12668550895311	-7.04272616285978	863921.368755318	4598882.67669611	0	0	0	0	0	1.5	1.5	1.5	1.5	1.5	1.5
478.197891891731	-0.128266148598692	-7.0555379898013	863921.441191606	4598882.60702622	0	0	0	0	0	1.5	1.5	1.5	1.5	1.5	1.5
478.298395862285	-0.129846788244274	-7.06850867730323	863921.512723755	4598882.53642836	0	0	0	0	0	1.5	1.5	1.5	1.5	1.5	1.5
478.398899832838	-0.131427427889856	-7.08163822536554	863921.583328517	4598882.46490304	0	0	0	0	0	1.5	1.5	1.5	1.5	1.5	1.5
478.499403803391	-0.133008067535438	-7.09492663398825	863921.652982358	4598882.39245139	0	0	0	0	0	1.5	1.5	1.5	1.5	1.5	1.5
478.599907773944	-0.135211672115238	-7.10838932506969	863921.721661284	4598882.31907496	0	0	0	0	0	1.5	1.5	1.5	1.5	1.5	1.5
478.700411744497	-0.138056880936475	-7.12212161237419	863921.789336538	4598882.24477187	0	0	0	0	0	1.5	1.5	1.5	1.5	1.5	1.5
478.80091571505	-0.140902089757711	-7.13613985446227	863921.855974313	4598882.16953697	0	0	0	0	0	1.5	1.5	1.5	1.5	1.5	1.5
478.901419685603	-0.143747298578948	-7.15044405133395	863921.921540002	4598882.09336601	0	0	0	0	0	1.5	1.5	1.5	1.5	1.5	1.5
479.001923656156	-0.146592507400185	-7.16503420298921	863921.98599841	4598882.01625581	0	0	0	0	0	1.5	1.5	1.5	1.5	1.5	1.5
479.102427626709	-0.149437716221421	-7.17991030942805	863922.049313766	4598881.93820437	0	0	0	0	0	1.5	1.5	1.5	1.5	1.5	1.5
479.202931597263	-0.152282925042658	-7.19507237065049	863922.111449742	4598881.85921085	0	0	0	0	0	1.5	1.5	1.5	1.5	1.5	1.5
479.303435567816	-0.155128133863898	-7.21052038665653	863922.172369467	4598881.77927567	0	0	0	0	0	1.5	1.5	1.5	1.5	1.5	1.5
479.403939538369	-0.157973342685134	-7.22625435744613	863922.232035547	4598881.69840046	0	0	0	0	0	1.5	1.5	1.5	1.5	1.5	1.5
479.504443508922	-0.160818551506371	-7.24227428301933	863922.290410087	4598881.61658821	0	0	0	0	0	1.5	1.5	1.5	1.5	1.5	1.5
479.604947479475	-0.163663760327608	-7.25858016337612	863922.347454715	4598881.53384321	0	0	0	0	0	1.5	1.5	1.5	1.5	1.5	1.5
479.705451450028	-0.166508969148844	-7.27517199851648	863922.403130605	4598881.45017116	0	0	0	0	0	1.5	1.5	1.5	1.5	1.5	1.5
479.805955420581	-0.169354177970081	-7.29204978844044	863922.457398507	4598881.36557918	0	0	0	0	0	1.5	1.5	1.5	1.5	1.5	1.5
479.906459391134	-0.172199386791318	-7.30921353314798	863922.510218775	4598881.28007585	0	0	0	0	0	1.5	1.5	1.5	1.5	1.5	1.5
480.006963361688	-0.175044595612557	-7.32666323263913	863922.561551404	4598881.19367126	0	0	0	0	0	1.5	1.5	1.5	1.5	1.5	1.5
480.107467332241	-0.171662769443144	-7.3441984126968	863922.611359808	4598881.10637916	0	0	0	0	0	1.5	1.5	1.5	1.5	1.5	1.5
480.207971302794	-0.164788178682887	-7.36110574078832	863922.659655553	4598881.01824103	0	0	0	0	0	1.5	1.5	1.5	1.5	1.5	1.5
480.308475273347	-0.157913587922634	-7.37732214521249	863922.706485055	4598880.92931509	0	0	0	0	0	1.5	1.5	1.5	1.5	1.5	1.5
480.4089792439	-0.151038997162377	-7.39284762596934	863922.751897421	4598880.83965706	0	0	0	0	0	1.5	1.5	1.5	1.5	1.5	1.5
480.509483214453	-0.14416440640212	-7.40768218305885	863922.795943634	4598880.74931994	0	0	0	0	0	1.5	1.5	1.5	1.5	1.5	1.5
480.609987185006	-0.137289815641867	-7.42182581648102	863922.838676403	4598880.65835407	0	0	0	0	0	1.5	1.5	1.5	1.5	1.5	1.5
480.710491155559	-0.130415224881603	-7.43527852623588	863922.880150014	4598880.56680717	0	0	0	0	0	1.5	1.5	1.5	1.5	1.5	1.5
480.810995126113	-0.12354063412135	-7.44804031232339	863922.9204202	4598880.47472447	0	0	0	0	0	1.5	1.5	1.5	1.5	1.5	1.5
480.911499096666	-0.116666043361093	-7.46011117474357	863922.95954401	4598880.38214881	0	0	0	0	0	1.5	1.5	1.5	1.5	1.5	1.5
481.012003067219	-0.109791452600836	-7.47149111349641	863922.997579694	4598880.28912072	0	0	0	0	0	1.5	1.5	1.5	1.5	1.5	1.5
481.112507037772	-0.102916861840579	-7.48218012858193	863923.034586591	4598880.19567853	0	0	0	0	0	1.5	1.5	1.5	1.5	1.5	1.5
481.213011008325	-0.096042271080326	-7.4921782200001	863923.070625022	4598880.10185852	0	0	0	0	0	1.5	1.5	1.5	1.5	1.5	1.5
481.313514978878	-0.0891676803200691	-7.50148538775094	863923.105756199	4598880.00769496	0	0	0	0	0	1.5	1.5	1.5	1.5	1.5	1.5
481.414018949431	-0.0822930895598083	-7.51010163183446	863923.140042127	4598879.9132203	0	0	0	0	0	1.5	1.5	1.5	1.5	1.5	1.5
481.514522919984	-0.0754184987995514	-7.51802695225064	863923.173545529	4598879.81846527	0	0	0	0	0	1.5	1.5	1.5	1.5	1.5	1.5
481.615026890537	-0.0753038363568214	-7.52553078179851	863923.206322986	4598879.72345664	0	0	0	0	0	1.5	1.5	1.5	1.5	1.5	1.5
481.715530861091	-0.0769521367564585	-7.53318194671767	863923.238380331	4598879.62820263	0	0	0	0	0	1.5	1.5	1.5	1.5	1.5	1.5
481.816034831644	-0.0786004371560946	-7.54099877237165	863923.269700028	4598879.53270356	0	0	0	0	0	1.5	1.5	1.5	1.5	1.5	1.5
481.916538802197	-0.0802487375557317	-7.54898125876046	863923.300264342	4598879.43696006	0	0	0	0	0	1.5	1.5	1.5	1.5	1.5	1.5
482.01704277275	-0.0818970379553687	-7.5571294058841	863923.330055465	4598879.34097318	0	0	0	0	0	1.5	1.5	1.5	1.5	1.5	1.5
482.117546743303	-0.0835453383550067	-7.56544321374258	863923.359055518	4598879.24474436	0	0	0	0	0	1.5	1.5	1.5	1.5	1.5	1.5
482.218050713856	-0.0851936387546438	-7.57392268233587	863923.387246557	4598879.14827544	0	0	0	0	0	1.5	1.5	1.5	1.5	1.5	1.5
482.318554684409	-0.0868419391542799	-7.58256781166399	863923.414610574	4598879.05156869	0	0	0	0	0	1.5	1.5	1.5	1.5	1.5	1.5
482.419058654962	-0.088490239553917	-7.59137860172694	863923.441129503	4598878.9546268	0	0	0	0	0	1.5	1.5	1.5	1.5	1.5	1.5
482.519562625516	-0.090138539953554	-7.60035505252472	863923.466785228	4598878.85745291	0	0	0	0	0	1.5	1.5	1.5	1.5	1.5	1.5
482.620066596069	-0.0917868403531911	-7.60949716405733	863923.491559583	4598878.76005061	0	0	0	0	0	1.5	1.5	1.5	1.5	1.5	1.5
482.720570566622	-0.0934351407528272	-7.61880493632476	863923.515434363	4598878.66242392	0	0	0	0	0	1.5	1.5	1.5	1.5	1.5	1.5
482.821074537175	-0.0950834411524643	-7.62827836932702	863923.538391327	4598878.56457736	0	0	0	0	0	1.5	1.5	1.5	1.5	1.5	1.5
482.921578507728	-0.0967317415521023	-7.63791746306412	863923.560412207	4598878.46651589	0	0	0	0	0	1.5	1.5	1.5	1.5	1.5	1.5
483.022082478281	-0.0983800419517393	-7.64772221753604	863923.581478712	4598878.36824499	0	0	0	0	0	1.5	1.5	1.5	1.5	1.5	1.5
483.122586448834	-0.0931855755737802	-7.65735698132714	863923.601583299	4598878.26977279	0	0	0	0	0	1.5	1.5	1.5	1.5	1.5	1.5
483.223090419387	-0.0878237113478619	-7.66645305734845	863923.620764783	4598878.17111657	0	0	0	0	0	1.5	1.5	1.5	1.5	1.5	1.5
483.32359438994	-0.0824618471219468	-7.67501024472548	863923.639074735	4598878.07229485	0	0	0	0	0	1.5	1.5	1.5	1.5	1.5	1.5
483.424098360494	-0.0770999828960286	-7.68302854345824	863923.656565066	4598877.97332474	0	0	0	0	0	1.5	1.5	1.5	1.5	1.5	1.5
483.524602331047	-0.0717381186701103	-7.69050795354674	863923.67328798	4598877.87422204	0	0	0	0	0	1.5	1.5	1.5	1.5	1.5	1.5
483.6251063016	-0.0663762544441891	-7.69744847499096	863923.689295944	4598877.77500132	0	0	0	0	0	1.5	1.5	1.5	1.5	1.5	1.5
483.725610272153	-0.0610143902182709	-7.70385010779091	863923.704641652	4598877.67567598	0	0	0	0	0	1.5	1.5	1.5	1.5	1.5	1.5
483.826114242706	-0.0556525259923557	-7.70971285194659	863923.719377998	4598877.57625838	0	0	0	0	0	1.5	1.5	1.5	1.5	1.5	1.5
483.926618213259	-0.0502906617664375	-7.71503670745799	863923.733558047	4598877.47675988	0	0	0	0	0	1.5	1.5	1.5	1.5	1.5	1.5
484.027122183812	-0.0449287975405193	-7.71982167432513	863923.747235014	4598877.37719096	0	0	0	0	0	1.5	1.5	1.5	1.5	1.5	1.5
484.127626154365	-0.0395669333146011	-7.72406775254799	863923.76046224	4598877.27756128	0	0	0	0	0	1.5	1.5	1.5	1.5	1.5	1.5
484.228130124918	-0.0342050690886859	-7.72777494212658	863923.773293174	4598877.17787977	0	0	0	0	0	1.5	1.5	1.5	1.5	1.5	1.5
484.328634095472	-0.0288432048627616	-7.73094324306091	863923.785781355	4598877.07815473	0	0	0	0	0	1.5	1.5	1.5	1.5	1.5	1.5
484.429138066025	-0.0234813406368464	-7.73357265535095	863923.797980397	4598876.97839388	0	0	0	0	0	1.5	1.5	1.5	1.5	1.5	1.5
484.529642036578	-0.018966769937603	-7.73566833568171	863923.809943953	4598876.87860452	0	0	0	0	0	1.5	1.5	1.5	1.5	1.5	1.5
484.630146007131	-0.0206009153568499	-7.73765669042055	863923.821709325	4598876.77879159	0	0	0	0	0	1.5	1.5	1.5	1.5	1.5	1.5
484.730649977684	-0.0222350607760958	-7.73980928326249	863923.833268012	4598876.67895451	0	0	0	0	0	1.5	1.5	1.5	1.5	1.5	1.5
484.831153948237	-0.0238692061953426	-7.74212611420753	863923.844603562	4598876.57909186	0	0	0	0	0	1.5	1.5	1.5	1.5	1.5	1.5
484.93165791879	-0.0255033516145894	-7.74460718325566	863923.855699514	4598876.47920231	0	0	0	0	0	1.5	1.5	1.5	1.5	1.5	1.5
485.032161889343	-0.0271374970338372	-7.74725249040689	863923.866539394	4598876.37928465	0	0	0	0	0	1.5	1.5	1.5	1.5	1.5	1.5
485.132665859897	-0.028771642453084	-7.75006203566121	863923.877106716	4598876.2793378	0	0	0	0	0	1.5	1.5	1.5	1.5	1.5	1.5
485.23316983045	-0.0304057878723308	-7.75303581901863	863923.887384981	4598876.17936081	0	0	0	0	0	1.5	1.5	1.5	1.5	1.5	1.5
485.333673801003	-0.0320399332915767	-7.75617384047914	863923.897357677	4598876.07935289	0	0	0	0	0	1.5	1.5	1.5	1.5	1.5	1.5
485.434177771556	-0.0336740787108236	-7.75947610004275	863923.907008283	4598875.97931337	0	0	0	0	0	1.5	1.5	1.5	1.5	1.5	1.5
485.534681742109	-0.0353082241300704	-7.76294259770945	863923.916320262	4598875.87924177	0	0	0	0	0	1.5	1.5	1.5	1.5	1.5	1.5
485.635185712662	-0.0369423695493172	-7.76657333347925	863923.925277067	4598875.77913776	0	0	0	0	0	1.5	1.5	1.5	1.5	1.5	1.5
485.735689683215	-0.038576514968565	-7.77036830735215	863923.933862139	4598875.67900119	0	0	0	0	0	1.5	1.5	1.5	1.5	1.5	1.5
485.836193653768	-0.0402106603878118	-7.77432751932814	863923.942058908	4598875.5788321	0	0	0	0	0	1.5	1.5	1.5	1.5	1.5	1.5
485.936697624321	-0.0418448058070577	-7.77845096940722	863923.949850794	4598875.4786307	0	0	0	0	0	1.5	1.5	1.5	1.5	1.5	1.5
486.037201594875	-0.0432815507209659	-7.7827357713636	863923.957221237	4598875.37839742	0	0	0	0	0	1.5	1.5	1.5	1.5	1.5	1.5
486.137705565428	-0.0442372436526975	-7.78713376452989	863923.964156005	4598875.27813307	0	0	0	0	0	1.5	1.5	1.5	1.5	1.5	1.5
486.238209535981	-0.0451929365844284	-7.79162780863044	863923.970644929	4598875.17783888	0	0	0	0	0	1.5	1.5	1.5	1.5	1.5	1.5
486.338713506534	-0.04614862951616	-7.79621790366526	863923.976678244	4598875.07751625	0	0	0	0	0	1.5	1.5	1.5	1.5	1.5	1.5
486.439217477087	-0.0471043224478925	-7.80090404963436	863923.982246188	4598874.97716672	0	0	0	0	0	1.5	1.5	1.5	1.5	1.5	1.5
486.53972144764	-0.0480600153796235	-7.80568624653772	863923.987338998	4598874.87679196	0	0	0	0	0	1.5	1.5	1.5	1.5	1.5	1.5
486.640225418193	-0.049015708311355	-7.81056449437535	863923.991946919	4598874.77639378	0	0	0	0	0	1.5	1.5	1.5	1.5	1.5	1.5
486.740729388746	-0.0499714012430866	-7.81553879314725	863923.996060197	4598874.67597412	0	0	0	0	0	1.5	1.5	1.5	1.5	1.5	1.5
486.8412333593	-0.0509270941748175	-7.82060914285342	863923.999669084	4598874.57553507	0	0	0	0	0	1.5	1.5	1.5	1.5	1.5	1.5
486.941737329853	-0.051882787106549	-7.82577554349385	863924.002763842	4598874.47507887	0	0	0	0	0	1.5	1.5	1.5	1.5	1.5	1.5
487.042241300406	-0.0528384800382806	-7.83103799506856	863924.005334738	4598874.3746079	0	0	0	0	0	1.5	1.5	1.5	1.5	1.5	1.5
487.142745270959	-0.0537941729700126	-7.83639649757753	863924.007372052	4598874.27412471	0	0	0	0	0	1.5	1.5	1.5	1.5	1.5	1.5
487.243249241512	-0.0547498659017441	-7.84185105102078	863924.008866074	4598874.17363197	0	0	0	0	0	1.5	1.5	1.5	1.5	1.5	1.5
487.343753212065	-0.0557055588334757	-7.84740165539829	863924.009807106	4598874.07313253	0	0	0	0	0	1.5	1.5	1.5	1.5	1.5	1.5
487.444257182618	-0.0566612517652066	-7.85304831071006	863924.010185467	4598873.9726294	0	0	0	0	0	1.5	1.5	1.5	1.5	1.5	1.5
487.544761153171	-0.0566261182725665	-7.8587683093826	863924.00999184	4598873.87212576	0	0	0	0	0	1.5	1.5	1.5	1.5	1.5	1.5
487.645265123724	-0.0554092218076682	-7.86439830764277	863924.009226825	4598873.77162483	0	0	0	0	0	1.5	1.5	1.5	1.5	1.5	1.5
487.745769094278	-0.0541923253427706	-7.86990600297645	863924.007902151	4598873.67112972	0	0	0	0	0	1.5	1.5	1.5	1.5	1.5	1.5
487.846273064831	-0.0529754288778708	-7.87529139538368	863924.006030148	4598873.5706433	0	0	0	0	0	1.5	1.5	1.5	1.5	1.5	1.5
487.946777035384	-0.0517585324129725	-7.88055448486442	863924.003623161	4598873.47016828	0	0	0	0	0	1.5	1.5	1.5	1.5	1.5	1.5
488.047281005937	-0.0505416359480749	-7.88569527141869	863924.000693543	4598873.36970712	0	0	0	0	0	1.5	1.5	1.5	1.5	1.5	1.5
488.14778497649	-0.0493247394831765	-7.89071375504648	863923.997253659	4598873.26926214	0	0	0	0	0	1.5	1.5	1.5	1.5	1.5	1.5
488.248288947043	-0.0481078430182782	-7.8956099357478	863923.99331588	4598873.16883545	0	0	0	0	0	1.5	1.5	1.5	1.5	1.5	1.5
488.348792917596	-0.0468909465533806	-7.90038381352265	863923.988892582	4598873.06842895	0	0	0	0	0	1.5	1.5	1.5	1.5	1.5	1.5
488.449296888149	-0.0456740500884822	-7.90503538837102	863923.983996147	4598872.96804442	0	0	0	0	0	1.5	1.5	1.5	1.5	1.5	1.5
488.549800858703	-0.0444571536235832	-7.90956466029292	863923.978638958	4598872.86768341	0	0	0	0	0	1.5	1.5	1.5	1.5	1.5	1.5
488.650304829256	-0.0432402571586849	-7.91397162928834	863923.972833398	4598872.76734734	0	0	0	0	0	1.5	1.5	1.5	1.5	1.5	1.5
488.750808799809	-0.0420233606937865	-7.91825629535729	863923.966591852	4598872.66703745	0	0	0	0	0	1.5	1.5	1.5	1.5	1.5	1.5
488.851312770362	-0.0408064642288882	-7.92241865849976	863923.959926702	4598872.5667548	0	0	0	0	0	1.5	1.5	1.5	1.5	1.5	1.5
488.951816740915	-0.0395895677639905	-7.92645871871576	863923.952850328	4598872.46650033	0	0	0	0	0	1.5	1.5	1.5	1.5	1.5	1.5
489.052320711468	-0.0371420400423145	-7.93034381718854	863923.945375684	4598872.36627475	0	0	0	0	0	1.5	1.5	1.5	1.5	1.5	1.5
489.152824682021	-0.0335948606091588	-7.93389848687858	863923.937527369	4598872.26607774	0	0	0	0	0	1.5	1.5	1.5	1.5	1.5	1.5
489.253328652574	-0.0300476811760012	-7.93709665095133	863923.929340792	4598872.16590779	0	0	0	0	0	1.5	1.5	1.5	1.5	1.5	1.5
489.353832623128	-0.0265005017428455	-7.93993830940679	863923.920851747	4598872.06576301	0	0	0	0	0	1.5	1.5	1.5	1.5	1.5	1.5
489.454336593681	-0.0229533223096919	-7.94242346224495	863923.912096006	4598871.96564118	0	0	0	0	0	1.5	1.5	1.5	1.5	1.5	1.5
489.554840564234	-0.0194061428765363	-7.94455210946581	863923.903109316	4598871.86553981	0	0	0	0	0	1.5	1.5	1.5	1.5	1.5	1.5
489.655344534787	-0.0158589634433806	-7.94632425106937	863923.893927407	4598871.76545616	0	0	0	0	0	1.5	1.5	1.5	1.5	1.5	1.5
489.75584850534	-0.012311784010225	-7.94773988705564	863923.884585986	4598871.66538726	0	0	0	0	0	1.5	1.5	1.5	1.5	1.5	1.5
489.856352475893	-0.00876460457707139	-7.94879901742461	863923.875120749	4598871.56533	0	0	0	0	0	1.5	1.5	1.5	1.5	1.5	1.5
489.956856446446	-0.00521742514391174	-7.94950164217629	863923.865567376	4598871.4652811	0	0	0	0	0	1.5	1.5	1.5	1.5	1.5	1.5
490.057360416999	-0.00167024571075811	-7.94984776131067	863923.855961542	4598871.36523723	0	0	0	0	0	1.5	1.5	1.5	1.5	1.5	1.5
490.157864387552	0.00187693372239752	-7.94983737482775	863923.846338915	4598871.26519498	0	0	0	0	0	1.5	1.5	1.5	1.5	1.5	1.5
490.258368358106	0.00542411315555315	-7.94947048272753	863923.836735159	4598871.16515091	0	0	0	0	0	1.5	1.5	1.5	1.5	1.5	1.5
490.358872328659	0.00897129258870879	-7.94874708501002	863923.827185943	4598871.06510162	0	0	0	0	0	1.5	1.5	1.5	1.5	1.5	1.5
490.459376299212	0.0125184720218624	-7.94766718167522	863923.817726941	4598870.96504376	0	0	0	0	0	1.5	1.5	1.5	1.5	1.5	1.5
490.559880269765	0.0122504100659127	-7.9463598819163	863923.808390935	4598870.86497436	0	0	0	0	0	1.5	1.5	1.5	1.5	1.5	1.5
490.660384240318	0.0101320653071832	-7.9452351180934	863923.799177812	4598870.76489357	0	0	0	0	0	1.5	1.5	1.5	1.5	1.5	1.5
490.760888210871	0.00801372054845478	-7.94432325632975	863923.790066607	4598870.66480344	0	0	0	0	0	1.5	1.5	1.5	1.5	1.5	1.5
490.861392181424	0.0058953757897264	-7.94362429662535	863923.781036019	4598870.56470601	0	0	0	0	0	1.5	1.5	1.5	1.5	1.5	1.5
490.961896151977	0.00377703103099922	-7.94313823898021	863923.77206474	4598870.46460324	0	0	0	0	0	1.5	1.5	1.5	1.5	1.5	1.5
491.06240012253	0.00165868627227084	-7.94286508339432	863923.763131462	4598870.36449707	0	0	0	0	0	1.5	1.5	1.5	1.5	1.5	1.5
491.162904093084	-0.000459658486457541	-7.94280482986768	863923.754214872	4598870.26438942	0	0	0	0	0	1.5	1.5	1.5	1.5	1.5	1.5
491.263408063637	-0.00257800324518592	-7.94295747840029	863923.745293658	4598870.16428217	0	0	0	0	0	1.5	1.5	1.5	1.5	1.5	1.5
491.36391203419	-0.0046963480039131	-7.94332302899216	863923.736346506	4598870.06417725	0	0	0	0	0	1.5	1.5	1.5	1.5	1.5	1.5
491.464416004743	-0.00681469276264388	-7.94390148164328	863923.727352105	4598869.96407656	0	0	0	0	0	1.5	1.5	1.5	1.5	1.5	1.5
491.564919975296	-0.00893303752137106	-7.94469283635365	863923.718289148	4598869.86398205	0	0	0	0	0	1.5	1.5	1.5	1.5	1.5	1.5
491.665423945849	-0.0110513822800994	-7.94569709312327	863923.709136328	4598869.76389572	0	0	0	0	0	1.5	1.5	1.5	1.5	1.5	1.5
491.765927916402	-0.0131697270388278	-7.94691425195215	863923.699872348	4598869.66381962	0	0	0	0	0	1.5	1.5	1.5	1.5	1.5	1.5
491.866431886955	-0.0152880717975562	-7.94834431284028	863923.690475915	4598869.56375587	0	0	0	0	0	1.5	1.5	1.5	1.5	1.5	1.5
491.966935857508	-0.0174064165562834	-7.94998727578766	863923.680925744	4598869.46370669	0	0	0	0	0	1.5	1.5	1.5	1.5	1.5	1.5
492.067439828062	-0.0157594364825419	-7.951688249244	863923.671204788	4598869.36367395	0	0	0	0	0	1.5	1.5	1.5	1.5	1.5	1.5
492.167943798615	-0.0132780718463935	-7.95314744168501	863923.661325449	4598869.26365672	0	0	0	0	0	1.5	1.5	1.5	1.5	1.5	1.5
492.268447769168	-0.0107967072102465	-7.9543572471277	863923.651312646	4598869.16365277	0	0	0	0	0	1.5	1.5	1.5	1.5	1.5	1.5
492.368951739721	-0.00831534257409949	-7.95531766557207	863923.641191334	4598869.06365974	0	0	0	0	0	1.5	1.5	1.5	1.5	1.5	1.5
492.469455710274	-0.00583397793795388	-7.95602869701812	863923.630986458	4598868.9636752	0	0	0	0	0	1.5	1.5	1.5	1.5	1.5	1.5
492.569959680827	-0.00335261330180687	-7.95649034146584	863923.620722959	4598868.86369666	0	0	0	0	0	1.5	1.5	1.5	1.5	1.5	1.5
492.67046365138	-0.000871248665659852	-7.95670259891524	863923.610425772	4598868.76372158	0	0	0	0	0	1.5	1.5	1.5	1.5	1.5	1.5
492.770967621933	0.00161011597048716	-7.95666546936631	863923.600119832	4598868.66374741	0	0	0	0	0	1.5	1.5	1.5	1.5	1.5	1.5
492.871471592487	0.00409148060663558	-7.95637895281907	863923.58983007	4598868.56377157	0	0	0	0	0	1.5	1.5	1.5	1.5	1.5	1.5
492.97197556304	0.00657284524278259	-7.9558430492735	863923.579581419	4598868.4637915	0	0	0	0	0	1.5	1.5	1.5	1.5	1.5	1.5
493.072479533593	0.0090542098789282	-7.95505775872961	863923.569398818	4598868.36380469	0	0	0	0	0	1.5	1.5	1.5	1.5	1.5	1.5
493.172983504146	0.0115355745150752	-7.95402308118739	863923.559307207	4598868.26380866	0	0	0	0	0	1.5	1.5	1.5	1.5	1.5	1.5
493.273487474699	0.0140169391512222	-7.95273901664685	863923.549331537	4598868.163801	0	0	0	0	0	1.5	1.5	1.5	1.5	1.5	1.5
493.373991445252	0.0164983037873678	-7.95120556510799	863923.539496762	4598868.06377938	0	0	0	0	0	1.5	1.5	1.5	1.5	1.5	1.5
493.474495415805	0.0189796684235149	-7.94942272657081	863923.529827852	4598867.9637416	0	0	0	0	0	1.5	1.5	1.5	1.5	1.5	1.5
493.574999386358	0.0159749709330793	-7.9476516888872	863923.520341531	4598867.86368634	0	0	0	0	0	1.5	1.5	1.5	1.5	1.5	1.5
493.675503356912	0.0126657605410917	-7.94621243527085	863923.511015865	4598867.76361598	0	0	0	0	0	1.5	1.5	1.5	1.5	1.5	1.5
493.776007327465	0.0093565501491022	-7.9451057704383	863923.501817591	4598867.66353381	0	0	0	0	0	1.5	1.5	1.5	1.5	1.5	1.5
493.876511298018	0.0060473397571127	-7.94433169438953	863923.492713435	4598867.56344305	0	0	0	0	0	1.5	1.5	1.5	1.5	1.5	1.5
493.977015268571	0.00273812936512506	-7.94389020712455	863923.483670114	4598867.46334676	0	0	0	0	0	1.5	1.5	1.5	1.5	1.5	1.5
494.077519239124	-0.000571081026864439	-7.94378130864336	863923.474654339	4598867.36324799	0	0	0	0	0	1.5	1.5	1.5	1.5	1.5	1.5
494.178023209677	-0.00388029141885394	-7.94400499894596	863923.465632819	4598867.26314974	0	0	0	0	0	1.5	1.5	1.5	1.5	1.5	1.5
494.27852718023	-0.00718950181084532	-7.94456127803236	863923.456572263	4598867.16305501	0	0	0	0	0	1.5	1.5	1.5	1.5	1.5	1.5
494.379031150783	-0.0104987122028348	-7.94545014590254	863923.447439384	4598867.06296686	0	0	0	0	0	1.5	1.5	1.5	1.5	1.5	1.5
494.479535121336	-0.0138079225948243	-7.94667160255652	863923.438200901	4598866.96288841	0	0	0	0	0	1.5	1.5	1.5	1.5	1.5	1.5
494.58003909189	-0.017117132986812	-7.94822564799428	863923.428823543	4598866.86282287	0	0	0	0	0	1.5	1.5	1.5	1.5	1.5	1.5
494.680543062443	-0.0204263433788015	-7.95011228221584	863923.419274053	4598866.76277362	0	0	0	0	0	1.5	1.5	1.5	1.5	1.5	1.5
494.781047032996	-0.023735553770791	-7.95233150522118	863923.409519189	4598866.66274419	0	0	0	0	0	1.5	1.5	1.5	1.5	1.5	1.5
494.881551003549	-0.0270447641627786	-7.95488331701032	863923.399525733	4598866.56273833	0	0	0	0	0	1.5	1.5	1.5	1.5	1.5	1.5
494.982054974102	-0.0298907770881905	-7.95776548401251	863923.389260495	4598866.46276	0	0	0	0	0	1.5	1.5	1.5	1.5	1.5	1.5
495.082558944655	-0.0283728922978834	-7.96069334906865	863923.378700926	4598866.36281233	0	0	0	0	0	1.5	1.5	1.5	1.5	1.5	1.5
495.183062915208	-0.0268550075075772	-7.96346866067653	863923.36785639	4598866.26289518	0	0	0	0	0	1.5	1.5	1.5	1.5	1.5	1.5
495.283566885761	-0.0253371227172701	-7.96609141883614	863923.356742214	4598866.16300765	0	0	0	0	0	1.5	1.5	1.5	1.5	1.5	1.5
495.384070856315	-0.023819237926963	-7.96856162354748	863923.345373712	4598866.06314875	0	0	0	0	0	1.5	1.5	1.5	1.5	1.5	1.5
495.484574826868	-0.0223013531366568	-7.97087927481056	863923.333766187	4598865.96331735	0	0	0	0	0	1.5	1.5	1.5	1.5	1.5	1.5
495.585078797421	-0.0207834683463497	-7.97304437262537	863923.321934932	4598865.86351221	0	0	0	0	0	1.5	1.5	1.5	1.5	1.5	1.5
495.685582767974	-0.0192655835560418	-7.97505691699191	863923.309895227	4598865.763732	0	0	0	0	0	1.5	1.5	1.5	1.5	1.5	1.5
495.786086738527	-0.0177476987657347	-7.97691690791018	863923.297662344	4598865.66397529	0	0	0	0	0	1.5	1.5	1.5	1.5	1.5	1.5
495.88659070908	-0.0162298139754276	-7.97862434538018	863923.285251542	4598865.56424055	0	0	0	0	0	1.5	1.5	1.5	1.5	1.5	1.5
495.987094679633	-0.0147119291851205	-7.98017922940192	863923.272678074	4598865.46452619	0	0	0	0	0	1.5	1.5	1.5	1.5	1.5	1.5
496.087598650186	-0.0131940443948143	-7.98158155997538	863923.25995718	4598865.36483053	0	0	0	0	0	1.5	1.5	1.5	1.5	1.5	1.5
496.188102620739	-0.0116761596045072	-7.98283133710058	863923.247104096	4598865.26515182	0	0	0	0	0	1.5	1.5	1.5	1.5	1.5	1.5
496.288606591293	-0.0101582748142001	-7.98392856077751	863923.234134047	4598865.16548826	0	0	0	0	0	1.5	1.5	1.5	1.5	1.5	1.5
496.389110561846	-0.00864039002389217	-7.98487323100618	863923.221062254	4598865.06583799	0	0	0	0	0	1.5	1.5	1.5	1.5	1.5	1.5
496.489614532399	-0.00708996522193895	-7.98566482493894	863923.207903936	4598864.96619911	0	0	0	0	0	1.5	1.5	1.5	1.5	1.5	1.5
496.590118502952	-0.0054703119048061	-7.98629600380018	863923.194674674	4598864.86656963	0	0	0	0	0	1.5	1.5	1.5	1.5	1.5	1.5
496.690622473505	-0.00385065858767234	-7.98676440107213	863923.18139064	4598864.76694743	0	0	0	0	0	1.5	1.5	1.5	1.5	1.5	1.5
496.791126444058	-0.00223100527053858	-7.98707001675479	863923.168068052	4598864.66733038	0	0	0	0	0	1.5	1.5	1.5	1.5	1.5	1.5
496.891630414611	-0.000611351953404823	-7.98721285084816	863923.154723127	4598864.56771632	0	0	0	0	0	1.5	1.5	1.5	1.5	1.5	1.5
496.992134385164	0.00100830136372802	-7.98719290335224	863923.141372082	4598864.46810308	0	0	0	0	0	1.5	1.5	1.5	1.5	1.5	1.5
497.092638355718	0.00262795468086361	-7.98701017426702	863923.128031132	4598864.36848849	0	0	0	0	0	1.5	1.5	1.5	1.5	1.5	1.5
497.193142326271	0.00424760799799646	-7.98666466359252	863923.114716492	4598864.26887037	0	0	0	0	0	1.5	1.5	1.5	1.5	1.5	1.5
497.293646296824	0.00586726131513021	-7.98615637132872	863923.101444381	4598864.16924659	0	0	0	0	0	1.5	1.5	1.5	1.5	1.5	1.5
497.394150267377	0.00748691463226397	-7.98548529747563	863923.088231018	4598864.06961499	0	0	0	0	0	1.5	1.5	1.5	1.5	1.5	1.5
497.49465423793	0.00910656794939773	-7.98465144203325	863923.075092629	4598863.96997348	0	0	0	0	0	1.5	1.5	1.5	1.5	1.5	1.5
497.595158208483	0.0107262212665306	-7.98365480500158	863923.062045442	4598863.87031999	0	0	0	0	0	1.5	1.5	1.5	1.5	1.5	1.5
497.695662179036	0.0123458745836643	-7.98249538638062	863923.049105692	4598863.7706525	0	0	0	0	0	1.5	1.5	1.5	1.5	1.5	1.5
497.796166149589	0.013965527900799	-7.98117318617036	863923.03628962	4598863.67096902	0	0	0	0	0	1.5	1.5	1.5	1.5	1.5	1.5
497.896670120142	0.0155851812179328	-7.97968820437081	863923.023613476	4598863.57126766	0	0	0	0	0	1.5	1.5	1.5	1.5	1.5	1.5
497.997174090696	0.0155647846547521	-7.97808573642972	863923.01109269	4598863.47154667	0	0	0	0	0	1.5	1.5	1.5	1.5	1.5	1.5
498.097678061249	0.0142003420402409	-7.97658997972129	863922.998727459	4598863.37180627	0	0	0	0	0	1.5	1.5	1.5	1.5	1.5	1.5
498.198182031802	0.0128358994257288	-7.9752313549132	863922.986504589	4598863.27204832	0	0	0	0	0	1.5	1.5	1.5	1.5	1.5	1.5
498.298686002355	0.0114714568112168	-7.97400986200547	863922.974410423	4598863.17227469	0	0	0	0	0	1.5	1.5	1.5	1.5	1.5	1.5
498.399189972908	0.0101070141967048	-7.97292550099809	863922.962431296	4598863.07248718	0	0	0	0	0	1.5	1.5	1.5	1.5	1.5	1.5
498.499693943461	0.00874257158219195	-7.97197827189106	863922.950553539	4598862.97268755	0	0	0	0	0	1.5	1.5	1.5	1.5	1.5	1.5
498.600197914014	0.00737812896767991	-7.97116817468438	863922.938763476	4598862.87287752	0	0	0	0	0	1.5	1.5	1.5	1.5	1.5	1.5
498.700701884567	0.00601368635316864	-7.97049520937805	863922.927047429	4598862.77305877	0	0	0	0	0	1.5	1.5	1.5	1.5	1.5	1.5
498.80120585512	0.0046492437386566	-7.96995937597207	863922.915391715	4598862.67323296	0	0	0	0	0	1.5	1.5	1.5	1.5	1.5	1.5
498.901709825674	0.00328480112414456	-7.96956067446644	863922.903782647	4598862.57340172	0	0	0	0	0	1.5	1.5	1.5	1.5	1.5	1.5
499.002213796227	0.00192035850963252	-7.96929910486116	863922.892206537	4598862.47356664	0	0	0	0	0	1.5	1.5	1.5	1.5	1.5	1.5
499.10271776678	0.000555915895121255	-7.96917466715624	863922.880649696	4598862.37372934	0	0	0	0	0	1.5	1.5	1.5	1.5	1.5	1.5
499.203221737333	-0.000808526719392327	-7.96918736135166	863922.869098433	4598862.27389139	0	0	0	0	0	1.5	1.5	1.5	1.5	1.5	1.5
499.303725707886	-0.00217296933390359	-7.96933718744743	863922.857539058	4598862.17405438	0	0	0	0	0	1.5	1.5	1.5	1.5	1.5	1.5
499.404229678439	-0.00353741194841563	-7.96962414544355	863922.845957879	4598862.07421989	0	0	0	0	0	1.5	1.5	1.5	1.5	1.5	1.5
499.504733648992	-0.00486861841502288	-7.97004705798833	863922.834341235	4598861.97438953	0	0	0	0	0	1.5	1.5	1.5	1.5	1.5	1.5
499.605237619545	-0.00618591247562709	-7.97060257011189	863922.822675746	4598861.87456486	0	0	0	0	0	1.5	1.5	1.5	1.5	1.5	1.5
499.705741590099	-0.00750320653623203	-7.97129047551892	863922.810948197	4598861.77474747	0	0	0	0	0	1.5	1.5	1.5	1.5	1.5	1.5
499.806245560652	-0.00882050059683698	-7.97211077420943	863922.799145379	4598861.67493895	0	0	0	0	0	1.5	1.5	1.5	1.5	1.5	1.5
499.906749531205	-0.0101377946574427	-7.97306346618342	863922.787254087	4598861.57514093	0	0	0	0	0	1.5	1.5	1.5	1.5	1.5	1.5
500.007253501758	-0.0114550887180476	-7.97414855144088	863922.775261117	4598861.47535508	0	0	0	0	0	1.5	1.5	1.5	1.5	1.5	1.5
500.107757472311	-0.0127723827786526	-7.97536602998182	863922.763153274	4598861.3755831	0	0	0	0	0	1.5	1.5	1.5	1.5	1.5	1.5
500.208261442864	-0.0140896768392568	-7.97671590180624	863922.750917367	4598861.27582675	0	0	0	0	0	1.5	1.5	1.5	1.5	1.5	1.5
500.308765413417	-0.0154069708998617	-7.97819816691413	863922.73854021	4598861.17608783	0	0	0	0	0	1.5	1.5	1.5	1.5	1.5	1.5
500.40926938397	-0.0167242649604667	-7.9798128253055	863922.726008626	4598861.0763682	0	0	0	0	0	1.5	1.5	1.5	1.5	1.5	1.5
500.509773354523	-0.0180415590210709	-7.98155987698035	863922.713309446	4598860.97666977	0	0	0	0	0	1.5	1.5	1.5	1.5	1.5	1.5
500.610277325077	-0.0193588530816758	-7.98343932193868	863922.700429509	4598860.87699454	0	0	0	0	0	1.5	1.5	1.5	1.5	1.5	1.5
500.71078129563	-0.0206761471422822	-7.98545116018048	863922.687355665	4598860.77734455	0	0	0	0	0	1.5	1.5	1.5	1.5	1.5	1.5
500.811285266183	-0.0219934412028864	-7.98759539170576	863922.674074773	4598860.67772195	0	0	0	0	0	1.5	1.5	1.5	1.5	1.5	1.5
500.911789236736	-0.0233107352634914	-7.98987201651451	863922.660573706	4598860.57812896	0	0	0	0	0	1.5	1.5	1.5	1.5	1.5	1.5
501.012293207289	-0.0195696642015536	-7.99205626095675	863922.646845943	4598860.47856695	0	0	0	0	0	1.5	1.5	1.5	1.5	1.5	1.5
501.112797177842	-0.0151665348606897	-7.99380182392059	863922.6329224	4598860.37903214	0	0	0	0	0	1.5	1.5	1.5	1.5	1.5	1.5
501.213301148395	-0.0107634055198234	-7.99510485490281	863922.618847151	4598860.27951865	0	0	0	0	0	1.5	1.5	1.5	1.5	1.5	1.5
501.313805118948	-0.00636027617895705	-7.99596535390342	863922.60466426	4598860.18002044	0	0	0	0	0	1.5	1.5	1.5	1.5	1.5	1.5
501.414309089502	-0.00195714683808822	-7.99638332092241	863922.590417768	4598860.08053132	0	0	0	0	0	1.5	1.5	1.5	1.5	1.5	1.5
501.514813060055	0.00244598250277811	-7.99635875595979	863922.576151708	4598859.981045	0	0	0	0	0	1.5	1.5	1.5	1.5	1.5	1.5
501.615317030608	0.00684911184364444	-7.99589165901555	863922.561910104	4598859.88155518	0	0	0	0	0	1.5	1.5	1.5	1.5	1.5	1.5
501.715821001161	0.0112522411845083	-7.99498203008969	863922.54773699	4598859.78205558	0	0	0	0	0	1.5	1.5	1.5	1.5	1.5	1.5
501.816324971714	0.0156553705253746	-7.99362986918222	863922.533676409	4598859.68254002	0	0	0	0	0	1.5	1.5	1.5	1.5	1.5	1.5
501.916828942267	0.0200584998662409	-7.99183517629313	863922.519772426	4598859.58300247	0	0	0	0	0	1.5	1.5	1.5	1.5	1.5	1.5
502.01733291282	0.0244616292071048	-7.98959795142243	863922.506069136	4598859.48343709	0	0	0	0	0	1.5	1.5	1.5	1.5	1.5	1.5
502.117836883373	0.0288647585479761	-7.9869181945701	863922.492610669	4598859.38383834	0	0	0	0	0	1.5	1.5	1.5	1.5	1.5	1.5
502.218340853927	0.0332678878888424	-7.98379590573616	863922.479441198	4598859.28420097	0	0	0	0	0	1.5	1.5	1.5	1.5	1.5	1.5
502.31884482448	0.0376710172297063	-7.98023108492061	863922.466604944	4598859.18452014	0	0	0	0	0	1.5	1.5	1.5	1.5	1.5	1.5
502.419348795033	0.0420741465705726	-7.97622373212345	863922.454146184	4598859.08479144	0	0	0	0	0	1.5	1.5	1.5	1.5	1.5	1.5
