abscissa	curvature	dir_mid_line	x_mid_line	y_mid_line	elevation	slope	banking	torsion	upsilon	width_no_kerbs_L	width_no_kerbs_R	width_kerbs_L	width_kerbs_R	width_kerbsMod_and_Constraint_MLT_L	width_kerbsMod_and_Constraint_MLT_R
0	-0.00931321411808148	1.6657920863073	-232.480679675818	50.5387735861982	0	0	0	0	0	1.5	1.5	1.5	1.5	1.5	1.5
0.169979704184229	-0.00918072905171939	1.66422028881269	-232.496669443014	50.7079995334731	0	0	0	0	0	1.5	1.5	1.5	1.5	1.5	1.5
0.339959408368458	-0.00904824398535729	1.66267101109048	-232.512395107438	50.8772502278106	0	0	0	0	0	1.5	1.5	1.5	1.5	1.5	1.5
0.509939112552687	-0.00891575891899519	1.66114425314066	-232.527860442823	51.0465249087983	0	0	0	0	0	1.5	1.5	1.5	1.5	1.5	1.5
0.679918816736915	-0.00878327385263309	1.65964001496322	-232.543069225138	51.2158228335549	0	0	0	0	0	1.5	1.5	1.5	1.5	1.5	1.5
0.849898520921144	-0.008650788786271	1.65815829655818	-232.558025232513	51.3851432764782	0	0	0	0	0	1.5	1.5	1.5	1.5	1.5	1.5
1.01987822510537	-0.00913541970692183	1.65667226605775	-232.572731470284	51.5544855958598	0	0	0	0	0	1.5	1.5	1.5	1.5	1.5	1.5
1.1898579292896	-0.0102092191840451	1.65502816805963	-232.587174054926	51.7238506013177	0	0	0	0	0	1.5	1.5	1.5	1.5	1.5	1.5
1.35983763347383	-0.0112830186611683	1.65320154594404	-232.601322708331	51.8932404103573	0	0	0	0	0	1.5	1.5	1.5	1.5	1.5	1.5
1.52981733765806	-0.0123568181382916	1.65119239971097	-232.615146465475	52.0626570383851	0	0	0	0	0	1.5	1.5	1.5	1.5	1.5	1.5
1.69979704184229	-0.0134306176154148	1.64900072936042	-232.628614347868	52.2321023228034	0	0	0	0	0	1.5	1.5	1.5	1.5	1.5	1.5
1.86977674602652	-0.0145044170925381	1.64662653489241	-232.641695362915	52.4015779060197	0	0	0	0	0	1.5	1.5	1.5	1.5	1.5	1.5
2.03975645021075	-0.015757530194648	1.64406022849118	-232.654358162628	52.5710852436044	0	0	0	0	0	1.5	1.5	1.5	1.5	1.5	1.5
2.20973615439498	-0.0171163487788923	1.64126628237953	-232.666566828326	52.7406258862804	0	0	0	0	0	1.5	1.5	1.5	1.5	1.5	1.5
2.3797158585792	-0.0184751673631366	1.63824136468688	-232.678282175438	52.9102013221288	0	0	0	0	0	1.5	1.5	1.5	1.5	1.5	1.5
2.54969556276343	-0.019833985947381	1.63498547541325	-232.689464929691	53.0798127023943	0	0	0	0	0	1.5	1.5	1.5	1.5	1.5	1.5
2.71967526694766	-0.0211928045316253	1.63149861455862	-232.700075797208	53.2494608089235	0	0	0	0	0	1.5	1.5	1.5	1.5	1.5	1.5
2.88965497113189	-0.0225516231158696	1.62778078212301	-232.710075465218	53.4191460268755	0	0	0	0	0	1.5	1.5	1.5	1.5	1.5	1.5
3.05963467531612	-0.00704720300725988	1.62490120388012	-232.71946973376	53.5888658731073	0	0	0	0	0	1.5	1.5	1.5	1.5	1.5	1.5
3.22961437950035	0.0141976833308711	1.62550892214521	-232.728662474809	53.7585968129326	0	0	0	0	0	1.5	1.5	1.5	1.5	1.5	1.5
3.39959408368458	0.0354425696690022	1.62972783990548	-232.738264796438	53.9283049502575	0	0	0	0	0	1.5	1.5	1.5	1.5	1.5	1.5
3.56957378786881	0.0566874560071332	1.63755795716094	-232.74888932797	54.0979518512603	0	0	0	0	0	1.5	1.5	1.5	1.5	1.5	1.5
3.73955349205303	0.0779323423452642	1.64899927391158	-232.761147974905	54.2674880117199	0	0	0	0	0	1.5	1.5	1.5	1.5	1.5	1.5
3.90953319623726	0.0991772286833952	1.66405179015741	-232.775651254058	54.4368462375713	0	0	0	0	0	1.5	1.5	1.5	1.5	1.5	1.5
4.07951290042149	0.0843707966640132	1.68007208933599	-232.792878830281	54.605948834262	0	0	0	0	0	1.5	1.5	1.5	1.5	1.5	1.5
4.24949260460572	0.0638284351802008	1.69266752013059	-232.812529271271	54.7747877442847	0	0	0	0	0	1.5	1.5	1.5	1.5	1.5	1.5
4.41947230878995	0.0432860736963883	1.70177116639693	-232.834010411798	54.9434040554804	0	0	0	0	0	1.5	1.5	1.5	1.5	1.5	1.5
4.58945201297418	0.022743712212576	1.70738302813501	-232.856731645618	55.1118581116842	0	0	0	0	0	1.5	1.5	1.5	1.5	1.5	1.5
4.75943171715841	0.0022013507287636	1.70950310534482	-232.880103972533	55.2802232590802	0	0	0	0	0	1.5	1.5	1.5	1.5	1.5	1.5
4.92941142134264	-0.0183410107550489	1.70813139802637	-232.903539300063	55.4485796674478	0	0	0	0	0	1.5	1.5	1.5	1.5	1.5	1.5
5.09939112552687	-0.0193138016728123	1.70489764288246	-232.926539291796	55.6169960414316	0	0	0	0	0	1.5	1.5	1.5	1.5	1.5	1.5
5.26937082971109	-0.0198845926256394	1.70156617714878	-232.9489862575	55.785487011047	0	0	0	0	0	1.5	1.5	1.5	1.5	1.5	1.5
5.43935053389532	-0.0204553835784665	1.6981376885378	-232.97086359984	55.9540528837029	0	0	0	0	0	1.5	1.5	1.5	1.5	1.5	1.5
5.60933023807955	-0.0210261745312935	1.6946121770495	-232.992154706972	56.122693800045	0	0	0	0	0	1.5	1.5	1.5	1.5	1.5	1.5
5.77930994226378	-0.0215969654841206	1.69098964268389	-233.012842952306	56.2914097291768	0	0	0	0	0	1.5	1.5	1.5	1.5	1.5	1.5
5.94928964644801	-0.0228593372112225	1.68726435664347	-233.032911663705	56.4602004674483	0	0	0	0	0	1.5	1.5	1.5	1.5	1.5	1.5
6.11926935063224	-0.0305257330784866	1.68272716741562	-233.052299406526	56.6290707301604	0	0	0	0	0	1.5	1.5	1.5	1.5	1.5	1.5
6.28924905481647	-0.0381921289457507	1.6768868464861	-233.070810655429	56.798039222204	0	0	0	0	0	1.5	1.5	1.5	1.5	1.5	1.5
6.4592287590007	-0.0458585248130147	1.66974339385489	-233.088224585373	56.9671242065912	0	0	0	0	0	1.5	1.5	1.5	1.5	1.5	1.5
6.62920846318493	-0.0535249206802789	1.66129680952201	-233.104319965415	57.1363396512974	0	0	0	0	0	1.5	1.5	1.5	1.5	1.5	1.5
6.79918816736915	-0.061191316547543	1.65154709348746	-233.118875138641	57.3056943613746	0	0	0	0	0	1.5	1.5	1.5	1.5	1.5	1.5
6.96916787155338	-0.0557463137148118	1.64073396329618	-233.1316709504	57.4751909033343	0	0	0	0	0	1.5	1.5	1.5	1.5	1.5	1.5
7.13914757573761	-0.00246388984950867	1.635786686705	-233.14300174912	57.644792349708	0	0	0	0	0	1.5	1.5	1.5	1.5	1.5	1.5
7.30912727992184	0.0508185340157936	1.63989634076066	-233.154261519427	57.8143985802842	0	0	0	0	0	1.5	1.5	1.5	1.5	1.5	1.5
7.47910698410607	0.104100957881096	1.65306292546316	-233.166985847006	57.9839001160486	0	0	0	0	0	1.5	1.5	1.5	1.5	1.5	1.5
7.6490866882903	0.157383381746399	1.67528644081251	-233.182707153538	58.1531477096169	0	0	0	0	0	1.5	1.5	1.5	1.5	1.5	1.5
7.81906639247453	0.210665805611701	1.70656688680869	-233.202949593348	58.3219108108571	0	0	0	0	0	1.5	1.5	1.5	1.5	1.5	1.5
7.98904609665876	0.234008089684539	1.74606006238524	-233.229204642231	58.4898391986801	0	0	0	0	0	1.5	1.5	1.5	1.5	1.5	1.5
8.15902580084298	0.197044334249563	1.78269514413935	-233.261989904178	58.6566174750577	0	0	0	0	0	1.5	1.5	1.5	1.5	1.5	1.5
8.32900550502721	0.160080578814587	1.81304713767908	-233.300342400419	58.8222072278173	0	0	0	0	0	1.5	1.5	1.5	1.5	1.5	1.5
8.49898520921144	0.123116823379611	1.83711604300444	-233.343186524793	58.9866945660542	0	0	0	0	0	1.5	1.5	1.5	1.5	1.5	1.5
8.66896491339567	0.0861530679446347	1.85490186011542	-233.389463809013	59.1502511298624	0	0	0	0	0	1.5	1.5	1.5	1.5	1.5	1.5
8.8389446175799	0.0491893125096583	1.86640458901202	-233.438131585397	59.3131137321271	0	0	0	0	0	1.5	1.5	1.5	1.5	1.5	1.5
9.00892432176413	0.0144493422009473	1.87170940774394	-233.488161665493	59.4755637933799	0	0	0	0	0	1.5	1.5	1.5	1.5	1.5	1.5
9.17890402594836	-0.0175801192188302	1.87144332346826	-233.53859440692	59.6378895062746	0	0	0	0	0	1.5	1.5	1.5	1.5	1.5	1.5
9.34888373013259	-0.0496095806386077	1.86573288081526	-233.58854178422	59.8003649802117	0	0	0	0	0	1.5	1.5	1.5	1.5	1.5	1.5
9.51886343431682	-0.0816390420583852	1.85457807978495	-233.637117121951	59.9632552365632	0	0	0	0	0	1.5	1.5	1.5	1.5	1.5	1.5
9.68884313850105	-0.113668503478163	1.83797892037733	-233.68342713897	60.1268028368521	0	0	0	0	0	1.5	1.5	1.5	1.5	1.5	1.5
9.85882284268527	-0.145697964897941	1.81593540259239	-233.72656837229	60.2912131853153	0	0	0	0	0	1.5	1.5	1.5	1.5	1.5	1.5
10.0288025468695	-0.149641690629761	1.78980219129783	-233.765667105228	60.4566299693991	0	0	0	0	0	1.5	1.5	1.5	1.5	1.5	1.5
10.1987822510537	-0.132182364439652	1.76585000654148	-233.800565138963	60.6229845467357	0	0	0	0	0	1.5	1.5	1.5	1.5	1.5	1.5
10.368761955238	-0.114723038249543	1.74486555288618	-233.831717144284	60.7900820985169	0	0	0	0	0	1.5	1.5	1.5	1.5	1.5	1.5
10.5387416594222	-0.0972637120594338	1.72684883033193	-233.859605067223	60.9577561325231	0	0	0	0	0	1.5	1.5	1.5	1.5	1.5	1.5
10.7087213636064	-0.0798043858693247	1.71179983887874	-233.884717277074	61.1258689848321	0	0	0	0	0	1.5	1.5	1.5	1.5	1.5	1.5
10.8787010677906	-0.0623450596792157	1.69971857852659	-233.907546851054	61.294307574846	0	0	0	0	0	1.5	1.5	1.5	1.5	1.5	1.5
11.0486807719749	-0.0447576387639353	1.69061252722972	-233.928590510378	61.462979043073	0	0	0	0	0	1.5	1.5	1.5	1.5	1.5	1.5
11.2186604761591	-0.0271118263463592	1.68450435202006	-233.948350404046	61.6318060440026	0	0	0	0	0	1.5	1.5	1.5	1.5	1.5	1.5
11.3886401803433	-0.00946601392878288	1.68139560678522	-233.967332080005	61.800722509103	0	0	0	0	0	1.5	1.5	1.5	1.5	1.5	1.5
11.5586198845276	0.00817979848879324	1.68128629152522	-233.98604194734	61.969669365567	0	0	0	0	0	1.5	1.5	1.5	1.5	1.5	1.5
11.7285995887118	0.0258256109063694	1.68417640624005	-234.004986693588	62.138589985835	0	0	0	0	0	1.5	1.5	1.5	1.5	1.5	1.5
11.898579292896	0.0434714233239455	1.6900659509297	-234.024672766052	62.307425629309	0	0	0	0	0	1.5	1.5	1.5	1.5	1.5	1.5
12.0685589970802	0.043807670809203	1.69777219382141	-234.045552371356	62.4761176481702	0	0	0	0	0	1.5	1.5	1.5	1.5	1.5	1.5
12.2385387012645	0.0399230328730417	1.70488845394293	-234.067686771136	62.644649681422	0	0	0	0	0	1.5	1.5	1.5	1.5	1.5	1.5
12.4085184054487	0.0360383949368805	1.7113444044572	-234.090964337299	62.8130276917947	0	0	0	0	0	1.5	1.5	1.5	1.5	1.5	1.5
12.5784981096329	0.0321537570007193	1.71714004536422	-234.115272917749	62.9812600069376	0	0	0	0	0	1.5	1.5	1.5	1.5	1.5	1.5
12.7484778138172	0.0282691190645581	1.72227537666399	-234.140500609522	63.1493570024147	0	0	0	0	0	1.5	1.5	1.5	1.5	1.5	1.5
12.9184575180014	0.0243844811283969	1.7267503983565	-234.166535749551	63.3173308786081	0	0	0	0	0	1.5	1.5	1.5	1.5	1.5	1.5
13.0884372221856	0.0199537778606754	1.73052235755792	-234.193264696032	63.4851957914689	0	0	0	0	0	1.5	1.5	1.5	1.5	1.5	1.5
13.2584169263699	0.0154763635739785	1.73353356003806	-234.220562845849	63.6529691177037	0	0	0	0	0	1.5	1.5	1.5	1.5	1.5	1.5
13.4283966305541	0.0109989492872817	1.73578369296223	-234.248302261198	63.8206700791103	0	0	0	0	0	1.5	1.5	1.5	1.5	1.5	1.5
13.5983763347383	0.0065215350005848	1.73727275633044	-234.276355164617	63.9883189057759	0	0	0	0	0	1.5	1.5	1.5	1.5	1.5	1.5
13.7683560389225	0.00204412071388793	1.73800075014268	-234.304593896264	64.1559365437804	0	0	0	0	0	1.5	1.5	1.5	1.5	1.5	1.5
13.9383357431068	-0.00139402281283367	1.73797105902862	-234.332890874338	64.3235443623355	0	0	0	0	0	1.5	1.5	1.5	1.5	1.5	1.5
14.108315447291	0.0212500397485223	1.73965861897113	-234.361262667486	64.4911395106441	0	0	0	0	0	1.5	1.5	1.5	1.5	1.5	1.5
14.2782951514752	0.0438941023098788	1.74519520996934	-234.390239606961	64.6586308907559	0	0	0	0	0	1.5	1.5	1.5	1.5	1.5	1.5
14.4482748556595	0.0665381648712348	1.75458083202326	-234.420465326942	64.8259010106014	0	0	0	0	0	1.5	1.5	1.5	1.5	1.5	1.5
14.6182545598437	0.0891822274325906	1.76781548513289	-234.452580804869	64.9928179767452	0	0	0	0	0	1.5	1.5	1.5	1.5	1.5	1.5
14.7882342640279	0.111826289993947	1.78489916929822	-234.487222649773	65.1592281300375	0	0	0	0	0	1.5	1.5	1.5	1.5	1.5	1.5
14.9582139682121	0.124489939677185	1.80570036321206	-234.525019849044	65.3249490394949	0	0	0	0	0	1.5	1.5	1.5	1.5	1.5	1.5
15.1281936723964	0.0827663049872351	1.82331504079126	-234.566133920362	65.4898792789657	0	0	0	0	0	1.5	1.5	1.5	1.5	1.5	1.5
15.2981733765806	0.0410426702972857	1.83383754728837	-234.609564543493	65.6542161652603	0	0	0	0	0	1.5	1.5	1.5	1.5	1.5	1.5
15.4681530807648	-0.000680964392663658	1.83726788270339	-234.654140767366	65.8182467409123	0	0	0	0	0	1.5	1.5	1.5	1.5	1.5	1.5
15.6381327849491	-0.042404599082613	1.83360604703632	-234.698698001336	65.9822824639465	0	0	0	0	0	1.5	1.5	1.5	1.5	1.5	1.5
15.8081124891333	-0.0841282337725625	1.82285204028716	-234.74207154691	66.1466343879009	0	0	0	0	0	1.5	1.5	1.5	1.5	1.5	1.5
15.9780921933175	-0.109317257271512	1.80539040396133	-234.783095941041	66.3115869454618	0	0	0	0	0	1.5	1.5	1.5	1.5	1.5	1.5
16.1480718975017	-0.0906165645039853	1.78839805802042	-234.821157048577	66.4772485170866	0	0	0	0	0	1.5	1.5	1.5	1.5	1.5	1.5
16.318051601686	-0.071915871736458	1.77458445030418	-234.856662205658	66.6434773467595	0	0	0	0	0	1.5	1.5	1.5	1.5	1.5	1.5
16.4880313058702	-0.0532151789689307	1.76394958081259	-234.89013284814	66.8101283089632	0	0	0	0	0	1.5	1.5	1.5	1.5	1.5	1.5
16.6580110100544	-0.0345144862014034	1.75649344954568	-234.922094777171	66.9770756080288	0	0	0	0	0	1.5	1.5	1.5	1.5	1.5	1.5
16.8279907142387	-0.0158137934338762	1.75221605650342	-234.953076769854	67.1442078057225	0	0	0	0	0	1.5	1.5	1.5	1.5	1.5	1.5
16.9979704184229	0.00363934793728356	1.75114249421137	-234.983609966366	67.3114226988717	0	0	0	0	0	1.5	1.5	1.5	1.5	1.5	1.5
17.1679501226071	0.02425772176842	1.75351346203947	-235.014248630776	67.4786182671431	0	0	0	0	0	1.5	1.5	1.5	1.5	1.5	1.5
17.3379298267913	0.0448760955995564	1.75938913495213	-235.04557639592	67.6456858802479	0	0	0	0	0	1.5	1.5	1.5	1.5	1.5	1.5
17.5079095309756	0.0654944694306928	1.76876951294938	-235.07817756061	67.8125092944944	0	0	0	0	0	1.5	1.5	1.5	1.5	1.5	1.5
17.6778892351598	0.0861128432618296	1.7816545960312	-235.112633754726	67.9789588973235	0	0	0	0	0	1.5	1.5	1.5	1.5	1.5	1.5
17.847868939344	0.106731217092966	1.79804438419759	-235.149522408274	68.1448856275464	0	0	0	0	0	1.5	1.5	1.5	1.5	1.5	1.5
18.0178486435283	0.0979611764393401	1.81666703339077	-235.189379273736	68.3101238409471	0	0	0	0	0	1.5	1.5	1.5	1.5	1.5	1.5
18.1878283477125	0.0608649727484678	1.8301656443186	-235.231950438576	68.4746849403669	0	0	0	0	0	1.5	1.5	1.5	1.5	1.5	1.5
18.3578080518967	0.0237687690575955	1.8373586535167	-235.276222053113	68.6387976998025	0	0	0	0	0	1.5	1.5	1.5	1.5	1.5	1.5
18.5277877560809	-0.0133274346332768	1.83824606098506	-235.321156449578	68.8027306017997	0	0	0	0	0	1.5	1.5	1.5	1.5	1.5	1.5
18.6977674602652	-0.0504236383241491	1.8328278667237	-235.365719305539	68.9667646818669	0	0	0	0	0	1.5	1.5	1.5	1.5	1.5	1.5
18.8677471644494	-0.0875198420150214	1.8211040707326	-235.40887441238	69.131173939678	0	0	0	0	0	1.5	1.5	1.5	1.5	1.5	1.5
19.0377268686336	-0.090948463686975	1.8048683576517	-235.449640606995	69.2961907956977	0	0	0	0	0	1.5	1.5	1.5	1.5	1.5	1.5
19.2077065728179	-0.0743359429703618	1.79082086037676	-235.487864183155	69.4618156205733	0	0	0	0	0	1.5	1.5	1.5	1.5	1.5	1.5
19.3776862770021	-0.0577234222537482	1.77959715445898	-235.523992101851	69.627910682804	0	0	0	0	0	1.5	1.5	1.5	1.5	1.5	1.5
19.5476659811863	-0.041110901537135	1.77119723989837	-235.558488694115	69.7943526088598	0	0	0	0	0	1.5	1.5	1.5	1.5	1.5	1.5
19.7176456853705	-0.0244983808205218	1.76562111669492	-235.591821409089	69.961031806009	0	0	0	0	0	1.5	1.5	1.5	1.5	1.5	1.5
19.8876253895548	-0.00788586010390856	1.76286878484864	-235.624459778959	70.1278485260561	0	0	0	0	0	1.5	1.5	1.5	1.5	1.5	1.5
20.057605093739	-0.0107212928035868	1.76171135336221	-235.656823701712	70.2947187555443	0	0	0	0	0	1.5	1.5	1.5	1.5	1.5	1.5
20.2275847979232	-0.0202665905804223	1.75907769773676	-235.688881370548	70.4616480486512	0	0	0	0	0	1.5	1.5	1.5	1.5	1.5	1.5
20.3975645021075	-0.0298118883572577	1.75482153521884	-235.720363779405	70.6286867089821	0	0	0	0	0	1.5	1.5	1.5	1.5	1.5	1.5
20.5675442062917	-0.0393571861340931	1.74894286580848	-235.750999312314	70.7958826438707	0	0	0	0	0	1.5	1.5	1.5	1.5	1.5	1.5
20.7375239104759	-0.0489024839109286	1.74144168950565	-235.780515613425	70.9632796337452	0	0	0	0	0	1.5	1.5	1.5	1.5	1.5	1.5
20.9075036146601	-0.058447781687764	1.73231800631037	-235.808639403512	71.1309160013239	0	0	0	0	0	1.5	1.5	1.5	1.5	1.5	1.5
21.0774833188444	-0.0524117300962443	1.72271115300519	-235.835151227609	71.2988147794482	0	0	0	0	0	1.5	1.5	1.5	1.5	1.5	1.5
21.2474630230286	-0.0438467511627521	1.71453015892038	-235.860166482632	71.466943229206	0	0	0	0	0	1.5	1.5	1.5	1.5	1.5	1.5
21.4174427272128	-0.0352817722292599	1.70780503742102	-235.883928004925	71.6352535999848	0	0	0	0	0	1.5	1.5	1.5	1.5	1.5	1.5
21.5874224313971	-0.0267167932957676	1.70253578850713	-235.906679734057	71.8037035679861	0	0	0	0	0	1.5	1.5	1.5	1.5	1.5	1.5
21.7574021355813	-0.0181518143622754	1.69872241217869	-235.928666259362	71.9722552141997	0	0	0	0	0	1.5	1.5	1.5	1.5	1.5	1.5
21.9273818397655	-0.00958683542878341	1.69636490843572	-235.950132632878	72.1408739592303	0	0	0	0	0	1.5	1.5	1.5	1.5	1.5	1.5
22.0973615439497	0.0055106241072185	1.69600654476792	-235.971354092009	72.3095237411096	0	0	0	0	0	1.5	1.5	1.5	1.5	1.5	1.5
22.267341248134	0.0207514998387835	1.69823855879772	-235.99273351108	72.4781535368465	0	0	0	0	0	1.5	1.5	1.5	1.5	1.5	1.5
22.4373209523182	0.0359923755703484	1.70306121237587	-236.014707592749	72.6467067429877	0	0	0	0	0	1.5	1.5	1.5	1.5	1.5	1.5
22.6073006565024	0.0512332513019137	1.71047450550239	-236.037712430365	72.8151221362531	0	0	0	0	0	1.5	1.5	1.5	1.5	1.5	1.5
22.7772803606867	0.0664741270334786	1.72047843817726	-236.062182995539	72.9833304893182	0	0	0	0	0	1.5	1.5	1.5	1.5	1.5	1.5
22.9472600648709	0.0769295567197372	1.73303218686497	-236.088552293321	73.1512512392601	0	0	0	0	0	1.5	1.5	1.5	1.5	1.5	1.5
23.1172397690551	0.0444942681892378	1.74335197978445	-236.116950349816	73.3188411929602	0	0	0	0	0	1.5	1.5	1.5	1.5	1.5	1.5
23.2872194732394	0.0120589796587384	1.74815843195438	-236.146615188367	73.4862121592136	0	0	0	0	0	1.5	1.5	1.5	1.5	1.5	1.5
23.4571991774236	-0.020376308871761	1.74745154337476	-236.176623066548	73.6535221250216	0	0	0	0	0	1.5	1.5	1.5	1.5	1.5	1.5
23.6271788816078	-0.0528115974022604	1.7412313140456	-236.206051231186	73.8209347547175	0	0	0	0	0	1.5	1.5	1.5	1.5	1.5	1.5
23.797158585792	-0.0852468859327598	1.72949774396689	-236.233975268858	73.9886041175847	0	0	0	0	0	1.5	1.5	1.5	1.5	1.5	1.5
23.9671382899763	-0.106781568536996	1.71245236580946	-236.259469179923	74.1566590182448	0	0	0	0	0	1.5	1.5	1.5	1.5	1.5	1.5
24.1371179941605	-0.0891070313766427	1.69580382267627	-236.282023344035	74.3251337694444	0	0	0	0	0	1.5	1.5	1.5	1.5	1.5	1.5
24.3070976983447	-0.0714324942162891	1.68215959214119	-236.302023310807	74.4939314369754	0	0	0	0	0	1.5	1.5	1.5	1.5	1.5	1.5
24.477077402529	-0.0537579570559359	1.67151967420422	-236.319972354464	74.6629600106782	0	0	0	0	0	1.5	1.5	1.5	1.5	1.5	1.5
24.6470571067132	-0.0360834198955826	1.66388406886535	-236.33637616501	74.8321459264453	0	0	0	0	0	1.5	1.5	1.5	1.5	1.5	1.5
24.8170368108974	-0.0184088827352294	1.6592527761246	-236.351742003942	75.0014295311523	0	0	0	0	0	1.5	1.5	1.5	1.5	1.5	1.5
24.9870165150816	-0.00622698294126324	1.65746936996236	-236.366575109908	75.1707607789678	0	0	0	0	0	1.5	1.5	1.5	1.5	1.5	1.5
25.1569962192659	-0.00494399239753215	1.65651995042059	-236.381205861253	75.3401096460363	0	0	0	0	0	1.5	1.5	1.5	1.5	1.5	1.5
25.3269759234501	-0.00366100185380105	1.65578861323191	-236.395694290545	75.5094707512567	0	0	0	0	0	1.5	1.5	1.5	1.5	1.5	1.5
25.4969556276343	-0.00237801131006996	1.65527535839633	-236.410077324461	75.6788408416911	0	0	0	0	0	1.5	1.5	1.5	1.5	1.5	1.5
25.6669353318186	-0.00109502076633887	1.65498018591385	-236.424391895606	75.8482167333517	0	0	0	0	0	1.5	1.5	1.5	1.5	1.5	1.5
25.8369150360028	0.000187969777392201	1.65490309578446	-236.438674940395	76.017595287041	0	0	0	0	0	1.5	1.5	1.5	1.5	1.5	1.5
26.006894740187	0.00597031889763414	1.65521724117255	-236.452967823638	76.1869730102519	0	0	0	0	0	1.5	1.5	1.5	1.5	1.5	1.5
26.1768744443712	0.0171899104590145	1.65718562563999	-236.467440398594	76.3563354468599	0	0	0	0	0	1.5	1.5	1.5	1.5	1.5	1.5
26.3468541485555	0.0284095020203948	1.6610611129621	-236.482407770292	76.5256547939824	0	0	0	0	0	1.5	1.5	1.5	1.5	1.5	1.5
26.5168338527397	0.0396290935817751	1.66684370313889	-236.498192601862	76.6948997592533	0	0	0	0	0	1.5	1.5	1.5	1.5	1.5	1.5
26.6868135569239	0.0508486851431554	1.67453339617034	-236.51511710661	76.864034375621	0	0	0	0	0	1.5	1.5	1.5	1.5	1.5	1.5
26.8567932611082	0.0620682767045357	1.68413019205647	-236.533502807548	77.0330161614425	0	0	0	0	0	1.5	1.5	1.5	1.5	1.5	1.5
27.0267729652924	0.0640760525928122	1.69518640020078	-236.553655839321	77.2017960667203	0	0	0	0	0	1.5	1.5	1.5	1.5	1.5	1.5
27.1967526694766	0.0591862362067533	1.70566244389439	-236.575639902326	77.3703473542745	0	0	0	0	0	1.5	1.5	1.5	1.5	1.5	1.5
27.3667323736608	0.0542964198206943	1.71530731804518	-236.599318544002	77.5386690633841	0	0	0	0	0	1.5	1.5	1.5	1.5	1.5	1.5
27.5367120778451	0.0494066034346354	1.72412102265316	-236.624549661049	77.706765177265	0	0	0	0	0	1.5	1.5	1.5	1.5	1.5	1.5
27.7066917820293	0.0445167870485764	1.73210355771832	-236.651191578555	77.874643569604	0	0	0	0	0	1.5	1.5	1.5	1.5	1.5	1.5
27.8766714862135	0.0396269706625175	1.73925492324066	-236.679103063277	78.0423156474524	0	0	0	0	0	1.5	1.5	1.5	1.5	1.5	1.5
28.0466511903978	0.0222190078743629	1.74484281557426	-236.708115191545	78.2098009264425	0	0	0	0	0	1.5	1.5	1.5	1.5	1.5	1.5
28.216630894582	-0.000857593393683666	1.74665831903145	-236.737757090571	78.3771761011345	0	0	0	0	0	1.5	1.5	1.5	1.5	1.5	1.5
28.3866105987662	-0.0239341946617302	1.74455126863152	-236.767374589011	78.5445555870747	0	0	0	0	0	1.5	1.5	1.5	1.5	1.5	1.5
28.5565903029505	-0.0470107959297778	1.73852166437447	-236.796310851238	78.7120539584364	0	0	0	0	0	1.5	1.5	1.5	1.5	1.5	1.5
28.7265700071347	-0.0700873971978243	1.72856950626031	-236.823907672251	78.879777767749	0	0	0	0	0	1.5	1.5	1.5	1.5	1.5	1.5
28.8965497113189	-0.0931639984658709	1.71469479428902	-236.849504315845	79.0478177854383	0	0	0	0	0	1.5	1.5	1.5	1.5	1.5	1.5
29.0665294155031	-0.0779548598085018	1.69952286431286	-236.872555654591	79.2162255454773	0	0	0	0	0	1.5	1.5	1.5	1.5	1.5	1.5
29.2365091196874	-0.0535792674646764	1.68834379829085	-236.893375235483	79.3849245179022	0	0	0	0	0	1.5	1.5	1.5	1.5	1.5	1.5
29.4064888238716	-0.0292036751208506	1.68130808824475	-236.91265762789	79.5538066344863	0	0	0	0	0	1.5	1.5	1.5	1.5	1.5	1.5
29.5764685280558	-0.00482808277702468	1.67841573417458	-236.931101481578	79.7227826779486	0	0	0	0	0	1.5	1.5	1.5	1.5	1.5	1.5
29.74644823224	0.0195475095668012	1.67966673608032	-236.949406659667	79.8917738488204	0	0	0	0	0	1.5	1.5	1.5	1.5	1.5	1.5
29.9164279364243	0.0439231019106271	1.68506109396199	-236.96827321757	80.0607030709076	0	0	0	0	0	1.5	1.5	1.5	1.5	1.5	1.5
30.0864076406085	0.0512816200934183	1.69325984299287	-236.988330693946	80.2294947629256	0	0	0	0	0	1.5	1.5	1.5	1.5	1.5	1.5
30.2563873447927	0.0572762736888349	1.70248616232886	-237.009858667117	80.3981050864656	0	0	0	0	0	1.5	1.5	1.5	1.5	1.5	1.5
30.426367048977	0.0632709272842514	1.71273145110968	-237.033027132003	80.5664976911013	0	0	0	0	0	1.5	1.5	1.5	1.5	1.5	1.5
30.5963467531612	0.069265580879668	1.72399570933533	-237.058005223605	80.7346312369191	0	0	0	0	0	1.5	1.5	1.5	1.5	1.5	1.5
30.7663264573454	0.0752602344750845	1.73627893700583	-237.084961072442	80.9024588828276	0	0	0	0	0	1.5	1.5	1.5	1.5	1.5	1.5
30.9363061615297	0.080982722195671	1.74958013693199	-237.114061593831	81.0699277856324	0	0	0	0	0	1.5	1.5	1.5	1.5	1.5	1.5
31.1062858657139	0.0806640694378939	1.76331847384409	-237.145438370963	81.2369850909179	0	0	0	0	0	1.5	1.5	1.5	1.5	1.5	1.5
31.2762655698981	0.0803454166801169	1.77700264625469	-237.179102694316	81.4035965019973	0	0	0	0	0	1.5	1.5	1.5	1.5	1.5	1.5
31.4462452740823	0.0800267639223399	1.79063265416378	-237.215039236793	81.5697326432959	0	0	0	0	0	1.5	1.5	1.5	1.5	1.5	1.5
31.6162249782666	0.0797081111645629	1.80420849757137	-237.253232324709	81.7353645970798	0	0	0	0	0	1.5	1.5	1.5	1.5	1.5	1.5
31.7862046824508	0.0793894584067859	1.81773017647745	-237.293665948744	81.9004639055585	0	0	0	0	0	1.5	1.5	1.5	1.5	1.5	1.5
31.956184386635	0.0800937086258014	1.83121147874666	-237.336323894563	82.0650025409296	0	0	0	0	0	1.5	1.5	1.5	1.5	1.5	1.5
32.1261640908193	0.0862247474486738	1.84534685972862	-237.381235706291	82.2289401750155	0	0	0	0	0	1.5	1.5	1.5	1.5	1.5	1.5
32.2961437950035	0.0923557862715464	1.86052439287603	-237.428545292961	82.3922017692719	0	0	0	0	0	1.5	1.5	1.5	1.5	1.5	1.5
32.4661234991877	0.098486825094419	1.8767440781889	-237.478411856819	82.5547003605792	0	0	0	0	0	1.5	1.5	1.5	1.5	1.5	1.5
32.6361032033719	0.104617863917292	1.89400591566722	-237.530991579839	82.7163411817939	0	0	0	0	0	1.5	1.5	1.5	1.5	1.5	1.5
32.8060829075562	0.110748902740164	1.912309905311	-237.586437197	82.8770212261423	0	0	0	0	0	1.5	1.5	1.5	1.5	1.5	1.5
32.9760626117404	0.115660341706159	1.93162629553255	-237.644897075182	83.0366290036977	0	0	0	0	0	1.5	1.5	1.5	1.5	1.5	1.5
33.1460423159246	0.117542332341479	1.95144615630734	-237.706476367794	83.1950592556447	0	0	0	0	0	1.5	1.5	1.5	1.5	1.5	1.5
33.3160220201089	0.119424322976799	1.97158591729361	-237.771208531204	83.3522275420549	0	0	0	0	0	1.5	1.5	1.5	1.5	1.5	1.5
33.4860017242931	0.121306313612119	1.99204557849134	-237.839117572653	83.5080494084658	0	0	0	0	0	1.5	1.5	1.5	1.5	1.5	1.5
33.6559814284773	0.123188304247438	2.01282513990054	-237.910224897784	83.662437907104	0	0	0	0	0	1.5	1.5	1.5	1.5	1.5	1.5
33.8259611326615	0.125070294882758	2.03392460152121	-237.984549176529	83.8153036309667	0	0	0	0	0	1.5	1.5	1.5	1.5	1.5	1.5
33.9959408368458	0.133473033763439	2.05556753851487	-238.062110733776	83.9665523832444	0	0	0	0	0	1.5	1.5	1.5	1.5	1.5	1.5
34.16592054103	0.151518635274077	2.07978893831385	-238.143097642005	84.1159940360914	0	0	0	0	0	1.5	1.5	1.5	1.5	1.5	1.5
34.3359002452142	0.169564236784715	2.10707772411944	-238.227905591116	84.2632995630239	0	0	0	0	0	1.5	1.5	1.5	1.5	1.5	1.5
34.5058799493985	0.187609838295353	2.13743389593163	-238.316922782844	84.4080988045947	0	0	0	0	0	1.5	1.5	1.5	1.5	1.5	1.5
34.6758596535827	0.205655439805991	2.17085745375043	-238.41051079739	84.5499850030122	0	0	0	0	0	1.5	1.5	1.5	1.5	1.5	1.5
34.8458393577669	0.223701041316629	2.20734839757583	-238.508999696139	84.6885123659343	0	0	0	0	0	1.5	1.5	1.5	1.5	1.5	1.5
35.0158190619511	0.222794365548908	2.24606985654733	-238.61266327654	84.8232094923861	0	0	0	0	0	1.5	1.5	1.5	1.5	1.5	1.5
35.1857987661354	0.204361932492199	2.28237380713806	-238.721338273075	84.9538987089983	0	0	0	0	0	1.5	1.5	1.5	1.5	1.5	1.5
35.3557784703196	0.185929499435491	2.31554461821041	-238.834487622181	85.0807359080831	0	0	0	0	0	1.5	1.5	1.5	1.5	1.5	1.5
35.5257581745038	0.167497066378782	2.34558228976439	-238.951589359978	85.2039353808207	0	0	0	0	0	1.5	1.5	1.5	1.5	1.5	1.5
35.6957378786881	0.149064633322074	2.3724868218	-239.072151686435	85.3237522496534	0	0	0	0	0	1.5	1.5	1.5	1.5	1.5	1.5
35.8657175828723	0.130632200265366	2.39625821431722	-239.195711721527	85.4404769540668	0	0	0	0	0	1.5	1.5	1.5	1.5	1.5	1.5
36.0356972870565	0.136914565176947	2.41823479186742	-239.321865791793	85.5543940552334	0	0	0	0	0	1.5	1.5	1.5	1.5	1.5	1.5
36.2056769912407	0.157272130161022	2.44323767559166	-239.450641638529	85.6653371734821	0	0	0	0	0	1.5	1.5	1.5	1.5	1.5	1.5
36.375656695425	0.177629695145096	2.47170093218981	-239.582335954313	85.7727976589398	0	0	0	0	0	1.5	1.5	1.5	1.5	1.5	1.5
36.5456363996092	0.197987260129171	2.50362456166186	-239.717213180108	85.8762325641179	0	0	0	0	0	1.5	1.5	1.5	1.5	1.5	1.5
36.7156161037934	0.218344825113246	2.53900856400781	-239.855493013659	85.9750696651134	0	0	0	0	0	1.5	1.5	1.5	1.5	1.5	1.5
36.8855958079777	0.238702390097321	2.57785293922767	-239.997343518897	86.0687067339961	0	0	0	0	0	1.5	1.5	1.5	1.5	1.5	1.5
37.0555755121619	0.226889409501427	2.6180742143677	-240.142828312487	86.1565893628142	0	0	0	0	0	1.5	1.5	1.5	1.5	1.5	1.5
37.2255552163461	0.205029129721382	2.65478290713208	-240.291593825538	86.2388005362082	0	0	0	0	0	1.5	1.5	1.5	1.5	1.5	1.5
37.3955349205303	0.183168849941337	2.68777579600608	-240.443135183847	86.3157790733384	0	0	0	0	0	1.5	1.5	1.5	1.5	1.5	1.5
37.5655146247146	0.161308570161293	2.71705288098967	-240.59700091883	86.3880035230278	0	0	0	0	0	1.5	1.5	1.5	1.5	1.5	1.5
37.7354943288988	0.139448290381248	2.74261416208287	-240.752790228337	86.4559830580302	0	0	0	0	0	1.5	1.5	1.5	1.5	1.5	1.5
37.905474033083	0.117588010601204	2.76445963928567	-240.910148123492	86.5202515813444	0	0	0	0	0	1.5	1.5	1.5	1.5	1.5	1.5
38.0754537372673	0.124849308167619	2.78475183060359	-241.068797973712	86.5812625365143	0	0	0	0	0	1.5	1.5	1.5	1.5	1.5	1.5
38.2454334414515	0.136319167801656	2.80694850074734	-241.228706329044	86.63889266156	0	0	0	0	0	1.5	1.5	1.5	1.5	1.5	1.5
38.4154131456357	0.147789027435692	2.83109481423872	-241.389906407048	86.6928021294756	0	0	0	0	0	1.5	1.5	1.5	1.5	1.5	1.5
38.58539284982	0.159258887069729	2.85719077107773	-241.552409084672	86.7426452814941	0	0	0	0	0	1.5	1.5	1.5	1.5	1.5	1.5
38.7553725540042	0.170728746703766	2.88523637126436	-241.716200630478	86.7880714349536	0	0	0	0	0	1.5	1.5	1.5	1.5	1.5	1.5
38.9253522581884	0.182198606337802	2.91523161479863	-241.881240532666	86.8287256369187	0	0	0	0	0	1.5	1.5	1.5	1.5	1.5	1.5
39.0953319623726	0.174479932080726	2.94556309699985	-242.047441090073	86.8643382664987	0	0	0	0	0	1.5	1.5	1.5	1.5	1.5	1.5
39.2653116665569	0.166554007313874	2.97454752106739	-242.214625160728	86.8950068756559	0	0	0	0	0	1.5	1.5	1.5	1.5	1.5	1.5
39.4352913707411	0.158628082547021	3.00218469878767	-242.382610907567	86.9209307948941	0	0	0	0	0	1.5	1.5	1.5	1.5	1.5	1.5
39.6052710749253	0.150702157780169	3.0284746301607	-242.551235019271	86.9423164116705	0	0	0	0	0	1.5	1.5	1.5	1.5	1.5	1.5
39.7752507791096	0.142776233013316	3.05341731518647	-242.720352055844	86.9593760065236	0	0	0	0	0	1.5	1.5	1.5	1.5	1.5	1.5
39.9452304832938	0.135940694937915	3.07702365655974	-242.889833737213	86.9723266315313	0	0	0	0	0	1.5	1.5	1.5	1.5	1.5	1.5
40.115210187478	0.137282946852311	3.10024489346356	-243.059571150637	86.9813272989833	0	0	0	0	0	1.5	1.5	1.5	1.5	1.5	1.5
40.2851898916622	0.138625198766707	3.12369428595073	-243.229472290979	86.9863649972203	0	0	0	0	0	1.5	1.5	1.5	1.5	1.5	1.5
40.4551695958465	0.139967450681103	3.14737183402125	-243.39944488431	86.9873982064985	0	0	0	0	0	1.5	1.5	1.5	1.5	1.5	1.5
40.6251493000307	0.141309702595499	3.17127753767512	-243.569393876675	86.9843875818798	0	0	0	0	0	1.5	1.5	1.5	1.5	1.5	1.5
40.7951290042149	0.142651954509894	3.19541139691234	-243.739221460219	86.9772960838151	0	0	0	0	0	1.5	1.5	1.5	1.5	1.5	1.5
40.9651087083991	0.134085437852848	3.21957788112321	-243.908827301653	86.9660916752722	0	0	0	0	0	1.5	1.5	1.5	1.5	1.5	1.5
41.1350884125834	0.0927509053246647	3.23885666837898	-244.078143498315	86.9511174134514	0	0	0	0	0	1.5	1.5	1.5	1.5	1.5	1.5
41.3050681167676	0.0514163727964812	3.25110942402302	-244.247204142444	86.9334755602287	0	0	0	0	0	1.5	1.5	1.5	1.5	1.5	1.5
41.4750478209518	0.0100818402682976	3.25633614805532	-244.416105010998	86.9143567559032	0	0	0	0	0	1.5	1.5	1.5	1.5	1.5	1.5
41.6450275251361	-0.031252692259886	3.25453684047589	-244.584973036945	86.8949485135514	0	0	0	0	0	1.5	1.5	1.5	1.5	1.5	1.5
41.8150072293203	-0.0725872247880696	3.24571150128473	-244.753941256909	86.8764376798534	0	0	0	0	0	1.5	1.5	1.5	1.5	1.5	1.5
41.9849869335045	-0.0907874868480113	3.23054791968353	-244.923122553883	86.8599995336962	0	0	0	0	0	1.5	1.5	1.5	1.5	1.5	1.5
42.1549666376888	-0.0659882406806035	3.21722357378924	-245.092530661021	86.8460867736922	0	0	0	0	0	1.5	1.5	1.5	1.5	1.5	1.5
42.324946341873	-0.0411889945131957	3.20811459642247	-245.262084830877	86.8340749950333	0	0	0	0	0	1.5	1.5	1.5	1.5	1.5	1.5
42.4949260460572	-0.0163897483457879	3.20322098758324	-245.431719359632	86.823250572832	0	0	0	0	0	1.5	1.5	1.5	1.5	1.5	1.5
42.6649057502414	0.00840949782161997	3.20254274727153	-245.601383552113	86.812898770874	0	0	0	0	0	1.5	1.5	1.5	1.5	1.5	1.5
42.8348854544257	0.0332087439890278	3.20607987548735	-245.771032688753	86.8023044594525	0	0	0	0	0	1.5	1.5	1.5	1.5	1.5	1.5
43.0048651586099	0.0453065359997022	3.213328760511	-245.940619927863	86.7907659858773	0	0	0	0	0	1.5	1.5	1.5	1.5	1.5	1.5
43.1748448627941	0.0428801397984872	3.22082373304358	-246.11011477165	86.7779416924286	0	0	0	0	0	1.5	1.5	1.5	1.5	1.5	1.5
43.3448245669784	0.0404537435972722	3.22790626746765	-246.279511683323	86.7638823409145	0	0	0	0	0	1.5	1.5	1.5	1.5	1.5	1.5
43.5148042711626	0.0380273473960572	3.2345763637832	-246.448807954392	86.7486585007831	0	0	0	0	0	1.5	1.5	1.5	1.5	1.5	1.5
43.6847839753468	0.0356009511948422	3.24083402199024	-246.61800232197	86.7323406723682	0	0	0	0	0	1.5	1.5	1.5	1.5	1.5	1.5
43.854763679531	0.0331745549936273	3.24667924208876	-246.787094881041	86.7149992759535	0	0	0	0	0	1.5	1.5	1.5	1.5	1.5	1.5
44.0247433837153	0.0308303540981529	3.25211610001826	-246.956086982048	86.6967045097071	0	0	0	0	0	1.5	1.5	1.5	1.5	1.5	1.5
44.1947230878995	0.0285448327171522	3.25716238836363	-247.124980911843	86.6775243378202	0	0	0	0	0	1.5	1.5	1.5	1.5	1.5	1.5
44.3647027920837	0.0262593113361514	3.26182018446076	-247.29377981744	86.6575249113016	0	0	0	0	0	1.5	1.5	1.5	1.5	1.5	1.5
44.534682496268	0.0239737899551507	3.26608948830963	-247.462487797763	86.6367722411624	0	0	0	0	0	1.5	1.5	1.5	1.5	1.5	1.5
44.7046622004522	0.0216882685741499	3.26997029991026	-247.631109831448	86.6153322476496	0	0	0	0	0	1.5	1.5	1.5	1.5	1.5	1.5
44.8746419046364	0.0194027471931492	3.27346261926264	-247.799651699638	86.5932707624369	0	0	0	0	0	1.5	1.5	1.5	1.5	1.5	1.5
45.0446216088206	0.0171053517802664	3.27656573953335	-247.968119912676	86.570653560176	0	0	0	0	0	1.5	1.5	1.5	1.5	1.5	1.5
45.2146013130049	0.0148028774047145	3.2792776152123	-248.136521669032	86.5475466223099	0	0	0	0	0	1.5	1.5	1.5	1.5	1.5	1.5
45.3845810171891	0.0125004030291627	3.28159811697801	-248.304864764754	86.5240160255072	0	0	0	0	0	1.5	1.5	1.5	1.5	1.5	1.5
45.5545607213733	0.0101979286536108	3.28352724483047	-248.473157493995	86.5001277825341	0	0	0	0	0	1.5	1.5	1.5	1.5	1.5	1.5
45.7245404255576	0.00789545427805898	3.28506499876967	-248.641408571068	86.4759478487306	0	0	0	0	0	1.5	1.5	1.5	1.5	1.5	1.5
45.8945201297418	0.00559297990250714	3.28621137879563	-248.8096270529	86.4515421314873	0	0	0	0	0	1.5	1.5	1.5	1.5	1.5	1.5
46.064499833926	0.00320323341546791	3.28696032239838	-248.977822302222	86.4269767781964	0	0	0	0	0	1.5	1.5	1.5	1.5	1.5	1.5
46.2344795381103	0.000793985024663719	3.28730004540238	-249.146004154732	86.4023198514586	0	0	0	0	0	1.5	1.5	1.5	1.5	1.5	1.5
46.4044592422945	-0.00161526336614047	3.28723024507762	-249.314182678753	86.3776402267836	0	0	0	0	0	1.5	1.5	1.5	1.5	1.5	1.5
46.5744389464787	-0.00402451175694467	3.28675092142407	-249.482367970947	86.3530067786992	0	0	0	0	0	1.5	1.5	1.5	1.5	1.5	1.5
46.7444186506629	-0.00643376014774886	3.28586207444175	-249.650570071239	86.3284883900311	0	0	0	0	0	1.5	1.5	1.5	1.5	1.5	1.5
46.9143983548472	-0.00884300853855305	3.28456370413066	-249.818798878186	86.3041539641676	0	0	0	0	0	1.5	1.5	1.5	1.5	1.5	1.5
47.0843780590314	-0.0108373860820176	3.28288875366096	-249.987063818002	86.2800707105926	0	0	0	0	0	1.5	1.5	1.5	1.5	1.5	1.5
47.2543577632156	-0.0128025889245106	3.28087959568169	-250.155372828197	86.2562974651731	0	0	0	0	0	1.5	1.5	1.5	1.5	1.5	1.5
47.4243374673999	-0.0147677917670037	3.2785363931046	-250.323733164485	86.2328905479232	0	0	0	0	0	1.5	1.5	1.5	1.5	1.5	1.5
47.5943171715841	-0.0167329946094967	3.27585914592968	-250.49215171513	86.2099063278857	0	0	0	0	0	1.5	1.5	1.5	1.5	1.5	1.5
47.7642968757683	-0.0186981974519897	3.27284785415692	-250.660634944421	86.1874012296962	0	0	0	0	0	1.5	1.5	1.5	1.5	1.5	1.5
47.9342765799525	-0.0207489486203025	3.26950214518052	-250.829188836106	86.1654317399097	0	0	0	0	0	1.5	1.5	1.5	1.5	1.5	1.5
48.1042562841368	-0.0243834748010654	3.26566634718938	-250.997820001865	86.1440636719636	0	0	0	0	0	1.5	1.5	1.5	1.5	1.5	1.5
48.274235988321	-0.0280180009818283	3.26121275351318	-251.166538247098	86.1233947148516	0	0	0	0	0	1.5	1.5	1.5	1.5	1.5	1.5
48.4442156925052	-0.0316525271625913	3.25614136415193	-251.335352972927	86.1035295131832	0	0	0	0	0	1.5	1.5	1.5	1.5	1.5	1.5
48.6141953966895	-0.0352870533433543	3.25045217910562	-251.504272088566	86.084572871615	0	0	0	0	0	1.5	1.5	1.5	1.5	1.5	1.5
48.7841751008737	-0.0389215795241172	3.24414519837425	-251.673301816242	86.0666297613689	0	0	0	0	0	1.5	1.5	1.5	1.5	1.5	1.5
48.9541548050579	-0.0415079890030451	3.2372354013375	-251.842446482019	86.0498051794658	0	0	0	0	0	1.5	1.5	1.5	1.5	1.5	1.5
49.1241345092421	-0.0389095811868206	3.23040072394146	-252.011704061631	86.0341572052321	0	0	0	0	0	1.5	1.5	1.5	1.5	1.5	1.5
49.2941142134264	-0.036311173370596	3.22400772313737	-252.181061473007	86.0196290039402	0	0	0	0	0	1.5	1.5	1.5	1.5	1.5	1.5
49.4640939176106	-0.0337127655543714	3.21805639892523	-252.350505366851	86.0061463711423	0	0	0	0	0	1.5	1.5	1.5	1.5	1.5	1.5
49.6340736217948	-0.0311143577381468	3.21254675130504	-252.520023775933	85.9936349476118	0	0	0	0	0	1.5	1.5	1.5	1.5	1.5	1.5
49.8040533259791	-0.0285159499219222	3.2074787802768	-252.689606017414	85.9820202431641	0	0	0	0	0	1.5	1.5	1.5	1.5	1.5	1.5
49.9740330301633	-0.0240907854020593	3.20289677407837	-252.859242550756	85.9712269431825	0	0	0	0	0	1.5	1.5	1.5	1.5	1.5	1.5
50.1440127343475	-0.0150885431953539	3.1995669287358	-253.028921261623	85.9611171399115	0	0	0	0	0	1.5	1.5	1.5	1.5	1.5	1.5
50.3139924385317	-0.00608630098864841	3.19776728186053	-253.198625398975	85.9514425490606	0	0	0	0	0	1.5	1.5	1.5	1.5	1.5	1.5
50.483972142716	0.00291594121805705	3.19749783345255	-253.368339476723	85.9419435291166	0	0	0	0	0	1.5	1.5	1.5	1.5	1.5	1.5
50.6539518469002	0.0119181834247625	3.19875858351186	-253.538048814701	85.9323603920263	0	0	0	0	0	1.5	1.5	1.5	1.5	1.5	1.5
50.8239315510844	0.020920425631468	3.20154953203846	-253.707738346616	85.9224334718604	0	0	0	0	0	1.5	1.5	1.5	1.5	1.5	1.5
50.9939112552687	0.0227245939006251	3.20562359142412	-253.877391788137	85.911908839463	0	0	0	0	0	1.5	1.5	1.5	1.5	1.5	1.5
51.1638909594529	0.0139051531005784	3.20873674820392	-254.047004558782	85.9007470993137	0	0	0	0	0	1.5	1.5	1.5	1.5	1.5	1.5
51.3338706636371	0.00508571230053165	3.21035077904547	-254.216590523929	85.8891844916089	0	0	0	0	0	1.5	1.5	1.5	1.5	1.5	1.5
51.5038503678213	-0.00373372849951507	3.21046568394875	-254.386166448522	85.8774752853608	0	0	0	0	0	1.5	1.5	1.5	1.5	1.5	1.5
51.6738300720056	-0.0125531692995614	3.20908146291376	-254.55574975686	85.865873705111	0	0	0	0	0	1.5	1.5	1.5	1.5	1.5	1.5
51.8438097761898	-0.0213726100996081	3.20619811594052	-254.725357389173	85.8546340081425	0	0	0	0	0	1.5	1.5	1.5	1.5	1.5	1.5
52.013789480374	-0.0159227854427065	3.20245400485788	-254.895003496004	85.8439915546934	0	0	0	0	0	1.5	1.5	1.5	1.5	1.5	1.5
52.1837691845583	0.00236614333706228	3.20130182785046	-255.064677050864	85.8337944457014	0	0	0	0	0	1.5	1.5	1.5	1.5	1.5	1.5
52.3537488887425	0.020655072116831	3.20325839754686	-255.234346473081	85.8235290965239	0	0	0	0	0	1.5	1.5	1.5	1.5	1.5	1.5
52.5237285929267	0.038944000896599	3.2083237139471	-255.403978654296	85.8126681220554	0	0	0	0	0	1.5	1.5	1.5	1.5	1.5	1.5
52.6937082971109	0.0572329296763686	3.21649777705117	-255.573534932329	85.800684501922	0	0	0	0	0	1.5	1.5	1.5	1.5	1.5	1.5
52.8636880012952	0.0755218584561366	3.22778058685907	-255.742966179754	85.7870519918082	0	0	0	0	0	1.5	1.5	1.5	1.5	1.5	1.5
53.0336677054794	0.0540940016880975	3.23999631280502	-255.912215635272	85.7713247870665	0	0	0	0	0	1.5	1.5	1.5	1.5	1.5	1.5
53.2036474096636	0.0107674011266984	3.24550887383674	-256.08131556405	85.7540552017305	0	0	0	0	0	1.5	1.5	1.5	1.5	1.5	1.5
53.3736271138479	-0.0325591994347043	3.24365679212172	-256.250383792054	85.7364761323968	0	0	0	0	0	1.5	1.5	1.5	1.5	1.5	1.5
53.5436068180321	-0.0758857999961034	3.23444006765997	-256.419546145387	85.7198330756176	0	0	0	0	0	1.5	1.5	1.5	1.5	1.5	1.5
53.7135865222163	-0.119212400557506	3.21785870045148	-256.588907758671	85.7053734899795	0	0	0	0	0	1.5	1.5	1.5	1.5	1.5	1.5
53.8835662264006	-0.162539001118909	3.19391269049625	-256.758525476781	85.694348665636	0	0	0	0	0	1.5	1.5	1.5	1.5	1.5	1.5
54.0535459305848	-0.147449980785758	3.16638961396852	-256.92837545832	85.6878501621649	0	0	0	0	0	1.5	1.5	1.5	1.5	1.5	1.5
54.223525634769	-0.114205691924566	3.1441515370458	-257.098336832388	85.6856053494838	0	0	0	0	0	1.5	1.5	1.5	1.5	1.5	1.5
54.3935053389532	-0.0809614030633762	3.12756431450953	-257.26831131126	85.6866601625151	0	0	0	0	0	1.5	1.5	1.5	1.5	1.5	1.5
54.5634850431375	-0.0477171142021855	3.1166279463597	-257.438256280575	85.6900539776084	0	0	0	0	0	1.5	1.5	1.5	1.5	1.5	1.5
54.7334647473217	-0.0144728253409948	3.1113424325963	-257.608168782053	85.6948260976703	0	0	0	0	0	1.5	1.5	1.5	1.5	1.5	1.5
54.9034444515059	0.0187714635201958	3.11170777321935	-257.778069226383	85.7000162083086	0	0	0	0	0	1.5	1.5	1.5	1.5	1.5	1.5
55.0734241556901	0.0109496638303123	3.11465198847396	-257.94798104899	85.7048173208809	0	0	0	0	0	1.5	1.5	1.5	1.5	1.5	1.5
55.2434038598744	-0.00246289605750824	3.11537327761171	-258.117901562508	85.7093025699388	0	0	0	0	0	1.5	1.5	1.5	1.5	1.5	1.5
55.4133835640586	-0.0158754559453288	3.11381470378737	-258.287820169905	85.7138589541601	0	0	0	0	0	1.5	1.5	1.5	1.5	1.5	1.5
55.5833632682428	-0.0292880158331493	3.10997626700095	-258.457725776116	85.7188738449212	0	0	0	0	0	1.5	1.5	1.5	1.5	1.5	1.5
55.7533429724271	-0.0427005757209693	3.10385796725245	-258.627604150301	85.7247345171666	0	0	0	0	0	1.5	1.5	1.5	1.5	1.5	1.5
55.9233226766113	-0.0561131356087904	3.09545980454186	-258.797435277812	85.7318280309317	0	0	0	0	0	1.5	1.5	1.5	1.5	1.5	1.5
56.0933023807955	-0.050947594665341	3.08635645070545	-258.967195473547	85.7404521954495	0	0	0	0	0	1.5	1.5	1.5	1.5	1.5	1.5
56.2632820849797	-0.0457315791200995	3.07813970202504	-259.13687472735	85.7505461576389	0	0	0	0	0	1.5	1.5	1.5	1.5	1.5	1.5
56.433261789164	-0.0405155635748584	3.07080957012403	-259.306470488011	85.7619587996754	0	0	0	0	0	1.5	1.5	1.5	1.5	1.5	1.5
56.6032414933482	-0.035299548029617	3.06436605500241	-259.475983716889	85.7745391443098	0	0	0	0	0	1.5	1.5	1.5	1.5	1.5	1.5
56.7732211975324	-0.0300835324843759	3.0588091566602	-259.645418485226	85.7881363768228	0	0	0	0	0	1.5	1.5	1.5	1.5	1.5	1.5
56.9432009017167	-0.0233990328788173	3.05415342889213	-259.814781580317	85.8025997573831	0	0	0	0	0	1.5	1.5	1.5	1.5	1.5	1.5
57.1131806059009	-0.00559001448498355	3.05168965404439	-259.984089637386	85.81769501037	0	0	0	0	0	1.5	1.5	1.5	1.5	1.5	1.5
57.2831603100851	0.0122190039088487	3.05225305087504	-260.153383315263	85.8329511348259	0	0	0	0	0	1.5	1.5	1.5	1.5	1.5	1.5
57.4531400142694	0.0300280223026824	3.05584361938409	-260.322708225951	85.847855598793	0	0	0	0	0	1.5	1.5	1.5	1.5	1.5	1.5
57.6231197184536	0.0478370406965147	3.06246135957154	-260.492106787219	85.8618955938297	0	0	0	0	0	1.5	1.5	1.5	1.5	1.5	1.5
57.7930994226378	0.0656460590903484	3.07210627143738	-260.661613563148	85.8745576790283	0	0	0	0	0	1.5	1.5	1.5	1.5	1.5	1.5
57.963079126822	0.078766492594821	3.08468499158738	-260.831250524337	85.8853287813213	0	0	0	0	0	1.5	1.5	1.5	1.5	1.5	1.5
58.1330588310063	0.076564270630199	3.09788653017923	-261.001014216728	85.8938709679051	0	0	0	0	0	1.5	1.5	1.5	1.5	1.5	1.5
58.3030385351905	0.0743620486655771	3.11071373573298	-261.17087476957	85.9002031281695	0	0	0	0	0	1.5	1.5	1.5	1.5	1.5	1.5
58.4730182393747	0.0721598267009552	3.12316660824864	-261.340801856856	85.9043877973985	0	0	0	0	0	1.5	1.5	1.5	1.5	1.5	1.5
58.642997943559	0.0699576047363332	3.13524514772621	-261.510767553414	85.9064879292178	0	0	0	0	0	1.5	1.5	1.5	1.5	1.5	1.5
58.8129776477432	0.0677553827717113	3.14694935416568	-261.68074626905	85.906566834729	0	0	0	0	0	1.5	1.5	1.5	1.5	1.5	1.5
58.9829573519274	0.061108564947061	3.15814668631552	-261.850714722717	85.9046907606207	0	0	0	0	0	1.5	1.5	1.5	1.5	1.5	1.5
59.1529370561116	0.0462391449224847	3.16727015229976	-262.020655183562	85.9010659943604	0	0	0	0	0	1.5	1.5	1.5	1.5	1.5	1.5
59.3229167602959	0.0313697248979084	3.17386611866683	-262.19056218732	85.8961056618348	0	0	0	0	0	1.5	1.5	1.5	1.5	1.5	1.5
59.4928964644801	0.0165003048733321	3.17793458541673	-262.360440516988	85.8902394166085	0	0	0	0	0	1.5	1.5	1.5	1.5	1.5	1.5
59.6628761686643	0.00163088484875643	3.17947555254947	-262.530301825697	85.8838967307125	0	0	0	0	0	1.5	1.5	1.5	1.5	1.5	1.5
59.8328558728486	-0.0132385351758205	3.17848902006503	-262.700161379495	85.8775069561911	0	0	0	0	0	1.5	1.5	1.5	1.5	1.5	1.5
60.0028355770328	-0.0200059607121154	3.17529828667087	-262.870034509031	85.8714908367664	0	0	0	0	0	1.5	1.5	1.5	1.5	1.5	1.5
60.172815281217	-0.0176191081693315	3.17210053763168	-263.03992672145	85.8660400233628	0	0	0	0	0	1.5	1.5	1.5	1.5	1.5	1.5
60.3427949854012	-0.0152322556265476	3.16930850508165	-263.209834513726	85.8610980417662	0	0	0	0	0	1.5	1.5	1.5	1.5	1.5	1.5
60.5127746895855	-0.0128454030837638	3.16692218902077	-263.379754547	85.8565959967389	0	0	0	0	0	1.5	1.5	1.5	1.5	1.5	1.5
60.6827543937697	-0.0104585505409799	3.16494158944904	-263.549684017789	85.8524649750681	0	0	0	0	0	1.5	1.5	1.5	1.5	1.5	1.5
60.8527340979539	-0.00807169799819619	3.16336670636646	-263.719620574157	85.8486360501787	0	0	0	0	0	1.5	1.5	1.5	1.5	1.5	1.5
61.0227138021382	-0.000772261858896778	3.16244352957942	-263.889562060817	85.8450320759117	0	0	0	0	0	1.5	1.5	1.5	1.5	1.5	1.5
61.1926935063224	0.0099527438833324	3.16322377738881	-264.059503962521	85.8414476260651	0	0	0	0	0	1.5	1.5	1.5	1.5	1.5	1.5
61.3626732105066	0.0206777496255625	3.16582705850164	-264.229439513315	85.8375756808131	0	0	0	0	0	1.5	1.5	1.5	1.5	1.5	1.5
61.5326529146908	0.0314027553677916	3.17025337291791	-264.399360314626	85.8331064740054	0	0	0	0	0	1.5	1.5	1.5	1.5	1.5	1.5
61.7026326188751	0.0421277611100217	3.17650272063761	-264.569254701686	85.8277303310097	0	0	0	0	0	1.5	1.5	1.5	1.5	1.5	1.5
61.8726123230593	0.0528527668522509	3.18457510166076	-264.739106050565	85.8211377527695	0	0	0	0	0	1.5	1.5	1.5	1.5	1.5	1.5
62.0425920272435	0.0413827270809336	3.19313265305121	-264.908893806655	85.8130732382489	0	0	0	0	0	1.5	1.5	1.5	1.5	1.5	1.5
62.2125717314278	0.0208132678512963	3.19841868146123	-265.078621170333	85.8038182890275	0	0	0	0	0	1.5	1.5	1.5	1.5	1.5	1.5
62.382551435612	0.000243808621657265	3.20020831927616	-265.248314904361	85.7939629217515	0	0	0	0	0	1.5	1.5	1.5	1.5	1.5	1.5
62.5525311397962	-0.02032565060798	3.198501566496	-265.418008231861	85.7841005218295	0	0	0	0	0	1.5	1.5	1.5	1.5	1.5	1.5
62.7225108439804	-0.0408951098376182	3.19329842312076	-265.587734449731	85.7748244705568	0	0	0	0	0	1.5	1.5	1.5	1.5	1.5	1.5
62.8924905481647	-0.0614645690672563	3.18459888915044	-265.757520703507	85.7667284746754	0	0	0	0	0	1.5	1.5	1.5	1.5	1.5	1.5
63.0624702523489	-0.0606783283999309	3.17390433673094	-265.927379363243	85.7603364618084	0	0	0	0	0	1.5	1.5	1.5	1.5	1.5	1.5
63.2324499565331	-0.055430754172297	3.16403624297658	-266.097295024418	85.7556960496377	0	0	0	0	0	1.5	1.5	1.5	1.5	1.5	1.5
63.4024296607174	-0.050183179944663	3.15506013033711	-266.267246984253	85.7526567805187	0	0	0	0	0	1.5	1.5	1.5	1.5	1.5	1.5
63.5724093649016	-0.0449356057170292	3.14697599881254	-266.437218793815	85.7510673143459	0	0	0	0	0	1.5	1.5	1.5	1.5	1.5	1.5
63.7423890690858	-0.039688031489395	3.13978384840287	-266.607197882176	85.7507761503884	0	0	0	0	0	1.5	1.5	1.5	1.5	1.5	1.5
63.9123687732701	-0.0344404572617608	3.1334836791081	-266.77717515208	85.7516316908867	0	0	0	0	0	1.5	1.5	1.5	1.5	1.5	1.5
64.0823484774543	-0.0385785538447678	3.12732203123587	-266.947144069505	85.7535226099617	0	0	0	0	0	1.5	1.5	1.5	1.5	1.5	1.5
64.2523281816385	-0.0432675768188319	3.12036594069646	-267.117096858571	85.7565280705086	0	0	0	0	0	1.5	1.5	1.5	1.5	1.5	1.5
64.4223078858227	-0.0479565997928959	3.11261281141901	-267.287022864463	85.76078337289	0	0	0	0	0	1.5	1.5	1.5	1.5	1.5	1.5
64.592287590007	-0.05264562276696	3.10406264340351	-267.45690844532	85.7664236925902	0	0	0	0	0	1.5	1.5	1.5	1.5	1.5	1.5
64.7622672941912	-0.057334645741024	3.09471543664996	-267.626736650363	85.7735840148619	0	0	0	0	0	1.5	1.5	1.5	1.5	1.5	1.5
64.9322469983754	-0.0602516738720316	3.08458044816581	-267.796486900914	85.7823990321736	0	0	0	0	0	1.5	1.5	1.5	1.5	1.5	1.5
65.1022267025596	-0.0361122418311695	3.07639049322318	-267.966145308744	85.7928375335332	0	0	0	0	0	1.5	1.5	1.5	1.5	1.5	1.5
65.2722064067439	-0.0119728097903074	3.07230375179803	-268.135736801484	85.8043172781215	0	0	0	0	0	1.5	1.5	1.5	1.5	1.5	1.5
65.4421861109281	0.0121666222505546	3.07232022389036	-268.305304698211	85.8161421484369	0	0	0	0	0	1.5	1.5	1.5	1.5	1.5	1.5
65.6121658151123	0.0363060542914167	3.07643990950017	-268.47489656714	85.8276163058366	0	0	0	0	0	1.5	1.5	1.5	1.5	1.5	1.5
65.7821455192966	0.0604454863322788	3.08466280862746	-268.644555658555	85.8380436284233	0	0	0	0	0	1.5	1.5	1.5	1.5	1.5	1.5
65.9521252234808	0.0780059384591318	3.09688802964022	-268.814312285599	85.8467282679646	0	0	0	0	0	1.5	1.5	1.5	1.5	1.5	1.5
66.122104927665	0.0656843309145261	3.10910024438136	-268.984165470002	85.8532579172535	0	0	0	0	0	1.5	1.5	1.5	1.5	1.5	1.5
66.2920846318492	0.0533627233699204	3.119218035917	-269.154081300948	85.8578907966768	0	0	0	0	0	1.5	1.5	1.5	1.5	1.5	1.5
66.4620643360335	0.0410411158253147	3.12724140424713	-269.324032433376	85.8609822764361	0	0	0	0	0	1.5	1.5	1.5	1.5	1.5	1.5
66.6320440402177	0.0287195082807089	3.13317034937176	-269.494001203759	85.8628880871852	0	0	0	0	0	1.5	1.5	1.5	1.5	1.5	1.5
66.8020237444019	0.0163979007361032	3.13700487129087	-269.663977397305	85.8639641372039	0	0	0	0	0	1.5	1.5	1.5	1.5	1.5	1.5
66.9720034485862	-0.0033860176203476	3.13855641125951	-269.833956003125	85.8645695838961	0	0	0	0	0	1.5	1.5	1.5	1.5	1.5	1.5
67.1419831527704	-0.0408072402949664	3.13480043280582	-270.003933969043	85.8653147993945	0	0	0	0	0	1.5	1.5	1.5	1.5	1.5	1.5
67.3119628569546	-0.078228462969579	3.12468360599169	-270.173902051836	85.867239015914	0	0	0	0	0	1.5	1.5	1.5	1.5	1.5	1.5
67.4819425611389	-0.115649685644198	3.10820593081711	-270.343828324476	85.8714230742278	0	0	0	0	0	1.5	1.5	1.5	1.5	1.5	1.5
67.6519222653231	-0.15307090831881	3.08536740728209	-270.513637750159	85.8789464577594	0	0	0	0	0	1.5	1.5	1.5	1.5	1.5	1.5
67.8219019695073	-0.190492130993426	3.05616803538663	-270.683191632901	85.8908848937395	0	0	0	0	0	1.5	1.5	1.5	1.5	1.5	1.5
67.9918816736915	-0.186380239743066	3.02206105503048	-270.852271184586	85.9082722642657	0	0	0	0	0	1.5	1.5	1.5	1.5	1.5	1.5
68.1618613778758	-0.122918286258651	2.99577381905329	-271.020731884147	85.9309090507185	0	0	0	0	0	1.5	1.5	1.5	1.5	1.5	1.5
68.33184108206	-0.0594563327742349	2.98027382715633	-271.188686039694	85.9570608831727	0	0	0	0	0	1.5	1.5	1.5	1.5	1.5	1.5
68.5018207862442	0.00400562071018087	2.9755610793396	-271.356368845896	85.9849090104526	0	0	0	0	0	1.5	1.5	1.5	1.5	1.5	1.5
68.6718004904285	0.0674675741945966	2.98163557560311	-271.52407047165	86.0126429434478	0	0	0	0	0	1.5	1.5	1.5	1.5	1.5	1.5
68.8417801946127	0.130929527679012	2.99849731594685	-271.692077386597	86.0384516073393	0	0	0	0	0	1.5	1.5	1.5	1.5	1.5	1.5
69.0117598987969	0.140576981908281	3.02370992295748	-271.860604823929	86.0605876965234	0	0	0	0	0	1.5	1.5	1.5	1.5	1.5	1.5
69.1817396029811	0.103015736620674	3.04441283207597	-272.02960939847	86.0787403824851	0	0	0	0	0	1.5	1.5	1.5	1.5	1.5	1.5
69.3517193071654	0.0654544913330662	3.05873109183168	-272.198907488679	86.0939312097456	0	0	0	0	0	1.5	1.5	1.5	1.5	1.5	1.5
69.5216990113496	0.0278932460454587	3.06666470222462	-272.368365112368	86.1072376150893	0	0	0	0	0	1.5	1.5	1.5	1.5	1.5	1.5
69.6916787155338	-0.00966799924214889	3.06821366325477	-272.537884348234	86.1197404585018	0	0	0	0	0	1.5	1.5	1.5	1.5	1.5	1.5
69.8616584197181	-0.0472292445297564	3.06337797492215	-272.707382660285	86.1325218554495	0	0	0	0	0	1.5	1.5	1.5	1.5	1.5	1.5
70.0316381239023	-0.0693769629635075	3.05300808152942	-272.876774896092	86.1466323360037	0	0	0	0	0	1.5	1.5	1.5	1.5	1.5	1.5
70.2016178280865	-0.0831957739900801	3.04004094718244	-273.045989013464	86.1627344241012	0	0	0	0	0	1.5	1.5	1.5	1.5	1.5	1.5
70.3715975322708	-0.0970145850166538	3.02472489542499	-273.214958041692	86.1812277283399	0	0	0	0	0	1.5	1.5	1.5	1.5	1.5	1.5
70.541577236455	-0.110833396043225	3.00705992625707	-273.383598601423	86.202504708649	0	0	0	0	0	1.5	1.5	1.5	1.5	1.5	1.5
70.7115569406392	-0.124652207069799	2.98704603967867	-273.551807792018	86.2269547267277	0	0	0	0	0	1.5	1.5	1.5	1.5	1.5	1.5
70.8815366448234	-0.138471018096371	2.9646832356898	-273.719460513611	86.254962948161	0	0	0	0	0	1.5	1.5	1.5	1.5	1.5	1.5
71.0515163490077	-0.117445051255604	2.9422422229045	-273.886426068272	86.2868122272146	0	0	0	0	0	1.5	1.5	1.5	1.5	1.5	1.5
71.2214960531919	-0.0858193898010572	2.92496680812351	-274.052724613799	86.3219857096476	0	0	0	0	0	1.5	1.5	1.5	1.5	1.5	1.5
71.3914757573761	-0.054193728346505	2.91306711392119	-274.218493472175	86.3595814982946	0	0	0	0	0	1.5	1.5	1.5	1.5	1.5	1.5
71.5614554615603	-0.0225680668919582	2.90654314029755	-274.38390965859	86.3987028667171	0	0	0	0	0	1.5	1.5	1.5	1.5	1.5	1.5
71.7314351657446	0.00905759456259128	2.90539488725258	-274.549174838278	86.4384585692404	0	0	0	0	0	1.5	1.5	1.5	1.5	1.5	1.5
71.9014148699288	0.0406832560171408	2.90962235478629	-274.714500916206	86.4779597540542	0	0	0	0	0	1.5	1.5	1.5	1.5	1.5	1.5
72.071394574113	0.0540370647582934	2.91785399284639	-274.880080357565	86.5163835018732	0	0	0	0	0	1.5	1.5	1.5	1.5	1.5	1.5
72.2413742782973	0.0649746272984948	2.92796877895153	-275.046005468018	86.5532848715318	0	0	0	0	0	1.5	1.5	1.5	1.5	1.5	1.5
72.4113539824815	0.0759121898386963	2.93994272870175	-275.212327718381	86.5883514299356	0	0	0	0	0	1.5	1.5	1.5	1.5	1.5	1.5
72.5813336866657	0.0868497523788977	2.95377584209704	-275.379088259017	86.6212689184293	0	0	0	0	0	1.5	1.5	1.5	1.5	1.5	1.5
72.7513133908499	0.0977873149190992	2.96946811913742	-275.546316179035	86.6517210047738	0	0	0	0	0	1.5	1.5	1.5	1.5	1.5	1.5
72.9212930950342	0.108724877459301	2.98701955982288	-275.714026713275	86.6793893023536	0	0	0	0	0	1.5	1.5	1.5	1.5	1.5	1.5
73.0912727992184	0.0770664019130161	3.00281188957805	-275.882190592151	86.7041563778338	0	0	0	0	0	1.5	1.5	1.5	1.5	1.5	1.5
73.2612525034026	0.0453848946860308	3.01321900716449	-276.050665465513	86.72671862368	0	0	0	0	0	1.5	1.5	1.5	1.5	1.5	1.5
73.4312322075869	0.0137033874590455	3.01824091152438	-276.219309964424	86.747980583495	0	0	0	0	0	1.5	1.5	1.5	1.5	1.5	1.5
73.6012119117711	-0.0179781197679398	3.01787760265771	-276.388003707559	86.7688496845806	0	0	0	0	0	1.5	1.5	1.5	1.5	1.5	1.5
73.7711916159553	-0.0496596269949252	3.01212908056449	-276.55663265765	86.7902341718725	0	0	0	0	0	1.5	1.5	1.5	1.5	1.5	1.5
73.9411713201396	-0.0751989421940066	3.00105696842366	-276.725074512604	86.8130408044509	0	0	0	0	0	1.5	1.5	1.5	1.5	1.5	1.5
74.1111510243238	-0.0548485410231439	2.99000425206008	-276.893236258493	86.8378285521783	0	0	0	0	0	1.5	1.5	1.5	1.5	1.5	1.5
74.281130728508	-0.0344981398522778	2.98241069086756	-277.061160051089	86.8641830659845	0	0	0	0	0	1.5	1.5	1.5	1.5	1.5	1.5
74.4511104326922	-0.0141477386814151	2.97827628484609	-277.228926698597	86.8915218695785	0	0	0	0	0	1.5	1.5	1.5	1.5	1.5	1.5
74.6210901368765	0.00620266248945095	2.97760103399567	-277.396627232178	86.9192640629534	0	0	0	0	0	1.5	1.5	1.5	1.5	1.5	1.5
74.7910698410607	0.0265530636603136	2.98038493831631	-277.564356870903	86.9468294214139	0	0	0	0	0	1.5	1.5	1.5	1.5	1.5	1.5
74.9610495452449	0.0366345851776924	2.98642298753961	-277.732208575564	86.9736401177929	0	0	0	0	0	1.5	1.5	1.5	1.5	1.5	1.5
75.1310292494291	0.0132692711893824	2.99066430891107	-277.900209800331	86.9994982763865	0	0	0	0	0	1.5	1.5	1.5	1.5	1.5	1.5
75.3010089536134	-0.0100960427989314	2.99093400112263	-278.068269046417	87.0249774606606	0	0	0	0	0	1.5	1.5	1.5	1.5	1.5	1.5
75.4709886577976	-0.0334613567872414	2.98723206417428	-278.236284224226	87.0507450028573	0	0	0	0	0	1.5	1.5	1.5	1.5	1.5	1.5
75.6409683619818	-0.0568266707755553	2.97955849806603	-278.40414980977	87.0774677013437	0	0	0	0	0	1.5	1.5	1.5	1.5	1.5	1.5
75.8109480661661	-0.0801919847638652	2.96791330279788	-278.571748907639	87.1058105148758	0	0	0	0	0	1.5	1.5	1.5	1.5	1.5	1.5
75.9809277703503	-0.0852823209141431	2.95284295117968	-278.738947383778	87.1364243284074	0	0	0	0	0	1.5	1.5	1.5	1.5	1.5	1.5
76.1509074745345	-0.0567064044964385	2.94077535040828	-278.905698357644	87.1693919029235	0	0	0	0	0	1.5	1.5	1.5	1.5	1.5	1.5
76.3208871787187	-0.0281304880787338	2.93356507545637	-279.072124467099	87.2039653581313	0	0	0	0	0	1.5	1.5	1.5	1.5	1.5	1.5
76.490866882903	0.000445428338970807	2.93121212632392	-279.238383679573	87.2393342685599	0	0	0	0	0	1.5	1.5	1.5	1.5	1.5	1.5
76.6608465870872	0.0290213447566754	2.93371650301095	-279.404645564389	87.2746905896915	0	0	0	0	0	1.5	1.5	1.5	1.5	1.5	1.5
76.8308262912714	0.0575972611743801	2.94107820551746	-279.571079507309	87.3092262385868	0	0	0	0	0	1.5	1.5	1.5	1.5	1.5	1.5
77.0008059954557	0.0638102208415833	2.95240486449941	-279.737838435449	87.3421539900719	0	0	0	0	0	1.5	1.5	1.5	1.5	1.5	1.5
77.1707856996399	0.0447561046499251	2.96163190044512	-279.904938764539	87.3733048237668	0	0	0	0	0	1.5	1.5	1.5	1.5	1.5	1.5
77.3407654038241	0.0257019884582702	2.96762012335707	-280.072271583394	87.4031835922913	0	0	0	0	0	1.5	1.5	1.5	1.5	1.5	1.5
77.5107451080084	0.00664787226661208	2.97036953323528	-280.239733537244	87.4323310660285	0	0	0	0	0	1.5	1.5	1.5	1.5	1.5	1.5
77.6807248121926	-0.0124062439250429	2.96988013007974	-280.407228371998	87.4612892974633	0	0	0	0	0	1.5	1.5	1.5	1.5	1.5	1.5
77.8507045163768	-0.031460360116701	2.96615191389045	-280.57466167167	87.4906006622807	0	0	0	0	0	1.5	1.5	1.5	1.5	1.5	1.5
78.020684220561	-0.0354949630505496	2.95993489953296	-280.741940084607	87.5207823694917	0	0	0	0	0	1.5	1.5	1.5	1.5	1.5	1.5
78.1906639247453	-0.0289862499844609	2.9544546507744	-280.909035010695	87.5519643057438	0	0	0	0	0	1.5	1.5	1.5	1.5	1.5	1.5
78.3606436289295	-0.0224775369183733	2.95008075113743	-281.075974349326	87.5839691638128	0	0	0	0	0	1.5	1.5	1.5	1.5	1.5	1.5
78.5306233331137	-0.0159688238522846	2.94681320062205	-281.24279024677	87.6166116275414	0	0	0	0	0	1.5	1.5	1.5	1.5	1.5	1.5
78.700603037298	-0.00946011078619704	2.94465199922826	-281.409516967592	87.6497067798033	0	0	0	0	0	1.5	1.5	1.5	1.5	1.5	1.5
78.8705827414822	-0.00295139772010836	2.94359714695607	-281.576190279697	87.683069995148	0	0	0	0	0	1.5	1.5	1.5	1.5	1.5	1.5
79.0405624456664	0.00654185279813246	2.94382780978384	-281.74284825122	87.7165097937852	0	0	0	0	0	1.5	1.5	1.5	1.5	1.5	1.5
79.2105421498507	0.0172759441311494	2.94585208082202	-281.909543376786	87.7497637401249	0	0	0	0	0	1.5	1.5	1.5	1.5	1.5	1.5
79.3805218540349	0.0280100354641646	2.94970092952967	-282.076335361206	87.7825280189461	0	0	0	0	0	1.5	1.5	1.5	1.5	1.5	1.5
79.5505015582191	0.0387441267971816	2.9553743559068	-282.243281328964	87.8144977866958	0	0	0	0	0	1.5	1.5	1.5	1.5	1.5	1.5
79.7204812624033	0.0494782181301968	2.96287235995339	-282.410434051259	87.8453673796043	0	0	0	0	0	1.5	1.5	1.5	1.5	1.5	1.5
79.8904609665876	0.0602123094632129	2.97219494166946	-282.57784026716	87.8748300563287	0	0	0	0	0	1.5	1.5	1.5	1.5	1.5	1.5
80.0604406707718	0.0564842015954311	2.98232317289733	-282.745531323799	87.9026250355392	0	0	0	0	0	1.5	1.5	1.5	1.5	1.5	1.5
80.230420374956	0.0497724407702422	2.99135390921579	-282.913481598189	87.9288091672318	0	0	0	0	0	1.5	1.5	1.5	1.5	1.5	1.5
80.4004000791403	0.0430606799450528	2.99924378241463	-283.081647520299	87.9535714882098	0	0	0	0	0	1.5	1.5	1.5	1.5	1.5	1.5
80.5703797833245	0.0363489191198644	3.00599279249385	-283.24999029964	87.9771022925965	0	0	0	0	0	1.5	1.5	1.5	1.5	1.5	1.5
80.7403594875087	0.029637158294675	3.01160093945345	-283.418475350728	87.9995925485946	0	0	0	0	0	1.5	1.5	1.5	1.5	1.5	1.5
80.9103391916929	0.0229253974694867	3.01606822329343	-283.587071643644	88.0212337534296	0	0	0	0	0	1.5	1.5	1.5	1.5	1.5	1.5
81.0803188958772	-0.00811519271160966	3.01743562905868	-283.755738097747	88.0423221707088	0	0	0	0	0	1.5	1.5	1.5	1.5	1.5	1.5
81.2502986000614	-0.0405055774387525	3.013303356995	-283.924375192648	88.0636432337052	0	0	0	0	0	1.5	1.5	1.5	1.5	1.5	1.5
81.4202783042456	-0.0728959621659007	3.00366537691698	-284.092860961173	88.0861247987105	0	0	0	0	0	1.5	1.5	1.5	1.5	1.5	1.5
81.5902580084298	-0.105286346893043	2.98852168882463	-284.261054281444	88.1106921238499	0	0	0	0	0	1.5	1.5	1.5	1.5	1.5	1.5
81.7602377126141	-0.137676731620192	2.96787229271794	-284.428779643552	88.1382652063049	0	0	0	0	0	1.5	1.5	1.5	1.5	1.5	1.5
81.9302174167983	-0.166274965727587	2.94173750702133	-284.59581208676	88.1697551217136	0	0	0	0	0	1.5	1.5	1.5	1.5	1.5	1.5
82.1001971209825	-0.138513609235074	2.91583357111588	-284.761938592452	88.2057199301292	0	0	0	0	0	1.5	1.5	1.5	1.5	1.5	1.5
82.2701768251668	-0.110752252742565	2.89464850237479	-284.927173889321	88.2455861439776	0	0	0	0	0	1.5	1.5	1.5	1.5	1.5	1.5
82.440156529351	-0.0829908962500515	2.87818230079805	-285.09163066204	88.2885560872445	0	0	0	0	0	1.5	1.5	1.5	1.5	1.5	1.5
82.6101362335352	-0.0552295397575427	2.86643496638565	-285.255465833479	88.3338418827191	0	0	0	0	0	1.5	1.5	1.5	1.5	1.5	1.5
82.7801159377195	-0.0274681832650293	2.85940649913761	-285.418869256303	88.3806639011362	0	0	0	0	0	1.5	1.5	1.5	1.5	1.5	1.5
82.9500956419037	-0.0046314929141169	2.85701972685317	-285.582052358586	88.4282492036366	0	0	0	0	0	1.5	1.5	1.5	1.5	1.5	1.5
83.1200753460879	-0.00357926848225786	2.85632189545653	-285.745178381701	88.4760299449789	0	0	0	0	0	1.5	1.5	1.5	1.5	1.5	1.5
83.2900550502721	-0.00252704405039899	2.85580292085755	-285.908275306161	88.5239099242676	0	0	0	0	0	1.5	1.5	1.5	1.5	1.5	1.5
83.4600347544564	-0.00147481961853996	2.85546280305624	-286.071351649955	88.5718599571081	0	0	0	0	0	1.5	1.5	1.5	1.5	1.5	1.5
83.6300144586406	-0.000422595186681093	2.85530154205258	-286.23441596867	88.619850870132	0	0	0	0	0	1.5	1.5	1.5	1.5	1.5	1.5
83.7999941628248	0.000629629245177858	2.85531913784659	-286.397476839826	88.6678534964182	0	0	0	0	0	1.5	1.5	1.5	1.5	1.5	1.5
83.9699738670091	-0.00340031508003474	2.85538488682645	-286.560542214721	88.715840820744	0	0	0	0	0	1.5	1.5	1.5	1.5	1.5	1.5
84.1399535711933	-0.019142999398758	2.85346893386323	-286.723572039023	88.7639486901298	0	0	0	0	0	1.5	1.5	1.5	1.5	1.5	1.5
84.3099332753775	-0.0348856837174839	2.84887704407645	-286.886444343118	88.8125867548237	0	0	0	0	0	1.5	1.5	1.5	1.5	1.5	1.5
84.4799129795617	-0.0506283680362072	2.84160921746611	-287.049025153549	88.8621897027818	0	0	0	0	0	1.5	1.5	1.5	1.5	1.5	1.5
84.649892683746	-0.0663710523549331	2.8316654540322	-287.211172764979	88.9131898359209	0	0	0	0	0	1.5	1.5	1.5	1.5	1.5	1.5
84.8198723879302	-0.0821137366736563	2.81904575377474	-287.372734293588	88.9660158576426	0	0	0	0	0	1.5	1.5	1.5	1.5	1.5	1.5
84.9898520921144	-0.0840428921726317	2.80424380192509	-287.533546158311	89.0210804063725	0	0	0	0	0	1.5	1.5	1.5	1.5	1.5	1.5
85.1598317962986	-0.0669362693235616	2.79141210532054	-287.693565790997	89.0784077140805	0	0	0	0	0	1.5	1.5	1.5	1.5	1.5	1.5
85.3298115004829	-0.0498296464744886	2.78148818740746	-287.852923260547	89.1375521074652	0	0	0	0	0	1.5	1.5	1.5	1.5	1.5	1.5
85.4997912046671	-0.0327230236254185	2.77447204818586	-288.011774391196	89.1980442496162	0	0	0	0	0	1.5	1.5	1.5	1.5	1.5	1.5
85.6697709088513	-0.0156164007763455	2.77036368765574	-288.170286807513	89.2594191038247	0	0	0	0	0	1.5	1.5	1.5	1.5	1.5	1.5
85.8397506130356	0.00149022207272458	2.76916310581709	-288.328635849639	89.3212145476885	0	0	0	0	0	1.5	1.5	1.5	1.5	1.5	1.5
86.0097303172198	0.00926735756023155	2.77044261281051	-288.486995788497	89.3829820553864	0	0	0	0	0	1.5	1.5	1.5	1.5	1.5	1.5
86.179710021404	0.00907766160095089	2.77200175327565	-288.645449881485	89.4445076142762	0	0	0	0	0	1.5	1.5	1.5	1.5	1.5	1.5
86.3496897255883	0.00888796564167019	2.77352864927774	-288.80399872152	89.5057886027193	0	0	0	0	0	1.5	1.5	1.5	1.5	1.5	1.5
86.5196694297725	0.00869826968238953	2.77502330081679	-288.962639962935	89.5668299901374	0	0	0	0	0	1.5	1.5	1.5	1.5	1.5	1.5
86.6896491339567	0.00850857372310883	2.77648570789279	-289.121371283029	89.627636755438	0	0	0	0	0	1.5	1.5	1.5	1.5	1.5	1.5
86.8596288381409	0.00831887776382817	2.77791587050576	-289.280190381601	89.6882138867555	0	0	0	0	0	1.5	1.5	1.5	1.5	1.5	1.5
87.0296085423252	0.00438637943820959	2.77910500705834	-289.439092226695	89.7485736406286	0	0	0	0	0	1.5	1.5	1.5	1.5	1.5	1.5
87.1995882465094	-0.0015058605648966	2.77934982193133	-289.59803864589	89.8088159469828	0	0	0	0	0	1.5	1.5	1.5	1.5	1.5	1.5
87.3695679506936	-0.00739810056800279	2.77859307559161	-289.756969636518	89.8690989349119	0	0	0	0	0	1.5	1.5	1.5	1.5	1.5	1.5
87.5395476548779	-0.013290340571109	2.77683476803918	-289.915824677346	89.9295817287779	0	0	0	0	0	1.5	1.5	1.5	1.5	1.5	1.5
87.7095273590621	-0.0191825805742147	2.77407489927404	-290.074542647044	89.9904232240713	0	0	0	0	0	1.5	1.5	1.5	1.5	1.5	1.5
87.8795070632463	-0.0250748205773213	2.77031346929619	-290.233061347441	90.0517819019679	0	0	0	0	0	1.5	1.5	1.5	1.5	1.5	1.5
88.0494867674305	-0.0327558984853676	2.76543289968497	-290.391315141327	90.1138204324921	0	0	0	0	0	1.5	1.5	1.5	1.5	1.5	1.5
88.2194664716148	-0.0409611693579279	2.75916769699231	-290.5492209136	90.176739208134	0	0	0	0	0	1.5	1.5	1.5	1.5	1.5	1.5
88.389446175799	-0.0491664402304868	2.75150776478397	-290.706684658359	90.240755827611	0	0	0	0	0	1.5	1.5	1.5	1.5	1.5	1.5
88.5594258799832	-0.0573717111030471	2.74245310305997	-290.863607752072	90.3060861039913	0	0	0	0	0	1.5	1.5	1.5	1.5	1.5	1.5
88.7294055841675	-0.065576981975606	2.73200371182029	-291.019886114374	90.3729434919971	0	0	0	0	0	1.5	1.5	1.5	1.5	1.5	1.5
88.8993852883517	-0.0737822528481663	2.72015959106495	-291.175409338927	90.4415385983449	0	0	0	0	0	1.5	1.5	1.5	1.5	1.5	1.5
89.0693649925359	-0.0535988700437732	2.70906743623707	-291.330105055273	90.5119803254043	0	0	0	0	0	1.5	1.5	1.5	1.5	1.5	1.5
89.2393446967202	-0.0298971218016829	2.70197112423984	-291.484153142685	90.5838285313614	0	0	0	0	0	1.5	1.5	1.5	1.5	1.5	1.5
89.4093244009044	-0.0061953735595966	2.69890362839745	-291.637834379012	90.6564587876478	0	0	0	0	0	1.5	1.5	1.5	1.5	1.5	1.5
89.5793041050886	0.0175063746824937	2.6998649487099	-291.791439098415	90.7292508691896	0	0	0	0	0	1.5	1.5	1.5	1.5	1.5	1.5
89.7492838092728	0.04120812292458	2.70485508517719	-291.945259593196	90.8015854709507	0	0	0	0	0	1.5	1.5	1.5	1.5	1.5	1.5
89.9192635134571	0.0644976577718965	2.71387372630037	-292.099582618287	90.872840697145	0	0	0	0	0	1.5	1.5	1.5	1.5	1.5	1.5
90.0892432176413	0.0418382026795546	2.72291119535223	-292.25458847236	90.9425980464876	0	0	0	0	0	1.5	1.5	1.5	1.5	1.5	1.5
90.2592229218255	0.0191787475872089	2.72809701693051	-292.41008684697	91.011251451223	0	0	0	0	0	1.5	1.5	1.5	1.5	1.5	1.5
90.4292026260098	-0.00348070750513486	2.72943119103522	-292.565808367781	91.0793976390077	0	0	0	0	0	1.5	1.5	1.5	1.5	1.5	1.5
90.599182330194	-0.0261401625974786	2.72691371766636	-292.72148951311	91.1476359344778	0	0	0	0	0	1.5	1.5	1.5	1.5	1.5	1.5
90.7691620343782	-0.0487996176898224	2.72054459682393	-292.876865698041	91.2165651933115	0	0	0	0	0	1.5	1.5	1.5	1.5	1.5	1.5
90.9391417385624	-0.0649917533009651	2.71039357173075	-293.031664577059	91.2867802602687	0	0	0	0	0	1.5	1.5	1.5	1.5	1.5	1.5
91.1091214427467	-0.036681318913154	2.70175239236152	-293.185747581342	91.3585531444916	0	0	0	0	0	1.5	1.5	1.5	1.5	1.5	1.5
91.2791011469309	-0.00837088452534288	2.69792341225486	-293.339380467963	91.4312855289791	0	0	0	0	0	1.5	1.5	1.5	1.5	1.5	1.5
91.4490808511151	0.0199395498624682	2.69890663141077	-293.492909797219	91.5042364826127	0	0	0	0	0	1.5	1.5	1.5	1.5	1.5	1.5
91.6190605552993	0.0482499842502769	2.70470204982924	-293.646685289183	91.57666655998	0	0	0	0	0	1.5	1.5	1.5	1.5	1.5	1.5
91.7890402594836	0.0765604186380904	2.71530966751028	-293.801049131524	91.647832789045	0	0	0	0	0	1.5	1.5	1.5	1.5	1.5	1.5
91.9590199636678	0.0934917303211185	2.73049267721354	-293.956323887753	91.7169868509732	0	0	0	0	0	1.5	1.5	1.5	1.5	1.5	1.5
92.128999667852	0.0753303472163584	2.74484084061334	-294.112640329151	91.7837534138584	0	0	0	0	0	1.5	1.5	1.5	1.5	1.5	1.5
92.2989793720363	0.0571689641116013	2.75610193748541	-294.269799371467	91.8485131971992	0	0	0	0	0	1.5	1.5	1.5	1.5	1.5	1.5
92.4689590762205	0.0390075810068412	2.76427596782976	-294.427580685326	91.9117429020511	0	0	0	0	0	1.5	1.5	1.5	1.5	1.5	1.5
92.6389387804047	0.0208461979020842	2.76936293164638	-294.585778042021	91.9739251622274	0	0	0	0	0	1.5	1.5	1.5	1.5	1.5	1.5
92.808918484589	0.00268481479732408	2.77136282893528	-294.744194888024	92.0355465280398	0	0	0	0	0	1.5	1.5	1.5	1.5	1.5	1.5
92.9788981887732	-0.00301949253485989	2.77065846985288	-294.902642701104	92.0970882898504	0	0	0	0	0	1.5	1.5	1.5	1.5	1.5	1.5
93.1488778929574	0.0132712350667626	2.77152976393436	-295.061074551768	92.1586711315695	0	0	0	0	0	1.5	1.5	1.5	1.5	1.5	1.5
93.3188575971416	0.0295619626683824	2.7751701510745	-295.219644837727	92.2198963880338	0	0	0	0	0	1.5	1.5	1.5	1.5	1.5	1.5
93.4888373013259	0.0458526902700049	2.78157963127331	-295.378520589072	92.2803239996649	0	0	0	0	0	1.5	1.5	1.5	1.5	1.5	1.5
93.6588170055101	0.0621434178716247	2.79075820453079	-295.537862197901	92.3395114001721	0	0	0	0	0	1.5	1.5	1.5	1.5	1.5	1.5
93.8287967096943	0.0784341454732472	2.80270587084694	-295.697819719244	92.3970122453351	0	0	0	0	0	1.5	1.5	1.5	1.5	1.5	1.5
93.9987764138786	0.0739202423555547	2.81657653576139	-295.858521767624	92.4523970144853	0	0	0	0	0	1.5	1.5	1.5	1.5	1.5	1.5
94.1687561180628	0.0467331014410835	2.82683084560509	-296.019898322628	92.5057866510798	0	0	0	0	0	1.5	1.5	1.5	1.5	1.5	1.5
94.338735822247	0.0195459605266124	2.83246389327853	-296.18169438666	92.5578928526326	0	0	0	0	0	1.5	1.5	1.5	1.5	1.5	1.5
94.5087155264312	-0.00764118038785884	2.83347567878171	-296.343662883119	92.6094612796743	0	0	0	0	0	1.5	1.5	1.5	1.5	1.5	1.5
94.6786952306155	-0.03482832130233	2.82986620211463	-296.505564182575	92.6612400093132	0	0	0	0	0	1.5	1.5	1.5	1.5	1.5	1.5
94.8486749347997	-0.0620154622168012	2.8216354632773	-296.66715574265	92.7139761788436	0	0	0	0	0	1.5	1.5	1.5	1.5	1.5	1.5
95.0186546389839	-0.0620162442241313	2.81016083347051	-296.828196854678	92.7683685535705	0	0	0	0	0	1.5	1.5	1.5	1.5	1.5	1.5
95.1886343431682	-0.0435977858146816	2.80118471267866	-296.988660801362	92.8244419631449	0	0	0	0	0	1.5	1.5	1.5	1.5	1.5	1.5
95.3586140473524	-0.025179327405232	2.79533935599877	-297.148705109666	92.8817030891566	0	0	0	0	0	1.5	1.5	1.5	1.5	1.5	1.5
95.5285937515366	-0.0067608689957839	2.79262476343086	-297.308503055136	92.9396487388816	0	0	0	0	0	1.5	1.5	1.5	1.5	1.5	1.5
95.6985734557208	0.0116575894136673	2.79304093497491	-297.468234351242	92.9977780092046	0	0	0	0	0	1.5	1.5	1.5	1.5	1.5	1.5
95.8685531599051	0.0300760478231154	2.79658787063093	-297.628080437301	93.0555906196066	0	0	0	0	0	1.5	1.5	1.5	1.5	1.5	1.5
96.0385328640893	0.0336460943483664	2.80236567753061	-297.788207651296	93.1126194957428	0	0	0	0	0	1.5	1.5	1.5	1.5	1.5	1.5
96.2085125682735	0.0312418895136211	2.8078804976816	-297.948657645447	93.1687338965427	0	0	0	0	0	1.5	1.5	1.5	1.5	1.5	1.5
96.3784922724578	0.0288376846788753	2.81298665180597	-298.10940339963	93.223995452465	0	0	0	0	0	1.5	1.5	1.5	1.5	1.5	1.5
96.548471976642	0.0264334798441299	2.81768413990374	-298.270418130685	93.2784684097982	0	0	0	0	0	1.5	1.5	1.5	1.5	1.5	1.5
96.7184516808262	0.0240292750093842	2.8219729619749	-298.431676015721	93.3322173637718	0	0	0	0	0	1.5	1.5	1.5	1.5	1.5	1.5
96.8884313850104	0.0216250701746388	2.82585311801946	-298.593152114488	93.3853072225473	0	0	0	0	0	1.5	1.5	1.5	1.5	1.5	1.5
97.0584110891947	0.00687090121081359	2.82845343523081	-298.754809667613	93.4378421483572	0	0	0	0	0	1.5	1.5	1.5	1.5	1.5	1.5
97.2283907933789	-0.0104130029393184	2.82815239252881	-298.916528404077	93.4901885861214	0	0	0	0	0	1.5	1.5	1.5	1.5	1.5	1.5
97.3983704975631	-0.0276969070894503	2.82491343691222	-299.078154164077	93.5428211609509	0	0	0	0	0	1.5	1.5	1.5	1.5	1.5	1.5
97.5683502017474	-0.0449808112395823	2.81873656838104	-299.23953015829	93.596214007992	0	0	0	0	0	1.5	1.5	1.5	1.5	1.5	1.5
97.7383299059316	-0.0622647153897143	2.80962178693528	-299.400492905933	93.6508390327096	0	0	0	0	0	1.5	1.5	1.5	1.5	1.5	1.5
97.9083096101158	-0.0795486195398462	2.79756909257493	-299.560868096799	93.7071644077693	0	0	0	0	0	1.5	1.5	1.5	1.5	1.5	1.5
98.0782893143001	-0.0606552178695944	2.78549131490342	-299.720520763995	93.7655062751825	0	0	0	0	0	1.5	1.5	1.5	1.5	1.5	1.5
98.2482690184843	-0.0397513399027921	2.77695777640927	-299.879563937559	93.8254912144169	0	0	0	0	0	1.5	1.5	1.5	1.5	1.5	1.5
98.4182487226685	-0.0188474619359897	2.77197747290821	-300.038198487491	93.8865495404269	0	0	0	0	0	1.5	1.5	1.5	1.5	1.5	1.5
98.5882284268527	0.00205641603081258	2.77055040440026	-300.196636762278	93.9481158259014	0	0	0	0	0	1.5	1.5	1.5	1.5	1.5	1.5
98.758208131037	0.0229602939976149	2.77267657088541	-300.355096531416	94.0096267193124	0	0	0	0	0	1.5	1.5	1.5	1.5	1.5	1.5
98.9281878352212	0.042689615821583	2.77834955136082	-300.513794965146	94.0705186631136	0	0	0	0	0	1.5	1.5	1.5	1.5	1.5	1.5
99.0981675394054	0.0453330313071956	2.78583058312105	-300.672905585239	94.1303248137005	0	0	0	0	0	1.5	1.5	1.5	1.5	1.5	1.5
99.2681472435897	0.0479764467928082	2.79376094186356	-300.832472278911	94.1889031260019	0	0	0	0	0	1.5	1.5	1.5	1.5	1.5	1.5
99.4381269477739	0.0506198622784205	2.80214062758835	-300.992511319945	94.2461782174567	0	0	0	0	0	1.5	1.5	1.5	1.5	1.5	1.5
99.6081066519581	0.0532632777640333	2.81096964029543	-301.153037193872	94.3020741559352	0	0	0	0	0	1.5	1.5	1.5	1.5	1.5	1.5
99.7780863561423	0.0559066932496457	2.82024797998478	-301.314062490994	94.3565144556769	0	0	0	0	0	1.5	1.5	1.5	1.5	1.5	1.5
99.9480660603266	0.0601740427751472	2.83000059208285	-301.475597876815	94.4094218344389	0	0	0	0	0	1.5	1.5	1.5	1.5	1.5	1.5
100.118045764511	0.0718023513028773	2.84121724629519	-301.637672921502	94.4606514805481	0	0	0	0	0	1.5	1.5	1.5	1.5	1.5	1.5
100.288025468695	0.0834306598306093	2.85441047695124	-301.800360807234	94.5098991446412	0	0	0	0	0	1.5	1.5	1.5	1.5	1.5	1.5
100.458005172879	0.0950589683583404	2.869580284051	-301.963730335358	94.556834662982	0	0	0	0	0	1.5	1.5	1.5	1.5	1.5	1.5
100.627984877063	0.106687276886071	2.88672666759446	-302.127836456162	94.6011243110071	0	0	0	0	0	1.5	1.5	1.5	1.5	1.5	1.5
100.797964581248	0.118315585413803	2.90584962758163	-302.292718234903	94.6424307056726	0	0	0	0	0	1.5	1.5	1.5	1.5	1.5	1.5
100.967944285432	0.113522290158505	2.92653121244189	-302.458395266082	94.6804197927327	0	0	0	0	0	1.5	1.5	1.5	1.5	1.5	1.5
101.137923989616	0.0703137801325911	2.94215541286513	-302.624757187169	94.715294154596	0	0	0	0	0	1.5	1.5	1.5	1.5	1.5	1.5
101.3079036938	0.027105270106677	2.95043504353592	-302.791525251516	94.7481779701728	0	0	0	0	0	1.5	1.5	1.5	1.5	1.5	1.5
101.477883397985	-0.016103239919237	2.95137010445426	-302.958443523067	94.7802931719831	0	0	0	0	0	1.5	1.5	1.5	1.5	1.5	1.5
101.647863102169	-0.0593117499451511	2.94496059562016	-303.12527298344	94.8128650909684	0	0	0	0	0	1.5	1.5	1.5	1.5	1.5	1.5
101.817842806353	-0.102520259971065	2.93120651703361	-303.291764560298	94.8471170547271	0	0	0	0	0	1.5	1.5	1.5	1.5	1.5	1.5
101.987822510537	-0.119141991242213	2.91104894915748	-303.457637266254	94.8842429879411	0	0	0	0	0	1.5	1.5	1.5	1.5	1.5	1.5
102.157802214722	-0.0985136056570557	2.89255043216999	-303.622739210739	94.9246610947092	0	0	0	0	0	1.5	1.5	1.5	1.5	1.5	1.5
102.327781918906	-0.0778852200718979	2.87755832206206	-303.787142030223	94.9678383006757	0	0	0	0	0	1.5	1.5	1.5	1.5	1.5	1.5
102.49776162309	-0.0572568344867401	2.8660726188337	-303.95095947402	95.0131883482557	0	0	0	0	0	1.5	1.5	1.5	1.5	1.5	1.5
102.667741327274	-0.0366284489015823	2.8580933224849	-304.114328261607	95.0601307095489	0	0	0	0	0	1.5	1.5	1.5	1.5	1.5	1.5
102.837721031458	-0.0160000633164245	2.85362043301566	-304.277401913842	95.1080893908962	0	0	0	0	0	1.5	1.5	1.5	1.5	1.5	1.5
103.007700735643	-0.0033836001549218	2.85228968180508	-304.440341512315	95.1565020248842	0	0	0	0	0	1.5	1.5	1.5	1.5	1.5	1.5
103.177680439827	0.0022679939585604	2.85219486659946	-304.603251180588	95.2050153195478	0	0	0	0	0	1.5	1.5	1.5	1.5	1.5	1.5
103.347660144011	0.00791958807204214	2.85306070768941	-304.766179534229	95.2534658053271	0	0	0	0	0	1.5	1.5	1.5	1.5	1.5	1.5
103.517639848195	0.0135711821855248	2.85488720507495	-304.929172945212	95.3016969129377	0	0	0	0	0	1.5	1.5	1.5	1.5	1.5	1.5
103.68761955238	0.0192227762990066	2.85767435875607	-305.092277153045	95.3495518863535	0	0	0	0	0	1.5	1.5	1.5	1.5	1.5	1.5
103.857599256564	0.0248743704124892	2.86142216873276	-305.255536812465	95.3968736528452	0	0	0	0	0	1.5	1.5	1.5	1.5	1.5	1.5
104.027578960748	0.0168910724263558	2.86537500384898	-305.418987418031	95.4435315552387	0	0	0	0	0	1.5	1.5	1.5	1.5	1.5	1.5
104.197558664932	0.00163234899765858	2.86694930669605	-305.582570252745	95.4897240847646	0	0	0	0	0	1.5	1.5	1.5	1.5	1.5	1.5
104.367538369117	-0.0136263744310386	2.86592993624847	-305.746165907839	95.5358712265737	0	0	0	0	0	1.5	1.5	1.5	1.5	1.5	1.5
104.537518073301	-0.0288850978597358	2.86231689250626	-305.909654156017	95.5823971423766	0	0	0	0	0	1.5	1.5	1.5	1.5	1.5	1.5
104.707497777485	-0.044143821288433	2.85611017546941	-306.072911824587	95.6297251516604	0	0	0	0	0	1.5	1.5	1.5	1.5	1.5	1.5
104.877477481669	-0.0594025447171302	2.84730978513792	-306.235809508096	95.6782767510089	0	0	0	0	0	1.5	1.5	1.5	1.5	1.5	1.5
105.047457185853	-0.0438601988712666	2.83793459256554	-306.398234602969	95.7283863451306	0	0	0	0	0	1.5	1.5	1.5	1.5	1.5	1.5
105.217436890038	-0.0191805759209681	2.83257676644018	-306.56028271108	95.7797034053391	0	0	0	0	0	1.5	1.5	1.5	1.5	1.5	1.5
105.387416594222	0.00549904702932837	2.83141397532328	-306.722162833292	95.8315485777807	0	0	0	0	0	1.5	1.5	1.5	1.5	1.5	1.5
105.557396298406	0.0301786699796248	2.83444621921486	-306.884091292914	95.8832423970891	0	0	0	0	0	1.5	1.5	1.5	1.5	1.5	1.5
105.72737600259	0.0548582929299192	2.8416734981149	-307.046282506937	95.9341047943631	0	0	0	0	0	1.5	1.5	1.5	1.5	1.5	1.5
105.897355706775	0.0795379158802178	2.85309581202342	-307.208940413966	95.9834524414413	0	0	0	0	0	1.5	1.5	1.5	1.5	1.5	1.5
106.067335410959	0.0730381097069368	2.86635356167983	-307.37221723763	96.0307108116964	0	0	0	0	0	1.5	1.5	1.5	1.5	1.5	1.5
106.237315115143	0.0627018449753259	2.87789008035127	-307.536068413228	96.0759388065191	0	0	0	0	0	1.5	1.5	1.5	1.5	1.5	1.5
106.407294819327	0.0523655802437157	2.88766964380125	-307.700392571792	96.1194180009231	0	0	0	0	0	1.5	1.5	1.5	1.5	1.5	1.5
106.577274523511	0.0420293155121039	2.89569225202979	-307.865097442329	96.1614328835661	0	0	0	0	0	1.5	1.5	1.5	1.5	1.5	1.5
106.747254227696	0.0316930507804929	2.90195790503688	-308.030098439575	96.2022700736495	0	0	0	0	0	1.5	1.5	1.5	1.5	1.5	1.5
106.91723393188	0.0214039454437265	2.90646663204391	-308.195317168885	96.2422178176443	0	0	0	0	0	1.5	1.5	1.5	1.5	1.5	1.5
107.087213636064	0.0175361657553582	2.90977614633518	-308.360687259715	96.2815345634939	0	0	0	0	0	1.5	1.5	1.5	1.5	1.5	1.5
107.257193340248	0.0136683860669894	2.91242821657916	-308.526173837782	96.3203582078593	0	0	0	0	0	1.5	1.5	1.5	1.5	1.5	1.5
107.427173044433	0.00980060637862082	2.91442284277586	-308.691750191046	96.3587972697334	0	0	0	0	0	1.5	1.5	1.5	1.5	1.5	1.5
107.597152748617	0.00593282669025259	2.91576002492529	-308.857390365435	96.396960447542	0	0	0	0	0	1.5	1.5	1.5	1.5	1.5	1.5
107.767132452801	0.00206504700188339	2.91643976302743	-309.023068950786	96.4349565665615	0	0	0	0	0	1.5	1.5	1.5	1.5	1.5	1.5
107.937112156985	-0.000729862652336148	2.9164733870081	-309.188760884172	96.4728944503707	0	0	0	0	0	1.5	1.5	1.5	1.5	1.5	1.5
108.10709186117	0.00403679890567608	2.91675444303114	-309.354454343058	96.5108256683894	0	0	0	0	0	1.5	1.5	1.5	1.5	1.5	1.5
108.277071565354	0.00880346046368792	2.91784573477577	-309.520173782668	96.5486431812113	0	0	0	0	0	1.5	1.5	1.5	1.5	1.5	1.5
108.447051269538	0.0135701220217009	2.91974726224198	-309.685949610454	96.5862126638277	0	0	0	0	0	1.5	1.5	1.5	1.5	1.5	1.5
108.617030973722	0.0183367835797128	2.92245902542976	-309.851811630788	96.6233996550075	0	0	0	0	0	1.5	1.5	1.5	1.5	1.5	1.5
108.787010677906	0.023103445137725	2.92598102433911	-310.017788717763	96.6600694864855	0	0	0	0	0	1.5	1.5	1.5	1.5	1.5	1.5
108.956990382091	0.0241261591200546	2.93023645364171	-310.183908266563	96.6960882429144	0	0	0	0	0	1.5	1.5	1.5	1.5	1.5	1.5
109.126970086275	0.0133819834189749	2.93342426512835	-310.350167404296	96.7314573587224	0	0	0	0	0	1.5	1.5	1.5	1.5	1.5	1.5
109.296949790459	0.00263780771789605	2.93478578480762	-310.516506622332	96.7664482115331	0	0	0	0	0	1.5	1.5	1.5	1.5	1.5	1.5
109.466929494643	-0.00810636798318276	2.93432101267952	-310.68286152398	96.8013644810691	0	0	0	0	0	1.5	1.5	1.5	1.5	1.5	1.5
109.636909198828	-0.0188505436842607	2.93202994874404	-310.849168121085	96.8365099334319	0	0	0	0	0	1.5	1.5	1.5	1.5	1.5	1.5
109.806888903012	-0.0295947193853404	2.92791259300119	-311.015361170204	96.8721880682958	0	0	0	0	0	1.5	1.5	1.5	1.5	1.5	1.5
109.976868607196	-0.0329491199907701	2.92219426851119	-311.181373506101	96.9086972837506	0	0	0	0	0	1.5	1.5	1.5	1.5	1.5	1.5
110.14684831138	-0.02309535162124	2.9174310571583	-311.347184597542	96.946110209983	0	0	0	0	0	1.5	1.5	1.5	1.5	1.5	1.5
110.316828015565	-0.0132415832517107	2.91434278643797	-311.512847628985	96.9841737985081	0	0	0	0	0	1.5	1.5	1.5	1.5	1.5	1.5
110.486807719749	-0.0033878148821798	2.91292945635019	-311.678424619346	97.0226101767918	0	0	0	0	0	1.5	1.5	1.5	1.5	1.5	1.5
110.656787423933	0.00646595348735032	2.91319106689496	-311.843979461597	97.0611419009214	0	0	0	0	0	1.5	1.5	1.5	1.5	1.5	1.5
110.826767128117	0.0163197218568804	2.91512761807228	-312.009576527922	97.0994916377746	0	0	0	0	0	1.5	1.5	1.5	1.5	1.5	1.5
110.996746832301	0.0214007350392248	2.9185461545154	-312.175278123512	97.1373869145116	0	0	0	0	0	1.5	1.5	1.5	1.5	1.5	1.5
111.166726536486	0.0212210941396965	2.92216857747321	-312.341114938446	97.1746859634652	0	0	0	0	0	1.5	1.5	1.5	1.5	1.5	1.5
111.33670624067	0.0210414532401682	2.92576046512406	-312.507085219175	97.2113865722469	0	0	0	0	0	1.5	1.5	1.5	1.5	1.5	1.5
111.506685944854	0.0208618123406399	2.92932181746795	-312.673185703706	97.2474933352572	0	0	0	0	0	1.5	1.5	1.5	1.5	1.5	1.5
111.676665649038	0.0206821714411116	2.93285263450488	-312.839413182776	97.2830108664212	0	0	0	0	0	1.5	1.5	1.5	1.5	1.5	1.5
111.846645353223	0.0205025305415833	2.93635291623485	-313.005764499502	97.3179437987079	0	0	0	0	0	1.5	1.5	1.5	1.5	1.5	1.5
112.016625057407	0.01685919288816	2.93964802012291	-313.17223536932	97.3523025343163	0	0	0	0	0	1.5	1.5	1.5	1.5	1.5	1.5
112.186604761591	0.0108411126522354	2.94200226499369	-313.33880367902	97.3861859321882	0	0	0	0	0	1.5	1.5	1.5	1.5	1.5	1.5
112.356584465775	0.00482303241630935	2.94333355836622	-313.505434171324	97.4197623310407	0	0	0	0	0	1.5	1.5	1.5	1.5	1.5	1.5
112.526564169959	-0.00119504781961521	2.94364190024049	-313.672092145798	97.4532021143485	0	0	0	0	0	1.5	1.5	1.5	1.5	1.5	1.5
112.696543874144	-0.00721312805554028	2.94292729061649	-313.838743321196	97.4866757502664	0	0	0	0	0	1.5	1.5	1.5	1.5	1.5	1.5
112.866523578328	-0.0132312082914648	2.94118972949424	-314.005353312393	97.520353686021	0	0	0	0	0	1.5	1.5	1.5	1.5	1.5	1.5
113.036503282512	-0.0162443061672738	2.93861099204664	-314.171888582123	97.5543990610936	0	0	0	0	0	1.5	1.5	1.5	1.5	1.5	1.5
113.206482986696	-0.0180404045637216	2.93569713955259	-314.338329297585	97.588903664036	0	0	0	0	0	1.5	1.5	1.5	1.5	1.5	1.5
113.376462690881	-0.0198365029601693	2.93247798678443	-314.504663409223	97.6239184921077	0	0	0	0	0	1.5	1.5	1.5	1.5	1.5	1.5
113.546442395065	-0.021632601356617	2.92895353374215	-314.670878498198	97.6594939628631	0	0	0	0	0	1.5	1.5	1.5	1.5	1.5	1.5
113.716422099249	-0.0234286997530649	2.92512378042576	-314.83696163355	97.6956803783785	0	0	0	0	0	1.5	1.5	1.5	1.5	1.5	1.5
113.886401803433	-0.0252247981495126	2.92098872683526	-315.002899326565	97.7325279115144	0	0	0	0	0	1.5	1.5	1.5	1.5	1.5	1.5
114.056381507618	-0.0270424229372835	2.9165468540872	-315.168677469467	97.7700866609891	0	0	0	0	0	1.5	1.5	1.5	1.5	1.5	1.5
114.226361211802	-0.0288644502931837	2.91179533720041	-315.334281196892	97.8084070332993	0	0	0	0	0	1.5	1.5	1.5	1.5	1.5	1.5
114.396340915986	-0.0306864776490837	2.90673411264265	-315.49969489693	97.8475394494418	0	0	0	0	0	1.5	1.5	1.5	1.5	1.5	1.5
114.56632062017	-0.0325085050049838	2.90136318041392	-315.664902207664	97.8875341347682	0	0	0	0	0	1.5	1.5	1.5	1.5	1.5	1.5
114.736300324354	-0.034330532360884	2.89568254051421	-315.82988597168	97.9284410992665	0	0	0	0	0	1.5	1.5	1.5	1.5	1.5	1.5
114.906280028539	-0.0361525597167843	2.88969219294354	-315.994628190817	97.9703101172157	0	0	0	0	0	1.5	1.5	1.5	1.5	1.5	1.5
115.076259732723	-0.0310775598661033	2.88394902040654	-316.159117586558	98.0131617103383	0	0	0	0	0	1.5	1.5	1.5	1.5	1.5	1.5
115.246239436907	-0.02563974434118	2.8791286251109	-316.323378390362	98.05688163928	0	0	0	0	0	1.5	1.5	1.5	1.5	1.5	1.5
115.416219141091	-0.0202019288162572	2.8752325480896	-316.487447148073	98.1013170530329	0	0	0	0	0	1.5	1.5	1.5	1.5	1.5	1.5
115.586198845276	-0.014764113291333	2.87226078934263	-316.651362394546	98.1463156142345	0	0	0	0	0	1.5	1.5	1.5	1.5	1.5	1.5
115.75617854946	-0.0093262977664102	2.87021334886999	-316.815164228253	98.1917254037174	0	0	0	0	0	1.5	1.5	1.5	1.5	1.5	1.5
115.926158253644	-0.00390997284952784	2.8690901042891	-316.978893888741	98.2373948140448	0	0	0	0	0	1.5	1.5	1.5	1.5	1.5	1.5
116.096137957828	0.00120710880502786	2.86886038827373	-317.142592830876	98.2831742419668	0	0	0	0	0	1.5	1.5	1.5	1.5	1.5	1.5
116.266117662013	0.00632419045958484	2.86950047228429	-317.306301160337	98.3289200798418	0	0	0	0	0	1.5	1.5	1.5	1.5	1.5	1.5
116.436097366197	0.0114412721141405	2.87101035632078	-317.470058558484	98.3744899039299	0	0	0	0	0	1.5	1.5	1.5	1.5	1.5	1.5
116.606077070381	0.0165583537686967	2.87339004038319	-317.633904247264	98.419741162888	0	0	0	0	0	1.5	1.5	1.5	1.5	1.5	1.5
116.776056774565	0.0216754354232524	2.87663952447154	-317.797876616915	98.4645310766144	0	0	0	0	0	1.5	1.5	1.5	1.5	1.5	1.5
116.946036478749	0.0265722635670323	2.88075536225281	-317.96201284339	98.5087165734451	0	0	0	0	0	1.5	1.5	1.5	1.5	1.5	1.5
117.116016182934	0.0304930027699712	2.88560533079839	-318.126346124924	98.5521632736788	0	0	0	0	0	1.5	1.5	1.5	1.5	1.5	1.5
117.285995887118	0.0344137419729102	2.89112174543387	-318.290902343211	98.5947576109765	0	0	0	0	0	1.5	1.5	1.5	1.5	1.5	1.5
117.455975591302	0.0383344811758495	2.89730460615924	-318.455704852571	98.6363886172353	0	0	0	0	0	1.5	1.5	1.5	1.5	1.5	1.5
117.625955295486	0.0422552203787882	2.90415391297452	-318.620775072709	98.6769448656519	0	0	0	0	0	1.5	1.5	1.5	1.5	1.5	1.5
117.795934999671	0.0461759595817272	2.91166966587969	-318.786132262982	98.7163144406562	0	0	0	0	0	1.5	1.5	1.5	1.5	1.5	1.5
117.965914703855	0.048395462461092	2.91980821233039	-318.951793130507	98.7543856434193	0	0	0	0	0	1.5	1.5	1.5	1.5	1.5	1.5
118.135894408039	0.046681293989934	2.92788877179856	-319.117759587573	98.7911018216612	0	0	0	0	0	1.5	1.5	1.5	1.5	1.5	1.5
118.305874112223	0.0449671255187762	2.93567795741708	-319.284012187029	98.8264999419999	0	0	0	0	0	1.5	1.5	1.5	1.5	1.5	1.5
118.475853816408	0.0432529570476184	2.94317576918596	-319.450530523772	98.8606262954908	0	0	0	0	0	1.5	1.5	1.5	1.5	1.5	1.5
118.645833520592	0.0415387885764605	2.95038220710518	-319.617295288786	98.8935274799599	0	0	0	0	0	1.5	1.5	1.5	1.5	1.5	1.5
118.815813224776	0.0398246201053025	2.95729727117475	-319.784288230626	98.9252503750435	0	0	0	0	0	1.5	1.5	1.5	1.5	1.5	1.5
118.98579292896	0.0454954239437321	2.96418363986976	-319.95149322095	98.9558359886018	0	0	0	0	0	1.5	1.5	1.5	1.5	1.5	1.5
119.155772633144	0.0614270139037383	2.97327096204774	-320.118932360605	98.9851111525022	0	0	0	0	0	1.5	1.5	1.5	1.5	1.5	1.5
119.325752337329	0.0773586038637432	2.98506633117431	-320.286667644401	99.0126363976145	0	0	0	0	0	1.5	1.5	1.5	1.5	1.5	1.5
119.495732041513	0.0932901938237521	2.99956974724947	-320.454749858186	99.0379536344921	0	0	0	0	0	1.5	1.5	1.5	1.5	1.5	1.5
119.665711745697	0.109221783783757	3.01678121027322	-320.623211786439	99.0606023654832	0	0	0	0	0	1.5	1.5	1.5	1.5	1.5	1.5
119.835691449881	0.125153373743763	3.03670072024555	-320.792064436129	99.0801197136365	0	0	0	0	0	1.5	1.5	1.5	1.5	1.5	1.5
120.005671154066	0.138754216315993	3.05922173611616	-320.961292961002	99.0960439824979	0	0	0	0	0	1.5	1.5	1.5	1.5	1.5	1.5
120.17565085825	0.15035228920321	3.0837928552591	-321.130849145784	99.107974877284	0	0	0	0	0	1.5	1.5	1.5	1.5	1.5	1.5
120.345630562434	0.161950362090424	3.11033541140052	-321.30065413039	99.1155689959182	0	0	0	0	0	1.5	1.5	1.5	1.5	1.5	1.5
120.515610266618	0.173548434977639	3.13884940454042	-321.470603037421	99.1184863762688	0	0	0	0	0	1.5	1.5	1.5	1.5	1.5	1.5
120.685589970802	0.185146507864855	3.1693348346788	-321.640563227931	99.1163897808879	0	0	0	0	0	1.5	1.5	1.5	1.5	1.5	1.5
120.855569674987	0.196744580752069	3.20179170181564	-321.81037240893	99.108946302717	0	0	0	0	0	1.5	1.5	1.5	1.5	1.5	1.5
121.025549379171	0.201063151425591	3.23581730228863	-321.97983814397	99.0958440522449	0	0	0	0	0	1.5	1.5	1.5	1.5	1.5	1.5
121.195529083355	0.20147754104239	3.27002917620254	-322.148757401651	99.0769610926606	0	0	0	0	0	1.5	1.5	1.5	1.5	1.5	1.5
121.365508787539	0.20189193065919	3.30431148794094	-322.316931015536	99.0523053477866	0	0	0	0	0	1.5	1.5	1.5	1.5	1.5	1.5
121.535488491724	0.20230632027599	3.33866423750381	-322.484159618805	99.02189395565	0	0	0	0	0	1.5	1.5	1.5	1.5	1.5	1.5
121.705468195908	0.20272070989279	3.37308742489116	-322.65024374178	98.9857510316494	0	0	0	0	0	1.5	1.5	1.5	1.5	1.5	1.5
121.875447900092	0.203135099509589	3.40758105010299	-322.814984057452	98.9439077100204	0	0	0	0	0	1.5	1.5	1.5	1.5	1.5	1.5
122.045427604276	0.233743005390827	3.44411851934029	-322.978156672628	98.8963198937044	0	0	0	0	0	1.5	1.5	1.5	1.5	1.5	1.5
122.215407308461	0.273419896925529	3.48722221939476	-323.139305967544	98.842287222191	0	0	0	0	0	1.5	1.5	1.5	1.5	1.5	1.5
122.385387012645	0.313096788460235	3.53707018573525	-323.2977668039	98.7808276501035	0	0	0	0	0	1.5	1.5	1.5	1.5	1.5	1.5
122.555366716829	0.35277367999494	3.59366241836176	-323.452729307069	98.7110278638316	0	0	0	0	0	1.5	1.5	1.5	1.5	1.5	1.5
122.725346421013	0.392450571529649	3.6569989172743	-323.603225228674	98.6320695322245	0	0	0	0	0	1.5	1.5	1.5	1.5	1.5	1.5
122.895326125197	0.432127463064351	3.72707968247284	-323.748117689241	98.5432582178525	0	0	0	0	0	1.5	1.5	1.5	1.5	1.5	1.5
123.065305829382	0.408422266003795	3.79910254287329	-323.886241652317	98.4442513374864	0	0	0	0	0	1.5	1.5	1.5	1.5	1.5	1.5
123.235285533566	0.377000313892993	3.86585549176852	-324.017169326345	98.3358986005949	0	0	0	0	0	1.5	1.5	1.5	1.5	1.5	1.5
123.40526523775	0.345578361782184	3.92726734653908	-324.140893038967	98.2193805242774	0	0	0	0	0	1.5	1.5	1.5	1.5	1.5	1.5
123.575244941934	0.314156409671382	3.98333810718494	-324.257565918533	98.0957966708299	0	0	0	0	0	1.5	1.5	1.5	1.5	1.5	1.5
123.745224646119	0.282734457560578	4.03406777370612	-324.367478831327	97.9661585033828	0	0	0	0	0	1.5	1.5	1.5	1.5	1.5	1.5
123.915204350303	0.251139378234321	4.07945625883677	-324.471039154482	97.8313868512382	0	0	0	0	0	1.5	1.5	1.5	1.5	1.5	1.5
124.085184054487	0.19052612411174	4.11699334455535	-324.568869256149	97.6923941380045	0	0	0	0	0	1.5	1.5	1.5	1.5	1.5	1.5
124.255163758671	0.129912869989164	4.14422740726853	-324.66215008205	97.5503026276383	0	0	0	0	0	1.5	1.5	1.5	1.5	1.5	1.5
124.425143462856	0.0692996158665839	4.16115844697631	-324.752272386775	97.4061833174669	0	0	0	0	0	1.5	1.5	1.5	1.5	1.5	1.5
124.59512316704	0.00868636174399826	4.1677864636787	-324.840691715541	97.2610109643788	0	0	0	0	0	1.5	1.5	1.5	1.5	1.5	1.5
124.765102871224	-0.0519268923785823	4.16411145737568	-324.928896712153	97.1157080338193	0	0	0	0	0	1.5	1.5	1.5	1.5	1.5	1.5
124.935082575408	-0.107562351862438	4.15019122253581	-325.018379717975	96.9711901529205	0	0	0	0	0	1.5	1.5	1.5	1.5	1.5	1.5
125.105062279592	-0.131737587639323	4.1298531560719	-325.110394135263	96.8282725184453	0	0	0	0	0	1.5	1.5	1.5	1.5	1.5	1.5
125.275041983777	-0.155912823416211	4.10540579018206	-325.205584800425	96.687452074625	0	0	0	0	0	1.5	1.5	1.5	1.5	1.5	1.5
125.445021687961	-0.180088059193095	4.07684912486627	-325.30447272975	96.5492047847493	0	0	0	0	0	1.5	1.5	1.5	1.5	1.5	1.5
125.615001392145	-0.204263294969981	4.04418316012455	-325.40754452087	96.4140502957803	0	0	0	0	0	1.5	1.5	1.5	1.5	1.5	1.5
125.784981096329	-0.228438530746866	4.00740789595689	-325.515244613957	96.2825568246415	0	0	0	0	0	1.5	1.5	1.5	1.5	1.5	1.5
125.954960800514	-0.232656509977051	3.96694831114519	-325.62796217943	96.1553410157077	0	0	0	0	0	1.5	1.5	1.5	1.5	1.5	1.5
126.124940504698	-0.177178861506604	3.93211646354068	-325.745506892066	96.0325671761287	0	0	0	0	0	1.5	1.5	1.5	1.5	1.5	1.5
126.294920208882	-0.121701213036153	3.90671469021201	-325.866698165771	95.9133857267702	0	0	0	0	0	1.5	1.5	1.5	1.5	1.5	1.5
126.464899913066	-0.0662235645657014	3.89074299115918	-325.99033081763	95.7967347539578	0	0	0	0	0	1.5	1.5	1.5	1.5	1.5	1.5
126.634879617251	-0.0107459160952454	3.8842013663822	-326.115269814385	95.6814818133401	0	0	0	0	0	1.5	1.5	1.5	1.5	1.5	1.5
126.804859321435	0.0447317323752013	3.88708981588106	-326.240419301784	95.5664571117255	0	0	0	0	0	1.5	1.5	1.5	1.5	1.5	1.5
126.974839025619	0.050673929651366	3.8978135328037	-326.364713326148	95.4505097752061	0	0	0	0	0	1.5	1.5	1.5	1.5	1.5	1.5
127.144818729803	-0.0246133341408772	3.90002841896157	-326.488108516097	95.3336050766343	0	0	0	0	0	1.5	1.5	1.5	1.5	1.5	1.5
127.314798433987	-0.0999005979331392	3.88944599829119	-326.611991173766	95.2172181755094	0	0	0	0	0	1.5	1.5	1.5	1.5	1.5	1.5
127.484778138172	-0.175187861725382	3.86606627079256	-326.737829970491	95.102953682263	0	0	0	0	0	1.5	1.5	1.5	1.5	1.5	1.5
127.654757842356	-0.250475125517632	3.82988923646569	-326.867010982171	94.9924900755788	0	0	0	0	0	1.5	1.5	1.5	1.5	1.5	1.5
127.82473754654	-0.325762389309887	3.78091489531057	-327.00077049667	94.8876296396084	0	0	0	0	0	1.5	1.5	1.5	1.5	1.5	1.5
127.994717250724	-0.380401122492998	3.72001741900433	-327.140106589115	94.7903179913237	0	0	0	0	0	1.5	1.5	1.5	1.5	1.5	1.5
128.164696954909	-0.414236085032785	3.65248132026983	-327.285421261586	94.7021944186761	0	0	0	0	0	1.5	1.5	1.5	1.5	1.5	1.5
128.334676659093	-0.448071047572573	3.57919396461173	-327.436570566829	94.6245152310527	0	0	0	0	0	1.5	1.5	1.5	1.5	1.5	1.5
128.504656363277	-0.481906010112367	3.50015535203002	-327.593186532996	94.5585644974029	0	0	0	0	0	1.5	1.5	1.5	1.5	1.5	1.5
128.674636067461	-0.51574097265216	3.41536548252471	-327.754667274775	94.5056517150087	0	0	0	0	0	1.5	1.5	1.5	1.5	1.5	1.5
128.844615771645	-0.549575935191948	3.32482435609582	-327.920153636616	94.4670819097697	0	0	0	0	0	1.5	1.5	1.5	1.5	1.5	1.5
129.01459547583	-0.519833244569035	3.23195650852523	-328.088496026293	94.4439957212116	0	0	0	0	0	1.5	1.5	1.5	1.5	1.5	1.5
129.184575180014	-0.453351249926807	3.14924570227969	-328.258231000862	94.4358308442139	0	0	0	0	0	1.5	1.5	1.5	1.5	1.5	1.5
129.354554884198	-0.386869255284579	3.077835485817	-328.428103149717	94.4407574733267	0	0	0	0	0	1.5	1.5	1.5	1.5	1.5	1.5
129.524534588382	-0.320387260642361	3.01772585913719	-328.597294873207	94.4568371756995	0	0	0	0	0	1.5	1.5	1.5	1.5	1.5	1.5
129.694514292567	-0.253905266000144	2.96891682224024	-328.765369126069	94.4821038461519	0	0	0	0	0	1.5	1.5	1.5	1.5	1.5	1.5
129.864493996751	-0.187423271357916	2.93140837512615	-328.932203511264	94.5145999282308	0	0	0	0	0	1.5	1.5	1.5	1.5	1.5	1.5
130.034473700935	-0.165175698537937	2.9023927381947	-329.097895678805	94.5525103913032	0	0	0	0	0	1.5	1.5	1.5	1.5	1.5	1.5
130.204453405119	-0.157921390436022	2.87493276439142	-329.262457663393	94.5950619773755	0	0	0	0	0	1.5	1.5	1.5	1.5	1.5	1.5
130.374433109304	-0.150667082334108	2.84870587573335	-329.425818719556	94.6420152409981	0	0	0	0	0	1.5	1.5	1.5	1.5	1.5	1.5
130.544412813488	-0.143412774232192	2.82371207222051	-329.587924273949	94.6931365177507	0	0	0	0	0	1.5	1.5	1.5	1.5	1.5	1.5
130.714392517672	-0.136158466130276	2.7999513538529	-329.748735994597	94.748194041753	0	0	0	0	0	1.5	1.5	1.5	1.5	1.5	1.5
130.884372221856	-0.128904158028362	2.77742372063051	-329.908230879603	94.8069584827649	0	0	0	0	0	1.5	1.5	1.5	1.5	1.5	1.5
131.05435192604	-0.147511020705217	2.75422851796725	-330.066365672932	94.8692898143465	0	0	0	0	0	1.5	1.5	1.5	1.5	1.5	1.5
131.224331630225	-0.170162844200222	2.72722946317541	-330.22288664001	94.9355659866425	0	0	0	0	0	1.5	1.5	1.5	1.5	1.5	1.5
131.394311334409	-0.192814667695231	2.69638005812665	-330.377423983947	95.0063403973567	0	0	0	0	0	1.5	1.5	1.5	1.5	1.5	1.5
131.564291038593	-0.215466491190236	2.66168030282098	-330.529557549247	95.0821399920019	0	0	0	0	0	1.5	1.5	1.5	1.5	1.5	1.5
131.734270742777	-0.238118314685244	2.62313019725839	-330.678811802899	95.1634584338745	0	0	0	0	0	1.5	1.5	1.5	1.5	1.5	1.5
131.904250446962	-0.260770138180249	2.58072974143889	-330.824651433386	95.2507485994933	0	0	0	0	0	1.5	1.5	1.5	1.5	1.5	1.5
132.074230151146	-0.221547547639651	2.53964644024815	-330.966638876753	95.3441755757532	0	0	0	0	0	1.5	1.5	1.5	1.5	1.5	1.5
132.24420985533	-0.181233041919338	2.50541417751596	-331.105011131695	95.4428842156812	0	0	0	0	0	1.5	1.5	1.5	1.5	1.5	1.5
132.414189559514	-0.140918536199017	2.47803456254043	-331.240279782456	95.5458098449335	0	0	0	0	0	1.5	1.5	1.5	1.5	1.5	1.5
132.584169263698	-0.100604030478703	2.45750759532159	-331.373046273783	95.6519472192216	0	0	0	0	0	1.5	1.5	1.5	1.5	1.5	1.5
132.754148967883	-0.0602895247583827	2.44383327585941	-331.503979702933	95.7603404148769	0	0	0	0	0	1.5	1.5	1.5	1.5	1.5	1.5
132.924128672067	-0.0256713552340268	2.43696229879619	-331.633796038776	95.8700705592579	0	0	0	0	0	1.5	1.5	1.5	1.5	1.5	1.5
133.094108376251	-0.0412893436785495	2.43127131889962	-331.76300568939	95.9805146073517	0	0	0	0	0	1.5	1.5	1.5	1.5	1.5	1.5
133.264088080435	-0.0569073321230695	2.42292559794731	-331.891436829698	96.0918625936302	0	0	0	0	0	1.5	1.5	1.5	1.5	1.5	1.5
133.43406778462	-0.0725253205675922	2.41192513593924	-332.018784626527	96.2044474364494	0	0	0	0	0	1.5	1.5	1.5	1.5	1.5	1.5
133.604047488804	-0.0881433090121122	2.39826993287542	-332.144734511202	96.3185932955213	0	0	0	0	0	1.5	1.5	1.5	1.5	1.5	1.5
133.774027192988	-0.103761297456635	2.38195998875584	-332.268959713211	96.4346129414664	0	0	0	0	0	1.5	1.5	1.5	1.5	1.5	1.5
133.944006897172	-0.112834239492209	2.36311760535882	-332.391120017256	96.5528038807969	0	0	0	0	0	1.5	1.5	1.5	1.5	1.5	1.5
134.113986601357	-0.0986835352797613	2.3451407409661	-332.511039564605	96.6732680815568	0	0	0	0	0	1.5	1.5	1.5	1.5	1.5	1.5
134.283966305541	-0.0845328310673089	2.3295692090894	-332.628922042024	96.7957272066125	0	0	0	0	0	1.5	1.5	1.5	1.5	1.5	1.5
134.453946009725	-0.0703821268548612	2.31640300972874	-332.745033146674	96.9198678268768	0	0	0	0	0	1.5	1.5	1.5	1.5	1.5	1.5
134.623925713909	-0.0562314226424135	2.30564214288411	-332.859651092046	97.0453889302532	0	0	0	0	0	1.5	1.5	1.5	1.5	1.5	1.5
134.793905418093	-0.0420807184299659	2.29728660855551	-332.973064281446	97.1720000671064	0	0	0	0	0	1.5	1.5	1.5	1.5	1.5	1.5
134.963885122278	-0.0281171109547961	2.29133105779122	-333.085569029252	97.2994194376722	0	0	0	0	0	1.5	1.5	1.5	1.5	1.5	1.5
135.133864826462	-0.0145226065362123	2.28770711450841	-333.197463028998	97.4273756833968	0	0	0	0	0	1.5	1.5	1.5	1.5	1.5	1.5
135.303844530646	-0.000928102117628636	2.2863939610652	-333.309040875003	97.5556078156777	0	0	0	0	0	1.5	1.5	1.5	1.5	1.5	1.5
135.47382423483	0.0126664023009551	2.2873915974616	-333.420598493298	97.6838575526148	0	0	0	0	0	1.5	1.5	1.5	1.5	1.5	1.5
135.643803939015	0.0262609067195411	2.29070002369759	-333.532431932143	97.8118667523691	0	0	0	0	0	1.5	1.5	1.5	1.5	1.5	1.5
135.813783643199	0.039855411138127	2.29631923977319	-333.644835568458	97.9393753643803	0	0	0	0	0	1.5	1.5	1.5	1.5	1.5	1.5
135.983763347383	0.0488029341666647	2.30406957005747	-333.758096848405	98.0661224967617	0	0	0	0	0	1.5	1.5	1.5	1.5	1.5	1.5
136.153743051567	0.0521828762898316	2.31265233915157	-333.87239969522	98.1919310086629	0	0	0	0	0	1.5	1.5	1.5	1.5	1.5	1.5
136.323722755752	0.0555628184129991	2.32180962980793	-333.98781390715	98.3167206620867	0	0	0	0	0	1.5	1.5	1.5	1.5	1.5	1.5
136.493702459936	0.0589427605361666	2.33154144202654	-334.10440148373	98.4404146747747	0	0	0	0	0	1.5	1.5	1.5	1.5	1.5	1.5
136.66368216412	0.0623227026593335	2.34184777580741	-334.222222430813	98.5629343405318	0	0	0	0	0	1.5	1.5	1.5	1.5	1.5	1.5
136.833661868304	0.0657026447825004	2.35272863115053	-334.34133460575	98.6841989460129	0	0	0	0	0	1.5	1.5	1.5	1.5	1.5	1.5
137.003641572488	0.0529391830602615	2.36340008847052	-334.461775721795	98.8041437478265	0	0	0	0	0	1.5	1.5	1.5	1.5	1.5	1.5
137.173621276673	0.0280647452347036	2.37028460035519	-334.583284139128	98.9230079119607	0	0	0	0	0	1.5	1.5	1.5	1.5	1.5	1.5
137.343600980857	0.00319030740914986	2.37294096265652	-334.705358410902	99.0412912763794	0	0	0	0	0	1.5	1.5	1.5	1.5	1.5	1.5
137.513580685041	-0.021684130416408	2.37136917537452	-334.827496831649	99.1595084466477	0	0	0	0	0	1.5	1.5	1.5	1.5	1.5	1.5
137.683560389225	-0.0465585682419618	2.36556923850918	-334.949198533506	99.2781748441118	0	0	0	0	0	1.5	1.5	1.5	1.5	1.5	1.5
137.85354009341	-0.0714330060675197	2.3555411520605	-335.069956970063	99.3978003304763	0	0	0	0	0	1.5	1.5	1.5	1.5	1.5	1.5
138.023519797594	-0.0647383229548425	2.34313926030021	-335.18930545834	99.5188319667686	0	0	0	0	0	1.5	1.5	1.5	1.5	1.5	1.5
138.193499501778	-0.0439353283208098	2.33390310275198	-335.307319913687	99.6411654546804	0	0	0	0	0	1.5	1.5	1.5	1.5	1.5	1.5
138.363479205962	-0.0231323336867805	2.3282030320778	-335.424417743826	99.7643771395152	0	0	0	0	0	1.5	1.5	1.5	1.5	1.5	1.5
138.533458910147	-0.00232933905274782	2.32603904827765	-335.541030333429	99.888048445822	0	0	0	0	0	1.5	1.5	1.5	1.5	1.5	1.5
138.703438614331	0.0184736555812814	2.32741115135153	-335.657593961033	100.011765928498	0	0	0	0	0	1.5	1.5	1.5	1.5	1.5	1.5
138.873418318515	0.0392766502153141	2.33231934129946	-335.7745453961	100.135116660821	0	0	0	0	0	1.5	1.5	1.5	1.5	1.5	1.5
139.043398022699	0.0573918944087202	2.34057826253273	-335.892311375236	100.257689533582	0	0	0	0	0	1.5	1.5	1.5	1.5	1.5	1.5
139.213377726883	0.0748825157690136	2.35182024508931	-336.011267121827	100.379107512219	0	0	0	0	0	1.5	1.5	1.5	1.5	1.5	1.5
139.383357431068	0.0923731371293041	2.36603527829071	-336.1317582802	100.499001188901	0	0	0	0	0	1.5	1.5	1.5	1.5	1.5	1.5
139.553337135252	0.109863758489598	2.38322336213693	-336.254116550188	100.61698780648	0	0	0	0	0	1.5	1.5	1.5	1.5	1.5	1.5
139.723316839436	0.127354379849888	2.40338449662796	-336.378656134761	100.732668456041	0	0	0	0	0	1.5	1.5	1.5	1.5	1.5	1.5
139.89329654362	0.144845001210182	2.42651868176383	-336.505669878016	100.845625615698	0	0	0	0	0	1.5	1.5	1.5	1.5	1.5	1.5
140.063276247805	0.119279060060831	2.44922524422111	-336.635310298707	100.955558399498	0	0	0	0	0	1.5	1.5	1.5	1.5	1.5	1.5
140.233255951989	0.0904377006553604	2.46704904069562	-336.767153852353	101.062841256119	0	0	0	0	0	1.5	1.5	1.5	1.5	1.5	1.5
140.403235656173	0.0615963412498943	2.47997039143011	-336.90063181476	101.168085402853	0	0	0	0	0	1.5	1.5	1.5	1.5	1.5	1.5
140.573215360357	0.0327549818444234	2.4879892964246	-337.035204936163	101.271926719488	0	0	0	0	0	1.5	1.5	1.5	1.5	1.5	1.5
140.743195064542	0.00391362243895244	2.49110575567906	-337.170354431579	101.375017404684	0	0	0	0	0	1.5	1.5	1.5	1.5	1.5	1.5
140.913174768726	-0.0210153714074348	2.48933491799993	-337.305572537238	101.478018157635	0	0	0	0	0	1.5	1.5	1.5	1.5	1.5	1.5
141.08315447291	0.0360184198758322	2.49061002487019	-337.440640435671	101.581215807613	0	0	0	0	0	1.5	1.5	1.5	1.5	1.5	1.5
141.253134177094	0.0930522111591087	2.50157971871128	-337.576336944721	101.683584082778	0	0	0	0	0	1.5	1.5	1.5	1.5	1.5	1.5
141.423113881278	0.150086002442385	2.52224399952321	-337.713633815396	101.783792052709	0	0	0	0	0	1.5	1.5	1.5	1.5	1.5	1.5
141.593093585463	0.207119793725652	2.55260286730598	-337.853439312943	101.880463143789	0	0	0	0	0	1.5	1.5	1.5	1.5	1.5	1.5
141.763073289647	0.264153585008919	2.59265632205958	-337.996556820209	101.97215072565	0	0	0	0	0	1.5	1.5	1.5	1.5	1.5	1.5
141.933052993831	0.312722901411082	2.64228664472265	-338.143639680294	102.057319843488	0	0	0	0	0	1.5	1.5	1.5	1.5	1.5	1.5
142.103032698015	0.318029331509416	2.69589418370535	-338.294971156236	102.134682402356	0	0	0	0	0	1.5	1.5	1.5	1.5	1.5	1.5
142.2730124022	0.323335761607747	2.75040370810641	-338.450261004846	102.203754895327	0	0	0	0	0	1.5	1.5	1.5	1.5	1.5	1.5
142.442992106384	0.328642191706078	2.80581521792587	-338.609110066444	102.264192328442	0	0	0	0	0	1.5	1.5	1.5	1.5	1.5	1.5
142.612971810568	0.33394862180441	2.86212871316372	-338.771085089178	102.315666177263	0	0	0	0	0	1.5	1.5	1.5	1.5	1.5	1.5
142.782951514752	0.339255051902743	2.91934419381997	-338.935718838721	102.357867446304	0	0	0	0	0	1.5	1.5	1.5	1.5	1.5	1.5
142.952931218936	0.345896071744654	2.9774941278735	-339.102510540749	102.390509318883	0	0	0	0	0	1.5	1.5	1.5	1.5	1.5	1.5
143.122910923121	0.355864878805414	3.03713668726477	-339.270931965588	102.41328560981	0	0	0	0	0	1.5	1.5	1.5	1.5	1.5	1.5
143.292890627305	0.365833685866174	3.09847374153129	-339.44042080155	102.425838569164	0	0	0	0	0	1.5	1.5	1.5	1.5	1.5	1.5
143.462870331489	0.375802492926935	3.16150529067308	-339.610360647674	102.427834494769	0	0	0	0	0	1.5	1.5	1.5	1.5	1.5	1.5
143.632850035673	0.385771299987697	3.22623133469013	-339.780079771484	102.418978257862	0	0	0	0	0	1.5	1.5	1.5	1.5	1.5	1.5
143.802829739858	0.395740107048457	3.29265187358243	-339.94885226271	102.399020171573	0	0	0	0	0	1.5	1.5	1.5	1.5	1.5	1.5
143.972809444042	0.382573044254164	3.35998899115476	-340.115903614431	102.367780174677	0	0	0	0	0	1.5	1.5	1.5	1.5	1.5	1.5
144.142789148226	0.334062044994746	3.42089570139404	-340.280593052746	102.32580928914	0	0	0	0	0	1.5	1.5	1.5	1.5	1.5	1.5
144.31276885241	0.285551045735318	3.47355652632953	-340.442641389733	102.274557390649	0	0	0	0	0	1.5	1.5	1.5	1.5	1.5	1.5
144.482748556595	0.237040046475899	3.51797146596122	-340.602017511664	102.215501489811	0	0	0	0	0	1.5	1.5	1.5	1.5	1.5	1.5
144.652728260779	0.188529047216472	3.55414052028911	-340.758889789374	102.150071864265	0	0	0	0	0	1.5	1.5	1.5	1.5	1.5	1.5
144.822707964963	0.140018047957053	3.5820636893132	-340.913588524527	102.079647996437	0	0	0	0	0	1.5	1.5	1.5	1.5	1.5	1.5
144.992687669147	0.125423278887265	3.60319884014316	-341.066551512535	102.005523883374	0	0	0	0	0	1.5	1.5	1.5	1.5	1.5	1.5
145.162667373331	0.143972393048855	3.62609473845526	-341.217881244761	101.928121367901	0	0	0	0	0	1.5	1.5	1.5	1.5	1.5	1.5
145.332647077516	0.162521507210448	3.65214360970544	-341.367270668127	101.847039521043	0	0	0	0	0	1.5	1.5	1.5	1.5	1.5	1.5
145.5026267817	0.181070621372037	3.68134545389368	-341.514362393323	101.761862818462	0	0	0	0	0	1.5	1.5	1.5	1.5	1.5	1.5
145.672606485884	0.19961973553363	3.71370027101998	-341.658762103082	101.672200659101	0	0	0	0	0	1.5	1.5	1.5	1.5	1.5	1.5
145.842586190068	0.218168849695219	3.74920806108436	-341.800035665078	101.577692222784	0	0	0	0	0	1.5	1.5	1.5	1.5	1.5	1.5
146.012565894253	0.210408376841546	3.78647388716578	-341.937736211516	101.478051467989	0	0	0	0	0	1.5	1.5	1.5	1.5	1.5	1.5
146.182545598437	0.18678390154072	3.82023120015762	-342.071793908768	101.373557978606	0	0	0	0	0	1.5	1.5	1.5	1.5	1.5	1.5
146.352525302621	0.16315942623989	3.84997283182632	-342.20246837741	101.264860450219	0	0	0	0	0	1.5	1.5	1.5	1.5	1.5	1.5
146.522505006805	0.139534950939065	3.87569878217187	-342.330079570671	101.15258004648	0	0	0	0	0	1.5	1.5	1.5	1.5	1.5	1.5
146.69248471099	0.115910475638235	3.89740905119428	-342.454993034174	101.037303895528	0	0	0	0	0	1.5	1.5	1.5	1.5	1.5	1.5
146.862464415174	0.0922860003374098	3.91510363889355	-342.577611989046	100.919588402767	0	0	0	0	0	1.5	1.5	1.5	1.5	1.5	1.5
147.032444119358	0.0720275250735542	3.92899435514449	-342.698363713673	100.799957065884	0	0	0	0	0	1.5	1.5	1.5	1.5	1.5	1.5
147.202423823542	0.052949255688115	3.93961611325637	-342.817641875904	100.678855671256	0	0	0	0	0	1.5	1.5	1.5	1.5	1.5	1.5
147.372403527726	0.0338709863026726	3.94699495278177	-342.935825560544	100.556685359798	0	0	0	0	0	1.5	1.5	1.5	1.5	1.5	1.5
147.542383231911	0.0147927169172334	3.95113087372068	-343.053304092202	100.43383645738	0	0	0	0	0	1.5	1.5	1.5	1.5	1.5	1.5
147.712362936095	-0.00428555246820904	3.95202387607311	-343.170473433579	100.310692464698	0	0	0	0	0	1.5	1.5	1.5	1.5	1.5	1.5
147.882342640279	-0.0233638218536514	3.94967395983906	-343.287732425871	100.187633881725	0	0	0	0	0	1.5	1.5	1.5	1.5	1.5	1.5
148.052322344463	-0.0259577298466684	3.94528209063249	-343.405437060347	100.065001618859	0	0	0	0	0	1.5	1.5	1.5	1.5	1.5	1.5
148.222302048648	-0.0258059341145724	3.94088270448868	-343.52368144318	99.9428897064103	0	0	0	0	0	1.5	1.5	1.5	1.5	1.5	1.5
148.392281752832	-0.0256541383824765	3.9365091205385	-343.64246032991	99.8212976431595	0	0	0	0	0	1.5	1.5	1.5	1.5	1.5	1.5
148.562261457016	-0.0255023426503805	3.93216133878197	-343.761768311182	99.7002246902552	0	0	0	0	0	1.5	1.5	1.5	1.5	1.5	1.5
148.7322411612	-0.0253505469182846	3.92783935921907	-343.881600007761	99.5796700580187	0	0	0	0	0	1.5	1.5	1.5	1.5	1.5	1.5
148.902220865384	-0.0251987511861887	3.92354318184981	-344.001950070693	99.4596329064923	0	0	0	0	0	1.5	1.5	1.5	1.5	1.5	1.5
149.072200569569	-0.0789828549367414	3.91480316223305	-344.122986382347	99.3402883474948	0	0	0	0	0	1.5	1.5	1.5	1.5	1.5	1.5
149.242180273753	-0.134146954836325	3.89668929122402	-344.245612712339	99.2225807033394	0	0	0	0	0	1.5	1.5	1.5	1.5	1.5	1.5
149.412159977937	-0.189311054735899	3.86919864283247	-344.370888699244	99.107701619829	0	0	0	0	0	1.5	1.5	1.5	1.5	1.5	1.5
149.582139682121	-0.244475154635473	3.8323312170584	-344.49979264883	98.9969153589756	0	0	0	0	0	1.5	1.5	1.5	1.5	1.5	1.5
149.752119386306	-0.299639254535047	3.78608701390181	-344.633183468927	98.891583328076	0	0	0	0	0	1.5	1.5	1.5	1.5	1.5	1.5
149.92209909049	-0.349328855826718	3.73050494525446	-344.771758204789	98.793182654793	0	0	0	0	0	1.5	1.5	1.5	1.5	1.5	1.5
150.092078794674	-0.339033343619112	3.67200114373776	-344.915797648788	98.7029745719933	0	0	0	0	0	1.5	1.5	1.5	1.5	1.5	1.5
150.262058498858	-0.328737831411505	3.61524737034053	-345.064794933595	98.6212117791295	0	0	0	0	0	1.5	1.5	1.5	1.5	1.5	1.5
150.432038203043	-0.318442319203898	3.56024362506278	-345.218127337413	98.5478974563482	0	0	0	0	0	1.5	1.5	1.5	1.5	1.5	1.5
150.602017907227	-0.308146806996288	3.50698990790449	-345.375202883933	98.4829856335405	0	0	0	0	0	1.5	1.5	1.5	1.5	1.5	1.5
150.771997611411	-0.297851294788682	3.45548621886568	-345.535462675931	98.4263860535675	0	0	0	0	0	1.5	1.5	1.5	1.5	1.5	1.5
150.941977315595	-0.286475229182532	3.40575225652998	-345.69838259535	98.3779686844822	0	0	0	0	0	1.5	1.5	1.5	1.5	1.5	1.5
151.111957019779	-0.271142107000141	3.35836044160381	-345.863464921827	98.3375271505761	0	0	0	0	0	1.5	1.5	1.5	1.5	1.5	1.5
151.281936723964	-0.255808984817749	3.31357494625043	-346.030236853904	98.3047339619866	0	0	0	0	0	1.5	1.5	1.5	1.5	1.5	1.5
151.451916428148	-0.24047586263536	3.27139577046983	-346.198278214	98.2792208768863	0	0	0	0	0	1.5	1.5	1.5	1.5	1.5	1.5
151.621896132332	-0.225142740452971	3.23182291426202	-346.3672232906	98.2605958862622	0	0	0	0	0	1.5	1.5	1.5	1.5	1.5	1.5
151.791875836516	-0.209809618270579	3.19485637762699	-346.536758674331	98.2484483303964	0	0	0	0	0	1.5	1.5	1.5	1.5	1.5	1.5
151.961855540701	-0.198831140009079	3.16037022679518	-346.706620754901	98.2423558015482	0	0	0	0	0	1.5	1.5	1.5	1.5	1.5	1.5
152.131835244885	-0.196295666020127	3.12678845799312	-346.87659214859	98.2420242254875	0	0	0	0	0	1.5	1.5	1.5	1.5	1.5	1.5
152.301814949069	-0.193760192031174	3.09363766830968	-347.046480200746	98.2473631011015	0	0	0	0	0	1.5	1.5	1.5	1.5	1.5	1.5
152.471794653253	-0.191224718042222	3.06091785774484	-347.216100514517	98.2582933967426	0	0	0	0	0	1.5	1.5	1.5	1.5	1.5	1.5
152.641774357437	-0.188689244053269	3.02862902629862	-347.385276209845	98.2747303603145	0	0	0	0	0	1.5	1.5	1.5	1.5	1.5	1.5
152.811754061622	-0.186153770064317	2.996771173971	-347.553837993377	98.2965839951071	0	0	0	0	0	1.5	1.5	1.5	1.5	1.5	1.5
152.981733765806	-0.171547370515245	2.96580933330055	-347.721626254905	98.3237477582837	0	0	0	0	0	1.5	1.5	1.5	1.5	1.5	1.5
153.15171346999	-0.142382282296468	2.93912849854075	-347.888556939724	98.3557716767074	0	0	0	0	0	1.5	1.5	1.5	1.5	1.5	1.5
153.321693174174	-0.113217194077696	2.91740513684889	-348.054665428345	98.3918262553717	0	0	0	0	0	1.5	1.5	1.5	1.5	1.5	1.5
153.491672878359	-0.0840521058589193	2.90063924822496	-348.220050659219	98.4310709678126	0	0	0	0	0	1.5	1.5	1.5	1.5	1.5	1.5
153.661652582543	-0.0548870176401474	2.88883083266897	-348.384859307637	98.4726747239135	0	0	0	0	0	1.5	1.5	1.5	1.5	1.5	1.5
153.831632286727	-0.0257219294213706	2.88197989018091	-348.549273273064	98.5158144250238	0	0	0	0	0	1.5	1.5	1.5	1.5	1.5	1.5
154.001611990911	-0.0114410736036612	2.87936671249387	-348.713491345558	98.5596950527009	0	0	0	0	0	1.5	1.5	1.5	1.5	1.5	1.5
154.171591695096	-0.00843753513870364	2.87767723247706	-348.877621169549	98.6039047103372	0	0	0	0	0	1.5	1.5	1.5	1.5	1.5	1.5
154.34157139928	-0.00543399667374604	2.87649829304003	-349.041687428847	98.6483497217259	0	0	0	0	0	1.5	1.5	1.5	1.5	1.5	1.5
154.511551103464	-0.00243045820878895	2.87582989418278	-349.205712572124	98.6929462588279	0	0	0	0	0	1.5	1.5	1.5	1.5	1.5	1.5
154.681530807648	0.000573080256168149	2.87567203590531	-349.369719280183	98.7376105563796	0	0	0	0	0	1.5	1.5	1.5	1.5	1.5	1.5
154.851510511832	0.00357661872112575	2.87602471820761	-349.533730337623	98.7822588773109	0	0	0	0	0	1.5	1.5	1.5	1.5	1.5	1.5
155.021490216017	0.0072433102398464	2.87692668264133	-349.697768899571	98.8268060216578	0	0	0	0	0	1.5	1.5	1.5	1.5	1.5	1.5
155.191469920201	0.0112116049767042	2.87849516315595	-349.861862210039	98.8711510253494	0	0	0	0	0	1.5	1.5	1.5	1.5	1.5	1.5
155.361449624385	0.015179899713562	2.88073817323607	-350.026039715169	98.9151832239315	0	0	0	0	0	1.5	1.5	1.5	1.5	1.5	1.5
155.531429328569	0.0191481944504204	2.88365571288167	-350.190330264988	98.9587916469906	0	0	0	0	0	1.5	1.5	1.5	1.5	1.5	1.5
155.701409032754	0.0231164891872789	2.88724778209276	-350.354761851134	99.0018650985167	0	0	0	0	0	1.5	1.5	1.5	1.5	1.5	1.5
155.871388736938	0.0270847839241367	2.89151438086933	-350.519361381085	99.0442921031948	0	0	0	0	0	1.5	1.5	1.5	1.5	1.5	1.5
156.041368441122	0.020914472820811	2.89576212566898	-350.684146740836	99.0859915154874	0	0	0	0	0	1.5	1.5	1.5	1.5	1.5	1.5
156.211348145306	0.0122833629550963	2.89858360482136	-350.84907926335	99.1271053039038	0	0	0	0	0	1.5	1.5	1.5	1.5	1.5	1.5
156.381327849491	0.00365225308938171	2.89993797047197	-351.014097310819	99.1678746470549	0	0	0	0	0	1.5	1.5	1.5	1.5	1.5	1.5
156.551307553675	-0.00497885677633147	2.89982522262084	-351.179140648986	99.208541540771	0	0	0	0	0	1.5	1.5	1.5	1.5	1.5	1.5
156.721287257859	-0.0136099666420446	2.89824536126794	-351.344149494399	99.2493480926206	0	0	0	0	0	1.5	1.5	1.5	1.5	1.5	1.5
156.891266962043	-0.0222410765077593	2.89519838641329	-351.509063449082	99.2905362577318	0	0	0	0	0	1.5	1.5	1.5	1.5	1.5	1.5
157.061246666227	-0.0190164749631672	2.89161625464576	-351.673832494737	99.3323002424842	0	0	0	0	0	1.5	1.5	1.5	1.5	1.5	1.5
157.231226370412	-0.0148293970690107	2.88873969898782	-351.838465719331	99.3745965928109	0	0	0	0	0	1.5	1.5	1.5	1.5	1.5	1.5
157.401206074596	-0.0106423191748542	2.88657486159172	-352.002991829339	99.4173078051068	0	0	0	0	0	1.5	1.5	1.5	1.5	1.5	1.5
157.57118577878	-0.00645524128069697	2.88512174245746	-352.167440424181	99.4603165761274	0	0	0	0	0	1.5	1.5	1.5	1.5	1.5	1.5
157.741165482964	-0.00226816338653975	2.88438034158506	-352.33184173893	99.5035057668971	0	0	0	0	0	1.5	1.5	1.5	1.5	1.5	1.5
157.911145187149	0.00185492631772401	2.88435042719898	-352.496226393843	99.5467583395547	0	0	0	0	0	1.5	1.5	1.5	1.5	1.5	1.5
158.081124891333	0.00454059468012671	2.88489398158264	-352.660623063546	99.5899652152236	0	0	0	0	0	1.5	1.5	1.5	1.5	1.5	1.5
158.251104595517	0.00722626304252987	2.88589404508007	-352.825053026907	99.6330451939518	0	0	0	0	0	1.5	1.5	1.5	1.5	1.5	1.5
158.421084299701	0.00991193140493303	2.88735061769129	-352.989535774442	99.6759231659359	0	0	0	0	0	1.5	1.5	1.5	1.5	1.5	1.5
158.591064003886	0.0125975997673357	2.88926369941628	-353.154090519913	99.7185239494614	0	0	0	0	0	1.5	1.5	1.5	1.5	1.5	1.5
158.76104370807	0.0152832681297384	2.89163329025506	-353.318736097237	99.7607722650989	0	0	0	0	0	1.5	1.5	1.5	1.5	1.5	1.5
158.931023412254	0.0183343467280524	2.89446436724369	-353.483490868229	99.8025926669486	0	0	0	0	0	1.5	1.5	1.5	1.5	1.5	1.5
159.101003116438	0.0233001350786933	2.89800287569437	-353.648376719566	99.8438930989933	0	0	0	0	0	1.5	1.5	1.5	1.5	1.5	1.5
159.270982820622	0.0282659234293333	2.90238546737994	-353.81342480373	99.8845401588351	0	0	0	0	0	1.5	1.5	1.5	1.5	1.5	1.5
159.440962524807	0.0332317117799734	2.9076121423004	-353.978666220492	99.9243937435812	0	0	0	0	0	1.5	1.5	1.5	1.5	1.5	1.5
159.610942228991	0.0381975001306142	2.91368290045573	-354.144130055661	99.963313280083	0	0	0	0	0	1.5	1.5	1.5	1.5	1.5	1.5
159.780921933175	0.0431632884812543	2.92059774184595	-354.309843022458	100.001157662948	0	0	0	0	0	1.5	1.5	1.5	1.5	1.5	1.5
159.950901637359	0.0439008472241772	2.92825713532159	-354.475828769327	100.037786728978	0	0	0	0	0	1.5	1.5	1.5	1.5	1.5	1.5
160.120881341544	0.0336006383272991	2.93484397511553	-354.642077551289	100.073203359868	0	0	0	0	0	1.5	1.5	1.5	1.5	1.5	1.5
160.290861045728	0.0233004294304193	2.93967998844815	-354.808526038797	100.10766992929	0	0	0	0	0	1.5	1.5	1.5	1.5	1.5	1.5
160.460840749912	0.0130002205335412	2.94276517531943	-354.975109825024	100.141477013754	0	0	0	0	0	1.5	1.5	1.5	1.5	1.5	1.5
160.630820454096	0.00270001163666141	2.94409953572939	-355.141767964203	100.1749159143	0	0	0	0	0	1.5	1.5	1.5	1.5	1.5	1.5
160.800800158281	-0.00760019726021839	2.94368306967802	-355.30844144368	100.208278326279	0	0	0	0	0	1.5	1.5	1.5	1.5	1.5	1.5
160.970779862465	-0.0184657848159377	2.94149671857141	-355.475071567463	100.241856445824	0	0	0	0	0	1.5	1.5	1.5	1.5	1.5	1.5
161.140759566649	-0.0301914537276293	2.93736134706438	-355.641595087022	100.275958878775	0	0	0	0	0	1.5	1.5	1.5	1.5	1.5	1.5
161.310739270833	-0.0419171226393227	2.93123284982438	-355.807941261273	100.310915416869	0	0	0	0	0	1.5	1.5	1.5	1.5	1.5	1.5
161.480718975017	-0.0536427915510162	2.92311122685141	-355.974033951253	100.347056241336	0	0	0	0	0	1.5	1.5	1.5	1.5	1.5	1.5
161.650698679202	-0.0653684604627078	2.91299647814546	-356.139789951481	100.384709949401	0	0	0	0	0	1.5	1.5	1.5	1.5	1.5	1.5
161.820678383386	-0.0770941293743993	2.90088860370655	-356.30511704101	100.424202988863	0	0	0	0	0	1.5	1.5	1.5	1.5	1.5	1.5
161.99065808757	-0.0604052431114086	2.88803054526249	-356.469921113228	100.465823905909	0	0	0	0	0	1.5	1.5	1.5	1.5	1.5	1.5
162.160637791754	-0.0169234187301389	2.88145839373009	-356.634297780284	100.50910559917	0	0	0	0	0	1.5	1.5	1.5	1.5	1.5	1.5
162.330617495939	0.0265584056511236	2.88227726984342	-356.798549552685	100.55286004227	0	0	0	0	0	1.5	1.5	1.5	1.5	1.5	1.5
162.500597200123	0.070040230032386	2.89048717360246	-356.962996718058	100.595872426005	0	0	0	0	0	1.5	1.5	1.5	1.5	1.5	1.5
162.670576904307	0.113522054413656	2.90608810500722	-357.127943087979	100.636923694864	0	0	0	0	0	1.5	1.5	1.5	1.5	1.5	1.5
162.840556608491	0.157003878794925	2.9290800640577	-357.293648874579	100.674784190617	0	0	0	0	0	1.5	1.5	1.5	1.5	1.5	1.5
163.010536312675	0.130294750649012	2.95569850019314	-357.460277975677	100.70834113003	0	0	0	0	0	1.5	1.5	1.5	1.5	1.5	1.5
163.18051601686	0.0625480415697627	2.97208818058084	-357.6276078744	100.738226791081	0	0	0	0	0	1.5	1.5	1.5	1.5	1.5	1.5
163.350495721044	-0.00519866750949813	2.9769622953998	-357.795247761522	100.766332049624	0	0	0	0	0	1.5	1.5	1.5	1.5	1.5	1.5
163.520475425228	-0.072945376588759	2.97032084465001	-357.962862605351	100.794585411158	0	0	0	0	0	1.5	1.5	1.5	1.5	1.5	1.5
163.690455129412	-0.140692085668008	2.95216382833147	-358.130112263727	100.824914481567	0	0	0	0	0	1.5	1.5	1.5	1.5	1.5	1.5
163.860434833597	-0.208438794747258	2.92249124644419	-358.296585033154	100.85923345118	0	0	0	0	0	1.5	1.5	1.5	1.5	1.5	1.5
164.030414537781	-0.183106768663308	2.8872186205509	-358.461794054208	100.899183633685	0	0	0	0	0	1.5	1.5	1.5	1.5	1.5	1.5
164.200394241965	-0.126380529056162	2.86091534089333	-358.625686334007	100.944247487566	0	0	0	0	0	1.5	1.5	1.5	1.5	1.5	1.5
164.370373946149	-0.0696542894490243	2.84425437066368	-358.788575617706	100.992822264985	0	0	0	0	0	1.5	1.5	1.5	1.5	1.5	1.5
164.540353650334	-0.012928049841887	2.83723570986192	-358.950879925811	101.043322651761	0	0	0	0	0	1.5	1.5	1.5	1.5	1.5	1.5
164.710333354518	0.0437981897652598	2.83985935848807	-359.113073153632	101.09417967073	0	0	0	0	0	1.5	1.5	1.5	1.5	1.5	1.5
164.880313058702	0.100524429372407	2.85212531654213	-359.275639531108	101.143827498111	0	0	0	0	0	1.5	1.5	1.5	1.5	1.5	1.5
165.050292762886	0.0897686816105861	2.86907674848069	-359.43896244283	101.190923427263	0	0	0	0	0	1.5	1.5	1.5	1.5	1.5	1.5
165.22027246707	0.0684151932305753	2.8825207726068	-359.602985446407	101.235522961157	0	0	0	0	0	1.5	1.5	1.5	1.5	1.5	1.5
165.390252171255	0.0470617048505609	2.89233513709477	-359.7675165827	101.278212217149	0	0	0	0	0	1.5	1.5	1.5	1.5	1.5	1.5
165.560231875439	0.0257082164705465	2.89851984194461	-359.932384344086	101.319584048913	0	0	0	0	0	1.5	1.5	1.5	1.5	1.5	1.5
165.730211579623	0.00435472809053572	2.90107488715631	-360.097431538639	101.360235090199	0	0	0	0	0	1.5	1.5	1.5	1.5	1.5	1.5
165.900191283807	-0.0169987602894751	2.90000027272987	-360.262508815458	101.400763958965	0	0	0	0	0	1.5	1.5	1.5	1.5	1.5	1.5
166.070170987992	-0.0232280186585713	2.8965571982899	-360.427485125361	101.441701575087	0	0	0	0	0	1.5	1.5	1.5	1.5	1.5	1.5
166.240150692176	-0.0291669947714024	2.89210415384813	-360.592298461503	101.483290230733	0	0	0	0	0	1.5	1.5	1.5	1.5	1.5	1.5
166.41013039636	-0.0351059708842325	2.88664160400353	-360.756903516188	101.525695465312	0	0	0	0	0	1.5	1.5	1.5	1.5	1.5	1.5
166.580110100544	-0.0410449469970625	2.88016954875612	-360.92125251433	101.569082165445	0	0	0	0	0	1.5	1.5	1.5	1.5	1.5	1.5
166.750089804729	-0.0469839231098936	2.8726879881059	-361.085294718076	101.613614405595	0	0	0	0	0	1.5	1.5	1.5	1.5	1.5	1.5
166.920069508913	-0.0512042434752829	2.86421145399472	-361.248975958249	101.659455194516	0	0	0	0	0	1.5	1.5	1.5	1.5	1.5	1.5
167.090049213097	-0.0398680940857288	2.85647122949572	-361.412268983265	101.706660527006	0	0	0	0	0	1.5	1.5	1.5	1.5	1.5	1.5
167.260028917281	-0.0285319446961748	2.85065792031655	-361.575238538976	101.754971418406	0	0	0	0	0	1.5	1.5	1.5	1.5	1.5	1.5
167.430008621465	-0.0171957953066188	2.84677152645721	-361.737972005086	101.804072154924	0	0	0	0	0	1.5	1.5	1.5	1.5	1.5	1.5
167.59998832565	-0.00585964591706475	2.84481204791769	-361.900561334232	101.85364836382	0	0	0	0	0	1.5	1.5	1.5	1.5	1.5	1.5
167.769968029834	0.00547650347249121	2.844779484698	-362.063101229795	101.903386498418	0	0	0	0	0	1.5	1.5	1.5	1.5	1.5	1.5
167.939947734018	0.0139942296454514	2.84662185930368	-362.225687145727	101.952973908018	0	0	0	0	0	1.5	1.5	1.5	1.5	1.5	1.5
168.109927438202	0.0123417250323308	2.84886014819644	-362.388381853331	102.002203166456	0	0	0	0	0	1.5	1.5	1.5	1.5	1.5	1.5
168.279907142387	0.0106892204192103	2.85081754484391	-362.551179486092	102.051091011303	0	0	0	0	0	1.5	1.5	1.5	1.5	1.5	1.5
168.449886846571	0.00903671580608947	2.85249404924608	-362.714065683804	102.099682982437	0	0	0	0	0	1.5	1.5	1.5	1.5	1.5	1.5
168.619866550755	0.00738421119296866	2.85388966140294	-362.877026335283	102.14802469539	0	0	0	0	0	1.5	1.5	1.5	1.5	1.5	1.5
168.789846254939	0.00573170657984813	2.85500438131451	-363.040047540045	102.196161829056	0	0	0	0	0	1.5	1.5	1.5	1.5	1.5	1.5
168.959825959123	0.00775288585800852	2.85594255857363	-363.203116126948	102.244138217846	0	0	0	0	0	1.5	1.5	1.5	1.5	1.5	1.5
169.129805663308	0.0170924612920944	2.8580541609531	-363.366252160709	102.291884667833	0	0	0	0	0	1.5	1.5	1.5	1.5	1.5	1.5
169.299785367492	0.0264320367261803	2.86175330160205	-363.529526164162	102.339156928016	0	0	0	0	0	1.5	1.5	1.5	1.5	1.5	1.5
169.469765071676	0.0357716121602646	2.8670399805205	-363.693010811785	102.38569511052	0	0	0	0	0	1.5	1.5	1.5	1.5	1.5	1.5
169.63974477586	0.045111187594349	2.87391419770844	-363.856775276774	102.431238342314	0	0	0	0	0	1.5	1.5	1.5	1.5	1.5	1.5
169.809724480045	0.0544507630284349	2.88237595316588	-364.020883982249	102.4755244589	0	0	0	0	0	1.5	1.5	1.5	1.5	1.5	1.5
169.979704184229	0.0563643140625664	2.89214041080922	-364.185393537337	102.518296792072	0	0	0	0	0	1.5	1.5	1.5	1.5	1.5	1.5
170.149683888413	0.04924938489473	2.9011165034625	-364.350302268946	102.559503782036	0	0	0	0	0	1.5	1.5	1.5	1.5	1.5	1.5
170.319663592597	0.0421344557268935	2.90888320256054	-364.515550317579	102.599328861564	0	0	0	0	0	1.5	1.5	1.5	1.5	1.5	1.5
170.489643296782	0.0350195265590558	2.91544050810334	-364.681079472442	102.637969450803	0	0	0	0	0	1.5	1.5	1.5	1.5	1.5	1.5
170.659623000966	0.0279045973912182	2.9207884200909	-364.846835805063	102.675624053572	0	0	0	0	0	1.5	1.5	1.5	1.5	1.5	1.5
170.82960270515	0.0207896682233817	2.92492693852322	-365.012768955623	102.712492035381	0	0	0	0	0	1.5	1.5	1.5	1.5	1.5	1.5
170.999582409334	0.00950707716300839	2.9276543157111	-365.178830030212	102.748779785038	0	0	0	0	0	1.5	1.5	1.5	1.5	1.5	1.5
171.169562113518	-0.00492502734926968	2.92804374344705	-365.344948985496	102.784801888297	0	0	0	0	0	1.5	1.5	1.5	1.5	1.5	1.5
171.339541817703	-0.0193571318615477	2.92598000632725	-365.511037698077	102.820963039989	0	0	0	0	0	1.5	1.5	1.5	1.5	1.5	1.5
171.509521521887	-0.0337892363738234	2.92146310435169	-365.677006418438	102.857670455189	0	0	0	0	0	1.5	1.5	1.5	1.5	1.5	1.5
171.679501226071	-0.0482213408860991	2.91449303752038	-365.842761379427	102.895330454228	0	0	0	0	0	1.5	1.5	1.5	1.5	1.5	1.5
171.849480930255	-0.0626534453983771	2.90506980583332	-366.008201812757	102.934347742842	0	0	0	0	0	1.5	1.5	1.5	1.5	1.5	1.5
172.01946063444	-0.0642038255257955	2.89394483514034	-366.173224101694	102.975096264442	0	0	0	0	0	1.5	1.5	1.5	1.5	1.5	1.5
172.189440338624	-0.0598674566924266	2.88340003521573	-366.337792665119	103.017640594504	0	0	0	0	0	1.5	1.5	1.5	1.5	1.5	1.5
172.359420042808	-0.0555310878590577	2.87359232998266	-366.501919875793	103.061857411722	0	0	0	0	0	1.5	1.5	1.5	1.5	1.5	1.5
172.529399746992	-0.0511947190256881	2.86452171944111	-366.665622506437	103.107621485328	0	0	0	0	0	1.5	1.5	1.5	1.5	1.5	1.5
172.699379451177	-0.0468583501923184	2.8561882035911	-366.828920789307	103.15480838406	0	0	0	0	0	1.5	1.5	1.5	1.5	1.5	1.5
172.869359155361	-0.0425219813589495	2.84859178243261	-366.991838133843	103.203294461662	0	0	0	0	0	1.5	1.5	1.5	1.5	1.5	1.5
173.039338859545	-0.0608610393858538	2.84018180543922	-367.1543800232	103.253024387787	0	0	0	0	0	1.5	1.5	1.5	1.5	1.5	1.5
173.209318563729	-0.0847061692426867	2.82781006990841	-367.316397892101	103.304433927785	0	0	0	0	0	1.5	1.5	1.5	1.5	1.5	1.5
173.379298267913	-0.10855129909952	2.81138514625831	-367.477657997032	103.358170583602	0	0	0	0	0	1.5	1.5	1.5	1.5	1.5	1.5
173.549277972098	-0.132396428956348	2.79090703448891	-367.637898186335	103.41487306345	0	0	0	0	0	1.5	1.5	1.5	1.5	1.5	1.5
173.719257676282	-0.156241558813177	2.76637573460022	-367.796820626693	103.475166580538	0	0	0	0	0	1.5	1.5	1.5	1.5	1.5	1.5
173.889237380466	-0.18008668867001	2.73779124659222	-367.95408453336	103.539658406181	0	0	0	0	0	1.5	1.5	1.5	1.5	1.5	1.5
174.05921708465	-0.20568853184465	2.70501617492177	-368.109296325819	103.608939084234	0	0	0	0	0	1.5	1.5	1.5	1.5	1.5	1.5
174.229196788835	-0.231442619008207	2.66786446306593	-368.261989554559	103.683602018865	0	0	0	0	0	1.5	1.5	1.5	1.5	1.5	1.5
174.399176493019	-0.257196706171768	2.62633507909249	-368.41162596792	103.764211512505	0	0	0	0	0	1.5	1.5	1.5	1.5	1.5	1.5
174.569156197203	-0.282950793335325	2.58042802300146	-368.557594096324	103.851282349547	0	0	0	0	0	1.5	1.5	1.5	1.5	1.5	1.5
174.739135901387	-0.308704880498886	2.53014329479283	-368.699204809672	103.945268610763	0	0	0	0	0	1.5	1.5	1.5	1.5	1.5	1.5
174.909115605571	-0.332800439281164	2.47548744539121	-368.835688473933	104.046550963628	0	0	0	0	0	1.5	1.5	1.5	1.5	1.5	1.5
175.079095309756	-0.322867506162793	2.41976232368638	-368.966322103607	104.155272987644	0	0	0	0	0	1.5	1.5	1.5	1.5	1.5	1.5
175.24907501394	-0.312934573044423	2.36572559901471	-369.090796244895	104.270997911402	0	0	0	0	0	1.5	1.5	1.5	1.5	1.5	1.5
175.419054718124	-0.303001639926054	2.31337727137618	-369.208942417083	104.393178041644	0	0	0	0	0	1.5	1.5	1.5	1.5	1.5	1.5
175.589034422308	-0.293068706807683	2.26271734077078	-369.32064273227	104.521279409693	0	0	0	0	0	1.5	1.5	1.5	1.5	1.5	1.5
175.759014126493	-0.283135773689312	2.21374580719852	-369.425826390908	104.654784929522	0	0	0	0	0	1.5	1.5	1.5	1.5	1.5	1.5
175.928993830677	-0.271933022697401	2.16648002486107	-369.524466271709	104.793196967242	0	0	0	0	0	1.5	1.5	1.5	1.5	1.5	1.5
176.098973534861	-0.254103395652722	2.12177226747043	-369.616625030322	104.936008207731	0	0	0	0	0	1.5	1.5	1.5	1.5	1.5	1.5
176.268953239045	-0.23627376860804	2.08009518481056	-369.702532329271	105.082667177689	0	0	0	0	0	1.5	1.5	1.5	1.5	1.5	1.5
176.43893294323	-0.218444141563358	2.04144877688145	-369.782482668972	105.232658666553	0	0	0	0	0	1.5	1.5	1.5	1.5	1.5	1.5
176.608912647414	-0.200614514518679	2.00583304368312	-369.856810532877	105.385516162438	0	0	0	0	0	1.5	1.5	1.5	1.5	1.5	1.5
176.778892351598	-0.182784887474	1.97324798521556	-369.925884289441	105.540820248625	0	0	0	0	0	1.5	1.5	1.5	1.5	1.5	1.5
176.948872055782	-0.159221468407196	1.94382929247217	-369.99010272703	105.698195589237	0	0	0	0	0	1.5	1.5	1.5	1.5	1.5	1.5
177.118851759966	-0.120799775268506	1.92003032838952	-370.050074507213	105.857239985549	0	0	0	0	0	1.5	1.5	1.5	1.5	1.5	1.5
177.288831464151	-0.0823780821298218	1.90276227234085	-370.106768768768	106.017483989736	0	0	0	0	0	1.5	1.5	1.5	1.5	1.5	1.5
177.458811168335	-0.043956388991138	1.89202512432614	-370.161214127802	106.178507352705	0	0	0	0	0	1.5	1.5	1.5	1.5	1.5	1.5
177.628790872519	-0.00553469585244784	1.88781888434541	-370.214455077646	106.339933672689	0	0	0	0	0	1.5	1.5	1.5	1.5	1.5	1.5
177.798770576703	0.0328869972862423	1.89014355239865	-370.267544163535	106.501410092239	0	0	0	0	0	1.5	1.5	1.5	1.5	1.5	1.5
177.968750280888	0.0583696353749827	1.89856390142105	-370.321525680949	106.662589859676	0	0	0	0	0	1.5	1.5	1.5	1.5	1.5	1.5
178.138729985072	0.0640982136515724	1.90897242579586	-370.377070783822	106.823237239032	0	0	0	0	0	1.5	1.5	1.5	1.5	1.5	1.5
178.308709689256	0.0698267919281632	1.92035469221151	-370.434362821288	106.983269767917	0	0	0	0	0	1.5	1.5	1.5	1.5	1.5	1.5
178.47868939344	0.0755553702047539	1.93271070066802	-370.493550169725	107.142610879965	0	0	0	0	0	1.5	1.5	1.5	1.5	1.5	1.5
178.648669097625	0.0812839484813437	1.94604045116538	-370.554778915691	107.301178571033	0	0	0	0	0	1.5	1.5	1.5	1.5	1.5	1.5
178.818648801809	0.0870125267579335	1.96034394370359	-370.61819254646	107.458885002828	0	0	0	0	0	1.5	1.5	1.5	1.5	1.5	1.5
178.988628505993	0.0956396217804806	1.97574769277954	-370.683934999544	107.615634677561	0	0	0	0	0	1.5	1.5	1.5	1.5	1.5	1.5
179.158608210177	0.107012088336348	1.99297103164858	-370.7522195935	107.771293277305	0	0	0	0	0	1.5	1.5	1.5	1.5	1.5	1.5
179.328587914361	0.118384554892214	2.01212745901864	-370.82332393826	107.925683653559	0	0	0	0	0	1.5	1.5	1.5	1.5	1.5	1.5
179.498567618546	0.129757021448079	2.0332169748897	-370.897520230163	108.07861154204	0	0	0	0	0	1.5	1.5	1.5	1.5	1.5	1.5
179.66854732273	0.141129488003947	2.05623957926178	-370.975070913326	108.229865352039	0	0	0	0	0	1.5	1.5	1.5	1.5	1.5	1.5
179.838527026914	0.152501954559814	2.08119527213487	-371.056227071613	108.379214868838	0	0	0	0	0	1.5	1.5	1.5	1.5	1.5	1.5
180.008506731098	0.161929710748354	2.10797987628464	-371.141223444955	108.526411971728	0	0	0	0	0	1.5	1.5	1.5	1.5	1.5	1.5
180.178486435283	0.170216829342615	2.13620896159987	-371.230237745759	108.671214027517	0	0	0	0	0	1.5	1.5	1.5	1.5	1.5	1.5
180.348466139467	0.178503947936877	2.16584668888231	-371.323403506088	108.813379867143	0	0	0	0	0	1.5	1.5	1.5	1.5	1.5	1.5
180.518445843651	0.186791066531139	2.19689305813193	-371.420838977497	108.952653367702	0	0	0	0	0	1.5	1.5	1.5	1.5	1.5	1.5
180.688425547835	0.195078185125399	2.22934806934875	-371.522646247728	109.088763041911	0	0	0	0	0	1.5	1.5	1.5	1.5	1.5	1.5
180.85840525202	0.203365303719661	2.26321172253276	-371.628909617632	109.221422135031	0	0	0	0	0	1.5	1.5	1.5	1.5	1.5	1.5
181.028384956204	0.237576807996529	2.30012169693169	-371.739745678983	109.350283318627	0	0	0	0	0	1.5	1.5	1.5	1.5	1.5	1.5
181.198364660388	0.280742215879168	2.34417355410742	-371.855693037862	109.474559766643	0	0	0	0	0	1.5	1.5	1.5	1.5	1.5	1.5
181.368344364572	0.323907623761801	2.39556265454602	-371.977433129382	109.593160314061	0	0	0	0	0	1.5	1.5	1.5	1.5	1.5	1.5
181.538324068756	0.36707303164444	2.45428899824751	-372.105511013478	109.704878040487	0	0	0	0	0	1.5	1.5	1.5	1.5	1.5	1.5
181.708303772941	0.410238439527072	2.52035258521188	-372.240300624332	109.808388192623	0	0	0	0	0	1.5	1.5	1.5	1.5	1.5	1.5
181.878283477125	0.453403847409712	2.59375341543914	-372.381968756648	109.902251220782	0	0	0	0	0	1.5	1.5	1.5	1.5	1.5	1.5
182.048263181309	0.442465996882198	2.67048755691227	-372.530343847389	109.98509886882	0	0	0	0	0	1.5	1.5	1.5	1.5	1.5	1.5
182.218242885493	0.423497703975605	2.74408568376532	-372.684527430052	110.056565522183	0	0	0	0	0	1.5	1.5	1.5	1.5	1.5	1.5
182.388222589678	0.404529411069014	2.81445958580121	-372.843454928099	110.116758772311	0	0	0	0	0	1.5	1.5	1.5	1.5	1.5	1.5
182.558202293862	0.385561118162421	2.88160926301998	-373.006145595544	110.165891154734	0	0	0	0	0	1.5	1.5	1.5	1.5	1.5	1.5
182.728181998046	0.366592825255831	2.94553471542159	-373.171707623392	110.204264015927	0	0	0	0	0	1.5	1.5	1.5	1.5	1.5	1.5
182.89816170223	0.347363400124826	3.00623578554334	-373.339340721231	110.232252822557	0	0	0	0	0	1.5	1.5	1.5	1.5	1.5	1.5
183.068141406414	0.291589820149283	3.06054032522821	-373.508319989566	110.250473781952	0	0	0	0	0	1.5	1.5	1.5	1.5	1.5	1.5
183.238121110599	0.235816240173741	3.10536448828754	-373.678001125654	110.260300832736	0	0	0	0	0	1.5	1.5	1.5	1.5	1.5	1.5
183.408100814783	0.18004266019819	3.14070827472135	-373.847945148058	110.263320414053	0	0	0	0	0	1.5	1.5	1.5	1.5	1.5	1.5
183.578080518967	0.124269080222638	3.16657168452961	-374.017906098512	110.261138443224	0	0	0	0	0	1.5	1.5	1.5	1.5	1.5	1.5
183.748060223151	0.0684955002470958	3.18295471771233	-374.187785881055	110.255367007918	0	0	0	0	0	1.5	1.5	1.5	1.5	1.5	1.5
183.918039927336	0.0250650954765602	3.18998580206513	-374.357588474174	110.247617163927	0	0	0	0	0	1.5	1.5	1.5	1.5	1.5	1.5
184.08801963152	0.0701150301126404	3.19807514686106	-374.527339714162	110.238816229508	0	0	0	0	0	1.5	1.5	1.5	1.5	1.5	1.5
184.257999335704	0.115164964748721	3.21382206621996	-374.696972720082	110.227992932972	0	0	0	0	0	1.5	1.5	1.5	1.5	1.5	1.5
184.427979039888	0.160214899384793	3.23722656014181	-374.866359248571	110.213851413477	0	0	0	0	0	1.5	1.5	1.5	1.5	1.5	1.5
184.597958744073	0.205264834020866	3.26828862862662	-375.035294959859	110.195103083486	0	0	0	0	0	1.5	1.5	1.5	1.5	1.5	1.5
184.767938448257	0.250314768656947	3.3070082716744	-375.20347009584	110.170473597849	0	0	0	0	0	1.5	1.5	1.5	1.5	1.5	1.5
184.937918152441	0.279080812565032	3.35306064167471	-375.370441757398	110.138718063829	0	0	0	0	0	1.5	1.5	1.5	1.5	1.5	1.5
185.107897856625	0.254755625847929	3.3984313216168	-375.535755126931	110.099225875042	0	0	0	0	0	1.5	1.5	1.5	1.5	1.5	1.5
185.277877560809	0.230430439130826	3.4396672135165	-375.699206356827	110.052613637628	0	0	0	0	0	1.5	1.5	1.5	1.5	1.5	1.5
185.447857264994	0.206105252413718	3.4767683173738	-375.860709136939	109.999635934232	0	0	0	0	0	1.5	1.5	1.5	1.5	1.5	1.5
185.617836969178	0.181780065696611	3.5097346331887	-376.020259116366	109.941033147529	0	0	0	0	0	1.5	1.5	1.5	1.5	1.5	1.5
185.787816673362	0.157454878979508	3.5385661609612	-376.177924141134	109.877528520115	0	0	0	0	0	1.5	1.5	1.5	1.5	1.5	1.5
185.957796377546	0.137634244490985	3.56340114472928	-376.33383354212	109.809824164882	0	0	0	0	0	1.5	1.5	1.5	1.5	1.5	1.5
186.127776081731	0.125783579860357	3.58578898665933	-376.488110628351	109.738476610263	0	0	0	0	0	1.5	1.5	1.5	1.5	1.5	1.5
186.297755785915	0.113932915229728	3.60616245612108	-376.640827660246	109.663846800893	0	0	0	0	0	1.5	1.5	1.5	1.5	1.5	1.5
186.467735490099	0.102082250599102	3.62452155311453	-376.792071334567	109.586273357574	0	0	0	0	0	1.5	1.5	1.5	1.5	1.5	1.5
186.637715194283	0.0902315859684755	3.64086627763967	-376.941946697219	109.506087123627	0	0	0	0	0	1.5	1.5	1.5	1.5	1.5	1.5
186.807694898468	0.0783809213378472	3.65519662969652	-377.090575003333	109.423611479695	0	0	0	0	0	1.5	1.5	1.5	1.5	1.5	1.5
186.977674602652	0.0648151336388013	3.66744275281518	-377.238092594063	109.339164467634	0	0	0	0	0	1.5	1.5	1.5	1.5	1.5	1.5
187.147654306836	0.0493855570515326	3.67714865262576	-377.384672452109	109.253099271689	0	0	0	0	0	1.5	1.5	1.5	1.5	1.5	1.5
187.31763401102	0.0339559804642639	3.68423183757236	-377.530524943726	109.165806491651	0	0	0	0	0	1.5	1.5	1.5	1.5	1.5	1.5
187.487613715204	0.0185264038769926	3.68869230765497	-377.675871353176	109.077673223731	0	0	0	0	0	1.5	1.5	1.5	1.5	1.5	1.5
187.657593419389	0.00309682728972133	3.69053006287358	-377.820939600654	108.989082620389	0	0	0	0	0	1.5	1.5	1.5	1.5	1.5	1.5
187.827573123573	-0.0123327492975474	3.6897451032282	-377.965961210823	108.900415655521	0	0	0	0	0	1.5	1.5	1.5	1.5	1.5	1.5
187.997552827757	-0.0258437252115164	3.68643478065459	-378.111166601293	108.812050121677	0	0	0	0	0	1.5	1.5	1.5	1.5	1.5	1.5
188.167532531941	-0.0380597029216586	3.68100363774938	-378.256758136788	108.724322512388	0	0	0	0	0	1.5	1.5	1.5	1.5	1.5	1.5
188.337512236126	-0.0502756806318028	3.67349602656667	-378.402914000985	108.637538716025	0	0	0	0	0	1.5	1.5	1.5	1.5	1.5	1.5
188.50749194031	-0.0624916583419449	3.66391194710647	-378.54980594287	108.552007225288	0	0	0	0	0	1.5	1.5	1.5	1.5	1.5	1.5
188.677471644494	-0.0747076360520891	3.65225139936878	-378.697597851232	108.468041017163	0	0	0	0	0	1.5	1.5	1.5	1.5	1.5	1.5
188.847451348678	-0.0869236137622313	3.63851438335359	-378.84644375618	108.385958486214	0	0	0	0	0	1.5	1.5	1.5	1.5	1.5	1.5
189.017431052862	-0.0936167375448899	3.62303588884383	-378.996479471307	108.306072285405	0	0	0	0	0	1.5	1.5	1.5	1.5	1.5	1.5
189.187410757047	-0.0980941112154236	3.60674241216324	-379.147766805182	108.228582910517	0	0	0	0	0	1.5	1.5	1.5	1.5	1.5	1.5
189.357390461231	-0.102571484885958	3.5896878728306	-379.300324946154	108.153626835867	0	0	0	0	0	1.5	1.5	1.5	1.5	1.5	1.5
189.527370165415	-0.107048858556492	3.57187227084593	-379.454166528407	108.081341960703	0	0	0	0	0	1.5	1.5	1.5	1.5	1.5	1.5
189.697349869599	-0.111526232227026	3.55329560620922	-379.609297696557	108.01186829958	0	0	0	0	0	1.5	1.5	1.5	1.5	1.5	1.5
189.867329573784	-0.11600360589756	3.53395787892047	-379.765717749248	107.945347877428	0	0	0	0	0	1.5	1.5	1.5	1.5	1.5	1.5
190.037309277968	-0.109547446161253	3.51463016237549	-379.923405442496	107.881890886945	0	0	0	0	0	1.5	1.5	1.5	1.5	1.5	1.5
190.207288982152	-0.100848551610338	3.49674863764412	-380.082247603349	107.821380575323	0	0	0	0	0	1.5	1.5	1.5	1.5	1.5	1.5
190.377268686336	-0.0921496570594212	3.48034574843523	-380.242103993609	107.763601803902	0	0	0	0	0	1.5	1.5	1.5	1.5	1.5	1.5
190.547248390521	-0.0834507625085059	3.46542149474884	-380.402846069233	107.70833383319	0	0	0	0	0	1.5	1.5	1.5	1.5	1.5	1.5
190.717228094705	-0.0747518679575891	3.45197587658494	-380.564356202106	107.655351369646	0	0	0	0	0	1.5	1.5	1.5	1.5	1.5	1.5
190.887207798889	-0.0660529734066738	3.44000889394354	-380.726526744126	107.604425244354	0	0	0	0	0	1.5	1.5	1.5	1.5	1.5	1.5
191.057187503073	-0.0686182694528252	3.4286116601493	-380.889273041311	107.555369868048	0	0	0	0	0	1.5	1.5	1.5	1.5	1.5	1.5
191.227167207257	-0.0717840900963496	3.41667888437783	-381.052580339979	107.508216043359	0	0	0	0	0	1.5	1.5	1.5	1.5	1.5	1.5
191.397146911442	-0.0749499107398729	3.40420798334987	-381.216450741211	107.463058353402	0	0	0	0	0	1.5	1.5	1.5	1.5	1.5	1.5
191.567126615626	-0.0781157313833963	3.39119895706543	-381.380883041817	107.419991999177	0	0	0	0	0	1.5	1.5	1.5	1.5	1.5	1.5
191.73710631981	-0.0812815520269196	3.37765180552451	-381.545872571136	107.379112748251	0	0	0	0	0	1.5	1.5	1.5	1.5	1.5	1.5
191.907086023994	-0.0866352492726312	3.36355415117583	-381.711411039705	107.340516926534	0	0	0	0	0	1.5	1.5	1.5	1.5	1.5	1.5
192.077065728179	-0.122669426329219	3.34576537775424	-381.877526420825	107.304488929365	0	0	0	0	0	1.5	1.5	1.5	1.5	1.5	1.5
192.247045432363	-0.158703603385806	3.32185152557606	-382.044355092614	107.271932582914	0	0	0	0	0	1.5	1.5	1.5	1.5	1.5	1.5
192.417025136547	-0.194737780442394	3.29181259464127	-382.211998903086	107.243888357223	0	0	0	0	0	1.5	1.5	1.5	1.5	1.5	1.5
192.587004840731	-0.230771957498988	3.25564858494987	-382.380476166551	107.221408116789	0	0	0	0	0	1.5	1.5	1.5	1.5	1.5	1.5
192.756984544916	-0.266806134555581	3.21335949650188	-382.549702034462	107.205552573266	0	0	0	0	0	1.5	1.5	1.5	1.5	1.5	1.5
192.9269642491	-0.287668271531363	3.16517578186579	-382.719468741016	107.197383225994	0	0	0	0	0	1.5	1.5	1.5	1.5	1.5	1.5
193.096943953284	-0.238809135444971	3.12043054491704	-382.889434234471	107.197295116173	0	0	0	0	0	1.5	1.5	1.5	1.5	1.5	1.5
193.266923657468	-0.18994999935857	3.08399036946694	-383.059268062341	107.204104733662	0	0	0	0	0	1.5	1.5	1.5	1.5	1.5	1.5
193.436903361652	-0.141090863272169	3.0558552555155	-383.228797332772	107.216393657119	0	0	0	0	0	1.5	1.5	1.5	1.5	1.5	1.5
193.606883065837	-0.0922317271857766	3.03602520306274	-383.397985968354	107.232744677388	0	0	0	0	0	1.5	1.5	1.5	1.5	1.5	1.5
193.776862770021	-0.043372591099384	3.02450021210863	-383.566899312204	107.251746243798	0	0	0	0	0	1.5	1.5	1.5	1.5	1.5	1.5
193.946842474205	-0.0117813620209615	3.02084736921169	-383.735667970126	107.271999875603	0	0	0	0	0	1.5	1.5	1.5	1.5	1.5	1.5
194.116822178389	-0.0214612402476513	3.01802208536173	-383.904383766614	107.292689499137	0	0	0	0	0	1.5	1.5	1.5	1.5	1.5	1.5
194.286801882574	-0.0311411184743396	3.01355141867425	-384.073022881073	107.313994444033	0	0	0	0	0	1.5	1.5	1.5	1.5	1.5	1.5
194.456781586758	-0.0408209967010294	3.00743536914926	-384.241546736444	107.336191737388	0	0	0	0	0	1.5	1.5	1.5	1.5	1.5	1.5
194.626761290942	-0.0505008749277176	2.99967393678676	-384.409912354729	107.359557808141	0	0	0	0	0	1.5	1.5	1.5	1.5	1.5	1.5
194.796740995126	-0.0601807531544075	2.99026712158674	-384.578070997156	107.384368242354	0	0	0	0	0	1.5	1.5	1.5	1.5	1.5	1.5
194.96672069931	-0.067626151175731	2.9792944550053	-384.74596711455	107.410895628463	0	0	0	0	0	1.5	1.5	1.5	1.5	1.5	1.5
195.136700403495	-0.0719704552109887	2.96743016007593	-384.913547918421	107.439346200838	0	0	0	0	0	1.5	1.5	1.5	1.5	1.5	1.5
195.306680107679	-0.0763147592462458	2.95482742163176	-385.080768014711	107.469844672762	0	0	0	0	0	1.5	1.5	1.5	1.5	1.5	1.5
195.476659811863	-0.0806590632815035	2.9414862396728	-385.247578294963	107.502509664226	0	0	0	0	0	1.5	1.5	1.5	1.5	1.5	1.5
195.646639516047	-0.0850033673167605	2.92740661419903	-385.41392492083	107.537458520781	0	0	0	0	0	1.5	1.5	1.5	1.5	1.5	1.5
195.816619220232	-0.0893476713520183	2.91258854521046	-385.579749082415	107.574807129421	0	0	0	0	0	1.5	1.5	1.5	1.5	1.5	1.5
195.986598924416	-0.085582126304058	2.89740103447645	-385.744989449535	107.614658850423	0	0	0	0	0	1.5	1.5	1.5	1.5	1.5	1.5
196.1565786286	-0.0747781208382835	2.88377204079037	-385.909634764352	107.656903054418	0	0	0	0	0	1.5	1.5	1.5	1.5	1.5	1.5
196.326558332784	-0.0639741153725108	2.87197950875737	-386.073730156621	107.701236643319	0	0	0	0	0	1.5	1.5	1.5	1.5	1.5	1.5
196.496538036969	-0.0531701099067363	2.86202343837744	-386.237334031785	107.747352075295	0	0	0	0	0	1.5	1.5	1.5	1.5	1.5	1.5
196.666517741153	-0.0423661044409636	2.85390382965058	-386.400514672708	107.794944295128	0	0	0	0	0	1.5	1.5	1.5	1.5	1.5	1.5
196.836497445337	-0.0315620989751891	2.84762068257681	-386.563348535251	107.843710449942	0	0	0	0	0	1.5	1.5	1.5	1.5	1.5	1.5
197.006477149521	-0.0182068162647566	2.84331576531506	-386.7259201036	107.893344508844	0	0	0	0	0	1.5	1.5	1.5	1.5	1.5	1.5
197.176456853705	-0.00350066326845979	2.84147084984024	-386.888337619956	107.943480740948	0	0	0	0	0	1.5	1.5	1.5	1.5	1.5	1.5
197.34643655789	0.0112054897278346	2.84212568190141	-387.050725294539	107.99371361559	0	0	0	0	0	1.5	1.5	1.5	1.5	1.5	1.5
197.516416262074	0.0259116427241314	2.84528026149859	-387.213208288879	108.043637078747	0	0	0	0	0	1.5	1.5	1.5	1.5	1.5	1.5
197.686395966258	0.0406177957204282	2.85093458863177	-387.375909442773	108.092844366073	0	0	0	0	0	1.5	1.5	1.5	1.5	1.5	1.5
197.856375670442	0.0553239487167226	2.85908866330094	-387.538946218671	108.140927098935	0	0	0	0	0	1.5	1.5	1.5	1.5	1.5	1.5
198.026355374627	0.0447059600012727	2.86808350307398	-387.702407981963	108.18754418695	0	0	0	0	0	1.5	1.5	1.5	1.5	1.5	1.5
198.196335078811	0.0265576209848663	2.87414018428155	-387.866219074178	108.232919700118	0	0	0	0	0	1.5	1.5	1.5	1.5	1.5	1.5
198.366314782995	0.00840928196845996	2.87711201619167	-388.030233523626	108.277555319976	0	0	0	0	0	1.5	1.5	1.5	1.5	1.5	1.5
198.536294487179	-0.00973905704794336	2.87699899880435	-388.194311668264	108.321956467192	0	0	0	0	0	1.5	1.5	1.5	1.5	1.5	1.5
198.706274191364	-0.0278873960643467	2.87380113211959	-388.35831601479	108.366629156283	0	0	0	0	0	1.5	1.5	1.5	1.5	1.5	1.5
198.876253895548	-0.04603573508075	2.86751841613738	-388.522106558345	108.412078713534	0	0	0	0	0	1.5	1.5	1.5	1.5	1.5	1.5
199.046233599732	-0.0283634547587957	2.86085585039125	-388.685573789747	108.458677593189	0	0	0	0	0	1.5	1.5	1.5	1.5	1.5	1.5
199.216213303916	-0.00619684986137371	2.85791857521332	-388.848814780362	108.506063851478	0	0	0	0	0	1.5	1.5	1.5	1.5	1.5	1.5
199.3861930081	0.0159697550360482	2.85874917297863	-389.012005820622	108.553622047224	0	0	0	0	0	1.5	1.5	1.5	1.5	1.5	1.5
199.556172712285	0.0381363599334702	2.86334764368717	-389.175325218614	108.600737040487	0	0	0	0	0	1.5	1.5	1.5	1.5	1.5	1.5
199.726152416469	0.0603029648308996	2.87171398733894	-389.33894626853	108.646792254706	0	0	0	0	0	1.5	1.5	1.5	1.5	1.5	1.5
199.896132120653	0.0820556104015036	2.88384786915923	-389.503030265247	108.691167774669	0	0	0	0	0	1.5	1.5	1.5	1.5	1.5	1.5
200.066111824837	0.0607181573317538	2.89598219056151	-389.667666705061	108.733447645428	0	0	0	0	0	1.5	1.5	1.5	1.5	1.5	1.5
200.236091529022	0.039380704262004	2.90448957800295	-389.832731247947	108.774026232462	0	0	0	0	0	1.5	1.5	1.5	1.5	1.5	1.5
200.406071233206	0.0180432511922471	2.90937003148355	-389.998064054992	108.813499069598	0	0	0	0	0	1.5	1.5	1.5	1.5	1.5	1.5
200.57605093739	-0.00329420187750271	2.91062355100331	-390.163517300279	108.852464684532	0	0	0	0	0	1.5	1.5	1.5	1.5	1.5	1.5
200.746030641574	-0.0246316549472525	2.90825013656223	-390.328948672935	108.891522931863	0	0	0	0	0	1.5	1.5	1.5	1.5	1.5	1.5
200.916010345759	-0.0405290604858995	2.90230825693641	-390.494214953895	108.931273019013	0	0	0	0	0	1.5	1.5	1.5	1.5	1.5	1.5
201.085990049943	-0.0188486875273832	2.8972617509152	-390.65923670398	108.972026668783	0	0	0	0	0	1.5	1.5	1.5	1.5	1.5	1.5
201.255969754127	0.00283168543113662	2.89590046827608	-390.824127199177	109.01330886133	0	0	0	0	0	1.5	1.5	1.5	1.5	1.5	1.5
201.425949458311	0.0245120583896529	2.89822440901906	-390.989037521214	109.054511676425	0	0	0	0	0	1.5	1.5	1.5	1.5	1.5	1.5
201.595929162495	0.0461924313481727	2.90423357314412	-391.154117873774	109.095026976545	0	0	0	0	0	1.5	1.5	1.5	1.5	1.5	1.5
201.76590886668	0.0678728043066889	2.91392796065128	-391.319510852689	109.134244772662	0	0	0	0	0	1.5	1.5	1.5	1.5	1.5	1.5
201.935888570864	0.0794100027766907	2.92709609904716	-391.485344054831	109.17155460182	0	0	0	0	0	1.5	1.5	1.5	1.5	1.5	1.5
202.105868275048	0.0597417594546116	2.93892258673755	-391.651648321831	109.206706463821	0	0	0	0	0	1.5	1.5	1.5	1.5	1.5	1.5
202.275847979232	0.0400735161325293	2.94740587224624	-391.818301442628	109.24016783615	0	0	0	0	0	1.5	1.5	1.5	1.5	1.5	1.5
202.445827683417	0.0204052728104502	2.95254595557321	-391.985178940395	109.272493313887	0	0	0	0	0	1.5	1.5	1.5	1.5	1.5	1.5
202.615807387601	0.000737029488367819	2.95434283671847	-392.152167715846	109.304239817399	0	0	0	0	0	1.5	1.5	1.5	1.5	1.5	1.5
202.785787091785	-0.0189312138337113	2.95279651568202	-392.319160473019	109.335965401408	0	0	0	0	0	1.5	1.5	1.5	1.5	1.5	1.5
202.955766795969	-0.0217434189085406	2.94842972526736	-392.486052198047	109.368217554346	0	0	0	0	0	1.5	1.5	1.5	1.5	1.5	1.5
203.125746500153	0.00478369553609753	2.94698832088641	-392.652834721306	109.401030416936	0	0	0	0	0	1.5	1.5	1.5	1.5	1.5	1.5
203.295726204338	0.0313108099807401	2.95005598757162	-392.819643819618	109.433707642653	0	0	0	0	0	1.5	1.5	1.5	1.5	1.5	1.5
203.465705908522	0.0578379244253782	2.957632725323	-392.986624135469	109.465496554481	0	0	0	0	0	1.5	1.5	1.5	1.5	1.5	1.5
203.635685612706	0.0843650388700207	2.96971853414054	-393.153908284185	109.495642216116	0	0	0	0	0	1.5	1.5	1.5	1.5	1.5	1.5
203.80566531689	0.110892153314659	2.98631341402423	-393.321606613268	109.523385798706	0	0	0	0	0	1.5	1.5	1.5	1.5	1.5	1.5
203.975645021075	0.115010541197453	3.00649802462985	-393.489793440191	109.547988358773	0	0	0	0	0	1.5	1.5	1.5	1.5	1.5	1.5
204.145624725259	0.0951155207868961	3.0243566075586	-393.658425874283	109.569329250321	0	0	0	0	0	1.5	1.5	1.5	1.5	1.5	1.5
204.315604429443	0.0752205003763362	3.03883344080322	-393.827382057109	109.587941156428	0	0	0	0	0	1.5	1.5	1.5	1.5	1.5	1.5
204.485584133627	0.0553254799657796	3.04992852436372	-393.996563003751	109.604391392688	0	0	0	0	0	1.5	1.5	1.5	1.5	1.5	1.5
204.655563837812	0.0354304595552198	3.05764185824009	-394.165891617269	109.619249951478	0	0	0	0	0	1.5	1.5	1.5	1.5	1.5	1.5
204.825543541996	0.0155354391446599	3.06197344243233	-394.335306932071	109.633088495854	0	0	0	0	0	1.5	1.5	1.5	1.5	1.5	1.5
204.99552324618	0.0251975534924912	3.06442726194131	-394.50476230981	109.646428762493	0	0	0	0	0	1.5	1.5	1.5	1.5	1.5	1.5
205.165502950364	0.0546708398040452	3.07121526487441	-394.67427411684	109.659027776848	0	0	0	0	0	1.5	1.5	1.5	1.5	1.5	1.5
205.335482654548	0.0841441261156041	3.0830131282961	-394.843895026548	109.67005096531	0	0	0	0	0	1.5	1.5	1.5	1.5	1.5	1.5
205.505462358733	0.113617412427163	3.09982085220636	-395.013655230204	109.678647004968	0	0	0	0	0	1.5	1.5	1.5	1.5	1.5	1.5
205.675442062917	0.143090698738717	3.12163843660519	-395.183548408565	109.683963082669	0	0	0	0	0	1.5	1.5	1.5	1.5	1.5	1.5
205.845421767101	0.172563985050271	3.1484658814926	-395.353518897958	109.685145754367	0	0	0	0	0	1.5	1.5	1.5	1.5	1.5	1.5
206.015401471285	0.161698154984155	3.17785089162479	-395.523452052914	109.681442375913	0	0	0	0	0	1.5	1.5	1.5	1.5	1.5	1.5
206.18538117547	0.134775600058414	3.20304815221506	-395.693221255381	109.673076479065	0	0	0	0	0	1.5	1.5	1.5	1.5	1.5	1.5
206.355360879654	0.107853045132678	3.22366912488316	-395.86275575264	109.660823748357	0	0	0	0	0	1.5	1.5	1.5	1.5	1.5	1.5
206.525340583838	0.0809304902069422	3.2397138096291	-396.032038329955	109.645465096618	0	0	0	0	0	1.5	1.5	1.5	1.5	1.5	1.5
206.695320288022	0.0540079352812061	3.25118220645287	-396.201094501456	109.627779136231	0	0	0	0	0	1.5	1.5	1.5	1.5	1.5	1.5
206.865299992207	0.027085380355461	3.2580743153545	-396.369981781199	109.608541897238	0	0	0	0	0	1.5	1.5	1.5	1.5	1.5	1.5
207.035279696391	0.0263932532481345	3.26225060838722	-396.538768539406	109.588439929772	0	0	0	0	0	1.5	1.5	1.5	1.5	1.5	1.5
207.205259400575	0.0309014429974779	3.2671200761468	-396.707463284331	109.567580261655	0	0	0	0	0	1.5	1.5	1.5	1.5	1.5	1.5
207.375239104759	0.0354096327468212	3.27275584466637	-396.876046078202	109.545834803589	0	0	0	0	0	1.5	1.5	1.5	1.5	1.5	1.5
207.545218808943	0.0399178224961661	3.27915791394595	-397.044494870324	109.523075068124	0	0	0	0	0	1.5	1.5	1.5	1.5	1.5	1.5
207.715198513128	0.0444260122455094	3.28632628398553	-397.212785283297	109.49917291365	0	0	0	0	0	1.5	1.5	1.5	1.5	1.5	1.5
207.885178217312	0.0489342019948528	3.2942609547851	-397.380890320917	109.474000616418	0	0	0	0	0	1.5	1.5	1.5	1.5	1.5	1.5
208.055157921496	0.0586196978990528	3.30338050604574	-397.548776497527	109.447408677351	0	0	0	0	0	1.5	1.5	1.5	1.5	1.5	1.5
208.22513762568	0.0685703646759285	3.31419037065158	-397.716389142145	109.419145278211	0	0	0	0	0	1.5	1.5	1.5	1.5	1.5	1.5
208.395117329865	0.0785210314528025	3.32669164665258	-397.883660708229	109.388930271799	0	0	0	0	0	1.5	1.5	1.5	1.5	1.5	1.5
208.565097034049	0.0884716982296766	3.34088433404875	-398.050513794437	109.356485513437	0	0	0	0	0	1.5	1.5	1.5	1.5	1.5	1.5
208.735076738233	0.0984223650065523	3.35676843284009	-398.216859762579	109.321535390129	0	0	0	0	0	1.5	1.5	1.5	1.5	1.5	1.5
208.905056442417	0.107470464413306	3.37433877445963	-398.382597384551	109.283807460219	0	0	0	0	0	1.5	1.5	1.5	1.5	1.5	1.5
209.075036146601	0.104025715875041	3.39231380354039	-398.547630623679	109.243109157287	0	0	0	0	0	1.5	1.5	1.5	1.5	1.5	1.5
209.245015850786	0.100580967336776	3.40970329528362	-398.711918604898	109.199499170332	0	0	0	0	0	1.5	1.5	1.5	1.5	1.5	1.5
209.41499555497	0.0971362187985105	3.42650724968933	-398.875437161048	109.153086868772	0	0	0	0	0	1.5	1.5	1.5	1.5	1.5	1.5
209.584975259154	0.0936914702602458	3.44272566675751	-399.038167272345	109.103981091371	0	0	0	0	0	1.5	1.5	1.5	1.5	1.5	1.5
209.754954963338	0.0902467217219805	3.45835854648817	-399.200094865307	109.052290027942	0	0	0	0	0	1.5	1.5	1.5	1.5	1.5	1.5
209.924934667523	0.08704943109505	3.47340982636072	-399.361210597788	108.998121076455	0	0	0	0	0	1.5	1.5	1.5	1.5	1.5	1.5
210.094914371707	0.0849264390808331	3.48802603013038	-399.521506152943	108.941570917722	0	0	0	0	0	1.5	1.5	1.5	1.5	1.5	1.5
210.264894075891	0.0828034470666155	3.50228136834548	-399.680968758712	108.882712716066	0	0	0	0	0	1.5	1.5	1.5	1.5	1.5	1.5
210.434873780075	0.080680455052398	3.51617584100602	-399.839587240601	108.821615971452	0	0	0	0	0	1.5	1.5	1.5	1.5	1.5	1.5
210.60485348426	0.0785574630381808	3.52970944811199	-399.997353014784	108.758349714039	0	0	0	0	0	1.5	1.5	1.5	1.5	1.5	1.5
210.774833188444	0.0764344710239632	3.54288218966341	-400.154260006533	108.692982459429	0	0	0	0	0	1.5	1.5	1.5	1.5	1.5	1.5
210.944812892628	0.0763917783747165	3.55574812272997	-400.310304192832	108.625581311011	0	0	0	0	0	1.5	1.5	1.5	1.5	1.5	1.5
211.114792596812	0.0810728167766798	3.56913101538163	-400.465455470861	108.556149693545	0	0	0	0	0	1.5	1.5	1.5	1.5	1.5	1.5
211.284772300996	0.0857538551786439	3.58330958955613	-400.619635087633	108.484586703474	0	0	0	0	0	1.5	1.5	1.5	1.5	1.5	1.5
211.454752005181	0.0904348935806064	3.59828384525347	-400.772755082389	108.410784080679	0	0	0	0	0	1.5	1.5	1.5	1.5	1.5	1.5
211.624731709365	0.0951159319825704	3.61405378247366	-400.92472237502	108.334636572532	0	0	0	0	0	1.5	1.5	1.5	1.5	1.5	1.5
211.794711413549	0.0997969703845345	3.63061940121669	-401.075438562241	108.256042234388	0	0	0	0	0	1.5	1.5	1.5	1.5	1.5	1.5
211.964691117733	0.0941870556231302	3.64761204068328	-401.224803984263	108.174910458038	0	0	0	0	0	1.5	1.5	1.5	1.5	1.5	1.5
212.134670821918	0.0744533982869771	3.66194476791785	-401.372863129328	108.091417378501	0	0	0	0	0	1.5	1.5	1.5	1.5	1.5	1.5
212.304650526102	0.054719740950824	3.67292317391594	-401.519854313727	108.006056960876	0	0	0	0	0	1.5	1.5	1.5	1.5	1.5	1.5
212.474630230286	0.0349860836146742	3.68054725867757	-401.666045573208	107.919332828826	0	0	0	0	0	1.5	1.5	1.5	1.5	1.5	1.5
212.64460993447	0.0152524262785211	3.68481702220272	-401.811718750981	107.831740701526	0	0	0	0	0	1.5	1.5	1.5	1.5	1.5	1.5
212.814589638654	-0.00448123105762541	3.6857324644914	-401.957164453238	107.743771132583	0	0	0	0	0	1.5	1.5	1.5	1.5	1.5	1.5
212.984569342839	-0.00791945211371596	3.68403997769005	-402.102665324824	107.655892876407	0	0	0	0	0	1.5	1.5	1.5	1.5	1.5	1.5
213.154549047023	0.00258342388149695	3.68358646943984	-402.248277018522	107.568198327717	0	0	0	0	0	1.5	1.5	1.5	1.5	1.5	1.5
213.324528751207	0.0130862998767081	3.68491823694437	-402.393850179396	107.480439850809	0	0	0	0	0	1.5	1.5	1.5	1.5	1.5	1.5
213.494508455391	0.023589175871921	3.68803528020365	-402.539227721749	107.392357806711	0	0	0	0	0	1.5	1.5	1.5	1.5	1.5	1.5
213.664488159576	0.0340920518671339	3.69293759921769	-402.684250828974	107.303693607552	0	0	0	0	0	1.5	1.5	1.5	1.5	1.5	1.5
213.83446786376	0.0445949278623451	3.69962519398647	-402.828757574242	107.214190576349	0	0	0	0	0	1.5	1.5	1.5	1.5	1.5	1.5
214.004447567944	0.0393248804613115	3.70721791961943	-402.972599081809	107.123622492469	0	0	0	0	0	1.5	1.5	1.5	1.5	1.5	1.5
214.174427272128	0.025804200633539	3.71275323058858	-403.115834677912	107.032098780466	0	0	0	0	0	1.5	1.5	1.5	1.5	1.5	1.5
214.344406976313	0.0122835208057619	3.71599030040023	-403.258667577039	106.939947614877	0	0	0	0	0	1.5	1.5	1.5	1.5	1.5	1.5
214.514386680497	-0.00123715902201508	3.71692912905438	-403.401307815051	106.847498385565	0	0	0	0	0	1.5	1.5	1.5	1.5	1.5	1.5
214.684366384681	-0.0147578388497898	3.71556971655105	-403.543967485489	106.755079158109	0	0	0	0	0	1.5	1.5	1.5	1.5	1.5	1.5
214.854346088865	-0.0282785186775669	3.71191206289021	-403.686858474861	106.663018131789	0	0	0	0	0	1.5	1.5	1.5	1.5	1.5	1.5
215.02432579305	-0.0477823378564776	3.70556244391462	-403.830199452586	106.571659678526	0	0	0	0	0	1.5	1.5	1.5	1.5	1.5	1.5
215.194305497234	-0.0690304150806093	3.69563454532003	-403.974277585939	106.481469027763	0	0	0	0	0	1.5	1.5	1.5	1.5	1.5	1.5
215.364285201418	-0.0902784923047517	3.68209490484439	-404.119403540428	106.392975438997	0	0	0	0	0	1.5	1.5	1.5	1.5	1.5	1.5
215.534264905602	-0.111526569528891	3.6649435224877	-404.26586965733	106.306719612366	0	0	0	0	0	1.5	1.5	1.5	1.5	1.5	1.5
215.704244609786	-0.132774646753022	3.64418039824998	-404.413943687389	106.223256189566	0	0	0	0	0	1.5	1.5	1.5	1.5	1.5	1.5
215.874224313971	-0.154022723977161	3.61980553213122	-404.563862514825	106.143156164668	0	0	0	0	0	1.5	1.5	1.5	1.5	1.5	1.5
216.044204018155	-0.108700036051545	3.59685417210901	-404.715713292471	106.0667810189	0	0	0	0	0	1.5	1.5	1.5	1.5	1.5	1.5
216.214183722339	-0.0551460965324162	3.58292891353483	-404.868951173372	105.993223004557	0	0	0	0	0	1.5	1.5	1.5	1.5	1.5	1.5
216.384163426523	-0.00159215701328733	3.57810673775802	-405.022872918354	105.921104096202	0	0	0	0	0	1.5	1.5	1.5	1.5	1.5	1.5
216.554143130708	0.0519617825058236	3.58238764477856	-405.176814207155	105.849026832196	0	0	0	0	0	1.5	1.5	1.5	1.5	1.5	1.5
216.724122834892	0.105515722024953	3.59577163459647	-405.330111853928	105.775593211142	0	0	0	0	0	1.5	1.5	1.5	1.5	1.5	1.5
216.894102539076	0.158445091821039	3.61825821383367	-405.482065777293	105.699423110855	0	0	0	0	0	1.5	1.5	1.5	1.5	1.5	1.5
217.06408224326	0.144802155787278	3.64403115255523	-405.632060675208	105.61946667951	0	0	0	0	0	1.5	1.5	1.5	1.5	1.5	1.5
217.234061947444	0.131159219753513	3.66748506904558	-405.780043041199	105.535842553061	0	0	0	0	0	1.5	1.5	1.5	1.5	1.5	1.5
217.404041651629	0.11751628371975	3.68861996330471	-405.92612506578	105.448939928115	0	0	0	0	0	1.5	1.5	1.5	1.5	1.5	1.5
217.574021355813	0.103873347685984	3.70743583533261	-406.070442706149	105.359136443375	0	0	0	0	0	1.5	1.5	1.5	1.5	1.5	1.5
217.744001059997	0.0902304116522188	3.72393268512929	-406.213152818418	105.266798649276	0	0	0	0	0	1.5	1.5	1.5	1.5	1.5	1.5
217.913980764181	0.075074832688669	3.73809463250039	-406.354430466549	105.172282819807	0	0	0	0	0	1.5	1.5	1.5	1.5	1.5	1.5
218.083960468366	0.049186182892258	3.74865555783543	-406.494513522489	105.076004224303	0	0	0	0	0	1.5	1.5	1.5	1.5	1.5	1.5
218.25394017255	0.0232975330958471	3.75481593813634	-406.633787167035	104.978557522885	0	0	0	0	0	1.5	1.5	1.5	1.5	1.5	1.5
218.423919876734	-0.00259111670055952	3.75657577340314	-406.772674022789	104.880559906081	0	0	0	0	0	1.5	1.5	1.5	1.5	1.5	1.5
218.593899580918	-0.0284797664969705	3.75393506363581	-406.911604004431	104.78262348554	0	0	0	0	0	1.5	1.5	1.5	1.5	1.5	1.5
218.763879285103	-0.0543684162933814	3.74689380883435	-407.051006217282	104.685360940154	0	0	0	0	0	1.5	1.5	1.5	1.5	1.5	1.5
218.933858989287	-0.0660404038241267	3.73574871749145	-407.191298530296	104.589387724954	0	0	0	0	0	1.5	1.5	1.5	1.5	1.5	1.5
219.103838693471	-0.0340352093136984	3.72724330593283	-407.332593144049	104.494895626927	0	0	0	0	0	1.5	1.5	1.5	1.5	1.5	1.5
219.273818397655	-0.00203001480328088	3.72417812786946	-407.474432426833	104.401222290888	0	0	0	0	0	1.5	1.5	1.5	1.5	1.5	1.5
219.443798101839	0.0299751797071474	3.72655318330133	-407.616304046407	104.307597889024	0	0	0	0	0	1.5	1.5	1.5	1.5	1.5	1.5
219.613777806024	0.0619803742175756	3.73436847222844	-407.757696467488	104.213252063227	0	0	0	0	0	1.5	1.5	1.5	1.5	1.5	1.5
219.783757510208	0.0939855687279985	3.74762399465079	-407.898086418112	104.117422332201	0	0	0	0	0	1.5	1.5	1.5	1.5	1.5	1.5
219.953737214392	0.11667012929041	3.76603196173199	-408.03693002753	104.019367628346	0	0	0	0	0	1.5	1.5	1.5	1.5	1.5	1.5
220.123716918576	0.123019614002179	3.78640315756243	-408.173820383025	103.918604881315	0	0	0	0	0	1.5	1.5	1.5	1.5	1.5	1.5
220.293696622761	0.129369098713947	3.80785363692589	-408.30857367774	103.815002074871	0	0	0	0	0	1.5	1.5	1.5	1.5	1.5	1.5
220.463676326945	0.135718583425715	3.83038339982238	-408.441016076158	103.708461525054	0	0	0	0	0	1.5	1.5	1.5	1.5	1.5	1.5
220.633656031129	0.142068068137482	3.8539924462519	-408.570965354709	103.598894455351	0	0	0	0	0	1.5	1.5	1.5	1.5	1.5	1.5
220.803635735313	0.148417552849251	3.87868077621445	-408.698230824293	103.48622177673	0	0	0	0	0	1.5	1.5	1.5	1.5	1.5	1.5
220.973615439498	0.137443970126482	3.90374083565792	-408.822626579104	103.370388876987	0	0	0	0	0	1.5	1.5	1.5	1.5	1.5	1.5
221.143595143682	0.107747457778648	3.92457961884983	-408.944300480795	103.251698039542	0	0	0	0	0	1.5	1.5	1.5	1.5	1.5	1.5
221.313574847866	0.0780509454308101	3.94037059765755	-409.063781209843	103.130797858331	0	0	0	0	0	1.5	1.5	1.5	1.5	1.5	1.5
221.48355455205	0.0483544330829717	3.95111377208109	-409.181648136819	103.008322520222	0	0	0	0	0	1.5	1.5	1.5	1.5	1.5	1.5
221.653534256234	0.0186579207351383	3.95680914212043	-409.298504839769	102.884882122917	0	0	0	0	0	1.5	1.5	1.5	1.5	1.5	1.5
221.823513960419	-0.0110385916127002	3.95745670777559	-409.41496962384	102.761071574604	0	0	0	0	0	1.5	1.5	1.5	1.5	1.5	1.5
221.993493664603	-0.0163808516382215	3.95429887171457	-409.531635736505	102.637450820655	0	0	0	0	0	1.5	1.5	1.5	1.5	1.5	1.5
222.163473368787	-0.00550275899003757	3.95243898688403	-409.648636590692	102.514146759538	0	0	0	0	0	1.5	1.5	1.5	1.5	1.5	1.5
222.333453072971	0.00537533365815003	3.95242815702392	-409.765752743918	102.390952172195	0	0	0	0	0	1.5	1.5	1.5	1.5	1.5	1.5
222.503432777156	0.0162534263063358	3.95426638213424	-409.8827562692	102.267650644901	0	0	0	0	0	1.5	1.5	1.5	1.5	1.5	1.5
222.67341248134	0.0271315189545234	3.95795366221498	-409.999418647108	102.144026389424	0	0	0	0	0	1.5	1.5	1.5	1.5	1.5	1.5
222.843392185524	0.038009611602711	3.96348999726616	-410.115509572638	102.019865514319	0	0	0	0	0	1.5	1.5	1.5	1.5	1.5	1.5
223.013371889708	0.0266317928999759	3.96950995637057	-410.230836893869	101.894995108839	0	0	0	0	0	1.5	1.5	1.5	1.5	1.5	1.5
223.183351593892	0.00667885037318276	3.97234102301545	-410.345600261206	101.769605916352	0	0	0	0	0	1.5	1.5	1.5	1.5	1.5	1.5
223.353331298077	-0.0132740921536071	3.97178049439202	-410.460221240936	101.644086477132	0	0	0	0	0	1.5	1.5	1.5	1.5	1.5	1.5
223.523311002261	-0.0332270346803902	3.96782837050029	-410.575125068179	101.5188260594	0	0	0	0	0	1.5	1.5	1.5	1.5	1.5	1.5
223.693290706445	-0.05317997720718	3.96048465134024	-410.690734335448	101.394216802746	0	0	0	0	0	1.5	1.5	1.5	1.5	1.5	1.5
223.863270410629	-0.0731329197339665	3.94974933691189	-410.807464973227	101.27065799047	0	0	0	0	0	1.5	1.5	1.5	1.5	1.5	1.5
224.033250114814	-0.0615322425227251	3.93787179879476	-410.925645580521	101.148485569072	0	0	0	0	0	1.5	1.5	1.5	1.5	1.5	1.5
224.203229818998	-0.0438664450967499	3.92891397992328	-411.045097299574	101.027555039081	0	0	0	0	0	1.5	1.5	1.5	1.5	1.5	1.5
224.373209523182	-0.0262006476707807	3.92295898807244	-411.165447621236	100.907518319013	0	0	0	0	0	1.5	1.5	1.5	1.5	1.5	1.5
224.543189227366	-0.00853485024480553	3.92000682324225	-411.286331475239	100.788018643993	0	0	0	0	0	1.5	1.5	1.5	1.5	1.5	1.5
224.713168931551	0.00913094718117258	3.9200574854327	-411.407388610225	100.668694423754	0	0	0	0	0	1.5	1.5	1.5	1.5	1.5	1.5
224.883148635735	0.0267967446071418	3.9231109746438	-411.528260352312	100.549182503896	0	0	0	0	0	1.5	1.5	1.5	1.5	1.5	1.5
225.053128339919	0.026492680598466	3.92770629454307	-411.648642338636	100.429177394436	0	0	0	0	0	1.5	1.5	1.5	1.5	1.5	1.5
225.223108044103	0.0253736421783999	3.93211440564443	-411.768482710787	100.308631393882	0	0	0	0	0	1.5	1.5	1.5	1.5	1.5	1.5
225.393087748287	0.024254603758334	3.93633230292619	-411.887802062668	100.187569635824	0	0	0	0	0	1.5	1.5	1.5	1.5	1.5	1.5
225.563067452472	0.0231355653382679	3.94035998638833	-412.00662129742	100.066016971407	0	0	0	0	0	1.5	1.5	1.5	1.5	1.5	1.5
225.733047156656	0.0220165269182022	3.94419745603086	-412.124961606845	99.9439979747659	0	0	0	0	0	1.5	1.5	1.5	1.5	1.5	1.5
225.90302686084	0.0213978622334081	3.94784787682929	-412.242844446658	99.8215369447455	0	0	0	0	0	1.5	1.5	1.5	1.5	1.5	1.5
226.073006565024	0.0270021739600875	3.95196138874662	-412.360262512908	99.6986302452752	0	0	0	0	0	1.5	1.5	1.5	1.5	1.5	1.5
226.242986269209	0.0326064856867659	3.95702751991342	-412.477115181957	99.5751859593095	0	0	0	0	0	1.5	1.5	1.5	1.5	1.5	1.5
226.412965973393	0.0382107974134453	3.96304627032967	-412.593281825979	99.4510959782757	0	0	0	0	0	1.5	1.5	1.5	1.5	1.5	1.5
226.582945677577	0.0438151091401247	3.97001763999538	-412.70863999403	99.3262541749994	0	0	0	0	0	1.5	1.5	1.5	1.5	1.5	1.5
226.752925381761	0.0494194208668031	3.97794162891055	-412.823065121989	99.2005567656873	0	0	0	0	0	1.5	1.5	1.5	1.5	1.5	1.5
226.922905085946	0.0538814921289086	3.98679926522576	-412.936430410921	99.0739028212699	0	0	0	0	0	1.5	1.5	1.5	1.5	1.5	1.5
227.09288479013	0.053640965738847	3.99593758301652	-413.048641957201	98.9462256203009	0	0	0	0	0	1.5	1.5	1.5	1.5	1.5	1.5
227.262864494314	0.0534004393487852	4.00503501620265	-413.159684713882	98.8175306058299	0	0	0	0	0	1.5	1.5	1.5	1.5	1.5	1.5
227.432844198498	0.0531599129587235	4.01409156478415	-413.269554752057	98.687832968767	0	0	0	0	0	1.5	1.5	1.5	1.5	1.5	1.5
227.602823902682	0.0529193865686617	4.02310722876101	-413.378248362412	98.5571478387982	0	0	0	0	0	1.5	1.5	1.5	1.5	1.5	1.5
227.772803606867	0.0526788601786	4.03208200813325	-413.485762052814	98.4254902819534	0	0	0	0	0	1.5	1.5	1.5	1.5	1.5	1.5
227.942783311051	0.0535911180176929	4.04104657480765	-413.592092120125	98.2928749595021	0	0	0	0	0	1.5	1.5	1.5	1.5	1.5	1.5
228.112763015235	0.0570329186122487	4.05044849531866	-413.697205192608	98.1592930408976	0	0	0	0	0	1.5	1.5	1.5	1.5	1.5	1.5
228.282742719419	0.060474719206805	4.06043545207659	-413.801018295262	98.0246984667466	0	0	0	0	0	1.5	1.5	1.5	1.5	1.5	1.5
228.452722423604	0.0639165198013614	4.07100744508145	-413.903442324616	97.8890439462739	0	0	0	0	0	1.5	1.5	1.5	1.5	1.5	1.5
228.622702127788	0.0673583203959166	4.08216447433323	-414.004386464566	97.752284739214	0	0	0	0	0	1.5	1.5	1.5	1.5	1.5	1.5
228.792681831972	0.0708001209904729	4.09390653983194	-414.103758135821	97.6143788336039	0	0	0	0	0	1.5	1.5	1.5	1.5	1.5	1.5
228.962661536156	0.0612364073026582	4.1057552596507	-414.201472584584	97.4752938259104	0	0	0	0	0	1.5	1.5	1.5	1.5	1.5	1.5
229.13264124034	0.0346280076500531	4.11390276209843	-414.297756110954	97.3352137711826	0	0	0	0	0	1.5	1.5	1.5	1.5	1.5	1.5
229.302620944525	0.00801960799744791	4.11752737664439	-414.393213666608	97.1945691038486	0	0	0	0	0	1.5	1.5	1.5	1.5	1.5	1.5
229.472600648709	-0.0185887916551528	4.11662910328859	-414.488479459913	97.0537943699761	0	0	0	0	0	1.5	1.5	1.5	1.5	1.5	1.5
229.642580352893	-0.0451971913077579	4.11120794203102	-414.584189471274	96.9133215185873	0	0	0	0	0	1.5	1.5	1.5	1.5	1.5	1.5
229.812560057077	-0.0718055909603631	4.10126389287169	-414.680975564657	96.7735885122746	0	0	0	0	0	1.5	1.5	1.5	1.5	1.5	1.5
229.982539761262	-0.0712160916640465	4.08808931283996	-414.779426214146	96.6350239592789	0	0	0	0	0	1.5	1.5	1.5	1.5	1.5	1.5
230.152519465446	-0.0491775794973888	4.07785707253512	-414.879531060656	96.4976490456731	0	0	0	0	0	1.5	1.5	1.5	1.5	1.5	1.5
230.32249916963	-0.0271390673307347	4.07137093200904	-414.980781003578	96.361115361055	0	0	0	0	0	1.5	1.5	1.5	1.5	1.5	1.5
230.492478873814	-0.00510055516407698	4.0686308912617	-415.08265985589	96.2250500067362	0	0	0	0	0	1.5	1.5	1.5	1.5	1.5	1.5
230.662458577999	0.0169379570025808	4.06963695029311	-415.184656664918	96.0890729947723	0	0	0	0	0	1.5	1.5	1.5	1.5	1.5	1.5
230.832438282183	0.0389764691692312	4.07438910910326	-415.286261467813	95.952803009355	0	0	0	0	0	1.5	1.5	1.5	1.5	1.5	1.5
231.002417986367	0.0601758897249971	4.08283910987713	-415.386962515878	95.8158642415974	0	0	0	0	0	1.5	1.5	1.5	1.5	1.5	1.5
231.172397690551	0.0809744119079674	4.09483545313567	-415.486257481829	95.677903150831	0	0	0	0	0	1.5	1.5	1.5	1.5	1.5	1.5
231.342377394735	0.101772934090931	4.11036712304234	-415.583643810075	95.538589039635	0	0	0	0	0	1.5	1.5	1.5	1.5	1.5	1.5
231.51235709892	0.122571456273901	4.12943411959714	-415.678605161507	95.3976118580187	0	0	0	0	0	1.5	1.5	1.5	1.5	1.5	1.5
231.682336803104	0.143369978456871	4.15203644280008	-415.770608339364	95.2546878062337	0	0	0	0	0	1.5	1.5	1.5	1.5	1.5	1.5
231.852316507288	0.164168500639838	4.17817409265114	-415.859100850707	95.1095653411146	0	0	0	0	0	1.5	1.5	1.5	1.5	1.5	1.5
232.022296211472	0.114530684363522	4.20309174544063	-415.943695624255	94.9621363737051	0	0	0	0	0	1.5	1.5	1.5	1.5	1.5	1.5
232.192275915657	0.0466584261595555	4.21679118410284	-416.02540918279	94.8130875999007	0	0	0	0	0	1.5	1.5	1.5	1.5	1.5	1.5
232.362255619841	-0.0212138320444342	4.21895371639323	-416.105938694627	94.6633943102825	0	0	0	0	0	1.5	1.5	1.5	1.5	1.5	1.5
232.532235324025	-0.0890860902484352	4.20957934231179	-416.187007182661	94.513992894122	0	0	0	0	0	1.5	1.5	1.5	1.5	1.5	1.5
232.702215028209	-0.156958348452402	4.18866806185852	-416.27032743568	94.3658383225511	0	0	0	0	0	1.5	1.5	1.5	1.5	1.5	1.5
232.872194732394	-0.224830606656392	4.15621987503342	-416.357568052802	94.2199629160744	0	0	0	0	0	1.5	1.5	1.5	1.5	1.5	1.5
233.042174436578	-0.176708225279587	4.12123197739293	-416.449927604829	94.0772749695115	0	0	0	0	0	1.5	1.5	1.5	1.5	1.5	1.5
233.212154140762	-0.11748335080787	4.09622867885452	-416.54653283615	93.9374214038274	0	0	0	0	0	1.5	1.5	1.5	1.5	1.5	1.5
233.382133844946	-0.0582584763361436	4.08129240695915	-416.645913129588	93.7995224701988	0	0	0	0	0	1.5	1.5	1.5	1.5	1.5	1.5
233.55211354913	0.000966398135563179	4.07642316170683	-416.746654944288	93.6626132833202	0	0	0	0	0	1.5	1.5	1.5	1.5	1.5	1.5
233.722093253315	0.0601912726072898	4.08162094309756	-416.847374253947	93.5256875684994	0	0	0	0	0	1.5	1.5	1.5	1.5	1.5	1.5
233.892072957499	0.117574980206372	4.09688126407061	-416.946686543058	93.3877397378457	0	0	0	0	0	1.5	1.5	1.5	1.5	1.5	1.5
234.062052661683	0.112591516516325	4.11644308058364	-417.043454733554	93.2479967746538	0	0	0	0	0	1.5	1.5	1.5	1.5	1.5	1.5
234.232032365867	0.107608052826278	4.13515780941281	-417.137531054207	93.1064273485336	0	0	0	0	0	1.5	1.5	1.5	1.5	1.5	1.5
234.402012070052	0.10262458913623	4.15302545055814	-417.229002427803	92.9631607475989	0	0	0	0	0	1.5	1.5	1.5	1.5	1.5	1.5
234.571991774236	0.0976411254461827	4.17004600401962	-417.317960964307	92.8183202109052	0	0	0	0	0	1.5	1.5	1.5	1.5	1.5	1.5
234.74197147842	0.0926576617561348	4.18621946979726	-417.404503540781	92.6720230733915	0	0	0	0	0	1.5	1.5	1.5	1.5	1.5	1.5
234.911951182604	0.0858544208407773	4.20152323152975	-417.488731567426	92.5243810258274	0	0	0	0	0	1.5	1.5	1.5	1.5	1.5	1.5
235.081930886788	0.0684263614711913	4.2146355323991	-417.570828958165	92.3755431813558	0	0	0	0	0	1.5	1.5	1.5	1.5	1.5	1.5
235.251910590973	0.0509983021015995	4.2247854168923	-417.651189918858	92.2257601134475	0	0	0	0	0	1.5	1.5	1.5	1.5	1.5	1.5
235.421890295157	0.0335702427320106	4.23197288500935	-417.730249624722	92.0752857368669	0	0	0	0	0	1.5	1.5	1.5	1.5	1.5	1.5
235.591869999341	0.0161421833624188	4.23619793675026	-417.808449512376	91.924362464731	0	0	0	0	0	1.5	1.5	1.5	1.5	1.5	1.5
235.761849703525	-0.00128587600717307	4.23746057211502	-417.886235049032	91.7732250903624	0	0	0	0	0	1.5	1.5	1.5	1.5	1.5	1.5
235.93182940771	-0.0153926622828605	4.23583507852431	-417.964052629767	91.6221042215683	0	0	0	0	0	1.5	1.5	1.5	1.5	1.5	1.5
236.101809111894	-0.0202006747687677	4.23281000607282	-418.042243736878	91.4711763297023	0	0	0	0	0	1.5	1.5	1.5	1.5	1.5	1.5
236.271788816078	-0.025008687254675	4.22896766908127	-418.120952605428	91.3205178474578	0	0	0	0	0	1.5	1.5	1.5	1.5	1.5	1.5
236.441768520262	-0.0298166997405806	4.22430806754965	-418.20030118249	91.1701953579594	0	0	0	0	0	1.5	1.5	1.5	1.5	1.5	1.5
236.611748224447	-0.0346247122264879	4.21883120147797	-418.280410579049	91.020277006289	0	0	0	0	0	1.5	1.5	1.5	1.5	1.5	1.5
236.781727928631	-0.0394327247123943	4.21253707086621	-418.361400894804	90.8708327920291	0	0	0	0	0	1.5	1.5	1.5	1.5	1.5	1.5
236.951707632815	-0.0332794964972901	4.20577977659647	-418.443384365507	90.7219311603562	0	0	0	0	0	1.5	1.5	1.5	1.5	1.5	1.5
237.121687336999	-0.00924988371166693	4.20216521086295	-418.526180061857	90.5734793487357	0	0	0	0	0	1.5	1.5	1.5	1.5	1.5	1.5
237.291667041183	0.0147797290739522	4.20263519160238	-418.609209109865	90.4251578202239	0	0	0	0	0	1.5	1.5	1.5	1.5	1.5	1.5
237.461646745368	0.0388093418595754	4.20718971881477	-418.691865204237	90.2766282969549	0	0	0	0	0	1.5	1.5	1.5	1.5	1.5	1.5
237.631626449552	0.0628389546451986	4.21582879250013	-418.773539504244	90.1275570784577	0	0	0	0	0	1.5	1.5	1.5	1.5	1.5	1.5
237.801606153736	0.0868685674308138	4.22855241265844	-418.85361660295	89.9776225339498	0	0	0	0	0	1.5	1.5	1.5	1.5	1.5	1.5
237.97158585792	0.0928675178085574	4.24459753296295	-418.931489941697	89.8265324679677	0	0	0	0	0	1.5	1.5	1.5	1.5	1.5	1.5
238.141565562105	0.0806862128808802	4.25934783886428	-419.006988547817	89.6742415086806	0	0	0	0	0	1.5	1.5	1.5	1.5	1.5	1.5
238.311545266289	0.0685049079532051	4.27202757015743	-419.080391619214	89.5209290771385	0	0	0	0	0	1.5	1.5	1.5	1.5	1.5	1.5
238.481524970473	0.056323603025528	4.28263672684239	-419.152004660423	89.3667720111669	0	0	0	0	0	1.5	1.5	1.5	1.5	1.5	1.5
238.651504674657	0.0441422980978549	4.29117530891916	-419.222138678477	89.2119361508785	0	0	0	0	0	1.5	1.5	1.5	1.5	1.5	1.5
238.821484378842	0.0319609931701758	4.29764331638776	-419.291109043395	89.0565782167495	0	0	0	0	0	1.5	1.5	1.5	1.5	1.5	1.5
238.991464083026	0.0136562159218019	4.30172116586076	-419.359244635698	88.900852176904	0	0	0	0	0	1.5	1.5	1.5	1.5	1.5	1.5
239.16144378721	-0.00849700005533818	4.30215964685417	-419.427021139748	88.7449693866373	0	0	0	0	0	1.5	1.5	1.5	1.5	1.5	1.5
239.331423491394	-0.0306502160324857	4.29883253074904	-419.495022686449	88.589184720323	0	0	0	0	0	1.5	1.5	1.5	1.5	1.5	1.5
239.501403195578	-0.0528034320096332	4.29173981754539	-419.563834818875	88.4337567029947	0	0	0	0	0	1.5	1.5	1.5	1.5	1.5	1.5
239.671382899763	-0.074956647986777	4.28088150724322	-419.634039009053	88.2789529980441	0	0	0	0	0	1.5	1.5	1.5	1.5	1.5	1.5
239.841362603947	-0.0971098639639245	4.26625759984253	-419.706209529843	88.1250569283148	0	0	0	0	0	1.5	1.5	1.5	1.5	1.5	1.5
240.011342308131	-0.0760780923626417	4.25055053756503	-419.780810505588	87.9723245336165	0	0	0	0	0	1.5	1.5	1.5	1.5	1.5	1.5
240.181322012315	-0.0391428995092334	4.24075792250793	-419.857375829965	87.8205661122227	0	0	0	0	0	1.5	1.5	1.5	1.5	1.5	1.5
240.3513017165	-0.00220770665581883	4.23724354060604	-419.934949446512	87.6693199468804	0	0	0	0	0	1.5	1.5	1.5	1.5	1.5	1.5
240.521281420684	0.0347274861975772	4.24000739185937	-420.012579830272	87.5181028731833	0	0	0	0	0	1.5	1.5	1.5	1.5	1.5	1.5
240.691261124868	0.0716626790509855	4.2490494762679	-420.089316000291	87.366430655531	0	0	0	0	0	1.5	1.5	1.5	1.5	1.5	1.5
240.861240829052	0.108597871904394	4.26436979383164	-420.164198496155	87.2138359474303	0	0	0	0	0	1.5	1.5	1.5	1.5	1.5	1.5
241.031220533237	0.0839754111560035	4.28153076436164	-420.23644448885	87.0599759542444	0	0	0	0	0	1.5	1.5	1.5	1.5	1.5	1.5
241.201200237421	0.0483359499621375	4.29277588737317	-420.306488595491	86.9050998198005	0	0	0	0	0	1.5	1.5	1.5	1.5	1.5	1.5
241.371179941605	0.0126964887682715	4.29796302531369	-420.375258155146	86.7496527830241	0	0	0	0	0	1.5	1.5	1.5	1.5	1.5	1.5
241.541159645789	-0.0229429724255827	4.29709217818319	-420.443692152197	86.5940575241519	0	0	0	0	0	1.5	1.5	1.5	1.5	1.5	1.5
241.711139349973	-0.0585824336194487	4.29016334598168	-420.512732287889	86.4387306351976	0	0	0	0	0	1.5	1.5	1.5	1.5	1.5	1.5
241.881119054158	-0.0942218948133088	4.27717652870914	-420.583315338054	86.284099702628	0	0	0	0	0	1.5	1.5	1.5	1.5	1.5	1.5
242.051098758342	-0.0675798239759525	4.26324340302295	-420.656113052564	86.1304991693959	0	0	0	0	0	1.5	1.5	1.5	1.5	1.5	1.5
242.221078462526	-0.0387248456334882	4.25420858487615	-420.730670703727	85.9777442710051	0	0	0	0	0	1.5	1.5	1.5	1.5	1.5	1.5
242.39105816671	-0.00986986729102869	4.25007852741223	-420.806232435245	85.8254830397966	0	0	0	0	0	1.5	1.5	1.5	1.5	1.5	1.5
242.561037870895	0.0189851110514356	4.25085323063121	-420.882049557462	85.6733486866645	0	0	0	0	0	1.5	1.5	1.5	1.5	1.5	1.5
242.731017575079	0.0478400893938999	4.25653269453309	-420.957375236157	85.5209706589404	0	0	0	0	0	1.5	1.5	1.5	1.5	1.5	1.5
242.900997279263	0.0755167611842832	4.26710842239353	-421.031459114314	85.3679856655208	0	0	0	0	0	1.5	1.5	1.5	1.5	1.5	1.5
243.070976983447	0.0904839818272716	4.28121680098926	-421.103619330928	85.2140846471334	0	0	0	0	0	1.5	1.5	1.5	1.5	1.5	1.5
243.240956687631	0.105451202470257	4.29786930332235	-421.173403813035	85.0590925249057	0	0	0	0	0	1.5	1.5	1.5	1.5	1.5	1.5
243.410936391816	0.120418423113246	4.31706592939279	-421.240398812887	84.9028751049535	0	0	0	0	0	1.5	1.5	1.5	1.5	1.5	1.5
243.580916096	0.135385643756234	4.33880667920059	-421.304182159793	84.7453198886047	0	0	0	0	0	1.5	1.5	1.5	1.5	1.5	1.5
243.750895800184	0.15035286439922	4.36309155274575	-421.364322856086	84.5863394613052	0	0	0	0	0	1.5	1.5	1.5	1.5	1.5	1.5
243.920875504368	0.157516284475517	4.38978828426265	-421.420382415685	84.4258754513307	0	0	0	0	0	1.5	1.5	1.5	1.5	1.5	1.5
244.090855208553	0.133351513897775	4.41450909542475	-421.472218359137	84.2639969081931	0	0	0	0	0	1.5	1.5	1.5	1.5	1.5	1.5
244.260834912737	0.109186743320042	4.43512238603237	-421.52037236545	84.1009838173912	0	0	0	0	0	1.5	1.5	1.5	1.5	1.5	1.5
244.430814616921	0.0850219727423007	4.45162815608551	-421.565493092599	83.9371040957222	0	0	0	0	0	1.5	1.5	1.5	1.5	1.5	1.5
244.600794321105	0.0608572021645593	4.46402640558416	-421.608241010541	83.7725886114702	0	0	0	0	0	1.5	1.5	1.5	1.5	1.5	1.5
244.77077402529	0.036692431586822	4.47231713452833	-421.649284988417	83.6076391478825	0	0	0	0	0	1.5	1.5	1.5	1.5	1.5	1.5
244.940753729474	0.00486763886488114	4.47629154432961	-421.68930316452	83.4424374392123	0	0	0	0	0	1.5	1.5	1.5	1.5	1.5	1.5
245.110733433658	-0.0431807194145893	4.4730353212805	-421.729219688776	83.2772111013611	0	0	0	0	0	1.5	1.5	1.5	1.5	1.5	1.5
245.280713137842	-0.0912290776940678	4.4616118525045	-421.770347657108	83.1122830164936	0	0	0	0	0	1.5	1.5	1.5	1.5	1.5	1.5
245.450692842026	-0.139277435973546	4.44202113800162	-421.814027671463	82.9480142445755	0	0	0	0	0	1.5	1.5	1.5	1.5	1.5	1.5
245.620672546211	-0.187325794253009	4.41426317777187	-421.8615832697	82.7848281327473	0	0	0	0	0	1.5	1.5	1.5	1.5	1.5	1.5
245.790652250395	-0.235374152532487	4.37833797181522	-421.9143088445	82.6232422312837	0	0	0	0	0	1.5	1.5	1.5	1.5	1.5	1.5
245.960631954579	-0.229803567005511	4.33628055483716	-421.973405787485	82.4638801755899	0	0	0	0	0	1.5	1.5	1.5	1.5	1.5	1.5
246.130611658763	-0.157782684860748	4.30333965661811	-422.038592558016	82.3069051259859	0	0	0	0	0	1.5	1.5	1.5	1.5	1.5	1.5
246.300591362948	-0.0857618027159725	4.28264084664112	-422.107967325031	82.1517303730288	0	0	0	0	0	1.5	1.5	1.5	1.5	1.5	1.5
246.470571067132	-0.0137409205712214	4.27418412490618	-422.179597806153	81.9975811083481	0	0	0	0	0	1.5	1.5	1.5	1.5	1.5	1.5
246.640550771316	0.0582799615735658	4.27796949141329	-422.251588305937	81.8435992027209	0	0	0	0	0	1.5	1.5	1.5	1.5	1.5	1.5
246.8105304755	0.130300843718341	4.29399694616246	-422.322049178784	81.6889132605021	0	0	0	0	0	1.5	1.5	1.5	1.5	1.5	1.5
246.980510179685	0.132990269050899	4.31894139309506	-422.389163570024	81.5327492991652	0	0	0	0	0	1.5	1.5	1.5	1.5	1.5	1.5
247.150489883869	0.0821474684233765	4.33722591758243	-422.452777154079	81.3751244159804	0	0	0	0	0	1.5	1.5	1.5	1.5	1.5	1.5
247.320469588053	0.0313046677958544	4.34686819785924	-422.514184246493	81.2166250721914	0	0	0	0	0	1.5	1.5	1.5	1.5	1.5	1.5
247.490449292237	-0.0195381328316592	4.34786823392548	-422.574747305714	81.057800608436	0	0	0	0	0	1.5	1.5	1.5	1.5	1.5	1.5
247.660428996421	-0.0703809334591813	4.34022602578116	-422.635837353457	80.8991785346779	0	0	0	0	0	1.5	1.5	1.5	1.5	1.5	1.5
247.830408700606	-0.121223734086703	4.32394157342627	-422.698820089552	80.7412999949726	0	0	0	0	0	1.5	1.5	1.5	1.5	1.5	1.5
248.00038840479	-0.100332123524813	4.30317260931539	-422.76489391055	80.5846913510595	0	0	0	0	0	1.5	1.5	1.5	1.5	1.5	1.5
248.170368108974	-0.04598706657546	4.29073696299053	-422.833614801545	80.4292237878682	0	0	0	0	0	1.5	1.5	1.5	1.5	1.5	1.5
248.340347813158	0.00835799037386564	4.2875388733698	-422.903549270584	80.2742972187318	0	0	0	0	0	1.5	1.5	1.5	1.5	1.5	1.5
248.510327517343	0.0627030473232094	4.29357834045318	-422.9732634905	80.1192716204311	0	0	0	0	0	1.5	1.5	1.5	1.5	1.5	1.5
248.680307221527	0.117048104272553	4.3088553642407	-423.041320923157	79.9635130882915	0	0	0	0	0	1.5	1.5	1.5	1.5	1.5	1.5
248.850286925711	0.171393161221888	4.33336994473233	-423.106265155798	79.8064338213322	0	0	0	0	0	1.5	1.5	1.5	1.5	1.5	1.5
249.020266629895	0.198730272747422	4.36528755736187	-423.166682823055	79.6475617326484	0	0	0	0	0	1.5	1.5	1.5	1.5	1.5	1.5
249.19024633408	0.219282338409893	4.40081438735677	-423.221701025133	79.4867417775835	0	0	0	0	0	1.5	1.5	1.5	1.5	1.5	1.5
249.360226038264	0.239834404072357	4.43983465139334	-423.270687539152	79.3239850420299	0	0	0	0	0	1.5	1.5	1.5	1.5	1.5	1.5
249.530205742448	0.260386469734831	4.48234834947161	-423.312999587325	79.1593690088826	0	0	0	0	0	1.5	1.5	1.5	1.5	1.5	1.5
249.700185446632	0.280938535397295	4.52835548159154	-423.34798615203	78.9930441953458	0	0	0	0	0	1.5	1.5	1.5	1.5	1.5	1.5
249.870165150816	0.301490601059766	4.57785604775317	-423.374992825292	78.825241216584	0	0	0	0	0	1.5	1.5	1.5	1.5	1.5	1.5
250.040144855001	0.284292562446512	4.62786877373792	-423.393524333174	78.6562925349277	0	0	0	0	0	1.5	1.5	1.5	1.5	1.5	1.5
250.210124559185	0.26421887169461	4.67448667939641	-423.403873326306	78.4866435871645	0	0	0	0	0	1.5	1.5	1.5	1.5	1.5	1.5
250.380104263369	0.244145180942704	4.71769246503901	-423.406595232673	78.3166989014156	0	0	0	0	0	1.5	1.5	1.5	1.5	1.5	1.5
250.550083967553	0.224071490190798	4.75748613066571	-423.402264110999	78.1467856053433	0	0	0	0	0	1.5	1.5	1.5	1.5	1.5	1.5
250.720063671738	0.203997799438899	4.7938676762765	-423.391465987675	77.9771586231406	0	0	0	0	0	1.5	1.5	1.5	1.5	1.5	1.5
250.890043375922	0.185233608841813	4.82684222116651	-423.374793458692	77.8080062983701	0	0	0	0	0	1.5	1.5	1.5	1.5	1.5	1.5
251.060023080106	0.193628643093302	4.85904166792177	-423.352686086093	77.6394777620875	0	0	0	0	0	1.5	1.5	1.5	1.5	1.5	1.5
251.23000278429	0.202023677344787	4.89266810011569	-423.325045026528	77.471768641464	0	0	0	0	0	1.5	1.5	1.5	1.5	1.5	1.5
251.399982488474	0.210418711596275	4.92772151774832	-423.291662412518	77.3051080809169	0	0	0	0	0	1.5	1.5	1.5	1.5	1.5	1.5
251.569962192659	0.218813745847761	4.96420192081962	-423.252341653762	77.1397485528171	0	0	0	0	0	1.5	1.5	1.5	1.5	1.5	1.5
251.739941896843	0.227208780099249	5.00210930932961	-423.20689934369	76.9759662689853	0	0	0	0	0	1.5	1.5	1.5	1.5	1.5	1.5
251.909921601027	0.226715218743321	5.04132276932596	-423.155168351799	76.8140610932734	0	0	0	0	0	1.5	1.5	1.5	1.5	1.5	1.5
252.079901305211	0.179576509176554	5.07585344318812	-423.097386124872	76.654212913142	0	0	0	0	0	1.5	1.5	1.5	1.5	1.5	1.5
252.249881009396	0.132437799609771	5.10237149314249	-423.034751032971	76.49619946622	0	0	0	0	0	1.5	1.5	1.5	1.5	1.5	1.5
252.41986071358	0.0852990900429876	5.12087691918908	-422.968573960463	76.3396336085011	0	0	0	0	0	1.5	1.5	1.5	1.5	1.5	1.5
252.589840417764	0.0381603804762125	5.13136972132787	-422.900133194956	76.1840421762677	0	0	0	0	0	1.5	1.5	1.5	1.5	1.5	1.5
252.759820121948	-0.00897832909057059	5.13384989955888	-422.830684333417	76.0288972824481	0	0	0	0	0	1.5	1.5	1.5	1.5	1.5	1.5
252.929799826133	-0.0402671819318195	5.12869058541778	-422.761467039956	75.8736491093778	0	0	0	0	0	1.5	1.5	1.5	1.5	1.5	1.5
253.099779530317	-0.0301848445730892	5.12270287810554	-422.693218598715	75.7179726382578	0	0	0	0	0	1.5	1.5	1.5	1.5	1.5	1.5
253.269759234501	-0.020102507214359	5.11842896351502	-422.625769749406	75.5619479336025	0	0	0	0	0	1.5	1.5	1.5	1.5	1.5	1.5
253.439738938685	-0.0100201698556321	5.11586884164622	-422.558854399428	75.4056935900695	0	0	0	0	0	1.5	1.5	1.5	1.5	1.5	1.5
253.609718642869	6.21675030981483e-05	5.11502251249915	-422.492205266549	75.2493254632703	0	0	0	0	0	1.5	1.5	1.5	1.5	1.5	1.5
253.779698347054	0.0101445048618284	5.11588997607379	-422.4255544814	75.0929580410115	0	0	0	0	0	1.5	1.5	1.5	1.5	1.5	1.5
253.949678051238	0.0119351813300519	5.11819068887712	-422.358639992664	74.9367033223404	0	0	0	0	0	1.5	1.5	1.5	1.5	1.5	1.5
254.119657755422	0.00118940509130596	5.11930614553584	-422.291428717315	74.7805759987523	0	0	0	0	0	1.5	1.5	1.5	1.5	1.5	1.5
254.289637459606	-0.00955637114743637	5.11859503832827	-422.224185876271	74.6244622619717	0	0	0	0	0	1.5	1.5	1.5	1.5	1.5	1.5
254.459617163791	-0.0203021473861841	5.11605736725441	-422.157196729851	74.4682395412901	0	0	0	0	0	1.5	1.5	1.5	1.5	1.5	1.5
254.629596867975	-0.03104792362493	5.11169313231425	-422.090747133418	74.3117866570884	0	0	0	0	0	1.5	1.5	1.5	1.5	1.5	1.5
254.799576572159	-0.0417936998636723	5.10550233350781	-422.025124193977	74.1549853903838	0	0	0	0	0	1.5	1.5	1.5	1.5	1.5	1.5
254.969556276343	-0.0538525986586708	5.0974273990631	-421.960618458507	73.9977214298462	0	0	0	0	0	1.5	1.5	1.5	1.5	1.5	1.5
255.139535980528	-0.0671438449968458	5.08714392921315	-421.897556374777	73.8398733427295	0	0	0	0	0	1.5	1.5	1.5	1.5	1.5	1.5
255.309515684712	-0.0804350913350185	5.07460121724239	-421.836300025249	73.6813161590805	0	0	0	0	0	1.5	1.5	1.5	1.5	1.5	1.5
255.479495388896	-0.0937263376731934	5.05979926315083	-421.777217332174	73.5219367141139	0	0	0	0	0	1.5	1.5	1.5	1.5	1.5	1.5
255.64947509308	-0.107017584011368	5.04273806693847	-421.720681364714	73.3616367354521	0	0	0	0	0	1.5	1.5	1.5	1.5	1.5	1.5
255.819454797264	-0.120308830349539	5.02341762860531	-421.667070761405	73.2003354518635	0	0	0	0	0	1.5	1.5	1.5	1.5	1.5	1.5
255.989434501449	-0.109256521281134	5.00315117227458	-421.616724742452	73.0379859159616	0	0	0	0	0	1.5	1.5	1.5	1.5	1.5	1.5
256.159414205633	-0.0841950416786057	4.98670975255165	-421.569393353298	72.8747309379456	0	0	0	0	0	1.5	1.5	1.5	1.5	1.5	1.5
256.329393909817	-0.0591335620760692	4.97452827571797	-421.524402917936	72.7108144880365	0	0	0	0	0	1.5	1.5	1.5	1.5	1.5	1.5
256.499373614001	-0.0340720824735326	4.96660674177355	-421.481062179913	72.546453518078	0	0	0	0	0	1.5	1.5	1.5	1.5	1.5	1.5
256.669353318186	-0.00901060287100447	4.96294515071838	-421.43867398307	72.381843957015	0	0	0	0	0	1.5	1.5	1.5	1.5	1.5	1.5
256.83933302237	0.0160508767315321	4.96354350255248	-421.396537932157	72.217169576926	0	0	0	0	0	1.5	1.5	1.5	1.5	1.5	1.5
257.009312726554	0.0127759380642745	4.96659253157728	-421.354027332357	72.0525915571962	0	0	0	0	0	1.5	1.5	1.5	1.5	1.5	1.5
257.179292430738	0.000118898603310061	4.96768846183841	-421.311162116543	71.8881054786662	0	0	0	0	0	1.5	1.5	1.5	1.5	1.5	1.5
257.349272134923	-0.0125381408576544	4.96663295227612	-421.268293576261	71.7236202658948	0	0	0	0	0	1.5	1.5	1.5	1.5	1.5	1.5
257.519251839107	-0.0251951803186146	4.9634260028904	-421.225775705047	71.5590441269392	0	0	0	0	0	1.5	1.5	1.5	1.5	1.5	1.5
257.689231543291	-0.0378522197795791	4.95806761368127	-421.183963078866	71.3942875343294	0	0	0	0	0	1.5	1.5	1.5	1.5	1.5	1.5
257.859211247475	-0.0505092592405435	4.9505577846487	-421.143211419734	71.2292655172063	0	0	0	0	0	1.5	1.5	1.5	1.5	1.5	1.5
258.029190951659	-0.0607096901925708	4.94107809728468	-421.103869399766	71.0639020125443	0	0	0	0	0	1.5	1.5	1.5	1.5	1.5	1.5
258.199170655844	-0.0705420617387073	4.92992303030121	-421.066235923683	70.898141578209	0	0	0	0	0	1.5	1.5	1.5	1.5	1.5	1.5
258.369150360028	-0.0803744332848439	4.9170966597109	-421.030592751625	70.7319420959716	0	0	0	0	0	1.5	1.5	1.5	1.5	1.5	1.5
258.539130064212	-0.0902068048309805	4.90259898551374	-420.997223519819	70.5652714986069	0	0	0	0	0	1.5	1.5	1.5	1.5	1.5	1.5
258.709109768396	-0.100039176377117	4.88643000770975	-420.96641379091	70.3981092096234	0	0	0	0	0	1.5	1.5	1.5	1.5	1.5	1.5
258.879089472581	-0.109871547923254	4.86858972629891	-420.938450978349	70.2304476024695	0	0	0	0	0	1.5	1.5	1.5	1.5	1.5	1.5
259.049069176765	-0.130390339294709	4.84818309922958	-420.913673639135	70.0622864292782	0	0	0	0	0	1.5	1.5	1.5	1.5	1.5	1.5
259.219048880949	-0.151066675583567	4.82426210916479	-420.892629292558	69.8936185393588	0	0	0	0	0	1.5	1.5	1.5	1.5	1.5	1.5
259.389028585133	-0.171743011872419	4.79682656157401	-420.875922632606	69.7244672031075	0	0	0	0	0	1.5	1.5	1.5	1.5	1.5	1.5
259.559008289317	-0.192419348161277	4.76587645645723	-420.864160495668	69.5549017433763	0	0	0	0	0	1.5	1.5	1.5	1.5	1.5	1.5
259.728987993502	-0.213095684450135	4.73141179381445	-420.857949762686	69.3850439608598	0	0	0	0	0	1.5	1.5	1.5	1.5	1.5	1.5
259.898967697686	-0.23054283358588	4.69346166855378	-420.857894162571	69.2150744797887	0	0	0	0	0	1.5	1.5	1.5	1.5	1.5	1.5
260.06894740187	-0.220758705788421	4.65510561747341	-420.864392872007	69.0452294786522	0	0	0	0	0	1.5	1.5	1.5	1.5	1.5	1.5
260.238927106054	-0.210974577990961	4.61841266954175	-420.877258926526	68.8757469640061	0	0	0	0	0	1.5	1.5	1.5	1.5	1.5	1.5
260.408906810239	-0.201190450193505	4.58338282475882	-420.896193379849	68.706833874562	0	0	0	0	0	1.5	1.5	1.5	1.5	1.5	1.5
260.578886514423	-0.191406322396046	4.55001608312459	-420.920892292589	68.5386661520937	0	0	0	0	0	1.5	1.5	1.5	1.5	1.5	1.5
260.748866218607	-0.18162219459859	4.51831244463908	-420.951048673633	68.3713901155574	0	0	0	0	0	1.5	1.5	1.5	1.5	1.5	1.5
260.918845922791	-0.181973366819614	4.48808285516832	-420.986356469059	68.2051244369589	0	0	0	0	0	1.5	1.5	1.5	1.5	1.5	1.5
261.088825626976	-0.218369258628713	4.4540577946453	-421.026891719467	68.0400571645894	0	0	0	0	0	1.5	1.5	1.5	1.5	1.5	1.5
261.25880533116	-0.254765150437812	4.41384617119904	-421.073523772516	67.876610975117	0	0	0	0	0	1.5	1.5	1.5	1.5	1.5	1.5
261.428785035344	-0.291161042246911	4.36744798482955	-421.127186718298	67.7153403841253	0	0	0	0	0	1.5	1.5	1.5	1.5	1.5	1.5
261.598764739528	-0.32755693405601	4.31486323553683	-421.188760644689	67.5569260770864	0	0	0	0	0	1.5	1.5	1.5	1.5	1.5	1.5
261.768744443712	-0.363952825865097	4.2560919233209	-421.25905277626	67.4021882377034	0	0	0	0	0	1.5	1.5	1.5	1.5	1.5	1.5
261.938724147897	-0.370009195905779	4.19200383847487	-421.338760118373	67.2520888282072	0	0	0	0	0	1.5	1.5	1.5	1.5	1.5	1.5
262.108703852081	-0.316461547301785	4.13366079154409	-421.427639400034	67.1072255307949	0	0	0	0	0	1.5	1.5	1.5	1.5	1.5	1.5
262.278683556265	-0.262913898697809	4.08441975808279	-421.524182795185	66.9673447537254	0	0	0	0	0	1.5	1.5	1.5	1.5	1.5	1.5
262.448663260449	-0.209366250093815	4.04428073809095	-421.626882473172	66.8319121371881	0	0	0	0	0	1.5	1.5	1.5	1.5	1.5	1.5
262.618642964634	-0.155818601489821	4.01324373156857	-421.734338783118	66.7002158249607	0	0	0	0	0	1.5	1.5	1.5	1.5	1.5	1.5
262.788622668818	-0.102270952885826	3.99130873851567	-421.84524733255	66.5714088697394	0	0	0	0	0	1.5	1.5	1.5	1.5	1.5	1.5
262.958602373002	-0.0654158785707688	3.97784024069789	-421.958391667364	66.4445584331436	0	0	0	0	0	1.5	1.5	1.5	1.5	1.5	1.5
263.128582077186	-0.0491319057830665	3.96810484144818	-422.072962169487	66.3189938228083	0	0	0	0	0	1.5	1.5	1.5	1.5	1.5	1.5
263.29856178137	-0.0328479329953587	3.96113738707587	-422.188577530355	66.1943901672719	0	0	0	0	0	1.5	1.5	1.5	1.5	1.5	1.5
263.468541485555	-0.0165639602076509	3.95693787758095	-422.304886957482	66.0704338272744	0	0	0	0	0	1.5	1.5	1.5	1.5	1.5	1.5
263.638521189739	-0.000279987419948599	3.95550631296344	-422.421545002564	65.9468053713664	0	0	0	0	0	1.5	1.5	1.5	1.5	1.5	1.5
263.808500893923	0.0160039853677592	3.95684269322332	-422.538208932543	65.8231824662518	0	0	0	0	0	1.5	1.5	1.5	1.5	1.5	1.5
263.978480598107	0.0423505457632753	3.9614309192158	-422.654524730743	65.699232132034	0	0	0	0	0	1.5	1.5	1.5	1.5	1.5	1.5
264.148460302292	0.0764185424275788	3.97152508645426	-422.769939698084	65.5744433566114	0	0	0	0	0	1.5	1.5	1.5	1.5	1.5	1.5
264.318440006476	0.110486539091882	3.98741012168786	-422.88372330465	65.448166748284	0	0	0	0	0	1.5	1.5	1.5	1.5	1.5	1.5
264.48841971066	0.144554535756174	4.0090860249166	-422.995114441857	65.3197767884519	0	0	0	0	0	1.5	1.5	1.5	1.5	1.5	1.5
264.658399414844	0.178622532420478	4.0365527961405	-423.103316276238	65.1886903852604	0	0	0	0	0	1.5	1.5	1.5	1.5	1.5	1.5
264.828379119029	0.212690529084781	4.06981043535955	-423.207487254036	65.054381625973	0	0	0	0	0	1.5	1.5	1.5	1.5	1.5	1.5
264.998358823213	0.193352927209446	4.10576105499897	-423.306831903411	64.916466531492	0	0	0	0	0	1.5	1.5	1.5	1.5	1.5	1.5
265.168338527397	0.149172608878309	4.13487224964884	-423.401602845188	64.7753654126409	0	0	0	0	0	1.5	1.5	1.5	1.5	1.5	1.5
265.338318231581	0.104992290547173	4.15647368685802	-423.492767348481	64.6319045907587	0	0	0	0	0	1.5	1.5	1.5	1.5	1.5	1.5
265.508297935765	0.0608119722160361	4.17056536662651	-423.581358178028	64.4868381081612	0	0	0	0	0	1.5	1.5	1.5	1.5	1.5	1.5
265.67827763995	0.0166316538848996	4.1771472889543	-423.668445341604	64.3408627020011	0	0	0	0	0	1.5	1.5	1.5	1.5	1.5	1.5
265.848257344134	-0.027548664446222	4.17621945384141	-423.755119632293	64.1946414216338	0	0	0	0	0	1.5	1.5	1.5	1.5	1.5	1.5
266.018237048318	-0.0218044809274071	4.17119268077897	-423.842344291243	64.0487479865942	0	0	0	0	0	1.5	1.5	1.5	1.5	1.5	1.5
266.188216752502	-0.00387847625935945	4.16900989004638	-423.93010722441	63.9031775378351	0	0	0	0	0	1.5	1.5	1.5	1.5	1.5	1.5
266.358196456687	0.0140475284086822	4.16987415628447	-424.017966122304	63.7576649551344	0	0	0	0	0	1.5	1.5	1.5	1.5	1.5	1.5
266.528176160871	0.0319735330767299	4.17378547949324	-424.105477262835	63.6119430868029	0	0	0	0	0	1.5	1.5	1.5	1.5	1.5	1.5
266.698155865055	0.0498995377447776	4.18074385967269	-424.192195018438	63.4657479646407	0	0	0	0	0	1.5	1.5	1.5	1.5	1.5	1.5
266.868135569239	0.0678255424128253	4.19074929682281	-424.277669471838	63.3188228944825	0	0	0	0	0	1.5	1.5	1.5	1.5	1.5	1.5
267.038115273424	0.0608213628051122	4.20184913418494	-424.36153300911	63.1709726000477	0	0	0	0	0	1.5	1.5	1.5	1.5	1.5	1.5
267.208094977608	0.0516958182547259	4.21141195276103	-424.44386372163	63.0222630397259	0	0	0	0	0	1.5	1.5	1.5	1.5	1.5	1.5
267.378074681792	0.0425702737043366	4.21942361397393	-424.524884617837	62.8728356005787	0	0	0	0	0	1.5	1.5	1.5	1.5	1.5	1.5
267.548054385976	0.0334447291539473	4.22588411782364	-424.604822207821	62.7228256644066	0	0	0	0	0	1.5	1.5	1.5	1.5	1.5	1.5
267.71803409016	0.024319184603561	4.23079346431015	-424.683905773535	62.5723636049331	0	0	0	0	0	1.5	1.5	1.5	1.5	1.5	1.5
267.888013794345	0.0151597386361778	4.23415153941729	-424.762366732268	62.4215758383888	0	0	0	0	0	1.5	1.5	1.5	1.5	1.5	1.5
268.057993498529	0.00517747922037745	4.23587999655489	-424.840442147289	62.2705880173731	0	0	0	0	0	1.5	1.5	1.5	1.5	1.5	1.5
268.227973202713	-0.00480478019541958	4.23591167218989	-424.918384662485	62.1195315244923	0	0	0	0	0	1.5	1.5	1.5	1.5	1.5	1.5
268.397952906897	-0.0147870396112233	4.23424656632231	-424.996450512779	61.9685387562504	0	0	0	0	0	1.5	1.5	1.5	1.5	1.5	1.5
268.567932611082	-0.0247692990270237	4.23088467895214	-425.074895608005	61.8177427366053	0	0	0	0	0	1.5	1.5	1.5	1.5	1.5	1.5
268.737912315266	-0.0347515584428207	4.22582601007938	-425.153974852179	61.6672784177619	0	0	0	0	0	1.5	1.5	1.5	1.5	1.5	1.5
268.90789201945	-0.0398029559610076	4.21913732861972	-425.233940915452	61.5172836871251	0	0	0	0	0	1.5	1.5	1.5	1.5	1.5	1.5
269.077871723634	-0.018836799210702	4.21415354450096	-425.31484216586	61.3677911214127	0	0	0	0	0	1.5	1.5	1.5	1.5	1.5	1.5
269.247851427818	0.00212935753961059	4.21273358150449	-425.396221734411	61.2185582152138	0	0	0	0	0	1.5	1.5	1.5	1.5	1.5	1.5
269.417831132003	0.0230955142899232	4.21487743963033	-425.477547274406	61.0692958796999	0	0	0	0	0	1.5	1.5	1.5	1.5	1.5	1.5
269.587810836187	0.0440616710402288	4.22058511887846	-425.558286125711	60.9197156043426	0	0	0	0	0	1.5	1.5	1.5	1.5	1.5	1.5
269.757790540371	0.0650278277905414	4.22985661924889	-425.637902251062	60.7695351630833	0	0	0	0	0	1.5	1.5	1.5	1.5	1.5	1.5
269.927770244555	0.0797889589104914	4.24254558856666	-425.715855335584	60.6184854238758	0	0	0	0	0	1.5	1.5	1.5	1.5	1.5	1.5
270.09774994874	0.0783959778905517	4.25598970294858	-425.791788975336	60.4664106166242	0	0	0	0	0	1.5	1.5	1.5	1.5	1.5	1.5
270.267729652924	0.0770029968706115	4.2691970388288	-425.865689445557	60.3133374303977	0	0	0	0	0	1.5	1.5	1.5	1.5	1.5	1.5
270.437709357108	0.0756100158506717	4.28216759620731	-425.937580094546	60.1593100648017	0	0	0	0	0	1.5	1.5	1.5	1.5	1.5	1.5
270.607689061292	0.0742170348307316	4.29490137508412	-426.007485292858	60.0043714554509	0	0	0	0	0	1.5	1.5	1.5	1.5	1.5	1.5
270.777668765477	0.0728240538107914	4.30739837545922	-426.075430386438	59.8485632783198	0	0	0	0	0	1.5	1.5	1.5	1.5	1.5	1.5
270.947648469661	0.070783918243098	4.31963696613527	-426.141442096112	59.6919261406191	0	0	0	0	0	1.5	1.5	1.5	1.5	1.5	1.5
271.117628173845	0.0677454196352103	4.33141055407196	-426.205566111183	59.5345067111976	0	0	0	0	0	1.5	1.5	1.5	1.5	1.5	1.5
271.287607878029	0.0647069210273226	4.34266765891413	-426.267873206463	59.3763592465135	0	0	0	0	0	1.5	1.5	1.5	1.5	1.5	1.5
271.457587582213	0.061668422419435	4.35340828066176	-426.328437154379	59.2175359790858	0	0	0	0	0	1.5	1.5	1.5	1.5	1.5	1.5
271.627567286398	0.0586299238115473	4.36363241931485	-426.387332986122	59.0580865227121	0	0	0	0	0	1.5	1.5	1.5	1.5	1.5	1.5
271.797546990582	0.0555914252036597	4.37334007487342	-426.444636887157	58.8980579757367	0	0	0	0	0	1.5	1.5	1.5	1.5	1.5	1.5
271.967526694766	0.0487781498740496	4.38236760995974	-426.500430571391	58.7374965649223	0	0	0	0	0	1.5	1.5	1.5	1.5	1.5	1.5
272.13750639895	0.0383390484183173	4.38977168775729	-426.554895123234	58.5764792357097	0	0	0	0	0	1.5	1.5	1.5	1.5	1.5	1.5
272.307486103135	0.0278999469625886	4.39540133017744	-426.608309250041	58.4151102347926	0	0	0	0	0	1.5	1.5	1.5	1.5	1.5	1.5
272.477465807319	0.0174608455068564	4.3992565372202	-426.660957535645	58.2534896236518	0	0	0	0	0	1.5	1.5	1.5	1.5	1.5	1.5
272.647445511503	0.00702174405112413	4.40133730888557	-426.713125924712	58.0917133940452	0	0	0	0	0	1.5	1.5	1.5	1.5	1.5	1.5
272.817425215687	-0.0034173574046081	4.40164364517354	-426.765101197179	57.9298749853337	0	0	0	0	0	1.5	1.5	1.5	1.5	1.5	1.5
272.987404919872	0.0143238332244682	4.4016828797244	-426.817119300403	57.7680503392889	0	0	0	0	0	1.5	1.5	1.5	1.5	1.5	1.5
273.157384624056	0.0486610790340067	4.40703595810128	-426.868732722869	57.6060963825803	0	0	0	0	0	1.5	1.5	1.5	1.5	1.5	1.5
273.32736432824	0.0829983248435338	4.41822567136337	-426.919004607625	57.4437217090713	0	0	0	0	0	1.5	1.5	1.5	1.5	1.5	1.5
273.497344032424	0.117335570653072	4.43525201951066	-426.966980449613	57.2806550998004	0	0	0	0	0	1.5	1.5	1.5	1.5	1.5	1.5
273.667323736608	0.1516728164626	4.45811500254316	-427.011694222941	57.1166657148072	0	0	0	0	0	1.5	1.5	1.5	1.5	1.5	1.5
273.837303440793	0.186010062272138	4.48681462046086	-427.052165238653	56.9515802453811	0	0	0	0	0	1.5	1.5	1.5	1.5	1.5	1.5
274.007283144977	0.148473114281614	4.5167997315561	-427.087585013158	56.7853384680565	0	0	0	0	0	1.5	1.5	1.5	1.5	1.5	1.5
274.177262849161	0.0863402691667273	4.53675648628462	-427.118806683666	56.618253628172	0	0	0	0	0	1.5	1.5	1.5	1.5	1.5	1.5
274.347242553345	0.024207424051841	4.54615191838039	-427.147573299487	56.4507264225291	0	0	0	0	0	1.5	1.5	1.5	1.5	1.5	1.5
274.51722225753	-0.0379254210630453	4.54498602784341	-427.175650439569	56.2830816603369	0	0	0	0	0	1.5	1.5	1.5	1.5	1.5	1.5
274.687201961714	-0.100058266177911	4.53325881467368	-427.204807553641	56.1156223311672	0	0	0	0	0	1.5	1.5	1.5	1.5	1.5	1.5
274.857181665898	-0.162191111292797	4.51097027887119	-427.236807960756	55.9486855970442	0	0	0	0	0	1.5	1.5	1.5	1.5	1.5	1.5
275.027161370082	-0.136566820751092	4.48456951153147	-427.273089025268	55.7826281089608	0	0	0	0	0	1.5	1.5	1.5	1.5	1.5	1.5
275.197141074266	-0.0972072848378518	4.46470108487451	-427.313214096815	55.6174550899441	0	0	0	0	0	1.5	1.5	1.5	1.5	1.5	1.5
275.367120778451	-0.0578477489245982	4.4515229804889	-427.356063158908	55.4529660696982	0	0	0	0	0	1.5	1.5	1.5	1.5	1.5	1.5
275.537100482635	-0.0184882130113445	4.44503519837465	-427.400527778246	55.2889054274957	0	0	0	0	0	1.5	1.5	1.5	1.5	1.5	1.5
275.707080186819	0.0208713229019091	4.44523773853177	-427.445507836329	55.1249850434233	0	0	0	0	0	1.5	1.5	1.5	1.5	1.5	1.5
275.877059891003	0.0602308588151627	4.45213060096025	-427.489905984265	54.9609064399979	0	0	0	0	0	1.5	1.5	1.5	1.5	1.5	1.5
276.047039595188	0.0490381701399202	4.46150033801065	-427.532848491572	54.7964411571067	0	0	0	0	0	1.5	1.5	1.5	1.5	1.5	1.5
276.217019299372	0.0368499203119826	4.46879995411463	-427.57441868518	54.6316234081535	0	0	0	0	0	1.5	1.5	1.5	1.5	1.5	1.5
276.386999003556	0.024661670484045	4.47402781511834	-427.61495573861	54.4665483308213	0	0	0	0	0	1.5	1.5	1.5	1.5	1.5	1.5
276.55697870774	0.0124734206561115	4.47718392102177	-427.654800474748	54.3013046541472	0	0	0	0	0	1.5	1.5	1.5	1.5	1.5	1.5
276.726958411925	0.000285170828173906	4.47826827182492	-427.694294781722	54.1359768084954	0	0	0	0	0	1.5	1.5	1.5	1.5	1.5	1.5
276.896938116109	-0.00944589339459874	4.47730122243573	-427.733780965681	53.9706470210566	0	0	0	0	0	1.5	1.5	1.5	1.5	1.5	1.5
277.066917820293	0.00357591542817318	4.47680233387658	-427.77344577527	53.8053599921676	0	0	0	0	0	1.5	1.5	1.5	1.5	1.5	1.5
277.236897524477	0.0165977242509451	4.47851688852906	-427.813010106185	53.6400489027661	0	0	0	0	0	1.5	1.5	1.5	1.5	1.5	1.5
277.406877228661	0.0296195330737127	4.48244488639319	-427.852107871669	53.474626935596	0	0	0	0	0	1.5	1.5	1.5	1.5	1.5	1.5
277.576856932846	0.0426413418964846	4.48858632746895	-427.890372256417	53.3090103733694	0	0	0	0	0	1.5	1.5	1.5	1.5	1.5	1.5
277.74683663703	0.0556631507192565	4.49694121175636	-427.927435181234	53.1431210392607	0	0	0	0	0	1.5	1.5	1.5	1.5	1.5	1.5
277.916816341214	0.0635423442663271	4.50741581524743	-427.962927943864	52.9768889834307	0	0	0	0	0	1.5	1.5	1.5	1.5	1.5	1.5
278.086796045398	0.0525822141863934	4.51728522429459	-427.996678104507	52.8102942901647	0	0	0	0	0	1.5	1.5	1.5	1.5	1.5	1.5
278.256775749583	0.0416220841064597	4.52529163367294	-428.028937973432	52.6434043677337	0	0	0	0	0	1.5	1.5	1.5	1.5	1.5	1.5
278.426755453767	0.030661954026526	4.53143504338248	-428.060016347879	52.476290204765	0	0	0	0	0	1.5	1.5	1.5	1.5	1.5	1.5
278.596735157951	0.0197018239465923	4.53571545342322	-428.090223344658	52.3090161992346	0	0	0	0	0	1.5	1.5	1.5	1.5	1.5	1.5
278.766714862135	0.00874169386666225	4.53813286379515	-428.11987000289	52.1416418843584	0	0	0	0	0	1.5	1.5	1.5	1.5	1.5	1.5
278.93669456632	0.00676989703313213	4.5389404981643	-428.149263247541	51.974222841855	0	0	0	0	0	1.5	1.5	1.5	1.5	1.5	1.5
279.106674270504	0.0229254852170507	4.54146430430956	-428.178425375343	51.806763430362	0	0	0	0	0	1.5	1.5	1.5	1.5	1.5	1.5
279.276653974688	0.0390810734009638	4.54673423255524	-428.206934690877	51.6391917991379	0	0	0	0	0	1.5	1.5	1.5	1.5	1.5	1.5
279.446633678872	0.0552366615848823	4.55475028290136	-428.234330167377	51.4714347346543	0	0	0	0	0	1.5	1.5	1.5	1.5	1.5	1.5
279.616613383056	0.0713922497688009	4.56551245534789	-428.260149314289	51.3034282100527	0	0	0	0	0	1.5	1.5	1.5	1.5	1.5	1.5
279.786593087241	0.0875478379527194	4.57902074989485	-428.283927745753	51.1351212096684	0	0	0	0	0	1.5	1.5	1.5	1.5	1.5	1.5
279.956572791425	0.0925983819954733	4.5948464356313	-428.30520988438	50.9664808896065	0	0	0	0	0	1.5	1.5	1.5	1.5	1.5	1.5
280.126552495609	0.0843071231493092	4.60988160834783	-428.323854165779	50.7975283926115	0	0	0	0	0	1.5	1.5	1.5	1.5	1.5	1.5
280.296532199793	0.0760158643031423	4.62350743533838	-428.340075469236	50.6283257861312	0	0	0	0	0	1.5	1.5	1.5	1.5	1.5	1.5
280.466511903978	0.0677246054569754	4.63572391660295	-428.354109207775	50.4589274549718	0	0	0	0	0	1.5	1.5	1.5	1.5	1.5	1.5
280.636491608162	0.0594333466108113	4.64653105214152	-428.366191994723	50.2893785687963	0	0	0	0	0	1.5	1.5	1.5	1.5	1.5	1.5
280.806471312346	0.0511420877646444	4.65592884195412	-428.376561345247	50.1197160694757	0	0	0	0	0	1.5	1.5	1.5	1.5	1.5	1.5
280.97645101653	0.0412920849206809	4.66384174091474	-428.385457873568	49.9499697875995	0	0	0	0	0	1.5	1.5	1.5	1.5	1.5	1.5
281.146430720715	0.0302673818791558	4.66992356941385	-428.393163826506	49.7801651088555	0	0	0	0	0	1.5	1.5	1.5	1.5	1.5	1.5
281.316410424899	0.0192426788376307	4.67413142215124	-428.399996068801	49.6103228952364	0	0	0	0	0	1.5	1.5	1.5	1.5	1.5	1.5
281.486390129083	0.00821797579610565	4.67646529912691	-428.406272747824	49.4404591560833	0	0	0	0	0	1.5	1.5	1.5	1.5	1.5	1.5
281.656369833267	-0.00280672724541575	4.67692520034087	-428.412312141315	49.2705867777794	0	0	0	0	0	1.5	1.5	1.5	1.5	1.5	1.5
281.826349537451	-0.0138314302869408	4.67551112579311	-428.418432577506	49.1007173127779	0	0	0	0	0	1.5	1.5	1.5	1.5	1.5	1.5
281.996329241636	-0.0204981680626864	4.67247828492168	-428.424942411819	48.9308623766031	0	0	0	0	0	1.5	1.5	1.5	1.5	1.5	1.5
282.16630894582	-0.0251982010935181	4.66859455726594	-428.432043109648	48.7610311557329	0	0	0	0	0	1.5	1.5	1.5	1.5	1.5	1.5
282.336288650004	-0.0298982341243497	4.66391191938597	-428.439871156045	48.5912319546057	0	0	0	0	0	1.5	1.5	1.5	1.5	1.5	1.5
282.506268354188	-0.0345982671551814	4.65843037128177	-428.448562030025	48.4214747863574	0	0	0	0	0	1.5	1.5	1.5	1.5	1.5	1.5
282.676248058373	-0.0392983001860131	4.65214991295332	-428.458251086616	48.2517717309357	0	0	0	0	0	1.5	1.5	1.5	1.5	1.5	1.5
282.846227762557	-0.0439983332168448	4.64507054440064	-428.469073515514	48.0821372586986	0	0	0	0	0	1.5	1.5	1.5	1.5	1.5	1.5
283.016207466741	-0.0430500364063905	4.63758005276014	-428.481146588989	47.9125872509818	0	0	0	0	0	1.5	1.5	1.5	1.5	1.5	1.5
283.186187170925	-0.040757870522003	4.63045723114615	-428.494459797575	47.7431300701094	0	0	0	0	0	1.5	1.5	1.5	1.5	1.5	1.5
283.356166875109	-0.0384657046376162	4.62372403121112	-428.508946681704	47.5737691511855	0	0	0	0	0	1.5	1.5	1.5	1.5	1.5	1.5
283.526146579294	-0.0361735387532287	4.61738045295507	-428.524540599179	47.4045065366605	0	0	0	0	0	1.5	1.5	1.5	1.5	1.5	1.5
283.696126283478	-0.0338813728688412	4.61142649637798	-428.541174975084	47.2353429708056	0	0	0	0	0	1.5	1.5	1.5	1.5	1.5	1.5
283.866105987662	-0.0315892069844544	4.60586216147987	-428.558783310663	47.0662779779831	0	0	0	0	0	1.5	1.5	1.5	1.5	1.5	1.5
284.036085691846	-0.0291769010674443	4.60069689247606	-428.577298697895	46.8973098862523	0	0	0	0	0	1.5	1.5	1.5	1.5	1.5	1.5
284.206065396031	-0.0267548448940274	4.59594326165954	-428.596651851058	46.7284356700962	0	0	0	0	0	1.5	1.5	1.5	1.5	1.5	1.5
284.376045100215	-0.0243327887206112	4.5916013312349	-428.616772807467	46.5596511875481	0	0	0	0	0	1.5	1.5	1.5	1.5	1.5	1.5
284.546024804399	-0.0219107325471942	4.58767110120213	-428.637591698895	46.3909513464232	0	0	0	0	0	1.5	1.5	1.5	1.5	1.5	1.5
284.716004508583	-0.0194886763737772	4.58415257156124	-428.659038749507	46.2223301910493	0	0	0	0	0	1.5	1.5	1.5	1.5	1.5	1.5
284.885984212768	-0.0167709239281236	4.58104684139568	-428.681044269056	46.0537809884469	0	0	0	0	0	1.5	1.5	1.5	1.5	1.5	1.5
285.055963916952	-0.00758760053134261	4.57897661400469	-428.703501968162	45.8852914007318	0	0	0	0	0	1.5	1.5	1.5	1.5	1.5	1.5
285.225943621136	0.00159572286543536	4.57846736520811	-428.726176959771	45.7168308894306	0	0	0	0	0	1.5	1.5	1.5	1.5	1.5	1.5
285.39592332532	0.0107790462622164	4.57951909500594	-428.748806256435	45.5483642398944	0	0	0	0	0	1.5	1.5	1.5	1.5	1.5	1.5
285.565903029505	0.0199623696590005	4.58213180339819	-428.771126842158	45.3798564514873	0	0	0	0	0	1.5	1.5	1.5	1.5	1.5	1.5
285.735882733689	0.0291456930557785	4.58630549038484	-428.792875510647	45.2112739695582	0	0	0	0	0	1.5	1.5	1.5	1.5	1.5	1.5
285.905862437873	0.0379768529603915	4.59203532017569	-428.813788758797	45.0425859241982	0	0	0	0	0	1.5	1.5	1.5	1.5	1.5	1.5
286.075842142057	0.0449805187193367	4.5990858549247	-428.83361877802	44.8737672332137	0	0	0	0	0	1.5	1.5	1.5	1.5	1.5	1.5
286.245821846241	0.0519841844782795	4.60732687070762	-428.852157466383	44.7048019903662	0	0	0	0	0	1.5	1.5	1.5	1.5	1.5	1.5
286.415801550426	0.0589878502372247	4.61675836752445	-428.869202415306	44.5356796816163	0	0	0	0	0	1.5	1.5	1.5	1.5	1.5	1.5
286.58578125461	0.0659915159961675	4.62738034537519	-428.884550775612	44.3663951402196	0	0	0	0	0	1.5	1.5	1.5	1.5	1.5	1.5
286.755760958794	0.0729951817551127	4.63919280425984	-428.897999293513	44.1969492751744	0	0	0	0	0	1.5	1.5	1.5	1.5	1.5	1.5
286.925740662978	0.0696842114414771	4.65195226446318	-428.909348207276	44.0273500353924	0	0	0	0	0	1.5	1.5	1.5	1.5	1.5	1.5
287.095720367163	0.0395504248684406	4.6612361000465	-428.918754793734	43.8576314230076	0	0	0	0	0	1.5	1.5	1.5	1.5	1.5	1.5
287.265700071347	0.00941663829540403	4.66539780350218	-428.927020220905	43.6878529208538	0	0	0	0	0	1.5	1.5	1.5	1.5	1.5	1.5
287.435679775531	-0.0207171482776325	4.66443737483023	-428.935013889267	43.5180612902389	0	0	0	0	0	1.5	1.5	1.5	1.5	1.5	1.5
287.605659479715	-0.050850934850659	4.65835481403064	-428.943605414204	43.3482991171851	0	0	0	0	0	1.5	1.5	1.5	1.5	1.5	1.5
287.775639183899	-0.0809847214236956	4.64715012110341	-428.953663923587	43.1786181727935	0	0	0	0	0	1.5	1.5	1.5	1.5	1.5	1.5
287.945618888084	-0.0919345950702203	4.63147053612323	-428.966042608202	43.0090916031434	0	0	0	0	0	1.5	1.5	1.5	1.5	1.5	1.5
288.115598592268	-0.0737429142400583	4.61738962911197	-428.981018071723	42.8397742751601	0	0	0	0	0	1.5	1.5	1.5	1.5	1.5	1.5
288.285578296452	-0.0555512334098903	4.60640093862682	-428.998114716998	42.6706574119194	0	0	0	0	0	1.5	1.5	1.5	1.5	1.5	1.5
288.455558000636	-0.0373595525797222	4.5985044646678	-429.016807521688	42.5017091110403	0	0	0	0	0	1.5	1.5	1.5	1.5	1.5	1.5
288.625537704821	-0.0191678717495542	4.5937002072349	-429.036572858063	42.3328826458293	0	0	0	0	0	1.5	1.5	1.5	1.5	1.5	1.5
288.795517409005	-0.000976190919386111	4.59198816632814	-429.056888167405	42.16412133332	0	0	0	0	0	1.5	1.5	1.5	1.5	1.5	1.5
288.965497113189	0.0109500221084639	4.59309116119117	-429.077239596982	41.9953643610008	0	0	0	0	0	1.5	1.5	1.5	1.5	1.5	1.5
289.135476817373	0.017104904087598	4.59547554521903	-429.097283228359	41.8265705846254	0	0	0	0	0	1.5	1.5	1.5	1.5	1.5	1.5
289.305456521558	0.0232597860667321	4.59890613426499	-429.116836005121	41.657719287992	0	0	0	0	0	1.5	1.5	1.5	1.5	1.5	1.5
289.475436225742	0.0294146680458642	4.60338292832905	-429.135721038348	41.4887920638535	0	0	0	0	0	1.5	1.5	1.5	1.5	1.5	1.5
289.645415929926	0.0355695500249983	4.60890592741121	-429.153761212531	41.3197726020715	0	0	0	0	0	1.5	1.5	1.5	1.5	1.5	1.5
289.81539563411	0.0417244320041325	4.61547513151148	-429.170779145404	41.1506472466512	0	0	0	0	0	1.5	1.5	1.5	1.5	1.5	1.5
289.985375338294	0.0369230555119212	4.62249558539608	-429.186618611504	40.9814075061007	0	0	0	0	0	1.5	1.5	1.5	1.5	1.5	1.5
290.155355042479	0.0259301804097934	4.62783747262058	-429.201399480942	40.8120718722667	0	0	0	0	0	1.5	1.5	1.5	1.5	1.5	1.5
290.325334746663	0.0149373053076693	4.63131079418708	-429.215433854378	40.6426726189933	0	0	0	0	0	1.5	1.5	1.5	1.5	1.5	1.5
290.495314450847	0.00394443020554154	4.63291555009559	-429.229038077156	40.4732382109868	0	0	0	0	0	1.5	1.5	1.5	1.5	1.5	1.5
290.665294155031	-0.00704844489658622	4.63265174034611	-429.242528697084	40.303794702109	0	0	0	0	0	1.5	1.5	1.5	1.5	1.5	1.5
290.835273859216	-0.0180413199987103	4.63051936493863	-429.256222313735	40.1343675094588	0	0	0	0	0	1.5	1.5	1.5	1.5	1.5	1.5
291.0052535634	-0.017039785728255	4.62728910925202	-429.270402539274	39.964980393123	0	0	0	0	0	1.5	1.5	1.5	1.5	1.5	1.5
291.175233267584	-0.012167382761557	4.62480679632205	-429.285072217809	39.7956349311159	0	0	0	0	0	1.5	1.5	1.5	1.5	1.5	1.5
291.345212971768	-0.00729497979485899	4.62315269300701	-429.300092108523	39.6263201470531	0	0	0	0	0	1.5	1.5	1.5	1.5	1.5	1.5
291.515192675953	-0.00242257682816097	4.62232679930692	-429.315321939019	39.457024103308	0	0	0	0	0	1.5	1.5	1.5	1.5	1.5	1.5
291.685172380137	0.00244982613853543	4.62232911522178	-429.330621482886	39.2877343405801	0	0	0	0	0	1.5	1.5	1.5	1.5	1.5	1.5
291.855152084321	0.00732222910523346	4.62315964075159	-429.345850529227	39.1184382263489	0	0	0	0	0	1.5	1.5	1.5	1.5	1.5	1.5
292.025131788505	0.00512188108296435	4.62429225114657	-429.360894841577	38.9491256002517	0	0	0	0	0	1.5	1.5	1.5	1.5	1.5	1.5
292.195111492689	0.00191347066489428	4.62489018465104	-429.375791817829	38.7797999404706	0	0	0	0	0	1.5	1.5	1.5	1.5	1.5	1.5
292.365091196874	-0.00129493975317687	4.62494275350174	-429.390633720144	38.6104694418838	0	0	0	0	0	1.5	1.5	1.5	1.5	1.5	1.5
292.535070901058	-0.00450335017124802	4.62444995769868	-429.405512893875	38.4411422159956	0	0	0	0	0	1.5	1.5	1.5	1.5	1.5	1.5
292.705050605242	-0.00771176058931916	4.62341179724185	-429.420521679	38.2718264352878	0	0	0	0	0	1.5	1.5	1.5	1.5	1.5	1.5
292.875030309426	-0.0109201710073903	4.62182827213125	-429.435752396628	38.1025304842861	0	0	0	0	0	1.5	1.5	1.5	1.5	1.5	1.5
293.045010013611	-0.00170444956909415	4.62074830553819	-429.451238545766	37.933257698196	0	0	0	0	0	1.5	1.5	1.5	1.5	1.5	1.5
293.214989717795	0.00759420763253555	4.62124887520486	-429.46677373685	37.7639893994246	0	0	0	0	0	1.5	1.5	1.5	1.5	1.5	1.5
293.384969421979	0.0168928648341652	4.62333002787197	-429.482090410576	37.5947012166952	0	0	0	0	0	1.5	1.5	1.5	1.5	1.5	1.5
293.554949126163	0.0261915220357918	4.62699176353953	-429.496920914654	37.4253698150027	0	0	0	0	0	1.5	1.5	1.5	1.5	1.5	1.5
293.724928830347	0.0354901792374215	4.63223408220753	-429.510997397998	37.255974165173	0	0	0	0	0	1.5	1.5	1.5	1.5	1.5	1.5
293.894908534532	0.0420241765749366	4.6390310164542	-429.52405188528	37.0864968268819	0	0	0	0	0	1.5	1.5	1.5	1.5	1.5	1.5
294.064888238716	0.0263066155426145	4.64483844036961	-429.53598000573	36.9169364002303	0	0	0	0	0	1.5	1.5	1.5	1.5	1.5	1.5
294.2348679429	0.0105890545102924	4.64797419791025	-429.547149815759	36.7473241624152	0	0	0	0	0	1.5	1.5	1.5	1.5	1.5	1.5
294.404847647084	-0.00512850652202448	4.64843828907611	-429.558014323021	36.5776920265698	0	0	0	0	0	1.5	1.5	1.5	1.5	1.5	1.5
294.574827351269	-0.0208460675543466	4.6462307138672	-429.569026699457	36.4080694591461	0	0	0	0	0	1.5	1.5	1.5	1.5	1.5	1.5
294.744807055453	-0.0365636285866687	4.64135147228352	-429.580640038357	36.2384871116382	0	0	0	0	0	1.5	1.5	1.5	1.5	1.5	1.5
294.914786759637	-0.0479178187032906	4.63388529413875	-429.593306002059	36.0689803656765	0	0	0	0	0	1.5	1.5	1.5	1.5	1.5	1.5
295.084766463821	-0.0445379426895522	4.62602749265291	-429.607310079707	35.8995789578792	0	0	0	0	0	1.5	1.5	1.5	1.5	1.5	1.5
295.254746168006	-0.0411580666758137	4.61874420149206	-429.622596210541	35.7302883606716	0	0	0	0	0	1.5	1.5	1.5	1.5	1.5	1.5
295.42472587219	-0.0377781906620752	4.61203542065621	-429.639066326258	35.5611087911545	0	0	0	0	0	1.5	1.5	1.5	1.5	1.5	1.5
295.594705576374	-0.0343983146483367	4.60590115014535	-429.656622491274	35.3920384203346	0	0	0	0	0	1.5	1.5	1.5	1.5	1.5	1.5
295.764685280558	-0.0310184386345983	4.60034138995948	-429.6751669128	35.2230735428434	0	0	0	0	0	1.5	1.5	1.5	1.5	1.5	1.5
295.934664984742	-0.0252185286517961	4.59542711699045	-429.69460056715	35.0542085849242	0	0	0	0	0	1.5	1.5	1.5	1.5	1.5	1.5
296.104644688927	-0.0148258273334808	4.59202375309814	-429.714748495285	34.8854272683859	0	0	0	0	0	1.5	1.5	1.5	1.5	1.5	1.5
296.274624393111	-0.00443312601516893	4.59038693750159	-429.735321710686	34.716697199736	0	0	0	0	0	1.5	1.5	1.5	1.5	1.5	1.5
296.444604097295	0.00595957530314637	4.5905166702008	-429.75602206763	34.547982663044	0	0	0	0	0	1.5	1.5	1.5	1.5	1.5	1.5
296.614583801479	0.0163522766214617	4.59241295119577	-429.77655150194	34.3792472684814	0	0	0	0	0	1.5	1.5	1.5	1.5	1.5	1.5
296.784563505664	0.026744977939777	4.59607578048651	-429.796611840013	34.2104555321833	0	0	0	0	0	1.5	1.5	1.5	1.5	1.5	1.5
296.954543209848	0.0299085676655019	4.60122120631113	-429.815912005062	34.0415752857349	0	0	0	0	0	1.5	1.5	1.5	1.5	1.5	1.5
297.124522914032	0.0246592660393334	4.6058589184267	-429.834365016971	33.8726003338421	0	0	0	0	0	1.5	1.5	1.5	1.5	1.5	1.5
297.294502618216	0.0194099644131667	4.60960435580467	-429.852109603241	33.7035494666927	0	0	0	0	0	1.5	1.5	1.5	1.5	1.5	1.5
297.4644823224	0.0141606627869982	4.61245751844505	-429.869296348635	33.5344409335404	0	0	0	0	0	1.5	1.5	1.5	1.5	1.5	1.5
297.634462026585	0.00891136116083147	4.61441840634784	-429.886075999126	33.3652914911116	0	0	0	0	0	1.5	1.5	1.5	1.5	1.5	1.5
297.804441730769	0.00366205953466299	4.61548701951304	-429.902599413117	33.1961168067076	0	0	0	0	0	1.5	1.5	1.5	1.5	1.5	1.5
297.974421434953	0.0114865888454175	4.61630693426258	-429.918996495222	33.0269298266715	0	0	0	0	0	1.5	1.5	1.5	1.5	1.5	1.5
298.144401139137	0.0288094277402836	4.6197316867521	-429.935055140488	32.8577104685636	0	0	0	0	0	1.5	1.5	1.5	1.5	1.5	1.5
298.314380843322	0.0461322666351497	4.6261009702726	-429.950284907993	32.6884147037284	0	0	0	0	0	1.5	1.5	1.5	1.5	1.5	1.5
298.484360547506	0.0634551055300158	4.63541478482408	-429.964186653108	32.5190050460822	0	0	0	0	0	1.5	1.5	1.5	1.5	1.5	1.5
298.65434025169	0.0807779444248761	4.64767313040654	-429.976260326958	32.3494557491757	0	0	0	0	0	1.5	1.5	1.5	1.5	1.5	1.5
298.824319955874	0.0981007833197421	4.66287600701998	-429.98600488762	32.1797572325958	0	0	0	0	0	1.5	1.5	1.5	1.5	1.5	1.5
298.994299660059	0.0794893061586271	4.6788983670856	-429.9930021763	32.0099234797403	0	0	0	0	0	1.5	1.5	1.5	1.5	1.5	1.5
299.164279364243	0.0451684650065314	4.68949301261905	-429.997711202338	31.8400098155425	0	0	0	0	0	1.5	1.5	1.5	1.5	1.5	1.5
299.334259068427	0.0108476238544243	4.69425381172613	-430.0011155653	31.6700643707394	0	0	0	0	0	1.5	1.5	1.5	1.5	1.5	1.5
299.504238772611	-0.0234732172976714	4.69318076440681	-430.004206567144	31.5001127852686	0	0	0	0	0	1.5	1.5	1.5	1.5	1.5	1.5
299.674218476795	-0.05779405844979	4.6862738706611	-430.007975637027	31.3301752152063	0	0	0	0	0	1.5	1.5	1.5	1.5	1.5	1.5
299.84419818098	-0.0921148996018972	4.673533130489	-430.01341390764	31.1602836826309	0	0	0	0	0	1.5	1.5	1.5	1.5	1.5	1.5
300.014177885164	-0.0700180133434639	4.65885846462091	-430.02133196643	30.9904900583254	0	0	0	0	0	1.5	1.5	1.5	1.5	1.5	1.5
300.184157589348	-0.0349735223667057	4.64993524952998	-430.031268128566	30.8208015808782	0	0	0	0	0	1.5	1.5	1.5	1.5	1.5	1.5
300.354137293532	7.09686100524298e-05	4.64696888664857	-430.042212903576	30.6511746693223	0	0	0	0	0	1.5	1.5	1.5	1.5	1.5	1.5
300.524116997717	0.0351154595867989	4.64995937597667	-430.053155632273	30.4815476267654	0	0	0	0	0	1.5	1.5	1.5	1.5	1.5	1.5
300.694096701901	0.070159950563557	4.65890671751428	-430.063085653254	30.3118587928913	0	0	0	0	0	1.5	1.5	1.5	1.5	1.5	1.5
300.864076406085	0.105204441540303	4.67381091126141	-430.070991299863	30.142064610662	0	0	0	0	0	1.5	1.5	1.5	1.5	1.5	1.5
301.034056110269	0.0635016822492278	4.68860034166866	-430.076179560435	29.9721656686436	0	0	0	0	0	1.5	1.5	1.5	1.5	1.5	1.5
301.204035814454	0.0160965913417285	4.69536538716794	-430.079533821621	29.8022193948745	0	0	0	0	0	1.5	1.5	1.5	1.5	1.5	1.5
301.374015518638	-0.031308499565739	4.69407252933795	-430.082423087271	29.632264267419	0	0	0	0	0	1.5	1.5	1.5	1.5	1.5	1.5
301.543995222822	-0.0787135904732224	4.68472176817867	-430.086216762829	29.4623275299875	0	0	0	0	0	1.5	1.5	1.5	1.5	1.5	1.5
301.713974927006	-0.126118681380706	4.66731310369011	-430.092283680816	29.2924582860277	0	0	0	0	0	1.5	1.5	1.5	1.5	1.5	1.5
301.88395463119	-0.169097191696021	4.64186486199207	-430.101990326648	29.1227605636752	0	0	0	0	0	1.5	1.5	1.5	1.5	1.5	1.5
302.053934335375	-0.125629609446286	4.6168160747554	-430.116194591867	28.9533798510864	0	0	0	0	0	1.5	1.5	1.5	1.5	1.5	1.5
302.223914039559	-0.0821620271965518	4.59915589429114	-430.134012615063	28.7843388360495	0	0	0	0	0	1.5	1.5	1.5	1.5	1.5	1.5
302.393893743743	-0.0386944449468318	4.5888843205993	-430.154189803062	28.6155616909792	0	0	0	0	0	1.5	1.5	1.5	1.5	1.5	1.5
302.563873447927	0.00477313730291726	4.58600135367988	-430.175476725565	28.4469202234744	0	0	0	0	0	1.5	1.5	1.5	1.5	1.5	1.5
302.733853152112	0.0482407195526373	4.59050699353286	-430.196626805559	28.2782616248774	0	0	0	0	0	1.5	1.5	1.5	1.5	1.5	1.5
302.903832856296	0.0814885268827441	4.60225505267111	-430.216394485028	28.10943627534	0	0	0	0	0	1.5	1.5	1.5	1.5	1.5	1.5
303.07381256048	0.0642350225560841	4.61464007558425	-430.233989188626	27.9403707360558	0	0	0	0	0	1.5	1.5	1.5	1.5	1.5	1.5
303.243792264664	0.0469815182294298	4.62409235293581	-430.249736954713	27.7711227161832	0	0	0	0	0	1.5	1.5	1.5	1.5	1.5	1.5
303.413771968848	0.0297280139027697	4.63061188472578	-430.264132662608	27.6017540037724	0	0	0	0	0	1.5	1.5	1.5	1.5	1.5	1.5
303.583751673033	0.0124745095761096	4.63419867095416	-430.27767236006	27.4323145009802	0	0	0	0	0	1.5	1.5	1.5	1.5	1.5	1.5
303.753731377217	-0.00477899475054469	4.63485271162096	-430.29085275238	27.262846581545	0	0	0	0	0	1.5	1.5	1.5	1.5	1.5	1.5
303.923711081401	-0.0207434102095061	4.63260536663679	-430.304170294933	27.093389418105	0	0	0	0	0	1.5	1.5	1.5	1.5	1.5	1.5
304.093690785585	-0.0334933335883616	4.62799579380345	-430.318077383432	26.9239797330951	0	0	0	0	0	1.5	1.5	1.5	1.5	1.5	1.5
304.26367048977	-0.0462432569672172	4.6212189927658	-430.332948707042	26.7546521428921	0	0	0	0	0	1.5	1.5	1.5	1.5	1.5	1.5
304.433650193954	-0.0589931803460727	4.61227496352384	-430.349150519664	26.5854469174878	0	0	0	0	0	1.5	1.5	1.5	1.5	1.5	1.5
304.603629898138	-0.071743103724924	4.60116370607758	-430.367048186499	26.4164129685095	0	0	0	0	0	1.5	1.5	1.5	1.5	1.5	1.5
304.773609602322	-0.0844930271037795	4.587885220427	-430.387005774748	26.2476102144196	0	0	0	0	0	1.5	1.5	1.5	1.5	1.5	1.5
304.943589306507	-0.0843005148438942	4.57288335864571	-430.409375474249	26.0791105319479	0	0	0	0	0	1.5	1.5	1.5	1.5	1.5	1.5
305.113569010691	-0.0649758678258609	4.56019638096176	-430.434124930873	25.9109434238407	0	0	0	0	0	1.5	1.5	1.5	1.5	1.5	1.5
305.283548714875	-0.0456512208078212	4.55079420106141	-430.460730255503	25.7430594065691	0	0	0	0	0	1.5	1.5	1.5	1.5	1.5	1.5
305.453528419059	-0.0263265737897814	4.54467681894464	-430.488637568503	25.5753865370319	0	0	0	0	0	1.5	1.5	1.5	1.5	1.5	1.5
305.623508123243	-0.00700192677174169	4.54184423461146	-430.51729496793	25.4078400254571	0	0	0	0	0	1.5	1.5	1.5	1.5	1.5	1.5
305.793487827428	0.012322720246298	4.54229644806188	-430.546151767828	25.2403276855866	0	0	0	0	0	1.5	1.5	1.5	1.5	1.5	1.5
305.963467531612	0.0204427593285119	4.54553795366602	-430.574672019927	25.0727577961178	0	0	0	0	0	1.5	1.5	1.5	1.5	1.5	1.5
306.133447235796	0.0182340459356662	4.54882508962482	-430.602621108555	24.9050916926343	0	0	0	0	0	1.5	1.5	1.5	1.5	1.5	1.5
306.30342693998	0.0160253325428204	4.55173678913448	-430.630050399135	24.7373397524542	0	0	0	0	0	1.5	1.5	1.5	1.5	1.5	1.5
306.473406644165	0.0138166191499754	4.55427305219499	-430.65702263767	24.5695137035551	0	0	0	0	0	1.5	1.5	1.5	1.5	1.5	1.5
306.643386348349	0.0116079057571296	4.55643387880635	-430.683600657136	24.4016247597025	0	0	0	0	0	1.5	1.5	1.5	1.5	1.5	1.5
306.813366052533	0.00939919236428386	4.55821926896858	-430.709847363617	24.2336836910123	0	0	0	0	0	1.5	1.5	1.5	1.5	1.5	1.5
306.983345756717	0.00561490054263951	4.55954388677166	-430.73582876858	24.0657013642189	0	0	0	0	0	1.5	1.5	1.5	1.5	1.5	1.5
307.153325460902	0.000933806693352537	4.56010046043104	-430.761650399378	23.8976943927974	0	0	0	0	0	1.5	1.5	1.5	1.5	1.5	1.5
307.323305165086	-0.00374728715593287	4.55986134314267	-430.78744536268	23.7296833231035	0	0	0	0	0	1.5	1.5	1.5	1.5	1.5	1.5
307.49328486927	-0.00842838100521985	4.55882653490653	-430.813347336444	23.5616887250177	0	0	0	0	0	1.5	1.5	1.5	1.5	1.5	1.5
307.663264573454	-0.0131094748545068	4.55699603572263	-430.839489959144	23.3937314238373	0	0	0	0	0	1.5	1.5	1.5	1.5	1.5	1.5
307.833244277638	-0.0177905687037922	4.55436984559097	-430.866006779464	23.2258328191879	0	0	0	0	0	1.5	1.5	1.5	1.5	1.5	1.5
308.003223981823	-0.00204172165152872	4.55225753528727	-430.892975958816	23.0580062683114	0	0	0	0	0	1.5	1.5	1.5	1.5	1.5	1.5
308.173203686007	0.0203648962472607	4.55381481918602	-430.920001471413	22.89018876302	0	0	0	0	0	1.5	1.5	1.5	1.5	1.5	1.5
308.343183390191	0.0427715141460501	4.55918077336697	-430.946445873946	22.722278895831	0	0	0	0	0	1.5	1.5	1.5	1.5	1.5	1.5
308.513163094375	0.0651781320448396	4.56835539783013	-430.971668776882	22.5541815973682	0	0	0	0	0	1.5	1.5	1.5	1.5	1.5	1.5
308.68314279856	0.087584749943629	4.5813386925755	-430.995027744718	22.3858157694507	0	0	0	0	0	1.5	1.5	1.5	1.5	1.5	1.5
308.853122502744	0.109991367842411	4.59813065760307	-431.015877549986	22.2171216499228	0	0	0	0	0	1.5	1.5	1.5	1.5	1.5	1.5
309.023102206928	0.0770631402355184	4.61463548346282	-431.033770941592	22.0480883301706	0	0	0	0	0	1.5	1.5	1.5	1.5	1.5	1.5
309.193081911112	0.0359330466135979	4.6242390126701	-431.049449440027	21.8788339048268	0	0	0	0	0	1.5	1.5	1.5	1.5	1.5	1.5
309.363061615296	-0.00519704700833637	4.62685126073046	-431.06409391751	21.7094862720644	0	0	0	0	0	1.5	1.5	1.5	1.5	1.5	1.5
309.533041319481	-0.0463271406302706	4.62247222764388	-431.078887982055	21.5401517293497	0	0	0	0	0	1.5	1.5	1.5	1.5	1.5	1.5
309.703021023665	-0.0874572342522049	4.61110191341039	-431.095014954222	21.3709397103958	0	0	0	0	0	1.5	1.5	1.5	1.5	1.5	1.5
309.873000727849	-0.128587327874139	4.59274031802996	-431.113655388206	21.2019875860177	0	0	0	0	0	1.5	1.5	1.5	1.5	1.5	1.5
310.042980432033	-0.0785109156785816	4.57504352437508	-431.1355591269	21.0334273033877	0	0	0	0	0	1.5	1.5	1.5	1.5	1.5	1.5
310.212960136218	-0.0272962861684243	4.56605098593982	-431.15971056206	20.8651727038416	0	0	0	0	0	1.5	1.5	1.5	1.5	1.5	1.5
310.382939840402	0.0239183433417501	4.56576389507861	-431.184642488368	20.6970314071726	0	0	0	0	0	1.5	1.5	1.5	1.5	1.5	1.5
310.552919544586	0.0751329728519074	4.57418225179143	-431.208890538338	20.5287906325915	0	0	0	0	0	1.5	1.5	1.5	1.5	1.5	1.5
310.72289924877	0.126347602362082	4.59130605607831	-431.230987848555	20.3602554740417	0	0	0	0	0	1.5	1.5	1.5	1.5	1.5	1.5
310.892878952955	0.168199388723012	4.61705110652384	-431.249461006496	20.1912873257743	0	0	0	0	0	1.5	1.5	1.5	1.5	1.5	1.5
311.062858657139	0.130930338025698	4.64247409775657	-431.263400030936	20.0218847117077	0	0	0	0	0	1.5	1.5	1.5	1.5	1.5	1.5
311.232838361323	0.0936612873283836	4.66156210677654	-431.273565894652	19.8522118612632	0	0	0	0	0	1.5	1.5	1.5	1.5	1.5	1.5
311.402818065507	0.0563922366310692	4.67431513358376	-431.281029367547	19.6823972470466	0	0	0	0	0	1.5	1.5	1.5	1.5	1.5	1.5
311.572797769691	0.0191231859337672	4.68073317817821	-431.286864788153	19.512518034334	0	0	0	0	0	1.5	1.5	1.5	1.5	1.5	1.5
311.742777473876	-0.0181458647635471	4.68081624055992	-431.292147986563	19.3426204592422	0	0	0	0	0	1.5	1.5	1.5	1.5	1.5	1.5
311.91275717806	-0.0448194545846511	4.67476479346568	-431.297952659499	19.1727401703795	0	0	0	0	0	1.5	1.5	1.5	1.5	1.5	1.5
312.082736882244	-0.0344945872293056	4.66802390478308	-431.304943788788	19.0029046192872	0	0	0	0	0	1.5	1.5	1.5	1.5	1.5	1.5
312.252716586428	-0.0241697198739567	4.66303803399929	-431.312930609366	18.8331128334027	0	0	0	0	0	1.5	1.5	1.5	1.5	1.5	1.5
312.422696290613	-0.0138448525186078	4.6598071811143	-431.321614931882	18.6633551910999	0	0	0	0	0	1.5	1.5	1.5	1.5	1.5	1.5
312.592675994797	-0.00351998516325883	4.65833134612812	-431.330698731224	18.4936183976337	0	0	0	0	0	1.5	1.5	1.5	1.5	1.5	1.5
312.762655698981	0.0068048821920901	4.65861052904073	-431.339884087679	18.3238870547707	0	0	0	0	0	1.5	1.5	1.5	1.5	1.5	1.5
312.932635403165	0.0097529887941562	4.66043153439265	-431.348877211791	18.1541454432341	0	0	0	0	0	1.5	1.5	1.5	1.5	1.5	1.5
313.10261510735	-0.00161518895094587	4.66112316479768	-431.357618911526	17.984390675352	0	0	0	0	0	1.5	1.5	1.5	1.5	1.5	1.5
313.272594811534	-0.0129833666960479	4.65988243571248	-431.366407216601	17.8146383214004	0	0	0	0	0	1.5	1.5	1.5	1.5	1.5	1.5
313.442574515718	-0.0243515444411462	4.65670934713706	-431.37557012468	17.644905836125	0	0	0	0	0	1.5	1.5	1.5	1.5	1.5	1.5
313.612554219902	-0.0357197221862482	4.65160389907141	-431.385435513972	17.4752128456416	0	0	0	0	0	1.5	1.5	1.5	1.5	1.5	1.5
313.782533924086	-0.0470878999313503	4.64456609151553	-431.396331017109	17.3055830474389	0	0	0	0	0	1.5	1.5	1.5	1.5	1.5	1.5
313.952513628271	-0.0491506402754474	4.63596065708281	-431.408574352267	17.1360453883883	0	0	0	0	0	1.5	1.5	1.5	1.5	1.5	1.5
314.122493332455	-0.0403413782881343	4.62835474366167	-431.422218524467	16.9666145853411	0	0	0	0	0	1.5	1.5	1.5	1.5	1.5	1.5
314.292473036639	-0.0315321163008241	4.62224622598721	-431.437024202977	16.797281181119	0	0	0	0	0	1.5	1.5	1.5	1.5	1.5	1.5
314.462452740823	-0.022722854313511	4.61763510405943	-431.452737271512	16.6280294513582	0	0	0	0	0	1.5	1.5	1.5	1.5	1.5	1.5
314.632432445008	-0.0139135923261978	4.61452137787835	-431.469103951052	16.4588395929106	0	0	0	0	0	1.5	1.5	1.5	1.5	1.5	1.5
314.802412149192	-0.00510433033888764	4.61290504744394	-431.485870728197	16.2896888653378	0	0	0	0	0	1.5	1.5	1.5	1.5	1.5	1.5
314.972391853376	-0.00357775949575296	4.61242067542035	-431.502796425543	16.1205539482826	0	0	0	0	0	1.5	1.5	1.5	1.5	1.5	1.5
315.14237155756	-0.00710346307603905	4.61151287989381	-431.519829039138	15.9514297693191	0	0	0	0	0	1.5	1.5	1.5	1.5	1.5	1.5
315.312351261745	-0.0106291666563251	4.61000578631566	-431.537065847296	15.7823262897693	0	0	0	0	0	1.5	1.5	1.5	1.5	1.5	1.5
315.482330965929	-0.0141548702366112	4.60789939468588	-431.554608152032	15.6132542439375	0	0	0	0	0	1.5	1.5	1.5	1.5	1.5	1.5
315.652310670113	-0.0176805738168961	4.60519370500448	-431.572557197659	15.4442249152557	0	0	0	0	0	1.5	1.5	1.5	1.5	1.5	1.5
315.822290374297	-0.0212062773971822	4.60188871727147	-431.591014149075	15.2752503181567	0	0	0	0	0	1.5	1.5	1.5	1.5	1.5	1.5
315.992270078481	-0.0142304860107867	4.59861640212372	-431.610054876684	15.1063405085234	0	0	0	0	0	1.5	1.5	1.5	1.5	1.5	1.5
316.162249782666	-0.00292512144796154	4.59715834958325	-431.629502365195	14.9374769844625	0	0	0	0	0	1.5	1.5	1.5	1.5	1.5	1.5
316.33222948685	0.00838024311486736	4.59762197956687	-431.649033813702	14.76862313734	0	0	0	0	0	1.5	1.5	1.5	1.5	1.5	1.5
316.502209191034	0.0196856076776963	4.60000729207457	-431.668324710626	14.5997416780771	0	0	0	0	0	1.5	1.5	1.5	1.5	1.5	1.5
316.672188895218	0.0309909722405214	4.60431428710635	-431.687050387248	14.4307967046182	0	0	0	0	0	1.5	1.5	1.5	1.5	1.5	1.5
316.842168599403	0.0422963368033541	4.61054296466222	-431.704885818667	14.2617555745338	0	0	0	0	0	1.5	1.5	1.5	1.5	1.5	1.5
317.012148303587	0.0485541807758191	4.61833888588237	-431.721521972848	14.0925923650657	0	0	0	0	0	1.5	1.5	1.5	1.5	1.5	1.5
317.182128007771	0.0537503791270783	4.62703373529686	-431.736761578676	13.9232977337557	0	0	0	0	0	1.5	1.5	1.5	1.5	1.5	1.5
317.352107711955	0.0589465774783375	4.63661183296999	-431.750453804839	13.7538710479621	0	0	0	0	0	1.5	1.5	1.5	1.5	1.5	1.5
317.522087416139	0.0641427758295949	4.64707317890174	-431.762447754999	13.5843158019234	0	0	0	0	0	1.5	1.5	1.5	1.5	1.5	1.5
317.692067120324	0.0693389741808541	4.65841777309213	-431.772592364995	13.4146400027811	0	0	0	0	0	1.5	1.5	1.5	1.5	1.5	1.5
317.862046824508	0.0745351725321133	4.67064561554114	-431.780736473609	13.2448565722244	0	0	0	0	0	1.5	1.5	1.5	1.5	1.5	1.5
318.032026528692	0.0602787645215711	4.6821942522008	-431.786812536629	13.074986446442	0	0	0	0	0	1.5	1.5	1.5	1.5	1.5	1.5
318.202006232876	0.0448916432888701	4.69113266960508	-431.791147819697	12.9050626031689	0	0	0	0	0	1.5	1.5	1.5	1.5	1.5	1.5
318.371985937061	0.0295045220561742	4.69745558869398	-431.794186361736	12.7351103435136	0	0	0	0	0	1.5	1.5	1.5	1.5	1.5	1.5
318.541965641245	0.0141174008234834	4.70116300946749	-431.79637253208	12.565144796638	0	0	0	0	0	1.5	1.5	1.5	1.5	1.5	1.5
318.711945345429	-0.0012697204092125	4.70225493192563	-431.79815083596	12.3951744041439	0	0	0	0	0	1.5	1.5	1.5	1.5	1.5	1.5
318.881925049613	-0.014869255113014	4.70074128245923	-431.799965787116	12.225204406983	0	0	0	0	0	1.5	1.5	1.5	1.5	1.5	1.5
319.051904753798	-0.00289676974507893	4.69923135063428	-431.802102758593	12.0552381528858	0	0	0	0	0	1.5	1.5	1.5	1.5	1.5	1.5
319.221884457982	0.00907571562285616	4.69975649833052	-431.804323420026	11.8852729574276	0	0	0	0	0	1.5	1.5	1.5	1.5	1.5	1.5
319.391864162166	0.0210482009907872	4.70231672554794	-431.806281875237	11.7153045829009	0	0	0	0	0	1.5	1.5	1.5	1.5	1.5	1.5
319.56184386635	0.0330206863587223	4.70691203228656	-431.807632211161	11.5453303924571	0	0	0	0	0	1.5	1.5	1.5	1.5	1.5	1.5
319.731823570535	0.0449931717266614	4.71354241854638	-431.808028491417	11.3753514620552	0	0	0	0	0	1.5	1.5	1.5	1.5	1.5	1.5
319.901803274719	0.0532623679729544	4.72215024582353	-431.807125385695	11.2053746868994	0	0	0	0	0	1.5	1.5	1.5	1.5	1.5	1.5
320.071782978903	0.0450125969106255	4.73050262055334	-431.804736523705	11.0354122642172	0	0	0	0	0	1.5	1.5	1.5	1.5	1.5	1.5
320.241762683087	0.0367628258482993	4.73745270163839	-431.801047319802	10.8654729420256	0	0	0	0	0	1.5	1.5	1.5	1.5	1.5	1.5
320.411742387271	0.0285130547859705	4.74300048907868	-431.796296251724	10.6955598671844	0	0	0	0	0	1.5	1.5	1.5	1.5	1.5	1.5
320.581722091456	0.0202632837236416	4.74714598287421	-431.790721731908	10.5256717183721	0	0	0	0	0	1.5	1.5	1.5	1.5	1.5	1.5
320.75170179564	0.0120135126613154	4.74988918302497	-431.784562090109	10.3558037094657	0	0	0	0	0	1.5	1.5	1.5	1.5	1.5	1.5
320.921681499824	0.0173881891449174	4.75158006936164	-431.778049591406	10.1859488255423	0	0	0	0	0	1.5	1.5	1.5	1.5	1.5	1.5
321.091661204008	0.0542161295275209	4.75766570981476	-431.770961423863	10.0161172414019	0	0	0	0	0	1.5	1.5	1.5	1.5	1.5	1.5
321.261640908193	0.0910440699101244	4.77001135267984	-431.762308514211	9.84635900613722	0	0	0	0	0	1.5	1.5	1.5	1.5	1.5	1.5
321.431620612377	0.127872010292728	4.78861699795687	-431.751029718882	9.6767563718599	0	0	0	0	0	1.5	1.5	1.5	1.5	1.5	1.5
321.601600316561	0.164699950675331	4.81348264564585	-431.73606762513	9.50744085182313	0	0	0	0	0	1.5	1.5	1.5	1.5	1.5	1.5
321.771580020745	0.201527891057922	4.84460829574676	-431.716372203778	9.33861296294128	0	0	0	0	0	1.5	1.5	1.5	1.5	1.5	1.5
321.941559724929	0.221170646469642	4.88137952007907	-431.690921060265	9.17055926189352	0	0	0	0	0	1.5	1.5	1.5	1.5	1.5	1.5
322.111539429114	0.217147429113196	4.91863210849215	-431.659209088574	9.00357390492378	0	0	0	0	0	1.5	1.5	1.5	1.5	1.5	1.5
322.281519133298	0.213124211756749	4.95520083160912	-431.62135649736	8.83787218051786	0	0	0	0	0	1.5	1.5	1.5	1.5	1.5	1.5
322.451498837482	0.209100994400302	4.99108568942997	-431.577527122712	8.6736498149854	0	0	0	0	0	1.5	1.5	1.5	1.5	1.5	1.5
322.621478541666	0.205077777043855	5.02628668195471	-431.527889615067	8.5110883364712	0	0	0	0	0	1.5	1.5	1.5	1.5	1.5	1.5
322.791458245851	0.201054559687408	5.06080380918333	-431.472616560457	8.35035526369759	0	0	0	0	0	1.5	1.5	1.5	1.5	1.5	1.5
322.961437950035	0.204726737530451	5.09498447803531	-431.411873929552	8.19160819369918	0	0	0	0	0	1.5	1.5	1.5	1.5	1.5	1.5
323.131417654219	0.215190920643442	5.13067321769437	-431.345638573583	8.0350741375676	0	0	0	0	0	1.5	1.5	1.5	1.5	1.5	1.5
323.301397358403	0.225655103756437	5.16814065610351	-431.273723472722	7.88106784515934	0	0	0	0	0	1.5	1.5	1.5	1.5	1.5	1.5
323.471377062587	0.236119286869428	5.20738679326272	-431.195955971584	7.72993344440087	0	0	0	0	0	1.5	1.5	1.5	1.5	1.5	1.5
323.641356766772	0.246583469982422	5.24841162917202	-431.112187372323	7.58204203367626	0	0	0	0	0	1.5	1.5	1.5	1.5	1.5	1.5
323.811336470956	0.257047653095417	5.2912151638314	-431.022295969967	7.43779147248874	0	0	0	0	0	1.5	1.5	1.5	1.5	1.5	1.5
323.98131617514	0.242876038366855	5.33444367143131	-430.926230747337	7.29757721492524	0	0	0	0	0	1.5	1.5	1.5	1.5	1.5	1.5
324.151295879324	0.215236304022995	5.3733785716526	-430.824465349233	7.16144032463592	0	0	0	0	0	1.5	1.5	1.5	1.5	1.5	1.5
324.321275583509	0.187596569679135	5.40761527800639	-430.717786956875	7.02911497784217	0	0	0	0	0	1.5	1.5	1.5	1.5	1.5	1.5
324.491255287693	0.159956835335285	5.43715379049267	-430.606942588735	6.90025643433234	0	0	0	0	0	1.5	1.5	1.5	1.5	1.5	1.5
324.661234991877	0.132317100991425	5.46199410911146	-430.492634816275	6.77445760107832	0	0	0	0	0	1.5	1.5	1.5	1.5	1.5	1.5
324.831214696061	0.104677366647565	5.48213623386275	-430.37552579221	6.65126020417231	0	0	0	0	0	1.5	1.5	1.5	1.5	1.5	1.5
325.001194400246	0.0652858206344609	5.49681002199668	-430.256266401323	6.53014136080432	0	0	0	0	0	1.5	1.5	1.5	1.5	1.5	1.5
325.17117410443	0.0224053661605388	5.50426288299217	-430.135670105566	6.41035197307158	0	0	0	0	0	1.5	1.5	1.5	1.5	1.5	1.5
325.341153808614	-0.0204750883133834	5.5044269370209	-430.014618192746	6.2910224627216	0	0	0	0	0	1.5	1.5	1.5	1.5	1.5	1.5
325.511133512798	-0.0633555427873055	5.49730218408286	-429.893982575582	6.17127262618127	0	0	0	0	0	1.5	1.5	1.5	1.5	1.5	1.5
325.681113216983	-0.106235997261228	5.48288862417806	-429.774644313912	6.05023140677902	0	0	0	0	0	1.5	1.5	1.5	1.5	1.5	1.5
325.851092921167	-0.149116451735135	5.4611862573065	-429.657512432779	5.92705638452996	0	0	0	0	0	1.5	1.5	1.5	1.5	1.5	1.5
326.021072625351	-0.133999463873306	5.4365728172139	-429.543377248664	5.80110086105961	0	0	0	0	0	1.5	1.5	1.5	1.5	1.5	1.5
326.191052329535	-0.111576575558323	5.41570134594523	-429.432139200315	5.67257791757184	0	0	0	0	0	1.5	1.5	1.5	1.5	1.5	1.5
326.361032033719	-0.0891536872433475	5.39864131059931	-429.323357890442	5.54196771461987	0	0	0	0	0	1.5	1.5	1.5	1.5	1.5	1.5
326.531011737904	-0.0667307989283645	5.38539271117612	-429.216567789941	5.4097234290484	0	0	0	0	0	1.5	1.5	1.5	1.5	1.5	1.5
326.700991442088	-0.0443079106133816	5.37595554767567	-429.111284178945	5.27627588852088	0	0	0	0	0	1.5	1.5	1.5	1.5	1.5	1.5
326.870971146272	-0.0229470653635647	5.37032786721498	-429.007008349713	5.14203887989462	0	0	0	0	0	1.5	1.5	1.5	1.5	1.5	1.5
327.040950850456	-0.0496121510653797	5.36416107014276	-428.903432374468	5.00726119332649	0	0	0	0	0	1.5	1.5	1.5	1.5	1.5	1.5
327.210930554641	-0.0762772367671856	5.3534617496909	-428.800996983077	4.87161527937172	0	0	0	0	0	1.5	1.5	1.5	1.5	1.5	1.5
327.380910258825	-0.102942322469001	5.33822990585941	-428.700329373443	4.7346533402673	0	0	0	0	0	1.5	1.5	1.5	1.5	1.5	1.5
327.550889963009	-0.129607408170815	5.31846553864827	-428.602074276228	4.59595188263056	0	0	0	0	0	1.5	1.5	1.5	1.5	1.5	1.5
327.720869667193	-0.156272493872621	5.29416864805749	-428.506899247007	4.45512080844001	0	0	0	0	0	1.5	1.5	1.5	1.5	1.5	1.5
327.890849371377	-0.176279562193259	5.26541791712703	-428.415498660628	4.31181332926143	0	0	0	0	0	1.5	1.5	1.5	1.5	1.5	1.5
328.060829075562	-0.15506226096028	5.23725722458527	-428.328306044418	4.1659070660997	0	0	0	0	0	1.5	1.5	1.5	1.5	1.5	1.5
328.230808779746	-0.1338449597273	5.21270304263069	-428.244988323202	4.01775240023692	0	0	0	0	0	1.5	1.5	1.5	1.5	1.5	1.5
328.40078848393	-0.112627658494321	5.19175537126328	-428.165061982412	3.86773965797883	0	0	0	0	0	1.5	1.5	1.5	1.5	1.5	1.5
328.570768188114	-0.0914103572613484	5.17441421048304	-428.088021575577	3.71622348397972	0	0	0	0	0	1.5	1.5	1.5	1.5	1.5	1.5
328.740747892299	-0.0701930560283689	5.16067956028996	-428.0133442688	3.56352788821124	0	0	0	0	0	1.5	1.5	1.5	1.5	1.5	1.5
328.910727596483	-0.0599059571195708	5.15031351116664	-427.940496969796	3.40995016088	0	0	0	0	0	1.5	1.5	1.5	1.5	1.5	1.5
329.080707300667	-0.0813674027836072	5.13830670920391	-427.869294202634	3.25560341442795	0	0	0	0	0	1.5	1.5	1.5	1.5	1.5	1.5
329.250687004851	-0.102828848447651	5.12265189705585	-427.800233207901	3.10028732306908	0	0	0	0	0	1.5	1.5	1.5	1.5	1.5	1.5
329.420666709036	-0.124290294111694	5.10334907472244	-427.733897718008	2.94378874491567	0	0	0	0	0	1.5	1.5	1.5	1.5	1.5	1.5
329.59064641322	-0.145751739775738	5.08039824220369	-427.670883508843	2.78592475123167	0	0	0	0	0	1.5	1.5	1.5	1.5	1.5	1.5
329.760626117404	-0.167213185439782	5.0537993994996	-427.611799737095	2.62654939626268	0	0	0	0	0	1.5	1.5	1.5	1.5	1.5	1.5
329.930605821588	-0.179720647952329	5.0238355740895	-427.55726391981	2.46556254475927	0	0	0	0	0	1.5	1.5	1.5	1.5	1.5	1.5
330.100585525772	-0.177106831972365	4.9935088593483	-427.50764330613	2.30299354355053	0	0	0	0	0	1.5	1.5	1.5	1.5	1.5	1.5
330.270565229957	-0.174493015992402	4.96362644027416	-427.462938456297	2.13900443945293	0	0	0	0	0	1.5	1.5	1.5	1.5	1.5	1.5
330.440544934141	-0.171879200012439	4.9341883168671	-427.423116473602	1.97376151824221	0	0	0	0	0	1.5	1.5	1.5	1.5	1.5	1.5
330.610524638325	-0.169265384032475	4.90519448912709	-427.388138493723	1.80742566298533	0	0	0	0	0	1.5	1.5	1.5	1.5	1.5	1.5
330.780504342509	-0.166651568052511	4.87664495705415	-427.357960059975	1.64015223559464	0	0	0	0	0	1.5	1.5	1.5	1.5	1.5	1.5
330.950484046694	-0.175092695561252	4.84807255262846	-427.332544525326	1.4720891493804	0	0	0	0	0	1.5	1.5	1.5	1.5	1.5	1.5
331.120463750878	-0.194712337965207	4.81664287752613	-427.312155095596	1.30334380224663	0	0	0	0	0	1.5	1.5	1.5	1.5	1.5	1.5
331.290443455062	-0.214331980369156	4.78187826141178	-427.297360937988	1.13401771907818	0	0	0	0	0	1.5	1.5	1.5	1.5	1.5	1.5
331.460423159246	-0.233951622773111	4.74377870428539	-427.288744222427	0.964266852436575	0	0	0	0	0	1.5	1.5	1.5	1.5	1.5	1.5
331.630402863431	-0.253571265177067	4.70234420614698	-427.286883047961	0.794309499043009	0	0	0	0	0	1.5	1.5	1.5	1.5	1.5	1.5
331.800382567615	-0.273190907581015	4.65757476699656	-427.292346764912	0.624431832378552	0	0	0	0	0	1.5	1.5	1.5	1.5	1.5	1.5
331.970362271799	-0.278594901050011	4.61020822147932	-427.305664763924	0.454990681661893	0	0	0	0	0	1.5	1.5	1.5	1.5	1.5	1.5
332.140341975983	-0.274936771504228	4.56316364650063	-427.326982276922	0.286368811727386	0	0	0	0	0	1.5	1.5	1.5	1.5	1.5	1.5
332.310321680167	-0.271278641958445	4.51674087930002	-427.356154036523	0.11892652394487	0	0	0	0	0	1.5	1.5	1.5	1.5	1.5	1.5
332.480301384352	-0.26762051241266	4.47093991987743	-427.393013215623	-0.0469934877068817	0	0	0	0	0	1.5	1.5	1.5	1.5	1.5	1.5
332.650281088536	-0.263962382866876	4.42576076823292	-427.437379476369	-0.211066094960798	0	0	0	0	0	1.5	1.5	1.5	1.5	1.5	1.5
332.82026079272	-0.260304253321093	4.38120342436649	-427.489060387187	-0.372983985673584	0	0	0	0	0	1.5	1.5	1.5	1.5	1.5	1.5
332.990240496904	-0.25525818573497	4.33735462365701	-427.547849432027	-0.53245911722478	0	0	0	0	0	1.5	1.5	1.5	1.5	1.5	1.5
333.160220201089	-0.249712451918144	4.29443724385202	-427.61350046455	-0.68923477587831	0	0	0	0	0	1.5	1.5	1.5	1.5	1.5	1.5
333.330199905273	-0.244166718101316	4.25246252624069	-427.685745115402	-0.843083949738216	0	0	0	0	0	1.5	1.5	1.5	1.5	1.5	1.5
333.500179609457	-0.238620984284488	4.21143047082302	-427.764311238249	-0.993803592101598	0	0	0	0	0	1.5	1.5	1.5	1.5	1.5	1.5
333.670159313641	-0.233075250467662	4.17134107759904	-427.848924633904	-1.14121391613072	0	0	0	0	0	1.5	1.5	1.5	1.5	1.5	1.5
333.840139017825	-0.227529516650832	4.1321943465687	-427.939310499062	-1.28515767444613	0	0	0	0	0	1.5	1.5	1.5	1.5	1.5	1.5
334.01011872201	-0.205981900010448	4.09514325726493	-428.03514936614	-1.42553110776697	0	0	0	0	0	1.5	1.5	1.5	1.5	1.5	1.5
334.180098426194	-0.181561136338514	4.06220603192631	-428.135844307737	-1.56246545660534	0	0	0	0	0	1.5	1.5	1.5	1.5	1.5	1.5
334.350078130378	-0.157140372666573	4.03341984077259	-428.240717776461	-1.69622890295609	0	0	0	0	0	1.5	1.5	1.5	1.5	1.5	1.5
334.520057834562	-0.132719608994639	4.00878468380378	-428.349127324385	-1.8271449365233	0	0	0	0	0	1.5	1.5	1.5	1.5	1.5	1.5
334.690037538747	-0.108298845322698	3.98830056101988	-428.460463323415	-1.95558318699165	0	0	0	0	0	1.5	1.5	1.5	1.5	1.5	1.5
334.860017242931	-0.0838780816507563	3.97196747242089	-428.574145417766	-2.08195105575444	0	0	0	0	0	1.5	1.5	1.5	1.5	1.5	1.5
335.029996947115	-0.0895461043659939	3.95730084081819	-428.689718176916	-2.20659261920613	0	0	0	0	0	1.5	1.5	1.5	1.5	1.5	1.5
335.199976651299	-0.0960941082280689	3.94152330660747	-428.807174483584	-2.32946050129575	0	0	0	0	0	1.5	1.5	1.5	1.5	1.5	1.5
335.369956355484	-0.102642112090146	3.92463274463727	-428.926621781543	-2.45039335824362	0	0	0	0	0	1.5	1.5	1.5	1.5	1.5	1.5
335.539936059668	-0.109190115952219	3.90662915490762	-429.048160521055	-2.56922371701763	0	0	0	0	0	1.5	1.5	1.5	1.5	1.5	1.5
335.709915763852	-0.115738119814294	3.88751253741848	-429.171883491641	-2.6857777664599	0	0	0	0	0	1.5	1.5	1.5	1.5	1.5	1.5
335.879895468036	-0.119904480957958	3.8673018187536	-429.297875059347	-2.79987526708552	0	0	0	0	0	1.5	1.5	1.5	1.5	1.5	1.5
336.04987517222	-0.1009813634128	3.84852876351129	-429.426106104514	-2.91145057763566	0	0	0	0	0	1.5	1.5	1.5	1.5	1.5	1.5
336.219854876405	-0.0820582458676349	3.83297225419155	-429.556233930333	-3.0208090052131	0	0	0	0	0	1.5	1.5	1.5	1.5	1.5	1.5
336.389834580589	-0.0631351283224764	3.82063229079438	-429.687874897826	-3.1283422022182	0	0	0	0	0	1.5	1.5	1.5	1.5	1.5	1.5
336.559814284773	-0.0442120107773115	3.81150887331977	-429.820662657673	-3.23445680932131	0	0	0	0	0	1.5	1.5	1.5	1.5	1.5	1.5
336.729793988957	-0.0252888932321466	3.80560200176774	-429.95424439595	-3.33957072185894	0	0	0	0	0	1.5	1.5	1.5	1.5	1.5	1.5
336.899773693142	-0.0052233417135139	3.80293205970228	-430.088276746696	-3.44410976255188	0	0	0	0	0	1.5	1.5	1.5	1.5	1.5	1.5
337.069753397326	0.0191416584684073	3.80411497538465	-430.222393953194	-3.54853998182859	0	0	0	0	0	1.5	1.5	1.5	1.5	1.5	1.5
337.23973310151	0.0435066586503285	3.80943944659039	-430.356170516248	-3.6534059060554	0	0	0	0	0	1.5	1.5	1.5	1.5	1.5	1.5
337.409712805694	0.0678716588322416	3.8189054733195	-430.489167579254	-3.75925799450836	0	0	0	0	0	1.5	1.5	1.5	1.5	1.5	1.5
337.579692509878	0.0922366590141629	3.83251305557199	-430.620934099189	-3.86663693814941	0	0	0	0	0	1.5	1.5	1.5	1.5	1.5	1.5
337.749672214063	0.116601659196076	3.85026219334784	-430.751000264142	-3.97606789066235	0	0	0	0	0	1.5	1.5	1.5	1.5	1.5	1.5
337.919651918247	0.133052571116765	3.87193144153573	-430.878873988469	-4.08805123330109	0	0	0	0	0	1.5	1.5	1.5	1.5	1.5	1.5
338.089631622431	0.133379326418474	3.89457544909988	-431.004205984281	-4.20287177197225	0	0	0	0	0	1.5	1.5	1.5	1.5	1.5	1.5
338.259611326615	0.133706081720182	3.91727499843354	-431.126902794867	-4.32050404595897	0	0	0	0	0	1.5	1.5	1.5	1.5	1.5	1.5
338.4295910308	0.13403283702189	3.94003008953674	-431.246894669626	-4.44089425787235	0	0	0	0	0	1.5	1.5	1.5	1.5	1.5	1.5
338.599570734984	0.134359592323598	3.96284072240945	-431.364112795645	-4.56398673518904	0	0	0	0	0	1.5	1.5	1.5	1.5	1.5	1.5
338.769550439168	0.134686347625306	3.98570689705169	-431.478489349527	-4.68972394071362	0	0	0	0	0	1.5	1.5	1.5	1.5	1.5	1.5
338.939530143352	0.133619463236021	4.00857592926774	-431.589958559472	-4.81804562267159	0	0	0	0	0	1.5	1.5	1.5	1.5	1.5	1.5
339.109509847537	0.130813021320583	4.03105000701856	-431.69848682281	-4.94886419850136	0	0	0	0	0	1.5	1.5	1.5	1.5	1.5	1.5
339.279489551721	0.128006579405146	4.05304704660277	-431.804079766891	-5.08206354145455	0	0	0	0	0	1.5	1.5	1.5	1.5	1.5	1.5
339.449469255905	0.125200137489708	4.0745670480204	-431.906749813209	-5.21752883728183	0	0	0	0	0	1.5	1.5	1.5	1.5	1.5	1.5
339.619448960089	0.12239369557427	4.09561001127142	-432.006514010407	-5.35514838032751	0	0	0	0	0	1.5	1.5	1.5	1.5	1.5	1.5
339.789428664273	0.119587253658832	4.11617593635586	-432.103393806728	-5.49481364632343	0	0	0	0	0	1.5	1.5	1.5	1.5	1.5	1.5
339.959408368458	0.111858387594949	4.13602811199166	-432.197421178895	-5.63641519949175	0	0	0	0	0	1.5	1.5	1.5	1.5	1.5	1.5
340.129388072642	0.100352207529496	4.15406385908366	-432.288742514903	-5.77977743323513	0	0	0	0	0	1.5	1.5	1.5	1.5	1.5	1.5
340.299367776826	0.088846027464038	4.17014378909186	-432.377605481189	-5.92467688233421	0	0	0	0	0	1.5	1.5	1.5	1.5	1.5	1.5
340.46934748101	0.0773398473985804	4.18426790201623	-432.464270336063	-6.07090212738086	0	0	0	0	0	1.5	1.5	1.5	1.5	1.5	1.5
340.639327185195	0.0658336673331266	4.19643619785678	-432.549005632207	-6.21825433387818	0	0	0	0	0	1.5	1.5	1.5	1.5	1.5	1.5
340.809306889379	0.0543274872676691	4.20664867661352	-432.632086880628	-6.36654578584428	0	0	0	0	0	1.5	1.5	1.5	1.5	1.5	1.5
340.979286593563	0.0726112823763679	4.21663289221971	-432.713736652976	-6.51563026558125	0	0	0	0	0	1.5	1.5	1.5	1.5	1.5	1.5
341.149266297747	0.104764299072548	4.2317080166518	-432.793533799113	-6.66571346558307	0	0	0	0	0	1.5	1.5	1.5	1.5	1.5	1.5
341.319246001932	0.136917315768728	4.25224850135055	-432.8706451568	-6.8171925773609	0	0	0	0	0	1.5	1.5	1.5	1.5	1.5	1.5
341.489225706116	0.169070332464897	4.27825434631593	-432.94420977255	-6.97042350637218	0	0	0	0	0	1.5	1.5	1.5	1.5	1.5	1.5
341.6592054103	0.201223349161078	4.30972555154797	-433.013340082531	-7.12570297772727	0	0	0	0	0	1.5	1.5	1.5	1.5	1.5	1.5
341.829185114484	0.233376365857258	4.34666211704666	-433.077118839647	-7.28325323636834	0	0	0	0	0	1.5	1.5	1.5	1.5	1.5	1.5
341.999164818668	0.226245046615109	4.3863794725993	-433.134713703197	-7.44316606759318	0	0	0	0	0	1.5	1.5	1.5	1.5	1.5	1.5
342.169144522853	0.209540574768211	4.42341682810454	-433.186119864538	-7.60517595419882	0	0	0	0	0	1.5	1.5	1.5	1.5	1.5	1.5
342.339124227037	0.192836102921313	4.45761476242669	-433.231724615837	-7.76891504668902	0	0	0	0	0	1.5	1.5	1.5	1.5	1.5	1.5
342.509103931221	0.176131631074415	4.48897327556575	-433.271939066628	-7.93406204136911	0	0	0	0	0	1.5	1.5	1.5	1.5	1.5	1.5
342.679083635405	0.159427159227517	4.51749236752172	-433.307192181192	-8.10033999888274	0	0	0	0	0	1.5	1.5	1.5	1.5	1.5	1.5
342.84906333959	0.142722687380625	4.5431720382946	-433.337927070917	-8.26751319743474	0	0	0	0	0	1.5	1.5	1.5	1.5	1.5	1.5
343.019043043774	0.16915755973262	4.56937364487734	-433.364425217103	-8.43540988298822	0	0	0	0	0	1.5	1.5	1.5	1.5	1.5	1.5
343.189022747958	0.199507408972964	4.60070642603918	-433.386085086368	-8.60399690831088	0	0	0	0	0	1.5	1.5	1.5	1.5	1.5	1.5
343.359002452142	0.229857258213298	4.63719806559691	-433.402016207244	-8.77321892824315	0	0	0	0	0	1.5	1.5	1.5	1.5	1.5	1.5
343.528982156326	0.260207107453642	4.67884856355056	-433.411325010851	-8.94293123861363	0	0	0	0	0	1.5	1.5	1.5	1.5	1.5	1.5
343.698961860511	0.290556956693987	4.72565791990012	-433.413120761077	-9.11288593480015	0	0	0	0	0	1.5	1.5	1.5	1.5	1.5	1.5
343.868941564695	0.319188223015632	4.77762128617573	-433.406524027394	-9.28271844027458	0	0	0	0	0	1.5	1.5	1.5	1.5	1.5	1.5
344.038921268879	0.297765069456689	4.8300560552507	-433.390951510091	-9.45196375545736	0	0	0	0	0	1.5	1.5	1.5	1.5	1.5	1.5
344.208900973063	0.276341915897753	4.87884932302101	-433.366836036585	-9.62020706541345	0	0	0	0	0	1.5	1.5	1.5	1.5	1.5	1.5
344.378880677248	0.25491876233881	4.9240010894867	-433.334846800954	-9.78713483358358	0	0	0	0	0	1.5	1.5	1.5	1.5	1.5	1.5
344.548860381432	0.233495608779868	4.96551135464774	-433.295656190168	-9.95252239887679	0	0	0	0	0	1.5	1.5	1.5	1.5	1.5	1.5
344.718840085616	0.212072455220932	5.00338011850413	-433.249933463586	-10.1162266410692	0	0	0	0	0	1.5	1.5	1.5	1.5	1.5	1.5
344.8888197898	0.193089676411723	5.03763943118562	-433.198339676297	-10.2781783571428	0	0	0	0	0	1.5	1.5	1.5	1.5	1.5	1.5
345.058799493985	0.187459002548729	5.06998220712432	-433.14141555431	-10.4383352351519	0	0	0	0	0	1.5	1.5	1.5	1.5	1.5	1.5
345.228779198169	0.181828328685734	5.10136788278543	-433.079417759292	-10.5965976801625	0	0	0	0	0	1.5	1.5	1.5	1.5	1.5	1.5
345.398758902353	0.17619765482274	5.13179645816895	-433.01255875029	-10.752869057717	0	0	0	0	0	1.5	1.5	1.5	1.5	1.5	1.5
345.568738606537	0.170566980959745	5.16126793327488	-432.941049922617	-10.9070685911848	0	0	0	0	0	1.5	1.5	1.5	1.5	1.5	1.5
345.738718310721	0.164936307096753	5.18978230810321	-432.865100902819	-11.0591307119367	0	0	0	0	0	1.5	1.5	1.5	1.5	1.5	1.5
345.908698014906	0.156306652237904	5.2172715013106	-432.784919824215	-11.209004893088	0	0	0	0	0	1.5	1.5	1.5	1.5	1.5	1.5
346.07867771909	0.139448392530996	5.242407678821	-432.700803564582	-11.3567074086881	0	0	0	0	0	1.5	1.5	1.5	1.5	1.5	1.5
346.248657423274	0.122590132824082	5.26467829433337	-432.613209715055	-11.5023756030519	0	0	0	0	0	1.5	1.5	1.5	1.5	1.5	1.5
346.418637127458	0.105731873117168	5.28408334784769	-432.522599241263	-11.6461877544837	0	0	0	0	0	1.5	1.5	1.5	1.5	1.5	1.5
346.588616831643	0.0888736134102535	5.30062283936397	-432.429418508897	-11.7883489023868	0	0	0	0	0	1.5	1.5	1.5	1.5	1.5	1.5
346.758596535827	0.0720153537033395	5.31429676888221	-432.334100559413	-11.9290867360355	0	0	0	0	0	1.5	1.5	1.5	1.5	1.5	1.5
346.928576240011	0.0566968036793715	5.325155683019	-432.237065812437	-12.0686470259125	0	0	0	0	0	1.5	1.5	1.5	1.5	1.5	1.5
347.098555944195	0.0438246850445781	5.33369898947772	-432.138686805877	-12.2072633848804	0	0	0	0	0	1.5	1.5	1.5	1.5	1.5	1.5
347.26853564838	0.0309525664097804	5.34005429701868	-432.039277807665	-12.3451432364464	0	0	0	0	0	1.5	1.5	1.5	1.5	1.5	1.5
347.438515352564	0.0180804477749871	5.34422160564188	-431.939144664258	-12.4824982924861	0	0	0	0	0	1.5	1.5	1.5	1.5	1.5	1.5
347.608495056748	0.00520832914018938	5.3462009153473	-431.838589803511	-12.6195450370291	0	0	0	0	0	1.5	1.5	1.5	1.5	1.5	1.5
347.778474760932	-0.0076637894946083	5.34599222613496	-431.737913637049	-12.7565027277374	0	0	0	0	0	1.5	1.5	1.5	1.5	1.5	1.5
347.948454465116	-0.0147639199224695	5.34384241848218	-431.637410311781	-12.8935872622913	0	0	0	0	0	1.5	1.5	1.5	1.5	1.5	1.5
348.118434169301	-0.0161668895475143	5.34121361356024	-431.537245864383	-13.0309195843082	0	0	0	0	0	1.5	1.5	1.5	1.5	1.5	1.5
348.288413873485	-0.0175698591725587	5.33834633227645	-431.437459195307	-13.1685266361337	0	0	0	0	0	1.5	1.5	1.5	1.5	1.5	1.5
348.458393577669	-0.0189728287976026	5.33524057463082	-431.33808394267	-13.306431080482	0	0	0	0	0	1.5	1.5	1.5	1.5	1.5	1.5
348.628373281853	-0.0203757984226469	5.33189634062334	-431.23915395364	-13.4446552830473	0	0	0	0	0	1.5	1.5	1.5	1.5	1.5	1.5
348.798352986038	-0.0217787680476913	5.32831363025402	-431.140703299475	-13.5832212876125	0	0	0	0	0	1.5	1.5	1.5	1.5	1.5	1.5
348.968332690222	-0.032561437269817	5.3239976819194	-431.042780525229	-13.7221607944316	0	0	0	0	0	1.5	1.5	1.5	1.5	1.5	1.5
349.138312394406	-0.0490773464045528	5.31705921376993	-430.945631629495	-13.8616422471807	0	0	0	0	0	1.5	1.5	1.5	1.5	1.5	1.5
349.30829209859	-0.065593255539283	5.30731337627141	-430.849649863505	-14.001928994325	0	0	0	0	0	1.5	1.5	1.5	1.5	1.5	1.5
349.478271802775	-0.0821091646740243	5.29476016942383	-430.75523840731	-14.1432767818476	0	0	0	0	0	1.5	1.5	1.5	1.5	1.5	1.5
349.648251506959	-0.0986250738087601	5.2793995932272	-430.662809159842	-14.2859279845459	0	0	0	0	0	1.5	1.5	1.5	1.5	1.5	1.5
349.818231211143	-0.11514098294349	5.26123164768151	-430.572784583233	-14.4301080122691	0	0	0	0	0	1.5	1.5	1.5	1.5	1.5	1.5
349.988210915327	-0.112126743510149	5.24147969958831	-430.485555285532	-14.5759956470476	0	0	0	0	0	1.5	1.5	1.5	1.5	1.5	1.5
350.158190619511	-0.102144141291664	5.22326884878135	-430.40111994272	-14.7235184388971	0	0	0	0	0	1.5	1.5	1.5	1.5	1.5	1.5
350.328170323696	-0.0921615390731836	5.20675483774649	-430.319258350872	-14.8724852905086	0	0	0	0	0	1.5	1.5	1.5	1.5	1.5	1.5
350.49815002788	-0.0821789368546994	5.19193766648371	-430.239740185852	-15.0227165540156	0	0	0	0	0	1.5	1.5	1.5	1.5	1.5	1.5
350.668129732064	-0.0721963346362186	5.17881733499302	-430.162328100737	-15.1740441929998	0	0	0	0	0	1.5	1.5	1.5	1.5	1.5	1.5
350.838109436248	-0.0622137324177343	5.16739384327441	-430.086778746353	-15.3263106718101	0	0	0	0	0	1.5	1.5	1.5	1.5	1.5	1.5
351.008089140433	-0.063393163124827	5.15685744456409	-430.012879018985	-15.4793847182803	0	0	0	0	0	1.5	1.5	1.5	1.5	1.5	1.5
351.178068844617	-0.0664874503159258	5.14581891043813	-429.94063321989	-15.6332461850423	0	0	0	0	0	1.5	1.5	1.5	1.5	1.5	1.5
351.348048548801	-0.0695817375070257	5.13425441029076	-429.870130900426	-15.7879142191257	0	0	0	0	0	1.5	1.5	1.5	1.5	1.5	1.5
351.518028252985	-0.0726760246981255	5.12216394412199	-429.801462838682	-15.9434052000758	0	0	0	0	0	1.5	1.5	1.5	1.5	1.5	1.5
351.688007957169	-0.0757703118892244	5.10954751193182	-429.734720853721	-16.0997324978056	0	0	0	0	0	1.5	1.5	1.5	1.5	1.5	1.5
351.857987661354	-0.0788645990803242	5.09640511372024	-429.669997789288	-16.2569063152241	0	0	0	0	0	1.5	1.5	1.5	1.5	1.5	1.5
352.027967365538	-0.100772344234651	5.08118499747086	-429.60746694065	-16.4149646416708	0	0	0	0	0	1.5	1.5	1.5	1.5	1.5	1.5
352.197947069722	-0.123252354733455	5.06214517144059	-429.547652882513	-16.5740699679796	0	0	0	0	0	1.5	1.5	1.5	1.5	1.5	1.5
352.367926773906	-0.145732365232267	5.03928419987566	-429.491185403438	-16.7343923454731	0	0	0	0	0	1.5	1.5	1.5	1.5	1.5	1.5
352.537906478091	-0.168212375731078	5.01260208277609	-429.438706689053	-16.8960629045047	0	0	0	0	0	1.5	1.5	1.5	1.5	1.5	1.5
352.707886182275	-0.190692386229889	4.98209882014187	-429.390871826644	-17.0591661998731	0	0	0	0	0	1.5	1.5	1.5	1.5	1.5	1.5
352.877865886459	-0.211043143574398	4.94779207814861	-429.348348312391	-17.2237323382804	0	0	0	0	0	1.5	1.5	1.5	1.5	1.5	1.5
353.047845590643	-0.211711975734682	4.91186218308736	-429.311679193591	-17.3897003092292	0	0	0	0	0	1.5	1.5	1.5	1.5	1.5	1.5
353.217825294828	-0.212380807894966	4.87581860013334	-429.281005183769	-17.5568800839512	0	0	0	0	0	1.5	1.5	1.5	1.5	1.5	1.5
353.387804999012	-0.213049640055251	4.83966132928656	-429.256385118429	-17.7250579795717	0	0	0	0	0	1.5	1.5	1.5	1.5	1.5	1.5
353.557784703196	-0.213718472215535	4.80339037054705	-429.2378702843	-17.8940169488083	0	0	0	0	0	1.5	1.5	1.5	1.5	1.5	1.5
353.72776440738	-0.21438730437582	4.76700572391477	-429.225504228325	-18.0635368389142	0	0	0	0	0	1.5	1.5	1.5	1.5	1.5	1.5
353.897744111564	-0.208122174013196	4.7306292642331	-429.219321147014	-18.233394632286	0	0	0	0	0	1.5	1.5	1.5	1.5	1.5	1.5
354.067723815749	-0.175262362689564	4.69804546916433	-429.219069092018	-18.4033666264956	0	0	0	0	0	1.5	1.5	1.5	1.5	1.5	1.5
354.237703519933	-0.142402551365933	4.67104717510389	-429.223880109422	-18.573273064581	0	0	0	0	0	1.5	1.5	1.5	1.5	1.5	1.5
354.407683224117	-0.109542740042312	4.64963438205181	-429.232802093743	-18.7430152008335	0	0	0	0	0	1.5	1.5	1.5	1.5	1.5	1.5
354.577662928301	-0.0766829287186807	4.63380709000806	-429.244883059056	-18.9125632639711	0	0	0	0	0	1.5	1.5	1.5	1.5	1.5	1.5
354.747642632486	-0.0438231173950491	4.62356529897264	-429.25917300331	-19.0819404865149	0	0	0	0	0	1.5	1.5	1.5	1.5	1.5	1.5
354.91762233667	-0.022443777708033	4.61859105323708	-429.274730136054	-19.2512066038849	0	0	0	0	0	1.5	1.5	1.5	1.5	1.5	1.5
355.087602040854	-0.0248145556106828	4.6145745744782	-429.290984645299	-19.4204072301103	0	0	0	0	0	1.5	1.5	1.5	1.5	1.5	1.5
355.257581745038	-0.0271853335133325	4.61015511159274	-429.307952688734	-19.5895377663909	0	0	0	0	0	1.5	1.5	1.5	1.5	1.5	1.5
355.427561449223	-0.0295561114159822	4.60533266458071	-429.325702090061	-19.7585880624149	0	0	0	0	0	1.5	1.5	1.5	1.5	1.5	1.5
355.597541153407	-0.031926889318632	4.60010723344209	-429.344300559069	-19.9275470249902	0	0	0	0	0	1.5	1.5	1.5	1.5	1.5	1.5
355.767520857591	-0.0342976672212809	4.5944788181769	-429.363815673457	-20.0964025367836	0	0	0	0	0	1.5	1.5	1.5	1.5	1.5	1.5
355.937500561775	-0.0264260687311351	4.58883294115121	-429.384305257833	-20.2651425636188	0	0	0	0	0	1.5	1.5	1.5	1.5	1.5	1.5
356.107480265959	-0.00566986488190879	4.58610511250068	-429.405533510773	-20.4337914376024	0	0	0	0	0	1.5	1.5	1.5	1.5	1.5	1.5
356.277459970144	0.0150863389673106	4.58690541724043	-429.426924297253	-20.6024198220656	0	0	0	0	0	1.5	1.5	1.5	1.5	1.5	1.5
356.447439674328	0.0358425428165369	4.59123385537046	-429.447882572275	-20.7711023787598	0	0	0	0	0	1.5	1.5	1.5	1.5	1.5	1.5
356.617419378512	0.0565987466657632	4.59909042689076	-429.46781272973	-20.9399091900519	0	0	0	0	0	1.5	1.5	1.5	1.5	1.5	1.5
356.787399082696	0.0773549505149896	4.61047513180135	-429.486117908928	-21.1088994491727	0	0	0	0	0	1.5	1.5	1.5	1.5	1.5	1.5
356.957378786881	0.0756597864291719	4.624319386302	-429.502233263821	-21.278112095638	0	0	0	0	0	1.5	1.5	1.5	1.5	1.5	1.5
357.127358491065	0.0563252475771006	4.63553677482057	-429.516187594878	-21.4475171518772	0	0	0	0	0	1.5	1.5	1.5	1.5	1.5	1.5
357.297338195249	0.0369907087250228	4.64346768414452	-429.528519434308	-21.6170484873032	0	0	0	0	0	1.5	1.5	1.5	1.5	1.5	1.5
357.467317899433	0.017656169872945	4.64811211427386	-429.539785099381	-21.7866543016332	0	0	0	0	0	1.5	1.5	1.5	1.5	1.5	1.5
357.637297603617	-0.00167836897912634	4.64947006520858	-429.550541703974	-21.9562933019213	0	0	0	0	0	1.5	1.5	1.5	1.5	1.5	1.5
357.807277307802	-0.0210129078312041	4.64754153694869	-429.561346703368	-22.1259292133146	0	0	0	0	0	1.5	1.5	1.5	1.5	1.5	1.5
357.977257011986	-0.0100585905112364	4.64407087703979	-429.572690706537	-22.2955298646998	0	0	0	0	0	1.5	1.5	1.5	1.5	1.5	1.5
358.14723671617	0.01530607582273	4.64451686004027	-429.584317479758	-22.4651114579054	0	0	0	0	0	1.5	1.5	1.5	1.5	1.5	1.5
358.317216420354	0.0406707421566965	4.64927432152093	-429.595502999491	-22.6347225682169	0	0	0	0	0	1.5	1.5	1.5	1.5	1.5	1.5
358.487196124539	0.066035408490663	4.65834326148177	-429.605515680814	-22.8044065311427	0	0	0	0	0	1.5	1.5	1.5	1.5	1.5	1.5
358.657175828723	0.0914000748246209	4.67172367992278	-429.613623090725	-22.9741915066889	0	0	0	0	0	1.5	1.5	1.5	1.5	1.5	1.5
358.827155532907	0.116764741158587	4.68941557684398	-429.619091791776	-23.1440809965616	0	0	0	0	0	1.5	1.5	1.5	1.5	1.5	1.5
358.997135237091	0.0791559197165475	4.70715745774039	-429.621379965783	-23.3140430164526	0	0	0	0	0	1.5	1.5	1.5	1.5	1.5	1.5
359.167114941276	0.025430757287063	4.71604626394973	-429.621384402737	-23.4840221511417	0	0	0	0	0	1.5	1.5	1.5	1.5	1.5	1.5
359.33709464546	-0.0282944051424215	4.71580288294206	-429.620654068758	-23.65400027608	0	0	0	0	0	1.5	1.5	1.5	1.5	1.5	1.5
359.507074349644	-0.082019567571906	4.70642731471738	-429.620741245042	-23.8239793255062	0	0	0	0	0	1.5	1.5	1.5	1.5	1.5	1.5
359.677054053828	-0.135744730001391	4.68791955927568	-429.623198099896	-23.9939388372004	0	0	0	0	0	1.5	1.5	1.5	1.5	1.5	1.5
359.847033758013	-0.189469892430875	4.66027961661696	-429.629575460015	-24.1637934408071	0	0	0	0	0	1.5	1.5	1.5	1.5	1.5	1.5
360.017013462197	-0.166970618455848	4.62948442860064	-429.641107129699	-24.3333747807643	0	0	0	0	0	1.5	1.5	1.5	1.5	1.5	1.5
360.186993166381	-0.13807743683225	4.60355843950072	-429.657446507288	-24.5025625617994	0	0	0	0	0	1.5	1.5	1.5	1.5	1.5	1.5
360.356972870565	-0.109184255208661	4.58254370486612	-429.677752113419	-24.6713219109625	0	0	0	0	0	1.5	1.5	1.5	1.5	1.5	1.5
360.526952574749	-0.0802910735850625	4.56644022469683	-429.701186243494	-24.839676643699	0	0	0	0	0	1.5	1.5	1.5	1.5	1.5	1.5
360.696932278934	-0.0513978919614641	4.55524799899287	-429.726915944007	-25.0076968203725	0	0	0	0	0	1.5	1.5	1.5	1.5	1.5	1.5
360.866911983118	-0.0232719554939546	4.54896462332186	-429.754112670824	-25.1754863967028	0	0	0	0	0	1.5	1.5	1.5	1.5	1.5	1.5
361.036891687302	-0.015186413562542	4.54569605222405	-429.782061256858	-25.3431525846299	0	0	0	0	0	1.5	1.5	1.5	1.5	1.5	1.5
361.206871391486	-0.00710087163112936	4.5438018591519	-429.810442568176	-25.510746117583	0	0	0	0	0	1.5	1.5	1.5	1.5	1.5	1.5
361.376851095671	0.000984670300280564	4.54328204410543	-429.839026148796	-25.6783052952698	0	0	0	0	0	1.5	1.5	1.5	1.5	1.5	1.5
361.546830799855	0.00907021223169319	4.54413660708462	-429.867581683424	-25.8458692515448	0	0	0	0	0	1.5	1.5	1.5	1.5	1.5	1.5
361.716810504039	0.0171557541631058	4.54636554808949	-429.895878837157	-26.0134770046088	0	0	0	0	0	1.5	1.5	1.5	1.5	1.5	1.5
361.886790208223	0.0241916813671061	4.54995513559345	-429.923687214164	-26.1811664876903	0	0	0	0	0	1.5	1.5	1.5	1.5	1.5	1.5
362.056769912407	0.0254584212448548	4.5541748904708	-429.950825429632	-26.3489656957355	0	0	0	0	0	1.5	1.5	1.5	1.5	1.5	1.5
362.226749616592	0.0267251611226036	4.55860996541785	-429.977237254418	-26.516880757549	0	0	0	0	0	1.5	1.5	1.5	1.5	1.5	1.5
362.396729320776	0.0279919010003523	4.5632603604346	-430.00288601359	-26.6849140545919	0	0	0	0	0	1.5	1.5	1.5	1.5	1.5	1.5
362.56670902496	0.029258640878101	4.56812607552104	-430.027734971647	-26.8530674729695	0	0	0	0	0	1.5	1.5	1.5	1.5	1.5	1.5
362.736688729144	0.0305253807558493	4.57320711067718	-430.05174733367	-27.0213423794231	0	0	0	0	0	1.5	1.5	1.5	1.5	1.5	1.5
362.906668433329	0.0302159611638081	4.57846716265469	-430.074886799447	-27.1897395226579	0	0	0	0	0	1.5	1.5	1.5	1.5	1.5	1.5
363.076648137513	0.0256667345148244	4.58321662469493	-430.097171820724	-27.3582519059552	0	0	0	0	0	1.5	1.5	1.5	1.5	1.5	1.5
363.246627841697	0.0211175078658422	4.5871928105351	-430.118721448444	-27.5268599582211	0	0	0	0	0	1.5	1.5	1.5	1.5	1.5	1.5
363.416607545881	0.0165682812168584	4.59039572017522	-430.139665716825	-27.6955443165127	0	0	0	0	0	1.5	1.5	1.5	1.5	1.5	1.5
363.586587250065	0.0120190545678762	4.59282535361527	-430.160134845533	-27.8642870211467	0	0	0	0	0	1.5	1.5	1.5	1.5	1.5	1.5
363.75656695425	0.007469827918891	4.59448171085526	-430.180259193855	-28.033071214155	0	0	0	0	0	1.5	1.5	1.5	1.5	1.5	1.5
363.926546658434	0.00285298073200845	4.59536256204332	-430.200169267806	-28.2018808314567	0	0	0	0	0	1.5	1.5	1.5	1.5	1.5	1.5
364.096526362618	-0.00187052621824546	4.59544606070713	-430.219997667093	-28.3707000672494	0	0	0	0	0	1.5	1.5	1.5	1.5	1.5	1.5
364.266506066802	-0.00659403316850095	4.59472665905683	-430.239879741281	-28.5395129864487	0	0	0	0	0	1.5	1.5	1.5	1.5	1.5	1.5
364.436485770987	-0.0113175401187564	4.59320435709241	-430.2599510157	-28.7083035020949	0	0	0	0	0	1.5	1.5	1.5	1.5	1.5	1.5
364.606465475171	-0.0160410470690103	4.59087915481387	-430.280346961266	-28.8770550715556	0	0	0	0	0	1.5	1.5	1.5	1.5	1.5	1.5
364.776445179355	-0.0207645540192658	4.58775105222121	-430.301202953516	-29.045750370352	0	0	0	0	0	1.5	1.5	1.5	1.5	1.5	1.5
364.946424883539	-0.00628696044240142	4.58464449148136	-430.322630821414	-29.2143739738302	0	0	0	0	0	1.5	1.5	1.5	1.5	1.5	1.5
365.116404587724	0.0269961413509501	4.58640456170373	-430.344216893276	-29.3829774512347	0	0	0	0	0	1.5	1.5	1.5	1.5	1.5	1.5
365.286384291908	0.0602792431443016	4.59382208372326	-430.365029008644	-29.5516778422548	0	0	0	0	0	1.5	1.5	1.5	1.5	1.5	1.5
365.456363996092	0.093562344937642	4.60689705753996	-430.384111423724	-29.7205818042244	0	0	0	0	0	1.5	1.5	1.5	1.5	1.5	1.5
365.626343700276	0.126845446730993	4.62562948315383	-430.400505218281	-29.8897666060496	0	0	0	0	0	1.5	1.5	1.5	1.5	1.5	1.5
365.796323404461	0.160128548524345	4.65001936056487	-430.413247536665	-30.0592638025072	0	0	0	0	0	1.5	1.5	1.5	1.5	1.5	1.5
365.966303108645	0.151592521895315	4.67785008064329	-430.42145039412	-30.2290398472695	0	0	0	0	0	1.5	1.5	1.5	1.5	1.5	1.5
366.136282812829	0.117821126523536	4.700747506774	-430.425293531585	-30.3989723822945	0	0	0	0	0	1.5	1.5	1.5	1.5	1.5	1.5
366.306262517013	0.0840497311517573	4.71790448110954	-430.425732857469	-30.5689494300391	0	0	0	0	0	1.5	1.5	1.5	1.5	1.5	1.5
366.476242221197	0.05027833577999	4.72932100364988	-430.423743788436	-30.7389165689159	0	0	0	0	0	1.5	1.5	1.5	1.5	1.5	1.5
366.646221925382	0.0165069404082	4.73499707439505	-430.4203022062	-30.9088611965196	0	0	0	0	0	1.5	1.5	1.5	1.5	1.5	1.5
366.816201629566	-0.0172644549635673	4.73493269334503	-430.416383794663	-31.0787957267165	0	0	0	0	0	1.5	1.5	1.5	1.5	1.5	1.5
366.98618133375	-0.00965757110274045	4.73172764993448	-430.41285521853	-31.2487387204707	0	0	0	0	0	1.5	1.5	1.5	1.5	1.5	1.5
367.156161037934	0.0125434105725994	4.73197291700418	-430.409600845478	-31.4186872661376	0	0	0	0	0	1.5	1.5	1.5	1.5	1.5	1.5
367.326140742119	0.0347443922479318	4.73599190037166	-430.405984130958	-31.5886283728437	0	0	0	0	0	1.5	1.5	1.5	1.5	1.5	1.5
367.496120446303	0.0569453739232716	4.74378460003691	-430.401363848723	-31.7585448406787	0	0	0	0	0	1.5	1.5	1.5	1.5	1.5	1.5
367.666100150487	0.0791463555986115	4.75535101599994	-430.395099111476	-31.9284081098603	0	0	0	0	0	1.5	1.5	1.5	1.5	1.5	1.5
367.836079854671	0.101347337273944	4.77069114826073	-430.386549829221	-32.0981710105412	0	0	0	0	0	1.5	1.5	1.5	1.5	1.5	1.5
368.006059558855	0.0891434072061791	4.78729932499873	-430.375198857032	-32.2677693203466	0	0	0	0	0	1.5	1.5	1.5	1.5	1.5	1.5
368.17603926304	0.071194552402334	4.80092642447061	-430.36127994729	-32.4371768653376	0	0	0	0	0	1.5	1.5	1.5	1.5	1.5	1.5
368.346018967224	0.0532456975984888	4.81150258291249	-430.345311950454	-32.6064040889719	0	0	0	0	0	1.5	1.5	1.5	1.5	1.5	1.5
368.515998671408	0.0352968427946437	4.81902780032436	-430.327812965515	-32.7754802512145	0	0	0	0	0	1.5	1.5	1.5	1.5	1.5	1.5
368.685978375592	0.0173479879908045	4.82350207670623	-430.309299859223	-32.9444486392497	0	0	0	0	0	1.5	1.5	1.5	1.5	1.5	1.5
368.855958079777	-0.000600866813040626	4.8249254120581	-430.290288564929	-33.1133618278184	0	0	0	0	0	1.5	1.5	1.5	1.5	1.5	1.5
369.025937783961	-0.00441344291073754	4.82446837301812	-430.271230307388	-33.2822697380408	0	0	0	0	0	1.5	1.5	1.5	1.5	1.5	1.5
369.195917488145	-0.00785317582747443	4.82342583490589	-430.252298768703	-33.4511918918481	0	0	0	0	0	1.5	1.5	1.5	1.5	1.5	1.5
369.365897192329	-0.0112929087442125	4.82179861201	-430.233592738925	-33.6201391554998	0	0	0	0	0	1.5	1.5	1.5	1.5	1.5	1.5
369.535876896514	-0.0147326416609505	4.81958670433045	-430.215211050433	-33.7891219995076	0	0	0	0	0	1.5	1.5	1.5	1.5	1.5	1.5
369.705856600698	-0.0181723745776886	4.81679011186724	-430.197252596627	-33.9581503253196	0	0	0	0	0	1.5	1.5	1.5	1.5	1.5	1.5
369.875836304882	-0.0205054389028613	4.81341827924859	-430.179816294315	-34.1272332862726	0	0	0	0	0	1.5	1.5	1.5	1.5	1.5	1.5
370.045816009066	-0.0129242638597474	4.81057709375531	-430.162930989674	-34.2963721842791	0	0	0	0	0	1.5	1.5	1.5	1.5	1.5	1.5
370.21579571325	-0.00534308881663092	4.80902455415323	-430.146417296493	-34.4655478087107	0	0	0	0	0	1.5	1.5	1.5	1.5	1.5	1.5
370.385775417435	0.00223808622648552	4.80876066044235	-430.130057256625	-34.6347383778799	0	0	0	0	0	1.5	1.5	1.5	1.5	1.5	1.5
370.555755121619	0.00981926126959942	4.80978541262266	-430.113632853575	-34.8039227040568	0	0	0	0	0	1.5	1.5	1.5	1.5	1.5	1.5
370.725734825803	0.0174004363127159	4.81209881069417	-430.096926095179	-34.973079350707	0	0	0	0	0	1.5	1.5	1.5	1.5	1.5	1.5
370.895714529987	0.0223087872468918	4.81565107535701	-430.079719712675	-35.1421858534769	0	0	0	0	0	1.5	1.5	1.5	1.5	1.5	1.5
371.065694234172	0.017692793065159	4.81905080375119	-430.061900007285	-35.3112288364145	0	0	0	0	0	1.5	1.5	1.5	1.5	1.5	1.5
371.235673938356	0.0130767988834261	4.82166590681983	-430.043571997117	-35.4802174969425	0	0	0	0	0	1.5	1.5	1.5	1.5	1.5	1.5
371.40565364254	0.00846080470169479	4.82349638456295	-430.024868403445	-35.6491650252643	0	0	0	0	0	1.5	1.5	1.5	1.5	1.5	1.5
371.575633346724	0.00384481051996193	4.82454223698054	-430.005921852982	-35.8180854959059	0	0	0	0	0	1.5	1.5	1.5	1.5	1.5	1.5
371.745613050909	-0.000771183661770931	4.8248034640726	-429.986864909516	-35.9869935553681	0	0	0	0	0	1.5	1.5	1.5	1.5	1.5	1.5
371.915592755093	0.00204632447413367	4.82449288759313	-429.96782607118	-36.1559036559091	0	0	0	0	0	1.5	1.5	1.5	1.5	1.5	1.5
372.085572459277	0.0194970621442911	4.82632385683539	-429.948697692997	-36.3248036161153	0	0	0	0	0	1.5	1.5	1.5	1.5	1.5	1.5
372.255552163461	0.0369477998144485	4.83112109730463	-429.929009684848	-36.4936391171382	0	0	0	0	0	1.5	1.5	1.5	1.5	1.5	1.5
372.425531867645	0.0543985374846059	4.83888460900083	-429.908261753741	-36.6623473792828	0	0	0	0	0	1.5	1.5	1.5	1.5	1.5	1.5
372.59551157183	0.0718492751547633	4.84961439192401	-429.885954797062	-36.8308561979401	0	0	0	0	0	1.5	1.5	1.5	1.5	1.5	1.5
372.765491276014	0.0893000128249207	4.86331044607415	-429.861591644249	-36.9990795156385	0	0	0	0	0	1.5	1.5	1.5	1.5	1.5	1.5
372.935470980198	0.0885012653868514	4.87926839138483	-429.834695881107	-37.166916008442	0	0	0	0	0	1.5	1.5	1.5	1.5	1.5	1.5
373.105450684382	0.0657672551869669	4.89237965013087	-429.805309311325	-37.3343349883941	0	0	0	0	0	1.5	1.5	1.5	1.5	1.5	1.5
373.275430388567	0.04303324498709	4.90162658854821	-429.774052911033	-37.5014156000736	0	0	0	0	0	1.5	1.5	1.5	1.5	1.5	1.5
373.445410092751	0.0202992347872054	4.90700920663686	-429.741575123761	-37.6682635032979	0	0	0	0	0	1.5	1.5	1.5	1.5	1.5	1.5
373.615389796935	-0.00243477541267911	4.9085275043968	-429.708521792593	-37.8349985355605	0	0	0	0	0	1.5	1.5	1.5	1.5	1.5	1.5
373.785369501119	-0.0251687856125637	4.90618148182805	-429.675537474009	-38.0017472108504	0	0	0	0	0	1.5	1.5	1.5	1.5	1.5	1.5
373.955349205303	-0.0283109075225676	4.90092326127817	-429.643236582614	-38.168629448191	0	0	0	0	0	1.5	1.5	1.5	1.5	1.5	1.5
374.125328909488	-0.016781797794634	4.89709083892283	-429.611726397622	-38.3356628956151	0	0	0	0	0	1.5	1.5	1.5	1.5	1.5	1.5
374.295308613672	-0.00525268806670418	4.89521813122855	-429.580692799493	-38.5027856260365	0	0	0	0	0	1.5	1.5	1.5	1.5	1.5	1.5
374.465288317856	0.00627642166122949	4.89530513819533	-429.549808424799	-38.6699360225721	0	0	0	0	0	1.5	1.5	1.5	1.5	1.5	1.5
374.63526802204	0.0178055313891593	4.89735185982317	-429.518745746339	-38.8370533454356	0	0	0	0	0	1.5	1.5	1.5	1.5	1.5	1.5
374.805247726225	0.029334641117093	4.90135829611207	-429.487177432757	-39.0040758068288	0	0	0	0	0	1.5	1.5	1.5	1.5	1.5	1.5
374.975227430409	0.0466007691892749	4.9076603268167	-429.45476385445	-39.1709361218888	0	0	0	0	0	1.5	1.5	1.5	1.5	1.5	1.5
375.145207134593	0.0664581666904269	4.91726918905481	-429.421028466077	-39.3375338428831	0	0	0	0	0	1.5	1.5	1.5	1.5	1.5	1.5
375.315186838777	0.0863155641915789	4.93025340584604	-429.385413405712	-39.5037393209252	0	0	0	0	0	1.5	1.5	1.5	1.5	1.5	1.5
375.485166542962	0.106172961692731	4.94661297719037	-429.347363874033	-39.6694037049079	0	0	0	0	0	1.5	1.5	1.5	1.5	1.5	1.5
375.655146247146	0.126030359193876	4.96634790308782	-429.306331122973	-39.8343536215094	0	0	0	0	0	1.5	1.5	1.5	1.5	1.5	1.5
375.82512595133	0.145887756695028	4.98945818353839	-429.261774669359	-39.998385739992	0	0	0	0	0	1.5	1.5	1.5	1.5	1.5	1.5
375.995105655514	0.124770974887594	5.01313591568822	-429.213287667783	-40.1612990534195	0	0	0	0	0	1.5	1.5	1.5	1.5	1.5	1.5
376.165085359698	0.0938117819565559	5.03171323186229	-429.161357893317	-40.3231494976551	0	0	0	0	0	1.5	1.5	1.5	1.5	1.5	1.5
376.335065063883	0.0628525890255072	5.04502811358016	-429.106853566242	-40.4841524485407	0	0	0	0	0	1.5	1.5	1.5	1.5	1.5	1.5
376.505044768067	0.0318933960944585	5.05308056084183	-429.050632017656	-40.6445646677588	0	0	0	0	0	1.5	1.5	1.5	1.5	1.5	1.5
376.675024472251	0.000934203163409836	5.05587057364729	-428.993541532294	-40.8046701219508	0	0	0	0	0	1.5	1.5	1.5	1.5	1.5	1.5
376.845004176435	-0.0300249897676388	5.05339815199656	-428.936425619639	-40.964766519557	0	0	0	0	0	1.5	1.5	1.5	1.5	1.5	1.5
377.01498388062	-0.0307629563832454	5.04803520009971	-428.880010488229	-41.1251110335573	0	0	0	0	0	1.5	1.5	1.5	1.5	1.5	1.5
377.184963584804	-0.028996061322273	5.04295629002374	-428.824434504295	-41.2857483509275	0	0	0	0	0	1.5	1.5	1.5	1.5	1.5	1.5
377.354943288988	-0.0272291662613005	5.03817771624757	-428.769650925318	-41.4466576555832	0	0	0	0	0	1.5	1.5	1.5	1.5	1.5	1.5
377.524922993172	-0.0254622712003287	5.03369947877119	-428.715612677741	-41.6078188151198	0	0	0	0	0	1.5	1.5	1.5	1.5	1.5	1.5
377.694902697356	-0.0236953761393562	5.02952157759459	-428.662272445007	-41.7692123632429	0	0	0	0	0	1.5	1.5	1.5	1.5	1.5	1.5
377.864882401541	-0.021493174085299	5.02564554993509	-428.609582684544	-41.9308194570652	0	0	0	0	0	1.5	1.5	1.5	1.5	1.5	1.5
378.034862105725	-0.00924961310739842	5.02303272499869	-428.557441392786	-42.0926044035749	0	0	0	0	0	1.5	1.5	1.5	1.5	1.5	1.5
378.204841809909	0.00299394787050212	5.02250105693546	-428.505554517033	-42.2544711731874	0	0	0	0	0	1.5	1.5	1.5	1.5	1.5	1.5
378.374821514093	0.0152375088483986	5.02405054574543	-428.453585276913	-42.416311501787	0	0	0	0	0	1.5	1.5	1.5	1.5	1.5	1.5
378.544801218278	0.0274810698262991	5.02768119142858	-428.401197057781	-42.5780166112265	0	0	0	0	0	1.5	1.5	1.5	1.5	1.5	1.5
378.714780922462	0.0397246308041996	5.03339299398491	-428.348054095213	-42.7394751094173	0	0	0	0	0	1.5	1.5	1.5	1.5	1.5	1.5
378.884760626646	0.0428682864072961	5.04106245529088	-428.293823244314	-42.9005712597384	0	0	0	0	0	1.5	1.5	1.5	1.5	1.5	1.5
379.05474033083	-0.00187576572878832	5.04454640356023	-428.238573839316	-43.0613212878429	0	0	0	0	0	1.5	1.5	1.5	1.5	1.5	1.5
379.224720035015	-0.0466198178648728	5.04042477108348	-428.183375702149	-43.2220888911217	0	0	0	0	0	1.5	1.5	1.5	1.5	1.5	1.5
379.394699739199	-0.0913638700009572	5.02869755786064	-428.129453545852	-43.3832880457164	0	0	0	0	0	1.5	1.5	1.5	1.5	1.5	1.5
379.564679443383	-0.136107922137042	5.0093647638917	-428.078041720388	-43.5453035443907	0	0	0	0	0	1.5	1.5	1.5	1.5	1.5	1.5
379.734659147567	-0.180851974273111	4.98242638917668	-428.030392340495	-43.708462629026	0	0	0	0	0	1.5	1.5	1.5	1.5	1.5	1.5
379.904638851751	-0.198503803040061	4.94854100447382	-427.987770842763	-43.8730034657218	0	0	0	0	0	1.5	1.5	1.5	1.5	1.5	1.5
380.074618555936	-0.148525186471801	4.91904706198353	-427.950561959239	-44.0388543068263	0	0	0	0	0	1.5	1.5	1.5	1.5	1.5	1.5
380.24459826012	-0.0985465699035583	4.89804846995305	-427.917551012105	-44.205594561847	0	0	0	0	0	1.5	1.5	1.5	1.5	1.5	1.5
380.414577964304	-0.0485679533352985	4.88554522838238	-427.88733725885	-44.372866345622	0	0	0	0	0	1.5	1.5	1.5	1.5	1.5	1.5
380.584557668488	0.00141066323296135	4.88153733727152	-427.858505274026	-44.5403828370885	0	0	0	0	0	1.5	1.5	1.5	1.5	1.5	1.5
380.754537372673	0.0513892798012212	4.88602479662046	-427.829633127146	-44.707892381853	0	0	0	0	0	1.5	1.5	1.5	1.5	1.5	1.5
380.924517076857	0.0746887224384193	4.89809682751534	-427.799319445563	-44.8751461092853	0	0	0	0	0	1.5	1.5	1.5	1.5	1.5	1.5
381.094496781041	0.0582473403038682	4.90939504382551	-427.766952100866	-45.0420147617342	0	0	0	0	0	1.5	1.5	1.5	1.5	1.5	1.5
381.264476485225	0.0418059581693116	4.91789855886407	-427.732934147071	-45.2085551599464	0	0	0	0	0	1.5	1.5	1.5	1.5	1.5	1.5
381.43445618941	0.025364576034755	4.92360737263102	-427.697733540464	-45.3748498933133	0	0	0	0	0	1.5	1.5	1.5	1.5	1.5	1.5
381.604435893594	0.00892319390020389	4.92652148512636	-427.661816253585	-45.5409914822594	0	0	0	0	0	1.5	1.5	1.5	1.5	1.5	1.5
381.774415597778	-0.0075181882343527	4.92664089635009	-427.62564699812	-45.7070784608157	0	0	0	0	0	1.5	1.5	1.5	1.5	1.5	1.5
381.944395301962	0.00772186186286459	4.92536270510682	-427.589649882515	-45.8732028144473	0	0	0	0	0	1.5	1.5	1.5	1.5	1.5	1.5
382.114375006146	0.0523394626233374	4.93046730819136	-427.553402790664	-46.039272628441	0	0	0	0	0	1.5	1.5	1.5	1.5	1.5	1.5
382.284354710331	0.09695706338384	4.94315599785458	-427.515679900713	-46.2050124650716	0	0	0	0	0	1.5	1.5	1.5	1.5	1.5	1.5
382.454334414515	0.141574664144328	4.96342877409648	-427.475231165104	-46.3701064012837	0	0	0	0	0	1.5	1.5	1.5	1.5	1.5	1.5
382.624314118699	0.186192264904801	4.99128563691704	-427.430822244915	-46.5341767427549	0	0	0	0	0	1.5	1.5	1.5	1.5	1.5	1.5
382.794293822883	0.230809865665288	5.02672658631629	-427.381244776549	-46.6967564093576	0	0	0	0	0	1.5	1.5	1.5	1.5	1.5	1.5
382.964273527068	0.222409333079997	5.06690167111042	-427.325425959748	-46.8572973641286	0	0	0	0	0	1.5	1.5	1.5	1.5	1.5	1.5
383.134253231252	0.183200977181308	5.10137443138657	-427.263596698221	-47.015624175737	0	0	0	0	0	1.5	1.5	1.5	1.5	1.5	1.5
383.304232935436	0.143992621282619	5.12918256692551	-427.196866688522	-47.1719518508452	0	0	0	0	0	1.5	1.5	1.5	1.5	1.5	1.5
383.47421263962	0.104784265383943	5.15032607772723	-427.126329840769	-47.3266016966052	0	0	0	0	0	1.5	1.5	1.5	1.5	1.5	1.5
383.644192343804	0.0655759094852535	5.16480496379175	-427.053049103216	-47.479972250498	0	0	0	0	0	1.5	1.5	1.5	1.5	1.5	1.5
383.814172047989	0.0263675535865512	5.17261922511906	-426.978062933255	-47.6325174088706	0	0	0	0	0	1.5	1.5	1.5	1.5	1.5	1.5
383.984151752173	0.00319510193817805	5.17479772762518	-426.902354234664	-47.7847057183226	0	0	0	0	0	1.5	1.5	1.5	1.5	1.5	1.5
384.154131456357	-0.0147712638637676	5.17381387133533	-426.826561534294	-47.9368522388228	0	0	0	0	0	1.5	1.5	1.5	1.5	1.5	1.5
384.324111160541	-0.0327376296657072	5.1697760975012	-426.75115113238	-48.0891884836509	0	0	0	0	0	1.5	1.5	1.5	1.5	1.5	1.5
384.494090864726	-0.0507039954676528	5.16268440612279	-426.676589709717	-48.2419417900626	0	0	0	0	0	1.5	1.5	1.5	1.5	1.5	1.5
384.66407056891	-0.0686703612695985	5.1525387972001	-426.603347727912	-48.3953316975656	0	0	0	0	0	1.5	1.5	1.5	1.5	1.5	1.5
384.834050273094	-0.0866367270715381	5.13933927073313	-426.531901361232	-48.5495655999774	0	0	0	0	0	1.5	1.5	1.5	1.5	1.5	1.5
385.004029977278	-0.0664022788334807	5.12591546417083	-426.462606387997	-48.7047779348332	0	0	0	0	0	1.5	1.5	1.5	1.5	1.5	1.5
385.174009681463	-0.0405376310143476	5.11682665705012	-426.395066990569	-48.8607629660327	0	0	0	0	0	1.5	1.5	1.5	1.5	1.5	1.5
385.343989385647	-0.0146729831952144	5.11213431511453	-426.328603846653	-49.0172100706578	0	0	0	0	0	1.5	1.5	1.5	1.5	1.5	1.5
385.513969089831	0.0111916646239188	5.11183843836407	-426.262531044841	-49.1738225979628	0	0	0	0	0	1.5	1.5	1.5	1.5	1.5	1.5
385.683948794015	0.0370563124430519	5.11593902679874	-426.196160476285	-49.3303090389165	0	0	0	0	0	1.5	1.5	1.5	1.5	1.5	1.5
385.853928498199	0.0629209602621765	5.12443608041853	-426.128805706276	-49.4863739618699	0	0	0	0	0	1.5	1.5	1.5	1.5	1.5	1.5
386.023908202384	0.0570058607163425	5.13465383168233	-426.05992303505	-49.6417703132046	0	0	0	0	0	1.5	1.5	1.5	1.5	1.5	1.5
386.193887906568	0.0507916007464873	5.14381552198796	-425.989537795567	-49.7964920497328	0	0	0	0	0	1.5	1.5	1.5	1.5	1.5	1.5
386.363867610752	0.0445773407766301	5.1519209142222	-425.917819344854	-49.9506004707682	0	0	0	0	0	1.5	1.5	1.5	1.5	1.5	1.5
386.533847314936	0.0383630808067729	5.15897000838503	-425.844935198555	-50.1041611472688	0	0	0	0	0	1.5	1.5	1.5	1.5	1.5	1.5
386.703827019121	0.0321488208369157	5.16496280447646	-425.771051205811	-50.2572433765929	0	0	0	0	0	1.5	1.5	1.5	1.5	1.5	1.5
386.873806723305	0.0265122227300492	5.1699045827356	-425.696331715241	-50.4099196315226	0	0	0	0	0	1.5	1.5	1.5	1.5	1.5	1.5
387.043786427489	0.0256690335583195	5.17433945998953	-425.620908453173	-50.5622494842	0	0	0	0	0	1.5	1.5	1.5	1.5	1.5	1.5
387.213766131673	0.02482584438659	5.17863101219748	-425.544821259331	-50.7142488079562	0	0	0	0	0	1.5	1.5	1.5	1.5	1.5	1.5
387.383745835858	0.0239826552148602	5.18277923935944	-425.468093320607	-50.8659257073861	0	0	0	0	0	1.5	1.5	1.5	1.5	1.5	1.5
387.553725540042	0.0231394660431307	5.18678414147542	-425.390747696691	-51.0172885683399	0	0	0	0	0	1.5	1.5	1.5	1.5	1.5	1.5
387.723705244226	0.0222962768714009	5.19064571854542	-425.312807322532	-51.1683460474857	0	0	0	0	0	1.5	1.5	1.5	1.5	1.5	1.5
387.89368494841	0.0223522660244156	5.19438128567072	-425.234294814014	-51.3191069589562	0	0	0	0	0	1.5	1.5	1.5	1.5	1.5	1.5
388.063664652594	0.025477643664046	5.19844634262072	-425.155202250294	-51.4695643496019	0	0	0	0	0	1.5	1.5	1.5	1.5	1.5	1.5
388.233644356779	0.0286030213036765	5.20304265033738	-425.075458862417	-51.6196777768723	0	0	0	0	0	1.5	1.5	1.5	1.5	1.5	1.5
388.403624060963	0.0317283989433069	5.20817020882067	-424.994986595798	-51.7694016922099	0	0	0	0	0	1.5	1.5	1.5	1.5	1.5	1.5
388.573603765147	0.0348537765829363	5.21382901807062	-424.913708034218	-51.9186893948156	0	0	0	0	0	1.5	1.5	1.5	1.5	1.5	1.5
388.743583469331	0.0379791542225668	5.22001907808721	-424.831546480517	-52.0674929117738	0	0	0	0	0	1.5	1.5	1.5	1.5	1.5	1.5
388.913563173516	0.0406440766801107	5.22672695416791	-424.748426268213	-52.2157630085774	0	0	0	0	0	1.5	1.5	1.5	1.5	1.5	1.5
389.0835428777	0.0424281919262387	5.23378725398971	-424.66428530489	-52.363456197657	0	0	0	0	0	1.5	1.5	1.5	1.5	1.5	1.5
389.253522581884	0.0442123071723672	5.24115081719329	-424.579081401323	-52.5105387054358	0	0	0	0	0	1.5	1.5	1.5	1.5	1.5	1.5
389.423502286068	0.0459964224184958	5.24881764377864	-424.49277457691	-52.6569767140343	0	0	0	0	0	1.5	1.5	1.5	1.5	1.5	1.5
389.593481990253	0.0477805376646244	5.25678773374575	-424.405325499861	-52.8027354386722	0	0	0	0	0	1.5	1.5	1.5	1.5	1.5	1.5
389.763461694437	0.0495646529107529	5.26506108709463	-424.316695526386	-52.9477790970163	0	0	0	0	0	1.5	1.5	1.5	1.5	1.5	1.5
389.933441398621	0.0468436209216827	5.27346059689604	-424.2268506735	-53.0920733459918	0	0	0	0	0	1.5	1.5	1.5	1.5	1.5	1.5
390.103421102805	0.0388879482958618	5.28074691028347	-424.135865823815	-53.2356516488805	0	0	0	0	0	1.5	1.5	1.5	1.5	1.5	1.5
390.273400806989	0.0309322756700409	5.28668092079137	-424.04393382448	-53.3786255013027	0	0	0	0	0	1.5	1.5	1.5	1.5	1.5	1.5
390.443380511174	0.0229766030442227	5.29126262841974	-423.951251308062	-53.5211140986278	0	0	0	0	0	1.5	1.5	1.5	1.5	1.5	1.5
390.613360215358	0.0150209304184018	5.2944920331686	-423.85801296166	-53.6632396959383	0	0	0	0	0	1.5	1.5	1.5	1.5	1.5	1.5
390.783339919542	0.00706525779258094	5.29636913503793	-423.764412009986	-53.805126809952	0	0	0	0	0	1.5	1.5	1.5	1.5	1.5	1.5
390.953319623726	0.0130699909292259	5.29758570123293	-423.670621657863	-53.9468888172063	0	0	0	0	0	1.5	1.5	1.5	1.5	1.5	1.5
391.123299327911	0.0290586757252751	5.30116621038074	-423.576509679371	-54.0884374101875	0	0	0	0	0	1.5	1.5	1.5	1.5	1.5	1.5
391.293279032095	0.0450473605213189	5.30746447144046	-423.481699794833	-54.2295192652257	0	0	0	0	0	1.5	1.5	1.5	1.5	1.5	1.5
391.463258736279	0.061036045317368	5.31648048441212	-423.385812583487	-54.3698707757834	0	0	0	0	0	1.5	1.5	1.5	1.5	1.5	1.5
391.633238440463	0.0770247301134172	5.32821424929571	-423.288474656198	-54.50921960408	0	0	0	0	0	1.5	1.5	1.5	1.5	1.5	1.5
391.803218144647	0.093013414909461	5.34266576609122	-423.189320973502	-54.6472817056794	0	0	0	0	0	1.5	1.5	1.5	1.5	1.5	1.5
391.973197848832	0.0965891966484539	5.35909666760021	-423.088020735739	-54.7837760511922	0	0	0	0	0	1.5	1.5	1.5	1.5	1.5	1.5
392.143177553016	0.0948424643891274	5.37536641615754	-422.984495058196	-54.9185903552585	0	0	0	0	0	1.5	1.5	1.5	1.5	1.5	1.5
392.3131572572	0.0930957321298009	5.39133925568214	-422.878809504271	-55.0517182983532	0	0	0	0	0	1.5	1.5	1.5	1.5	1.5	1.5
392.483136961384	0.0913489998704744	5.40701518617402	-422.771030560387	-55.1831572858001	0	0	0	0	0	1.5	1.5	1.5	1.5	1.5	1.5
392.653116665569	0.0896022676111485	5.42239420763316	-422.661223733233	-55.3129070105655	0	0	0	0	0	1.5	1.5	1.5	1.5	1.5	1.5
392.823096369753	0.087855535351822	5.43747632005957	-422.549453514201	-55.4409693792748	0	0	0	0	0	1.5	1.5	1.5	1.5	1.5	1.5
392.993076073937	0.0968727072591931	5.45300905958939	-422.435757721517	-55.5673251760825	0	0	0	0	0	1.5	1.5	1.5	1.5	1.5	1.5
393.163055778121	0.108298666684301	5.47044654431438	-422.319996834708	-55.6917911740847	0	0	0	0	0	1.5	1.5	1.5	1.5	1.5	1.5
393.333035482306	0.119724626109413	5.48982621024247	-422.201964801014	-55.8141048463838	0	0	0	0	0	1.5	1.5	1.5	1.5	1.5	1.5
393.50301518649	0.131150585534525	5.51114805737367	-422.081468601114	-55.9339909210194	0	0	0	0	0	1.5	1.5	1.5	1.5	1.5	1.5
393.672994890674	0.142576544959637	5.53441208570797	-421.95833039467	-56.05116079217	0	0	0	0	0	1.5	1.5	1.5	1.5	1.5	1.5
393.842974594858	0.154002504384749	5.55961829524537	-421.832389494742	-56.1653118309928	0	0	0	0	0	1.5	1.5	1.5	1.5	1.5	1.5
394.012954299042	0.176782585955183	5.58766704199193	-421.703473706159	-56.2760905517799	0	0	0	0	0	1.5	1.5	1.5	1.5	1.5	1.5
394.182934003227	0.200377686610373	5.6197218377723	-421.571289094333	-56.3829449090832	0	0	0	0	0	1.5	1.5	1.5	1.5	1.5	1.5
394.352913707411	0.223972787265562	5.65578732178224	-421.435543923094	-56.4852347716929	0	0	0	0	0	1.5	1.5	1.5	1.5	1.5	1.5
394.522893411595	0.247567887920744	5.69586349402173	-421.296005570281	-56.5822825969695	0	0	0	0	0	1.5	1.5	1.5	1.5	1.5	1.5
394.692873115779	0.271162988575934	5.73995035449079	-421.152510054308	-56.6733729726707	0	0	0	0	0	1.5	1.5	1.5	1.5	1.5	1.5
394.862852819964	0.292129066483318	5.78803649061712	-421.004972157905	-56.7577536515282	0	0	0	0	0	1.5	1.5	1.5	1.5	1.5	1.5
395.032832524148	0.264252027818057	5.83532323752865	-420.85352334279	-56.8348961942645	0	0	0	0	0	1.5	1.5	1.5	1.5	1.5	1.5
395.202812228332	0.236374989152797	5.87787145365432	-420.698760653482	-56.9051617641249	0	0	0	0	0	1.5	1.5	1.5	1.5	1.5	1.5
395.372791932516	0.208497950487536	5.91568113899414	-420.541297932313	-56.9691551112416	0	0	0	0	0	1.5	1.5	1.5	1.5	1.5	1.5
395.542771636701	0.180620911822285	5.9487522935481	-420.38166437895	-57.0275297144684	0	0	0	0	0	1.5	1.5	1.5	1.5	1.5	1.5
395.712751340885	0.152743873157024	5.97708491731621	-420.220312170328	-57.0809771742775	0	0	0	0	0	1.5	1.5	1.5	1.5	1.5	1.5
395.882731045069	0.129745835191059	6.00074561042147	-420.05762498514	-57.1302177693598	0	0	0	0	0	1.5	1.5	1.5	1.5	1.5	1.5
396.052710749253	0.132246420564735	6.02301229348744	-419.893867858479	-57.1757755297958	0	0	0	0	0	1.5	1.5	1.5	1.5	1.5	1.5
396.222690453437	0.134747005938411	6.04570402531551	-419.729128219595	-57.2176409264715	0	0	0	0	0	1.5	1.5	1.5	1.5	1.5	1.5
396.392670157622	0.137247591312087	6.06882080590568	-419.563473112899	-57.2557224023414	0	0	0	0	0	1.5	1.5	1.5	1.5	1.5	1.5
396.562649861806	0.139748176685763	6.09236263525796	-419.396974887397	-57.2899292194151	0	0	0	0	0	1.5	1.5	1.5	1.5	1.5	1.5
396.73262956599	0.142248762059438	6.11632951337235	-419.229711290925	-57.3201716747677	0	0	0	0	0	1.5	1.5	1.5	1.5	1.5	1.5
396.902609270174	0.14119922572834	6.14063513508283	-419.061765758516	-57.3463627120625	0	0	0	0	0	1.5	1.5	1.5	1.5	1.5	1.5
397.072588974359	0.1312885256372	6.1637938287683	-418.893242484488	-57.3685373487787	0	0	0	0	0	1.5	1.5	1.5	1.5	1.5	1.5
397.242568678543	0.121377825546063	6.18526790458402	-418.724265826751	-57.3869460036402	0	0	0	0	0	1.5	1.5	1.5	1.5	1.5	1.5
397.412548382727	0.111467125454922	6.20505736252999	-418.554944865318	-57.4018647441933	0	0	0	0	0	1.5	1.5	1.5	1.5	1.5	1.5
397.582528086911	0.101556425363782	6.22316220260621	-418.385371193882	-57.4135728805826	0	0	0	0	0	1.5	1.5	1.5	1.5	1.5	1.5
397.752507791095	0.091645725272645	6.23958242481267	-418.215620274466	-57.4223521684305	0	0	0	0	0	1.5	1.5	1.5	1.5	1.5	1.5
397.92248749528	0.0931231837958188	6.25470656956776	-418.045752556056	-57.4284773129054	0	0	0	0	0	1.5	1.5	1.5	1.5	1.5	1.5
398.092467199464	0.111581082461463	6.27210435487959	-417.875809131696	-57.4318836564573	0	0	0	0	0	1.5	1.5	1.5	1.5	1.5	1.5
398.262446903648	0.130038981127101	6.29263960834647	-417.705832513494	-57.4320663445216	0	0	0	0	0	1.5	1.5	1.5	1.5	1.5	1.5
398.432426607832	0.148496879792746	6.3163123299684	-417.535894362034	-57.4284921536076	0	0	0	0	0	1.5	1.5	1.5	1.5	1.5	1.5
398.602406312017	0.16695477845839	6.34312251974538	-417.366101672902	-57.4206301224088	0	0	0	0	0	1.5	1.5	1.5	1.5	1.5	1.5
398.772386016201	0.185412677124028	6.37307017767739	-417.196601695293	-57.4079534640416	0	0	0	0	0	1.5	1.5	1.5	1.5	1.5	1.5
398.942365720385	0.205396855073503	6.4062224794711	-417.027586973667	-57.389940148834	0	0	0	0	0	1.5	1.5	1.5	1.5	1.5	1.5
399.112345424569	0.226802043593222	6.44295499994315	-416.859306012788	-57.3660368243879	0	0	0	0	0	1.5	1.5	1.5	1.5	1.5	1.5
399.282325128754	0.248207232112949	6.48332596802781	-416.692073330526	-57.3356656983113	0	0	0	0	0	1.5	1.5	1.5	1.5	1.5	1.5
399.452304832938	0.269612420632683	6.52733538372506	-416.526272568813	-57.2982685914096	0	0	0	0	0	1.5	1.5	1.5	1.5	1.5	1.5
399.622284537122	0.291017609152403	6.57498324703488	-416.362361425633	-57.253315610646	0	0	0	0	0	1.5	1.5	1.5	1.5	1.5	1.5
399.792264241306	0.31242279767213	6.62626955795731	-416.200875994561	-57.2003135133501	0	0	0	0	0	1.5	1.5	1.5	1.5	1.5	1.5
399.962243945491	0.296446613014692	6.6791644100627	-416.042406323636	-57.1388833982638	0	0	0	0	0	1.5	1.5	1.5	1.5	1.5	1.5
400.132223649675	0.259345646735385	6.72640111201279	-415.887222695443	-57.0695597534258	0	0	0	0	0	1.5	1.5	1.5	1.5	1.5	1.5
400.302203353859	0.222244680456065	6.76733140268978	-415.735241348702	-56.9934628742743	0	0	0	0	0	1.5	1.5	1.5	1.5	1.5	1.5
400.472183058043	0.185143714176758	6.80195528209366	-415.586239512003	-56.9116786180725	0	0	0	0	0	1.5	1.5	1.5	1.5	1.5	1.5
400.642162762227	0.148042747897438	6.83027275022445	-415.439882415078	-56.8252450150053	0	0	0	0	0	1.5	1.5	1.5	1.5	1.5	1.5
400.812142466412	0.110941781618106	6.85228380708213	-415.295744557194	-56.7351550063733	0	0	0	0	0	1.5	1.5	1.5	1.5	1.5	1.5
400.982122170596	0.0925790017221638	6.86920002392362	-415.153358453165	-56.6423185178585	0	0	0	0	0	1.5	1.5	1.5	1.5	1.5	1.5
401.15210187478	0.0801085350187046	6.88387671212938	-415.012451351146	-56.547251333115	0	0	0	0	0	1.5	1.5	1.5	1.5	1.5	1.5
401.322081578964	0.0676380683152454	6.89643367409385	-414.872851449698	-56.4502740805084	0	0	0	0	0	1.5	1.5	1.5	1.5	1.5	1.5
401.492061283149	0.0551676016117904	6.90687090981702	-414.734375425786	-56.3516980785326	0	0	0	0	0	1.5	1.5	1.5	1.5	1.5	1.5
401.662040987333	0.0426971349083312	6.91518841929889	-414.596829632785	-56.2518277230147	0	0	0	0	0	1.5	1.5	1.5	1.5	1.5	1.5
401.832020691517	0.030226668204872	6.92138620253948	-414.46001210422	-56.150961618482	0	0	0	0	0	1.5	1.5	1.5	1.5	1.5	1.5
402.002000395701	0.0143459042152987	6.92521003513514	-414.323706937599	-56.0494039215673	0	0	0	0	0	1.5	1.5	1.5	1.5	1.5	1.5
402.171980099885	-0.00201263463506533	6.92625823789258	-414.187649728056	-55.947514115354	0	0	0	0	0	1.5	1.5	1.5	1.5	1.5	1.5
402.34195980407	-0.0183711734854294	6.92452582105535	-414.051557680044	-55.8456708693038	0	0	0	0	0	1.5	1.5	1.5	1.5	1.5	1.5
402.511939508254	-0.0347297123357935	6.92001278462344	-413.915148366189	-55.7442531707598	0	0	0	0	0	1.5	1.5	1.5	1.5	1.5	1.5
402.681919212438	-0.0510882511861575	6.91271912859686	-413.778142916339	-55.6436426437292	0	0	0	0	0	1.5	1.5	1.5	1.5	1.5	1.5
402.851898916622	-0.0674467900365161	6.90264485297562	-413.64026922239	-55.5442258459736	0	0	0	0	0	1.5	1.5	1.5	1.5	1.5	1.5
403.021878620807	-0.0838082620802021	6.88978970988694	-413.501265203069	-55.4463964830722	0	0	0	0	0	1.5	1.5	1.5	1.5	1.5	1.5
403.191858324991	-0.100169750914522	6.87415344577432	-413.360882150802	-55.3505575062123	0	0	0	0	0	1.5	1.5	1.5	1.5	1.5	1.5
403.361838029175	-0.116531239748837	6.85573606062963	-413.218888253222	-55.2571229522622	0	0	0	0	0	1.5	1.5	1.5	1.5	1.5	1.5
403.531817733359	-0.132892728583157	6.83453755445286	-413.075072245434	-55.1665195668189	0	0	0	0	0	1.5	1.5	1.5	1.5	1.5	1.5
403.701797437544	-0.149254217417478	6.81055792724402	-412.929247219905	-55.0791881465564	0	0	0	0	0	1.5	1.5	1.5	1.5	1.5	1.5
403.871777141728	-0.164498398472094	6.78380780197309	-412.78125464747	-54.9955844739302	0	0	0	0	0	1.5	1.5	1.5	1.5	1.5	1.5
404.041756845912	-0.17087215796291	6.75530470798563	-412.630998905212	-54.9161215540721	0	0	0	0	0	1.5	1.5	1.5	1.5	1.5	1.5
404.211736550096	-0.177245917453724	6.72571820424538	-412.478499276271	-54.8410558804017	0	0	0	0	0	1.5	1.5	1.5	1.5	1.5	1.5
404.38171625428	-0.183619676944541	6.69504829075234	-412.323808023376	-54.7706183102135	0	0	0	0	0	1.5	1.5	1.5	1.5	1.5	1.5
404.551695958465	-0.189993436435357	6.6632949675065	-412.166994440047	-54.7050426114099	0	0	0	0	0	1.5	1.5	1.5	1.5	1.5	1.5
404.721675662649	-0.196367195926171	6.63045823450789	-412.008145687699	-54.6445647014751	0	0	0	0	0	1.5	1.5	1.5	1.5	1.5	1.5
404.891655366833	-0.202630537142573	6.59654022793848	-411.847367625159	-54.5894217569418	0	0	0	0	0	1.5	1.5	1.5	1.5	1.5	1.5
405.061635071017	-0.20851921957828	6.56159667092706	-411.684786795192	-54.5398472307921	0	0	0	0	0	1.5	1.5	1.5	1.5	1.5	1.5
405.231614775202	-0.214407902013986	6.52565215741719	-411.520551810233	-54.4960652847338	0	0	0	0	0	1.5	1.5	1.5	1.5	1.5	1.5
405.401594479386	-0.220296584449693	6.48870668740886	-411.354831109076	-54.4582967443931	0	0	0	0	0	1.5	1.5	1.5	1.5	1.5	1.5
405.57157418357	-0.226185266885398	6.45076026090209	-411.187813154427	-54.4267588976188	0	0	0	0	0	1.5	1.5	1.5	1.5	1.5	1.5
405.741553887754	-0.232073949321105	6.41181287789685	-411.019706929815	-54.4016641790479	0	0	0	0	0	1.5	1.5	1.5	1.5	1.5	1.5
405.911533591939	-0.232205757631482	6.37203431900445	-410.85074267331	-54.3832154313604	0	0	0	0	0	1.5	1.5	1.5	1.5	1.5	1.5
406.081513296123	-0.221504208505463	6.33347357608976	-410.68118285357	-54.3714261464384	0	0	0	0	0	1.5	1.5	1.5	1.5	1.5	1.5
406.251493000307	-0.210802659379441	6.29673187932981	-410.511298459137	-54.366027811771	0	0	0	0	0	1.5	1.5	1.5	1.5	1.5	1.5
406.421472704491	-0.200101110253418	6.26180922872462	-410.3413287982	-54.3667189705917	0	0	0	0	0	1.5	1.5	1.5	1.5	1.5	1.5
406.591452408675	-0.189399561127396	6.22870562427418	-410.171480074319	-54.3731898480766	0	0	0	0	0	1.5	1.5	1.5	1.5	1.5	1.5
406.76143211286	-0.178698012001373	6.1974210659785	-410.001926823944	-54.3851246097526	0	0	0	0	0	1.5	1.5	1.5	1.5	1.5	1.5
406.931411817044	-0.18594328922336	6.16723106116395	-409.832815650358	-54.4022227143489	0	0	0	0	0	1.5	1.5	1.5	1.5	1.5	1.5
407.101391521228	-0.213025780472001	6.13332273894121	-409.66433449824	-54.4246822800719	0	0	0	0	0	1.5	1.5	1.5	1.5	1.5	1.5
407.271371225412	-0.240108271720642	6.09481094286745	-409.496779199645	-54.4532261057906	0	0	0	0	0	1.5	1.5	1.5	1.5	1.5	1.5
407.441350929597	-0.267190762969274	6.05169567294269	-409.330530687773	-54.4885822327865	0	0	0	0	0	1.5	1.5	1.5	1.5	1.5	1.5
407.611330633781	-0.294273254217914	6.0039769291669	-409.166061690241	-54.5314490684129	0	0	0	0	0	1.5	1.5	1.5	1.5	1.5	1.5
407.781310337965	-0.321355745466555	5.9516547115401	-409.003944841064	-54.5824846960153	0	0	0	0	0	1.5	1.5	1.5	1.5	1.5	1.5
407.951290042149	-0.307014899081334	5.8967746958818	-408.844834569047	-54.6422314481491	0	0	0	0	0	1.5	1.5	1.5	1.5	1.5	1.5
408.121269746333	-0.262808732348376	5.84834546972799	-408.689042787899	-54.7101753353324	0	0	0	0	0	1.5	1.5	1.5	1.5	1.5	1.5
408.291249450518	-0.218602565615434	5.80743039471859	-408.536436350742	-54.7850107710585	0	0	0	0	0	1.5	1.5	1.5	1.5	1.5	1.5
408.461229154702	-0.174396398882477	5.77402947085355	-408.386711865595	-54.8654656656833	0	0	0	0	0	1.5	1.5	1.5	1.5	1.5	1.5
408.631208858886	-0.13019023214952	5.7481426981329	-408.239435070592	-54.9503245471256	0	0	0	0	0	1.5	1.5	1.5	1.5	1.5	1.5
408.80118856307	-0.0859840654165777	5.72977007655665	-408.094070069992	-55.0384227958701	0	0	0	0	0	1.5	1.5	1.5	1.5	1.5	1.5
408.971168267255	-0.0726465431198619	5.71701876599264	-407.950048157232	-55.1287023941633	0	0	0	0	0	1.5	1.5	1.5	1.5	1.5	1.5
409.141147971439	-0.0712250531003365	5.70479114030963	-407.807154363056	-55.2207572877012	0	0	0	0	0	1.5	1.5	1.5	1.5	1.5	1.5
409.311127675623	-0.0698035630808111	5.69280513907964	-407.665385470713	-55.3145354039605	0	0	0	0	0	1.5	1.5	1.5	1.5	1.5	1.5
409.481107379807	-0.0683820730612857	5.68106076230266	-407.524739192922	-55.4099890171672	0	0	0	0	0	1.5	1.5	1.5	1.5	1.5	1.5
409.651087083992	-0.0669605830417603	5.66955800997871	-407.385211869785	-55.5070709792064	0	0	0	0	0	1.5	1.5	1.5	1.5	1.5	1.5
409.821066788176	-0.0655390930222354	5.65829688210778	-407.246798509829	-55.6057347328558	0	0	0	0	0	1.5	1.5	1.5	1.5	1.5	1.5
409.99104649236	-0.0616705655247646	5.64745192189998	-407.109487916921	-55.7059276341529	0	0	0	0	0	1.5	1.5	1.5	1.5	1.5	1.5
410.161026196544	-0.0573333585910012	5.637337795991	-406.973235023299	-55.8075544145322	0	0	0	0	0	1.5	1.5	1.5	1.5	1.5	1.5
410.331005900728	-0.0529961516572364	5.6279609072336	-406.837978907802	-55.9105042631448	0	0	0	0	0	1.5	1.5	1.5	1.5	1.5	1.5
410.500985604913	-0.0486589447234716	5.6193212556278	-406.70365559338	-56.0146683994501	0	0	0	0	0	1.5	1.5	1.5	1.5	1.5	1.5
410.670965309097	-0.0443217377897068	5.61141884117358	-406.570198340833	-56.1199400062367	0	0	0	0	0	1.5	1.5	1.5	1.5	1.5	1.5
410.840945013281	-0.039984530855942	5.60425366387094	-406.437537901548	-56.2262141049058	0	0	0	0	0	1.5	1.5	1.5	1.5	1.5	1.5
411.010924717465	-0.00648750791208643	5.60019405126836	-406.305521814887	-56.3332879650169	0	0	0	0	0	1.5	1.5	1.5	1.5	1.5	1.5
411.18090442165	0.0283633985566495	5.60205327997862	-406.173623803715	-56.4405073884068	0	0	0	0	0	1.5	1.5	1.5	1.5	1.5	1.5
411.350884125834	0.0632143050253971	5.609836455461	-406.041210716151	-56.5470894075828	0	0	0	0	0	1.5	1.5	1.5	1.5	1.5	1.5
411.520863830018	0.098065211494133	5.62354357771548	-405.907660763504	-56.6522419453318	0	0	0	0	0	1.5	1.5	1.5	1.5	1.5	1.5
411.690843534202	0.132916117962881	5.64317464674207	-405.772377761309	-56.7551529741682	0	0	0	0	0	1.5	1.5	1.5	1.5	1.5	1.5
411.860823238387	0.162069523947948	5.66869121206915	-405.634806043949	-56.8549805724665	0	0	0	0	0	1.5	1.5	1.5	1.5	1.5	1.5
412.030802942571	0.125168408489837	5.69310352146228	-405.494688864996	-56.9512034362614	0	0	0	0	0	1.5	1.5	1.5	1.5	1.5	1.5
412.200782646755	0.0882672930317262	5.71124339016578	-405.352554726167	-57.0444246385668	0	0	0	0	0	1.5	1.5	1.5	1.5	1.5	1.5
412.370762350939	0.0513661775736152	5.72311081817963	-405.20903685386	-57.1355036124691	0	0	0	0	0	1.5	1.5	1.5	1.5	1.5	1.5
412.540742055123	0.0144650621155165	5.72870580550385	-405.064728574144	-57.2253264563843	0	0	0	0	0	1.5	1.5	1.5	1.5	1.5	1.5
412.710721759308	-0.0224360533425945	5.72802835213843	-404.920199691693	-57.314794323734	0	0	0	0	0	1.5	1.5	1.5	1.5	1.5	1.5
412.880701463492	-0.0489292289593067	5.72125165491781	-404.77601232488	-57.4048109192972	0	0	0	0	0	1.5	1.5	1.5	1.5	1.5	1.5
413.050681167676	-0.0326738086535652	5.71431622482083	-404.632507205517	-57.4959112180412	0	0	0	0	0	1.5	1.5	1.5	1.5	1.5	1.5
413.22066087186	-0.0164183883478183	5.71014388625881	-404.489510074442	-57.587807236004	0	0	0	0	0	1.5	1.5	1.5	1.5	1.5	1.5
413.390640576045	-0.00016296804207689	5.70873463923174	-404.346769870917	-57.6801020302451	0	0	0	0	0	1.5	1.5	1.5	1.5	1.5	1.5
413.560620280229	0.0160924522636754	5.71008848373964	-404.204032223218	-57.7724007791229	0	0	0	0	0	1.5	1.5	1.5	1.5	1.5	1.5
413.730599984413	0.0323478725694223	5.7142054197825	-404.061042726807	-57.8643086821288	0	0	0	0	0	1.5	1.5	1.5	1.5	1.5	1.5
413.900579688597	0.0474701584816134	5.72105533094837	-403.9175505069	-57.9554293106025	0	0	0	0	0	1.5	1.5	1.5	1.5	1.5	1.5
414.070559392781	0.0601020919522425	5.73019788060196	-403.77333093412	-58.0453938215046	0	0	0	0	0	1.5	1.5	1.5	1.5	1.5	1.5
414.240539096966	0.0727340254228717	5.74148760257016	-403.628200078967	-58.1338801348289	0	0	0	0	0	1.5	1.5	1.5	1.5	1.5	1.5
414.41051880115	0.0853659588934965	5.75492449685297	-403.481986683177	-58.2205652420999	0	0	0	0	0	1.5	1.5	1.5	1.5	1.5	1.5
414.580498505334	0.0979978923641257	5.7705085634504	-403.334531264481	-58.3051194519055	0	0	0	0	0	1.5	1.5	1.5	1.5	1.5	1.5
414.750478209518	0.110629825834751	5.78823980236243	-403.185688337212	-58.387205538838	0	0	0	0	0	1.5	1.5	1.5	1.5	1.5	1.5
414.920457913703	0.12377777303118	5.80813711343695	-403.035328496609	-58.4664776356333	0	0	0	0	0	1.5	1.5	1.5	1.5	1.5	1.5
415.090437617887	0.137607084497525	5.83035217381744	-402.883334339981	-58.5425676332231	0	0	0	0	0	1.5	1.5	1.5	1.5	1.5	1.5
415.260417322071	0.15143639596386	5.85491793647004	-402.729602850682	-58.615081603006	0	0	0	0	0	1.5	1.5	1.5	1.5	1.5	1.5
415.430397026255	0.1652657074302	5.88183440139476	-402.574056690348	-58.6836144217787	0	0	0	0	0	1.5	1.5	1.5	1.5	1.5	1.5
415.60037673044	0.17909501889654	5.91110156859161	-402.416647808735	-58.7477508486711	0	0	0	0	0	1.5	1.5	1.5	1.5	1.5	1.5
415.770356434624	0.192924330362876	5.94271943806056	-402.257360637742	-58.8070660224371	0	0	0	0	0	1.5	1.5	1.5	1.5	1.5	1.5
415.940336138808	0.199405415700775	5.97634598549714	-402.096218607169	-58.8611364576958	0	0	0	0	0	1.5	1.5	1.5	1.5	1.5	1.5
416.110315842992	0.199817118232083	6.01027584960793	-401.933338589195	-58.9097206916432	0	0	0	0	0	1.5	1.5	1.5	1.5	1.5	1.5
416.280295547176	0.200228820763392	6.0442756947932	-401.768902705691	-58.9527457635709	0	0	0	0	0	1.5	1.5	1.5	1.5	1.5	1.5
416.450275251361	0.2006405232947	6.07834552105297	-401.603098016142	-58.990150443137	0	0	0	0	0	1.5	1.5	1.5	1.5	1.5	1.5
416.620254955545	0.201052225826009	6.11248532838721	-401.436114344912	-59.0218797226713	0	0	0	0	0	1.5	1.5	1.5	1.5	1.5	1.5
416.790234659729	0.201463928357317	6.14669511679594	-401.26814407853	-59.0478849477816	0	0	0	0	0	1.5	1.5	1.5	1.5	1.5	1.5
416.960214363913	0.208273200562856	6.18133501444092	-401.099380503041	-59.068110505471	0	0	0	0	0	1.5	1.5	1.5	1.5	1.5	1.5
417.130194068098	0.218344078172032	6.21759315386053	-400.93000747349	-59.0823481791048	0	0	0	0	0	1.5	1.5	1.5	1.5	1.5	1.5
417.300173772282	0.228414955781211	6.25556313807703	-400.760223684635	-59.090291327944	0	0	0	0	0	1.5	1.5	1.5	1.5	1.5	1.5
417.470153476466	0.23848583339039	6.29524496709042	-400.590260468997	-59.0916381297083	0	0	0	0	0	1.5	1.5	1.5	1.5	1.5	1.5
417.64013318065	0.248556710999566	6.33663864090068	-400.420383286341	-59.0860958174327	0	0	0	0	0	1.5	1.5	1.5	1.5	1.5	1.5
417.810112884834	0.258627588608745	6.37974415950784	-400.250892811287	-59.0733834203935	0	0	0	0	0	1.5	1.5	1.5	1.5	1.5	1.5
417.980092589019	0.260197794504539	6.42398747503908	-400.082122416802	-59.053260403543	0	0	0	0	0	1.5	1.5	1.5	1.5	1.5	1.5
418.150072293203	0.259570109061668	6.46816247228541	-399.914406653159	-59.0256954948226	0	0	0	0	0	1.5	1.5	1.5	1.5	1.5	1.5
418.320051997387	0.258942423618797	6.51223077574583	-399.748069860298	-58.9907599030297	0	0	0	0	0	1.5	1.5	1.5	1.5	1.5	1.5
418.490031701571	0.258314738175927	6.55619238542034	-399.583431292598	-58.9485391869039	0	0	0	0	0	1.5	1.5	1.5	1.5	1.5	1.5
418.660011405756	0.257687052733056	6.60004730130897	-399.42080458486	-58.8991324734812	0	0	0	0	0	1.5	1.5	1.5	1.5	1.5	1.5
418.82999110994	0.257059367290185	6.64379552341169	-399.260497195352	-58.8426520983786	0	0	0	0	0	1.5	1.5	1.5	1.5	1.5	1.5
418.999970814124	0.228872112052125	6.68531949008527	-399.102768255977	-58.7793233908253	0	0	0	0	0	1.5	1.5	1.5	1.5	1.5	1.5
419.169950518308	0.197760150986342	6.72157890301863	-398.947619045582	-58.7099068526182	0	0	0	0	0	1.5	1.5	1.5	1.5	1.5	1.5
419.339930222493	0.166648189920559	6.75254991401345	-398.794888234277	-58.6353140343695	0	0	0	0	0	1.5	1.5	1.5	1.5	1.5	1.5
419.509909926677	0.135536228854777	6.7782325230697	-398.644329509419	-58.5564243584443	0	0	0	0	0	1.5	1.5	1.5	1.5	1.5	1.5
419.679889630861	0.104424267789004	6.79862673018741	-398.495626560524	-58.4740864554318	0	0	0	0	0	1.5	1.5	1.5	1.5	1.5	1.5
419.849869335045	0.0737965881168413	6.81373331486005	-398.348407306626	-58.3891215180696	0	0	0	0	0	1.5	1.5	1.5	1.5	1.5	1.5
420.019849039229	0.0682557707209448	6.825806323827	-398.202324308698	-58.3022163596041	0	0	0	0	0	1.5	1.5	1.5	1.5	1.5	1.5
420.189828743414	0.0627149533250483	6.83693750629206	-398.057259269922	-58.2136221385946	0	0	0	0	0	1.5	1.5	1.5	1.5	1.5	1.5
420.359808447598	0.0571741359291481	6.84712686225524	-397.913146773542	-58.1234864730323	0	0	0	0	0	1.5	1.5	1.5	1.5	1.5	1.5
420.529788151782	0.0516333185332516	6.85637439171652	-397.769916937948	-58.0319544672019	0	0	0	0	0	1.5	1.5	1.5	1.5	1.5	1.5
420.699767855966	0.0460925011373533	6.8646800946759	-397.627495851609	-57.9391688655884	0	0	0	0	0	1.5	1.5	1.5	1.5	1.5	1.5
420.869747560151	0.0398673929158838	6.87203596569517	-397.485805962874	-57.8452702780786	0	0	0	0	0	1.5	1.5	1.5	1.5	1.5	1.5
421.039727264335	0.0293553507784212	6.87791919644316	-397.344746959039	-57.7504263335946	0	0	0	0	0	1.5	1.5	1.5	1.5	1.5	1.5
421.209706968519	0.0188433086409621	6.88201559337825	-397.204162858466	-57.6548796435983	0	0	0	0	0	1.5	1.5	1.5	1.5	1.5	1.5
421.379686672703	0.008331266503496	6.88432515650044	-397.063885445736	-57.5588831106356	0	0	0	0	0	1.5	1.5	1.5	1.5	1.5	1.5
421.549666376888	-0.00218077563396309	6.88484788580974	-396.923744089195	-57.4626880003886	0	0	0	0	0	1.5	1.5	1.5	1.5	1.5	1.5
421.719646081072	-0.0126928177714222	6.88358378130614	-396.783567091687	-57.3665448507184	0	0	0	0	0	1.5	1.5	1.5	1.5	1.5	1.5
421.889625785256	-0.0172817126666045	6.88066116126398	-396.643184077588	-57.2707028582176	0	0	0	0	0	1.5	1.5	1.5	1.5	1.5	1.5
422.05960548944	-0.00455656418570517	6.87880512934435	-396.502546089953	-57.1752353360627	0	0	0	0	0	1.5	1.5	1.5	1.5	1.5	1.5
422.229585193624	0.00816858429519839	6.87911211439921	-396.361834183032	-57.0798767566342	0	0	0	0	0	1.5	1.5	1.5	1.5	1.5	1.5
422.399564897809	0.0208937327760977	6.88158211642856	-396.221254851663	-56.9843229155337	0	0	0	0	0	1.5	1.5	1.5	1.5	1.5	1.5
422.569544601993	0.0336188812570055	6.88621513543239	-396.081015856402	-56.8882704706253	0	0	0	0	0	1.5	1.5	1.5	1.5	1.5	1.5
422.739524306177	0.0463440297379048	6.8930111714107	-395.941328186174	-56.7914182985897	0	0	0	0	0	1.5	1.5	1.5	1.5	1.5	1.5
422.909504010361	0.0545769982128437	6.90182716151794	-395.802406237333	-56.6934713622379	0	0	0	0	0	1.5	1.5	1.5	1.5	1.5	1.5
423.079483714546	0.0553139319031689	6.91116677541477	-395.664390715452	-56.5942513767013	0	0	0	0	0	1.5	1.5	1.5	1.5	1.5	1.5
423.24946341873	0.0560508655934936	6.92063165308228	-395.527314184367	-56.4937381498922	0	0	0	0	0	1.5	1.5	1.5	1.5	1.5	1.5
423.419443122914	0.0567877992838185	6.93022179452047	-395.391201514465	-56.3919235169388	0	0	0	0	0	1.5	1.5	1.5	1.5	1.5	1.5
423.589422827098	0.0575247329741434	6.93993719972936	-395.25607797766	-56.2887997933358	0	0	0	0	0	1.5	1.5	1.5	1.5	1.5	1.5
423.759402531283	0.0582616666644683	6.94977786870892	-395.1219692456	-56.1843597882826	0	0	0	0	0	1.5	1.5	1.5	1.5	1.5	1.5
423.929382235467	0.0478465172566461	6.95927717215912	-394.988893251602	-56.0786069788205	0	0	0	0	0	1.5	1.5	1.5	1.5	1.5	1.5
424.099361939651	0.0259314243906741	6.96554754850739	-394.856672467834	-55.9717862460471	0	0	0	0	0	1.5	1.5	1.5	1.5	1.5	1.5
424.269341643835	0.00401633152471676	6.96809280385313	-394.724923632815	-55.8643836010577	0	0	0	0	0	1.5	1.5	1.5	1.5	1.5	1.5
424.439321348019	-0.0178987613412406	6.96691293819634	-394.593248123817	-55.7568910140766	0	0	0	0	0	1.5	1.5	1.5	1.5	1.5	1.5
424.609301052204	-0.0398138542072126	6.96200795153703	-394.461246311164	-55.6497996381118	0	0	0	0	0	1.5	1.5	1.5	1.5	1.5	1.5
424.779280756388	-0.0617289470731699	6.95337784387519	-394.328523059772	-55.5436042592513	0	0	0	0	0	1.5	1.5	1.5	1.5	1.5	1.5
424.949260460572	-0.0593359486931375	6.94228823724725	-394.194720243751	-55.4387729670008	0	0	0	0	0	1.5	1.5	1.5	1.5	1.5	1.5
425.119240164756	-0.0415716721838877	6.93371211347394	-394.059873394028	-55.3352874631921	0	0	0	0	0	1.5	1.5	1.5	1.5	1.5	1.5
425.289219868941	-0.0238073956746379	6.92815555616673	-393.924298412183	-55.2327572265492	0	0	0	0	0	1.5	1.5	1.5	1.5	1.5	1.5
425.459199573125	-0.006043119165394	6.9256185653256	-393.788309486413	-55.1307763654061	0	0	0	0	0	1.5	1.5	1.5	1.5	1.5	1.5
425.629179277309	0.0117211573438499	6.92610114095056	-393.652215841715	-55.0289352205734	0	0	0	0	0	1.5	1.5	1.5	1.5	1.5	1.5
425.799158981493	0.0294854338531056	6.92960328304161	-393.516325439223	-54.9268231818699	0	0	0	0	0	1.5	1.5	1.5	1.5	1.5	1.5
425.969138685677	0.0084757486696838	6.93372075406955	-393.380888477233	-54.8241105546414	0	0	0	0	0	1.5	1.5	1.5	1.5	1.5	1.5
426.139118389862	-0.0269059102097414	6.93215437736623	-393.245596481332	-54.7212068699612	0	0	0	0	0	1.5	1.5	1.5	1.5	1.5	1.5
426.309098094046	-0.0622875690891903	6.92457383675303	-393.10983558747	-54.618923246051	0	0	0	0	0	1.5	1.5	1.5	1.5	1.5	1.5
426.47907779823	-0.0976692279686274	6.91097913222996	-392.973000108811	-54.5180832481636	0	0	0	0	0	1.5	1.5	1.5	1.5	1.5	1.5
426.649057502414	-0.133050886848053	6.89137026379702	-392.834510592234	-54.4195295755197	0	0	0	0	0	1.5	1.5	1.5	1.5	1.5	1.5
426.819037206599	-0.168432545727501	6.86574723145419	-392.693829391385	-54.3241339919943	0	0	0	0	0	1.5	1.5	1.5	1.5	1.5	1.5
426.989016910783	-0.173433590803822	6.83629250414235	-392.55053249104	-54.2327173529213	0	0	0	0	0	1.5	1.5	1.5	1.5	1.5	1.5
427.158996614967	-0.172872434517303	6.80686000627171	-392.404603567114	-54.1455636766772	0	0	0	0	0	1.5	1.5	1.5	1.5	1.5	1.5
427.328976319151	-0.172311278230783	6.77752289358063	-392.256176981109	-54.0627350814675	0	0	0	0	0	1.5	1.5	1.5	1.5	1.5	1.5
427.498956023336	-0.171750121944264	6.74828116606915	-392.105388366143	-53.9842887006277	0	0	0	0	0	1.5	1.5	1.5	1.5	1.5	1.5
427.66893572752	-0.171188965657744	6.71913482373725	-391.952374127965	-53.9102772326385	0	0	0	0	0	1.5	1.5	1.5	1.5	1.5	1.5
427.838915431704	-0.170627809371225	6.69008386658493	-391.797271300451	-53.8407489596765	0	0	0	0	0	1.5	1.5	1.5	1.5	1.5	1.5
428.008895135888	-0.163401961054034	6.661679177716	-391.640228807751	-53.7757196385179	0	0	0	0	0	1.5	1.5	1.5	1.5	1.5	1.5
428.178874840072	-0.155988008935945	6.63453427140685	-391.481440465305	-53.7150765187874	0	0	0	0	0	1.5	1.5	1.5	1.5	1.5	1.5
428.348854544257	-0.148574056817857	6.60864958648558	-391.321099738422	-53.6586643049441	0	0	0	0	0	1.5	1.5	1.5	1.5	1.5	1.5
428.518834248441	-0.141160104699764	6.58402512295215	-391.159385197057	-53.6063188473295	0	0	0	0	0	1.5	1.5	1.5	1.5	1.5	1.5
428.688813952625	-0.133746152581676	6.56066088080661	-390.996460919924	-53.5578681987317	0	0	0	0	0	1.5	1.5	1.5	1.5	1.5	1.5
428.858793656809	-0.130300213098337	6.53852265338884	-390.832476914123	-53.5131337764769	0	0	0	0	0	1.5	1.5	1.5	1.5	1.5	1.5
429.028773360994	-0.162006589562659	6.51367954146515	-390.667510310741	-53.4721748647815	0	0	0	0	0	1.5	1.5	1.5	1.5	1.5	1.5
429.198753065178	-0.193712966026971	6.48344698904931	-390.501480529605	-53.4357741806692	0	0	0	0	0	1.5	1.5	1.5	1.5	1.5	1.5
429.368732769362	-0.225419342491272	6.44782499614133	-390.33434485864	-53.4048596044747	0	0	0	0	0	1.5	1.5	1.5	1.5	1.5	1.5
429.538712473546	-0.257125718955594	6.40681356274116	-390.166150503974	-53.3803706629856	0	0	0	0	0	1.5	1.5	1.5	1.5	1.5	1.5
429.708692177731	-0.288832095419895	6.36041268884887	-389.997050111318	-53.3632542310467	0	0	0	0	0	1.5	1.5	1.5	1.5	1.5	1.5
429.878671881915	-0.30833283238009	6.30884634953117	-389.827317292463	-53.3544546273903	0	0	0	0	0	1.5	1.5	1.5	1.5	1.5	1.5
430.048651586099	-0.283507973439718	6.25854588698245	-389.657355511627	-53.3544275775083	0	0	0	0	0	1.5	1.5	1.5	1.5	1.5	1.5
430.218631290283	-0.258683114499363	6.21246514661286	-389.487586866581	-53.362588087525	0	0	0	0	0	1.5	1.5	1.5	1.5	1.5	1.5
430.388610994467	-0.233858255559007	6.17060412842236	-389.318338405841	-53.3782034223249	0	0	0	0	0	1.5	1.5	1.5	1.5	1.5	1.5
430.558590698652	-0.209033396618635	6.13296283241093	-389.149841855643	-53.4005327836872	0	0	0	0	0	1.5	1.5	1.5	1.5	1.5	1.5
430.728570402836	-0.184208537678272	6.09954125857862	-388.982242789448	-53.4288340691885	0	0	0	0	0	1.5	1.5	1.5	1.5	1.5	1.5
430.89855010702	-0.161104116254131	6.07029112322756	-388.815610246545	-53.46236969095	0	0	0	0	0	1.5	1.5	1.5	1.5	1.5	1.5
431.068529811204	-0.141489336913664	6.04457375039878	-388.649958775347	-53.5004629588943	0	0	0	0	0	1.5	1.5	1.5	1.5	1.5	1.5
431.238509515389	-0.121874557573209	6.02219049195994	-388.485270175989	-53.542529077546	0	0	0	0	0	1.5	1.5	1.5	1.5	1.5	1.5
431.408489219573	-0.102259778232755	6.00314134791103	-388.321487359435	-53.5879979097023	0	0	0	0	0	1.5	1.5	1.5	1.5	1.5	1.5
431.578468923757	-0.0826449988923	5.98742631825206	-388.158518800986	-53.6363068501317	0	0	0	0	0	1.5	1.5	1.5	1.5	1.5	1.5
431.748448627941	-0.0630302195518323	5.975045402983	-387.996244309775	-53.6869005237888	0	0	0	0	0	1.5	1.5	1.5	1.5	1.5	1.5
431.918428332125	-0.0506863280979848	5.96572109442783	-387.834522890681	-53.7392367126217	0	0	0	0	0	1.5	1.5	1.5	1.5	1.5	1.5
432.08840803631	-0.0472622988393002	5.9573964551118	-387.673262391042	-53.7929766811797	0	0	0	0	0	1.5	1.5	1.5	1.5	1.5	1.5
432.258387740494	-0.0438382695806145	5.94965383127628	-387.512438754989	-53.8480104305276	0	0	0	0	0	1.5	1.5	1.5	1.5	1.5	1.5
432.428367444678	-0.0404142403219311	5.94249322292128	-387.352029612512	-53.9042410571905	0	0	0	0	0	1.5	1.5	1.5	1.5	1.5	1.5
432.598347148862	-0.0369902110632477	5.93591463004678	-387.192010480581	-53.9615723142347	0	0	0	0	0	1.5	1.5	1.5	1.5	1.5	1.5
432.768326853047	-0.0335661818045619	5.92991805265279	-387.032354935811	-54.0199085830985	0	0	0	0	0	1.5	1.5	1.5	1.5	1.5	1.5
432.938306557231	-0.0244538014743026	5.92477703636838	-386.873031713666	-54.0791466256678	0	0	0	0	0	1.5	1.5	1.5	1.5	1.5	1.5
433.108286261415	-0.0109764389828394	5.92176582547234	-386.713954584322	-54.1390427416655	0	0	0	0	0	1.5	1.5	1.5	1.5	1.5	1.5
433.278265965599	0.00250092350863278	5.92104549266578	-386.55498942766	-54.1992355763046	0	0	0	0	0	1.5	1.5	1.5	1.5	1.5	1.5
433.448245669784	0.0159782860000959	5.92261603794871	-386.395998709916	-54.2593608235485	0	0	0	0	0	1.5	1.5	1.5	1.5	1.5	1.5
433.618225373968	0.0294556484915636	5.92647746132111	-386.236845362069	-54.3190540023221	0	0	0	0	0	1.5	1.5	1.5	1.5	1.5	1.5
433.788205078152	0.0429330109830358	5.93262976278301	-386.077395287229	-54.3779495210133	0	0	0	0	0	1.5	1.5	1.5	1.5	1.5	1.5
433.958184782336	0.0533389723386079	5.94089455765675	-385.917522208421	-54.4356862789428	0	0	0	0	0	1.5	1.5	1.5	1.5	1.5	1.5
434.12816448652	0.0623218221847955	5.95072455147615	-385.757132649667	-54.4919717701966	0	0	0	0	0	1.5	1.5	1.5	1.5	1.5	1.5
434.298144190705	0.0713046720309892	5.96208144745514	-385.596156061264	-54.5465549835328	0	0	0	0	0	1.5	1.5	1.5	1.5	1.5	1.5
434.468123894889	0.0802875218771768	5.97496524559371	-385.434529994649	-54.5991830622028	0	0	0	0	0	1.5	1.5	1.5	1.5	1.5	1.5
434.638103599073	0.0892703717233645	5.98937594589187	-385.272201054697	-54.6496004697486	0	0	0	0	0	1.5	1.5	1.5	1.5	1.5	1.5
434.808083303257	0.0982532215695551	6.00531354834962	-385.109126105755	-54.697548871035	0	0	0	0	0	1.5	1.5	1.5	1.5	1.5	1.5
434.978063007442	0.0771235013879598	6.02073281547164	-384.945297716047	-54.7428564768916	0	0	0	0	0	1.5	1.5	1.5	1.5	1.5	1.5
435.148042711626	0.0484256502629082	6.03140321930074	-384.780888971278	-54.7860142036949	0	0	0	0	0	1.5	1.5	1.5	1.5	1.5	1.5
435.31802241581	0.0197277991378662	6.03719557088488	-384.616130001468	-54.8278173131904	0	0	0	0	0	1.5	1.5	1.5	1.5	1.5	1.5
435.488002119994	-0.00897005198719504	6.03810987022406	-384.451231554058	-54.8690677545062	0	0	0	0	0	1.5	1.5	1.5	1.5	1.5	1.5
435.657981824179	-0.0376679031122371	6.03414611731828	-384.286396296116	-54.9105695471147	0	0	0	0	0	1.5	1.5	1.5	1.5	1.5	1.5
435.827961528363	-0.0663657542372791	6.02530431216754	-384.12183057022	-54.9531257747193	0	0	0	0	0	1.5	1.5	1.5	1.5	1.5	1.5
435.997941232547	-0.0384160045948618	6.01599993553618	-383.957695639568	-54.9973141592355	0	0	0	0	0	1.5	1.5	1.5	1.5	1.5	1.5
436.167920936731	-0.00534748018779693	6.01228048343746	-383.793852208311	-55.0425733604107	0	0	0	0	0	1.5	1.5	1.5	1.5	1.5	1.5
436.337900640915	0.027721044219279	6.01418200933527	-383.630049913931	-55.0879814898222	0	0	0	0	0	1.5	1.5	1.5	1.5	1.5	1.5
436.5078803451	0.060789568626355	6.02170451322961	-383.466035837043	-55.1326171806882	0	0	0	0	0	1.5	1.5	1.5	1.5	1.5	1.5
436.677860049284	0.0938580930334309	6.03484799512046	-383.301570100038	-55.1755555548711	0	0	0	0	0	1.5	1.5	1.5	1.5	1.5	1.5
436.847839753468	0.125721597115929	6.05360876617403	-383.136441520542	-55.2158644006904	0	0	0	0	0	1.5	1.5	1.5	1.5	1.5	1.5
437.017819457652	0.125334682867342	6.07494600227662	-382.970521294773	-55.2527762190335	0	0	0	0	0	1.5	1.5	1.5	1.5	1.5	1.5
437.187799161837	0.124947768618755	6.09621747080967	-382.803852378779	-55.2861451093485	0	0	0	0	0	1.5	1.5	1.5	1.5	1.5	1.5
437.357778866021	0.124560854370168	6.1174231717732	-382.636512377465	-55.3159669316585	0	0	0	0	0	1.5	1.5	1.5	1.5	1.5	1.5
437.527758570205	0.124173940121581	6.13856310516722	-382.468578498719	-55.3422392783397	0	0	0	0	0	1.5	1.5	1.5	1.5	1.5	1.5
437.697738274389	0.123787025872994	6.15963727099171	-382.300127516451	-55.364961450077	0	0	0	0	0	1.5	1.5	1.5	1.5	1.5	1.5
437.867717978574	0.114076796908003	6.18052596542755	-382.131235840326	-55.3841354502922	0	0	0	0	0	1.5	1.5	1.5	1.5	1.5	1.5
438.037697682758	0.0519736005514592	6.19463856414746	-381.962019556027	-55.4002122955036	0	0	0	0	0	1.5	1.5	1.5	1.5	1.5	1.5
438.207677386942	-0.0101295958051262	6.19819487992179	-381.792666530698	-55.4147937125396	0	0	0	0	0	1.5	1.5	1.5	1.5	1.5	1.5
438.377657091126	-0.0722327921616702	6.19119491275054	-381.623339119522	-55.42966668159	0	0	0	0	0	1.5	1.5	1.5	1.5	1.5	1.5
438.54763679531	-0.134335988518214	6.17363866263372	-381.454208905461	-55.4466173139781	0	0	0	0	0	1.5	1.5	1.5	1.5	1.5	1.5
438.717616499495	-0.1964391848748	6.14552612957129	-381.285513194813	-55.4674247582185	0	0	0	0	0	1.5	1.5	1.5	1.5	1.5	1.5
438.887596203679	-0.225128039456544	6.10761500839778	-381.117609121207	-55.4938403601635	0	0	0	0	0	1.5	1.5	1.5	1.5	1.5	1.5
439.057575907863	-0.161992530944681	6.07471368837757	-380.950790165883	-55.5264275518418	0	0	0	0	0	1.5	1.5	1.5	1.5	1.5	1.5
439.227555612047	-0.0988570224328177	6.05254412341772	-380.78492755229	-55.5635961576296	0	0	0	0	0	1.5	1.5	1.5	1.5	1.5	1.5
439.397535316232	-0.0357215139209549	6.04110631351824	-380.619710412144	-55.6035470878416	0	0	0	0	0	1.5	1.5	1.5	1.5	1.5	1.5
439.567515020416	0.0274139945908869	6.04040025867912	-380.454737999574	-55.6445006847958	0	0	0	0	0	1.5	1.5	1.5	1.5	1.5	1.5
439.7374947246	0.0905495031027709	6.05042595890038	-380.289577230635	-55.6846849304937	0	0	0	0	0	1.5	1.5	1.5	1.5	1.5	1.5
439.907474428784	0.130630809302462	6.07041220797239	-380.123823496612	-55.7223387186204	0	0	0	0	0	1.5	1.5	1.5	1.5	1.5	1.5
440.077454132968	0.13519341393473	6.09300456938782	-379.957287867138	-55.7563645175313	0	0	0	0	0	1.5	1.5	1.5	1.5	1.5	1.5
440.247433837153	0.139756018567	6.11637248098896	-379.790014608103	-55.7865546130448	0	0	0	0	0	1.5	1.5	1.5	1.5	1.5	1.5
440.417413541337	0.144318623199267	6.14051594277579	-379.622071684579	-55.8127628327018	0	0	0	0	0	1.5	1.5	1.5	1.5	1.5	1.5
440.587393245521	0.148881227831536	6.16543495474833	-379.453536702642	-55.8348436974976	0	0	0	0	0	1.5	1.5	1.5	1.5	1.5	1.5
440.757372949705	0.153443832463805	6.19112951690657	-379.284497225924	-55.8526528392215	0	0	0	0	0	1.5	1.5	1.5	1.5	1.5	1.5
440.92735265389	0.146242155583876	6.21709298642199	-379.115052082768	-55.8660619676037	0	0	0	0	0	1.5	1.5	1.5	1.5	1.5	1.5
441.097332358074	0.12758830072691	6.24036579640216	-378.94532574204	-55.8752687378756	0	0	0	0	0	1.5	1.5	1.5	1.5	1.5	1.5
441.267312062258	0.108934445869943	6.26046782965184	-378.775438685657	-55.8807927366481	0	0	0	0	0	1.5	1.5	1.5	1.5	1.5	1.5
441.437291766442	0.0902805910129647	6.27739908617105	-378.605477641056	-55.8831702416366	0	0	0	0	0	1.5	1.5	1.5	1.5	1.5	1.5
441.607271470627	0.0716267361559984	6.29115956595976	-378.435499435922	-55.8829393684081	0	0	0	0	0	1.5	1.5	1.5	1.5	1.5	1.5
441.777251174811	0.0529728812990321	6.301749269018	-378.265536092862	-55.8806390558886	0	0	0	0	0	1.5	1.5	1.5	1.5	1.5	1.5
441.947230878995	0.0718673922339689	6.31116868585553	-378.095601767268	-55.8767374137866	0	0	0	0	0	1.5	1.5	1.5	1.5	1.5	1.5
442.117210583179	0.113111583803162	6.32689002166908	-377.92572947141	-55.8707452635421	0	0	0	0	0	1.5	1.5	1.5	1.5	1.5	1.5
442.287190287363	0.154355775372341	6.34962203296487	-377.756005680971	-55.8614884472767	0	0	0	0	0	1.5	1.5	1.5	1.5	1.5	1.5
442.457169991548	0.195599966941547	6.37936471974292	-377.586585749384	-55.8477824362916	0	0	0	0	0	1.5	1.5	1.5	1.5	1.5	1.5
442.627149695732	0.236844158510726	6.41611808200321	-377.41771834417	-55.8284525360769	0	0	0	0	0	1.5	1.5	1.5	1.5	1.5	1.5
442.797129399916	0.278088350079905	6.45988211974574	-377.249769704121	-55.8023423674715	0	0	0	0	0	1.5	1.5	1.5	1.5	1.5	1.5
442.9671091041	0.249604369960858	6.50623349683735	-377.083206880449	-55.7685091412256	0	0	0	0	0	1.5	1.5	1.5	1.5	1.5	1.5
443.137088808285	0.197429890183274	6.54422687248709	-376.91822219531	-55.7276474853061	0	0	0	0	0	1.5	1.5	1.5	1.5	1.5	1.5
443.307068512469	0.145255410405674	6.57335164549829	-376.754697371161	-55.6812719935386	0	0	0	0	0	1.5	1.5	1.5	1.5	1.5	1.5
443.477048216653	0.0930809306280729	6.59360781587093	-376.592364342416	-55.6308726231341	0	0	0	0	0	1.5	1.5	1.5	1.5	1.5	1.5
443.647027920837	0.0409064508504723	6.604995383605	-376.430847121928	-55.5779106373744	0	0	0	0	0	1.5	1.5	1.5	1.5	1.5	1.5
443.817007625022	-0.011268028927111	6.60751434870051	-376.269701233586	-55.5238265910127	0	0	0	0	0	1.5	1.5	1.5	1.5	1.5	1.5
443.986987329206	0.0244277474219897	6.60760821157136	-376.108551938879	-55.4697525490252	0	0	0	0	0	1.5	1.5	1.5	1.5	1.5	1.5
444.15696703339	0.0740957548803865	6.61598170945963	-375.947629438681	-55.4150088088957	0	0	0	0	0	1.5	1.5	1.5	1.5	1.5	1.5
444.326946737574	0.123763762338783	6.6327977605631	-375.787410588151	-55.3582431850494	0	0	0	0	0	1.5	1.5	1.5	1.5	1.5	1.5
444.496926441758	0.17343176979718	6.65805636488177	-375.628423652129	-55.2981206847787	0	0	0	0	0	1.5	1.5	1.5	1.5	1.5	1.5
444.666906145943	0.22309977725561	6.69175752241566	-375.471281202314	-55.2333394151906	0	0	0	0	0	1.5	1.5	1.5	1.5	1.5	1.5
444.836885850127	0.272767784714023	6.73390123316473	-375.316711931308	-55.1626488126496	0	0	0	0	0	1.5	1.5	1.5	1.5	1.5	1.5
445.006865554311	0.224641193646024	6.77636652075461	-375.165380152458	-55.0852702169357	0	0	0	0	0	1.5	1.5	1.5	1.5	1.5	1.5
445.176845258495	0.174219691208887	6.81026564836377	-375.017108578563	-55.0021686496201	0	0	0	0	0	1.5	1.5	1.5	1.5	1.5	1.5
445.34682496268	0.123798188771783	6.83559414390413	-374.871359526586	-54.9147114251497	0	0	0	0	0	1.5	1.5	1.5	1.5	1.5	1.5
445.516804666864	0.0733766863346798	6.8523520073757	-374.727480822826	-54.8242054069158	0	0	0	0	0	1.5	1.5	1.5	1.5	1.5	1.5
445.686784371048	0.0229551838975428	6.8605392387785	-374.584740849684	-54.7319111191136	0	0	0	0	0	1.5	1.5	1.5	1.5	1.5	1.5
445.856764075232	-0.0219070179461491	6.86020210597219	-374.442361829933	-54.639060102233	0	0	0	0	0	1.5	1.5	1.5	1.5	1.5	1.5
446.026743779416	-0.0155573329695767	6.85701801632913	-374.299747189175	-54.546571510404	0	0	0	0	0	1.5	1.5	1.5	1.5	1.5	1.5
446.196723483601	-0.00920764799299999	6.85491324426006	-374.156888433691	-54.4544603541691	0	0	0	0	0	1.5	1.5	1.5	1.5	1.5	1.5
446.366703187785	-0.00285796301642544	6.85388778976497	-374.013885668714	-54.3625728878595	0	0	0	0	0	1.5	1.5	1.5	1.5	1.5	1.5
446.536682891969	0.00349172196014698	6.85394165284385	-373.870838275826	-54.2707548985072	0	0	0	0	0	1.5	1.5	1.5	1.5	1.5	1.5
446.706662596153	0.00984140693672365	6.85507483349673	-373.727845411748	-54.1788520284829	0	0	0	0	0	1.5	1.5	1.5	1.5	1.5	1.5
446.876642300338	0.0152654214260919	6.85727030154713	-373.585006394499	-54.0867102723293	0	0	0	0	0	1.5	1.5	1.5	1.5	1.5	1.5
447.046622004522	0.0173388793093218	6.8600413362442	-373.442401574178	-53.9942065072026	0	0	0	0	0	1.5	1.5	1.5	1.5	1.5	1.5
447.216601708706	0.0194123371925531	6.8631648166989	-373.300070017562	-53.9012828593497	0	0	0	0	0	1.5	1.5	1.5	1.5	1.5	1.5
447.38658141289	0.021485795075783	6.86664074291123	-373.158045869478	-53.8078900753665	0	0	0	0	0	1.5	1.5	1.5	1.5	1.5	1.5
447.556561117075	0.0235592529590129	6.87046911488119	-373.016363767377	-53.7139792320913	0	0	0	0	0	1.5	1.5	1.5	1.5	1.5	1.5
447.726540821259	0.0256327108422435	6.87464993260878	-372.875058891831	-53.6195017750414	0	0	0	0	0	1.5	1.5	1.5	1.5	1.5	1.5
447.896520525443	0.0288399544642946	6.87921541715492	-372.734167358858	-53.5244090524562	0	0	0	0	0	1.5	1.5	1.5	1.5	1.5	1.5
448.066500229627	0.0343041111848928	6.88458202195493	-372.59374644187	-53.428622850277	0	0	0	0	0	1.5	1.5	1.5	1.5	1.5	1.5
448.236479933811	0.039768267905491	6.89087742249794	-372.453886501629	-53.3320195299856	0	0	0	0	0	1.5	1.5	1.5	1.5	1.5	1.5
448.406459637996	0.0452324246260928	6.89810161878393	-372.314682843646	-53.2344730500611	0	0	0	0	0	1.5	1.5	1.5	1.5	1.5	1.5
448.57643934218	0.050696581346691	6.90625461081289	-372.176233370413	-53.1358592421277	0	0	0	0	0	1.5	1.5	1.5	1.5	1.5	1.5
448.746419046364	0.0561607380672892	6.91533639858485	-372.038638912623	-53.0360561039168	0	0	0	0	0	1.5	1.5	1.5	1.5	1.5	1.5
448.916398750548	0.0540727797986799	6.92505729241125	-371.901999120587	-52.9349500436092	0	0	0	0	0	1.5	1.5	1.5	1.5	1.5	1.5
449.086378454733	0.0428040361765761	6.93329083867214	-371.766286206528	-52.8326028823377	0	0	0	0	0	1.5	1.5	1.5	1.5	1.5	1.5
449.256358158917	0.0315352925544686	6.93960892722562	-371.63132138054	-52.7292708963887	0	0	0	0	0	1.5	1.5	1.5	1.5	1.5	1.5
449.426337863101	0.0202665489323573	6.94401155807169	-371.496912272502	-52.6252168494048	0	0	0	0	0	1.5	1.5	1.5	1.5	1.5	1.5
449.596317567285	0.00899780531025358	6.94649873121034	-371.362862343572	-52.5207003370882	0	0	0	0	0	1.5	1.5	1.5	1.5	1.5	1.5
449.76629727147	-0.00227093831185017	6.94707044664157	-371.228972390859	-52.4159788996324	0	0	0	0	0	1.5	1.5	1.5	1.5	1.5	1.5
449.936276975654	0.00960237984726067	6.9468441221522	-371.095064176217	-52.3112808140047	0	0	0	0	0	1.5	1.5	1.5	1.5	1.5	1.5
450.106256679838	0.0390674985017276	6.95098056791443	-370.961336877945	-52.206351946062	0	0	0	0	0	1.5	1.5	1.5	1.5	1.5	1.5
450.276236384022	0.0685326171561944	6.96012548582928	-370.828309691021	-52.100537651149	0	0	0	0	0	1.5	1.5	1.5	1.5	1.5	1.5
450.446216088206	0.097997735810681	6.97427887589679	-370.696524789872	-51.9931814387447	0	0	0	0	0	1.5	1.5	1.5	1.5	1.5	1.5
450.616195792391	0.127462854465148	6.99344073811693	-370.566547292397	-51.883645760011	0	0	0	0	0	1.5	1.5	1.5	1.5	1.5	1.5
450.786175496575	0.156927973119625	7.01761107248972	-370.438974479316	-51.771320920402	0	0	0	0	0	1.5	1.5	1.5	1.5	1.5	1.5
450.956155200759	0.143014485071989	7.04426505830196	-370.314376978983	-51.6557059592609	0	0	0	0	0	1.5	1.5	1.5	1.5	1.5	1.5
451.126134904943	0.109138193795019	7.06569547718351	-370.192618561028	-51.5371020791221	0	0	0	0	0	1.5	1.5	1.5	1.5	1.5	1.5
451.296114609128	0.075261902518072	7.08136761409493	-370.073080157051	-51.4162588869269	0	0	0	0	0	1.5	1.5	1.5	1.5	1.5	1.5
451.466094313312	0.0413856112411249	7.09128146903623	-369.955096714689	-51.2938956196126	0	0	0	0	0	1.5	1.5	1.5	1.5	1.5	1.5
451.636074017496	0.00750931996415505	7.09543704200742	-369.837976579698	-51.1707049912976	0	0	0	0	0	1.5	1.5	1.5	1.5	1.5	1.5
451.80605372168	-0.0263669713127921	7.0938343330085	-369.721013712879	-51.04736489196	0	0	0	0	0	1.5	1.5	1.5	1.5	1.5	1.5
451.976033425865	-0.0208076751655076	7.08916226361181	-369.603587671996	-50.924465869928	0	0	0	0	0	1.5	1.5	1.5	1.5	1.5	1.5
452.146013130049	-0.00552920793283643	7.08692389581271	-369.485728918294	-50.8019815783795	0	0	0	0	0	1.5	1.5	1.5	1.5	1.5	1.5
452.315992834233	0.00974925929983476	7.08728255735422	-369.367755075424	-50.6796080859366	0	0	0	0	0	1.5	1.5	1.5	1.5	1.5	1.5
452.485972538417	0.0250277265325008	7.09023824823631	-369.249984231127	-50.5570393021326	0	0	0	0	0	1.5	1.5	1.5	1.5	1.5	1.5
452.655952242601	0.0403061937651771	7.09579096845901	-369.132735991721	-50.4339707209172	0	0	0	0	0	1.5	1.5	1.5	1.5	1.5	1.5
452.825931946786	0.0555846609978432	7.10394071802231	-369.016333841826	-50.31010192281	0	0	0	0	0	1.5	1.5	1.5	1.5	1.5	1.5
452.99591165097	0.0605800040879799	7.11388386374451	-368.901076593458	-50.1851674270968	0	0	0	0	0	1.5	1.5	1.5	1.5	1.5	1.5
453.165891355154	0.0646754443883983	7.12452930578425	-368.787111977223	-50.0590528236515	0	0	0	0	0	1.5	1.5	1.5	1.5	1.5	1.5
453.335871059338	0.068770884688814	7.13587088955475	-368.674540734032	-49.9316930760493	0	0	0	0	0	1.5	1.5	1.5	1.5	1.5	1.5
453.505850763523	0.072866324989231	7.14790861505603	-368.563466014952	-49.8030262283475	0	0	0	0	0	1.5	1.5	1.5	1.5	1.5	1.5
453.675830467707	0.0769617652896494	7.16064248228808	-368.453993494921	-49.6729936295346	0	0	0	0	0	1.5	1.5	1.5	1.5	1.5	1.5
453.845810171891	0.0806395765469645	7.17407115801415	-368.346231451624	-49.5415401869288	0	0	0	0	0	1.5	1.5	1.5	1.5	1.5	1.5
454.015789876075	0.0736166452324504	7.18718137148747	-368.240243962221	-49.4086517448818	0	0	0	0	0	1.5	1.5	1.5	1.5	1.5	1.5
454.185769580259	0.0665937139179362	7.19909782917344	-368.13592747507	-49.2744473173056	0	0	0	0	0	1.5	1.5	1.5	1.5	1.5	1.5
454.355749284444	0.0595707826034173	7.20982053107207	-368.033136660563	-49.1390705416156	0	0	0	0	0	1.5	1.5	1.5	1.5	1.5	1.5
454.525728988628	0.0525478512889031	7.21934947718335	-367.931721791518	-49.0026597447982	0	0	0	0	0	1.5	1.5	1.5	1.5	1.5	1.5
454.695708692812	0.0455249199743866	7.22768466750728	-367.831529293289	-48.8653484350077	0	0	0	0	0	1.5	1.5	1.5	1.5	1.5	1.5
454.865688396996	0.0354901865619363	7.23478669112812	-367.732401985848	-48.7272660165906	0	0	0	0	0	1.5	1.5	1.5	1.5	1.5	1.5
455.035668101181	0.00890569866219511	7.23855989084682	-367.634062792082	-48.5886209023405	0	0	0	0	0	1.5	1.5	1.5	1.5	1.5	1.5
455.205647805365	-0.0176787892375372	7.23781426717643	-367.535933534275	-48.4498270031995	0	0	0	0	0	1.5	1.5	1.5	1.5	1.5	1.5
455.375627509549	-0.0442632771372872	7.23254982011695	-367.437387751124	-48.3113287688834	0	0	0	0	0	1.5	1.5	1.5	1.5	1.5	1.5
455.545607213733	-0.0708477650370195	7.22276654966839	-367.337803008108	-48.1735762824375	0	0	0	0	0	1.5	1.5	1.5	1.5	1.5	1.5
455.715586917918	-0.0974322529367517	7.20846445583074	-367.236567076081	-48.0370336422899	0	0	0	0	0	1.5	1.5	1.5	1.5	1.5	1.5
455.885566622102	-0.105934712235786	7.19006068022827	-367.133089481738	-47.9021831634954	0	0	0	0	0	1.5	1.5	1.5	1.5	1.5	1.5
456.055546326286	-0.0659033078754125	7.17545619231522	-367.027297059326	-47.7691397578455	0	0	0	0	0	1.5	1.5	1.5	1.5	1.5	1.5
456.22552603047	-0.0258719035150261	7.16765623067342	-366.920020242569	-47.6372889479251	0	0	0	0	0	1.5	1.5	1.5	1.5	1.5	1.5
456.395505734654	0.0141595008453604	7.16666079530288	-366.812164356038	-47.5059108548829	0	0	0	0	0	1.5	1.5	1.5	1.5	1.5	1.5
456.565485438839	0.0541909052057468	7.1724698862036	-366.704625132765	-47.3742737317625	0	0	0	0	0	1.5	1.5	1.5	1.5	1.5	1.5
456.735465143023	0.0942223095661198	7.18508350337558	-366.598303565947	-47.2416523182371	0	0	0	0	0	1.5	1.5	1.5	1.5	1.5	1.5
456.905444847207	0.115777324253632	7.20388694185567	-366.494109700207	-47.107354644017	0	0	0	0	0	1.5	1.5	1.5	1.5	1.5	1.5
457.075424551391	0.108609534884089	7.2229575478252	-366.392537721478	-46.9710632016966	0	0	0	0	0	1.5	1.5	1.5	1.5	1.5	1.5
457.245404255576	0.101441745514546	7.24080977507803	-366.293498855858	-46.8329196693746	0	0	0	0	0	1.5	1.5	1.5	1.5	1.5	1.5
457.41538395976	0.0942739561450027	7.25744362361418	-366.19685644003	-46.6930887820365	0	0	0	0	0	1.5	1.5	1.5	1.5	1.5	1.5
457.585363663944	0.0871061667754548	7.27285909343364	-366.102466925157	-46.5517270223921	0	0	0	0	0	1.5	1.5	1.5	1.5	1.5	1.5
457.755343368128	0.0799383774059093	7.28705618453641	-366.010180583052	-46.4089830363975	0	0	0	0	0	1.5	1.5	1.5	1.5	1.5	1.5
457.925323072312	0.0590148225458781	7.29944287867844	-365.919827737034	-46.2650070507928	0	0	0	0	0	1.5	1.5	1.5	1.5	1.5	1.5
458.095302776497	0.0246825460629885	7.30655630565701	-365.83090988046	-46.1201395547289	0	0	0	0	0	1.5	1.5	1.5	1.5	1.5	1.5
458.265282480681	-0.00964973041987813	7.30783394243504	-365.742600420647	-45.9748999807652	0	0	0	0	0	1.5	1.5	1.5	1.5	1.5	1.5
458.435262184865	-0.0439820069027448	7.30327578901255	-365.654052919973	-45.8298055681683	0	0	0	0	0	1.5	1.5	1.5	1.5	1.5	1.5
458.605241889049	-0.0783142833856344	7.29288184538952	-365.564423497011	-45.6853777145928	0	0	0	0	0	1.5	1.5	1.5	1.5	1.5	1.5
458.775221593234	-0.112646559868501	7.27665211156597	-365.472880064627	-45.5421566817553	0	0	0	0	0	1.5	1.5	1.5	1.5	1.5	1.5
458.945201297418	-0.0945613115706131	7.25736866367141	-365.378693650436	-45.4006607945976	0	0	0	0	0	1.5	1.5	1.5	1.5	1.5	1.5
459.115181001602	-0.0449570444003939	7.2455110192333	-365.282261802386	-45.260683449555	0	0	0	0	0	1.5	1.5	1.5	1.5	1.5	1.5
459.285160705786	0.00464722276982538	7.24208509345506	-365.184762580296	-45.1214463481283	0	0	0	0	0	1.5	1.5	1.5	1.5	1.5	1.5
459.455140409971	0.054251489940028	7.24709088633668	-365.087373430706	-44.9821323495847	0	0	0	0	0	1.5	1.5	1.5	1.5	1.5	1.5
459.625120114155	0.103855757110264	7.26052839787818	-364.991273731481	-44.8419271070573	0	0	0	0	0	1.5	1.5	1.5	1.5	1.5	1.5
459.795099818339	0.153460024280467	7.28239762807954	-364.897665133426	-44.7000490755372	0	0	0	0	0	1.5	1.5	1.5	1.5	1.5	1.5
459.965079522523	0.151136299883067	7.30940535644522	-364.807671697643	-44.5558530381268	0	0	0	0	0	1.5	1.5	1.5	1.5	1.5	1.5
460.135059226708	0.131150169898982	7.33339684175961	-364.721406646299	-44.4093946671479	0	0	0	0	0	1.5	1.5	1.5	1.5	1.5	1.5
460.305038930892	0.11116403991491	7.35399109061151	-364.638427212486	-44.2610488152883	0	0	0	0	0	1.5	1.5	1.5	1.5	1.5	1.5
460.475018635076	0.0911779099308322	7.37118810300093	-364.558265084628	-44.1111607885083	0	0	0	0	0	1.5	1.5	1.5	1.5	1.5	1.5
460.64499833926	0.0711917799467607	7.38498787892786	-364.480435173214	-43.9600477654262	0	0	0	0	0	1.5	1.5	1.5	1.5	1.5	1.5
460.814978043444	0.0512056499626759	7.39539041839233	-364.40443929784	-43.8080034766543	0	0	0	0	0	1.5	1.5	1.5	1.5	1.5	1.5
460.984957747629	0.0560822951918132	7.40421401783842	-364.329849219032	-43.6552643724913	0	0	0	0	0	1.5	1.5	1.5	1.5	1.5	1.5
461.154937451813	0.0649897608722222	7.41450391397578	-364.256718974922	-43.5018211836501	0	0	0	0	0	1.5	1.5	1.5	1.5	1.5	1.5
461.324917155997	0.0738972265526371	7.42630789849455	-364.185288335815	-43.3475797234063	0	0	0	0	0	1.5	1.5	1.5	1.5	1.5	1.5
461.494896860181	0.0828046922330461	7.43962597139469	-364.115800822357	-43.1924534582164	0	0	0	0	0	1.5	1.5	1.5	1.5	1.5	1.5
461.664876564365	0.0917121579134551	7.45445813267622	-364.048503659588	-43.0363648233331	0	0	0	0	0	1.5	1.5	1.5	1.5	1.5	1.5
461.83485626855	0.10061962359387	7.47080438233915	-363.983648000841	-42.8792463969023	0	0	0	0	0	1.5	1.5	1.5	1.5	1.5	1.5
462.004835972734	0.074753379464042	7.4857757712539	-363.921339934066	-42.7211000594712	0	0	0	0	0	1.5	1.5	1.5	1.5	1.5	1.5
462.174815676918	0.0480871294375697	7.49621596793637	-363.861046047358	-42.5621740270017	0	0	0	0	0	1.5	1.5	1.5	1.5	1.5	1.5
462.344795381103	0.0214208794110795	7.50212344332763	-363.802053013456	-42.4027599845377	0	0	0	0	0	1.5	1.5	1.5	1.5	1.5	1.5
462.514775085287	-0.00524537061539285	7.50349819742769	-363.743640733778	-42.2431319793432	0	0	0	0	0	1.5	1.5	1.5	1.5	1.5	1.5
462.684754789471	-0.0319116206418652	7.50034023023655	-363.685086171692	-42.0835561721013	0	0	0	0	0	1.5	1.5	1.5	1.5	1.5	1.5
462.854734493655	-0.0544556328039725	7.49268302315071	-363.625667175186	-41.9243005922967	0	0	0	0	0	1.5	1.5	1.5	1.5	1.5	1.5
463.024714197839	-0.0379869023720741	7.48482634575908	-363.564920126596	-41.7655468616844	0	0	0	0	0	1.5	1.5	1.5	1.5	1.5	1.5
463.194693902024	-0.0215181719401757	7.47976901829455	-363.503149185237	-41.607188443084	0	0	0	0	0	1.5	1.5	1.5	1.5	1.5	1.5
463.364673606208	-0.00504944150826624	7.47751104075713	-363.440799385115	-41.4490568849781	0	0	0	0	0	1.5	1.5	1.5	1.5	1.5	1.5
463.534653310392	0.0114192889236377	7.47805241314681	-363.378313870744	-41.2909788684539	0	0	0	0	0	1.5	1.5	1.5	1.5	1.5	1.5
463.704633014576	0.0278880193555361	7.48139313546359	-363.316135338957	-41.1327799340921	0	0	0	0	0	1.5	1.5	1.5	1.5	1.5	1.5
463.87461271876	0.0404387854088348	7.48746215461888	-363.254706694811	-40.9742885107641	0	0	0	0	0	1.5	1.5	1.5	1.5	1.5	1.5
464.044592422945	0.0385461459853532	7.49417507225558	-363.194328714153	-40.815393920608	0	0	0	0	0	1.5	1.5	1.5	1.5	1.5	1.5
464.214572127129	0.0366535065618728	7.50056627960295	-363.134993098903	-40.6561071156229	0	0	0	0	0	1.5	1.5	1.5	1.5	1.5	1.5
464.384551831313	0.0347608671383924	7.50663577666098	-363.076651032003	-40.4964536961122	0	0	0	0	0	1.5	1.5	1.5	1.5	1.5	1.5
464.554531535497	0.0328682277149107	7.51238356342969	-363.019253303825	-40.3364583177873	0	0	0	0	0	1.5	1.5	1.5	1.5	1.5	1.5
464.724511239682	0.0309755882914303	7.51780963990906	-362.962750341572	-40.1761447369619	0	0	0	0	0	1.5	1.5	1.5	1.5	1.5	1.5
464.894490943866	0.031612741329334	7.52298526684823	-362.907093502619	-40.0155354209009	0	0	0	0	0	1.5	1.5	1.5	1.5	1.5	1.5
465.06447064805	0.0373529475175845	7.52884665054276	-362.85231091696	-39.8546258643656	0	0	0	0	0	1.5	1.5	1.5	1.5	1.5	1.5
465.234450352234	0.0430931537058311	7.53568375278712	-362.798551110276	-39.6933718088233	0	0	0	0	0	1.5	1.5	1.5	1.5	1.5	1.5
465.404430056419	0.0488333598940778	7.54349657358132	-362.745973946329	-39.5317283905906	0	0	0	0	0	1.5	1.5	1.5	1.5	1.5	1.5
465.574409760603	0.0545735660823282	7.55228511292536	-362.694740363156	-39.3696542292301	0	0	0	0	0	1.5	1.5	1.5	1.5	1.5	1.5
465.744389464787	0.0603137722705748	7.56204937081923	-362.645012464801	-39.207111907465	0	0	0	0	0	1.5	1.5	1.5	1.5	1.5	1.5
465.914369168971	0.0636212647910947	7.572696190532	-362.596951309628	-39.044069119189	0	0	0	0	0	1.5	1.5	1.5	1.5	1.5	1.5
466.084348873156	0.0639622037359484	7.58353949065152	-362.550651985477	-38.8805173251871	0	0	0	0	0	1.5	1.5	1.5	1.5	1.5	1.5
466.25432857734	0.0643031426808019	7.59444074347202	-362.506133545363	-38.716471837002	0	0	0	0	0	1.5	1.5	1.5	1.5	1.5	1.5
466.424308281524	0.0646440816256555	7.60539994899352	-362.463410785863	-38.5519495695898	0	0	0	0	0	1.5	1.5	1.5	1.5	1.5	1.5
466.594287985708	0.0649850205705093	7.61641710721601	-362.422498371902	-38.3869678070488	0	0	0	0	0	1.5	1.5	1.5	1.5	1.5	1.5
466.764267689892	0.0653259595153628	7.62749221813948	-362.383410829698	-38.2215442036875	0	0	0	0	0	1.5	1.5	1.5	1.5	1.5	1.5
466.934247394077	0.0773261955285285	7.63918690504379	-362.346180152954	-38.0556929060166	0	0	0	0	0	1.5	1.5	1.5	1.5	1.5	1.5
467.104227098261	0.0982386698903866	7.65410813698831	-362.311140570623	-37.8893655452771	0	0	0	0	0	1.5	1.5	1.5	1.5	1.5	1.5
467.274206802445	0.119151144252259	7.67258406513863	-362.278883334578	-37.7224771150386	0	0	0	0	0	1.5	1.5	1.5	1.5	1.5	1.5
467.444186506629	0.140063618614117	7.69461468949473	-362.250012693689	-37.5549706469863	0	0	0	0	0	1.5	1.5	1.5	1.5	1.5	1.5
467.614166210814	0.160976092975982	7.72020001005663	-362.225138022568	-37.3868255490524	0	0	0	0	0	1.5	1.5	1.5	1.5	1.5	1.5
467.784145914998	0.181888567337847	7.74934002682432	-362.204873151489	-37.2180642091068	0	0	0	0	0	1.5	1.5	1.5	1.5	1.5	1.5
467.954125619182	0.193062589907494	7.78146712904293	-362.189812938845	-37.0487603521956	0	0	0	0	0	1.5	1.5	1.5	1.5	1.5	1.5
468.124105323366	0.199774804301561	7.814854321073	-362.180313748853	-36.8790541904563	0	0	0	0	0	1.5	1.5	1.5	1.5	1.5	1.5
468.294085027551	0.206487018695632	7.84938245332022	-362.176581764256	-36.7091239056999	0	0	0	0	0	1.5	1.5	1.5	1.5	1.5	1.5
468.464064731735	0.213199233089699	7.88505152578454	-362.178815161669	-36.5391678863923	0	0	0	0	0	1.5	1.5	1.5	1.5	1.5	1.5
468.634044435919	0.219911447483765	7.92186153846598	-362.187204844098	-36.3694049614023	0	0	0	0	0	1.5	1.5	1.5	1.5	1.5	1.5
468.804024140103	0.226623661877836	7.95981249136458	-362.201932955749	-36.200074766687	0	0	0	0	0	1.5	1.5	1.5	1.5	1.5	1.5
468.974003844287	0.23770343434981	7.99920216072704	-362.223184697889	-36.0314398658443	0	0	0	0	0	1.5	1.5	1.5	1.5	1.5	1.5
469.143983548472	0.249860103576767	8.04064011370093	-362.251230899447	-35.8638022325195	0	0	0	0	0	1.5	1.5	1.5	1.5	1.5	1.5
469.313963252656	0.262016772803729	8.08414445371391	-362.286369175126	-35.6975077811894	0	0	0	0	0	1.5	1.5	1.5	1.5	1.5	1.5
469.48394295684	0.274173442030682	8.12971518076591	-362.328876176885	-35.532943949682	0	0	0	0	0	1.5	1.5	1.5	1.5	1.5	1.5
469.653922661024	0.286330111257636	8.17735229485698	-362.379003167433	-35.3705403752691	0	0	0	0	0	1.5	1.5	1.5	1.5	1.5	1.5
469.823902365209	0.298486780484597	8.22705579598714	-362.436971425081	-35.210769185624	0	0	0	0	0	1.5	1.5	1.5	1.5	1.5	1.5
469.993882069393	0.283775217744852	8.27672705569002	-362.502867171209	-35.0541010432395	0	0	0	0	0	1.5	1.5	1.5	1.5	1.5	1.5
470.163861773577	0.266696443081982	8.32351156072458	-362.576241178478	-34.900790623303	0	0	0	0	0	1.5	1.5	1.5	1.5	1.5	1.5
470.333841477761	0.249617668419106	8.36739302069413	-362.656488322246	-34.7509611890329	0	0	0	0	0	1.5	1.5	1.5	1.5	1.5	1.5
470.503821181945	0.232538893756231	8.40837143559866	-362.743019476692	-34.6046689614475	0	0	0	0	0	1.5	1.5	1.5	1.5	1.5	1.5
470.67380088613	0.215460119093355	8.44644680543816	-362.835264896362	-34.4619090524871	0	0	0	0	0	1.5	1.5	1.5	1.5	1.5	1.5
470.843780590314	0.197834676036695	8.48161740629558	-362.932676566673	-34.3226212658443	0	0	0	0	0	1.5	1.5	1.5	1.5	1.5	1.5
471.013760294498	0.166022648607437	8.51254158649973	-363.034666765536	-34.186647755485	0	0	0	0	0	1.5	1.5	1.5	1.5	1.5	1.5
471.183739998682	0.1342106211782	8.53805836769194	-363.140454428309	-34.0536045241874	0	0	0	0	0	1.5	1.5	1.5	1.5	1.5	1.5
471.353719702867	0.102398593748964	8.55816774987223	-363.249250545411	-33.9230077022082	0	0	0	0	0	1.5	1.5	1.5	1.5	1.5	1.5
471.523699407051	0.0705865663197057	8.5728697330406	-363.360304065524	-33.7943232279988	0	0	0	0	0	1.5	1.5	1.5	1.5	1.5	1.5
471.693679111235	0.0387745388904692	8.58216431719704	-363.472894156555	-33.6669797473687	0	0	0	0	0	1.5	1.5	1.5	1.5	1.5	1.5
471.863658815419	0.012211657095256	8.58612029276211	-363.586321886106	-33.5403811211915	0	0	0	0	0	1.5	1.5	1.5	1.5	1.5	1.5
472.033638519604	0.0144417304539673	8.58838556022767	-363.70008592499	-33.414084522146	0	0	0	0	0	1.5	1.5	1.5	1.5	1.5	1.5
472.203618223788	0.0166718038126786	8.59102989490306	-363.814159644969	-33.2880675812108	0	0	0	0	0	1.5	1.5	1.5	1.5	1.5	1.5
472.373597927972	0.0189018771713891	8.59405329678827	-363.928590011586	-33.1623744270001	0	0	0	0	0	1.5	1.5	1.5	1.5	1.5	1.5
472.543577632156	0.0211319505301012	8.5974557658833	-364.04342361922	-33.0370495910241	0	0	0	0	0	1.5	1.5	1.5	1.5	1.5	1.5
472.71355733634	0.0233620238888117	8.60123730218815	-364.158706639136	-32.9121380594629	0	0	0	0	0	1.5	1.5	1.5	1.5	1.5	1.5
472.883537040525	0.0185829519967479	8.60523530027815	-364.274482928422	-32.7876836079326	0	0	0	0	0	1.5	1.5	1.5	1.5	1.5	1.5
473.053516744709	-0.00486503193076178	8.60640118427557	-364.390617134796	-32.6635629326434	0	0	0	0	0	1.5	1.5	1.5	1.5	1.5	1.5
473.223496448893	-0.0283130158582558	8.60358138690128	-364.506648627183	-32.5393462959692	0	0	0	0	0	1.5	1.5	1.5	1.5	1.5	1.5
473.393476153077	-0.0517609997857577	8.59677590815527	-364.622080783949	-32.4145728818637	0	0	0	0	0	1.5	1.5	1.5	1.5	1.5	1.5
473.563455857262	-0.0752089837132518	8.58598474803756	-364.736410356671	-32.2887890688439	0	0	0	0	0	1.5	1.5	1.5	1.5	1.5	1.5
473.733435561446	-0.0986569676407615	8.57120790654812	-364.849122131961	-32.1615545249267	0	0	0	0	0	1.5	1.5	1.5	1.5	1.5	1.5
473.90341526563	-0.11300745462351	8.55274800962203	-364.959688991101	-32.0324528646219	0	0	0	0	0	1.5	1.5	1.5	1.5	1.5	1.5
474.073394969814	-0.113211765074272	8.53352167159953	-365.06777505778	-31.9012674538383	0	0	0	0	0	1.5	1.5	1.5	1.5	1.5	1.5
474.243374673999	-0.113416075525034	8.51426060494703	-365.173316768791	-31.7680264923013	0	0	0	0	0	1.5	1.5	1.5	1.5	1.5	1.5
474.413354378183	-0.113620385975796	8.49496480966456	-365.276270344389	-31.6327757450134	0	0	0	0	0	1.5	1.5	1.5	1.5	1.5	1.5
474.583334082367	-0.113824696426558	8.47563428575211	-365.376592757346	-31.495561993519	0	0	0	0	0	1.5	1.5	1.5	1.5	1.5	1.5
474.753313786551	-0.11402900687732	8.45626903320967	-365.474241757339	-31.3564330256312	0	0	0	0	0	1.5	1.5	1.5	1.5	1.5	1.5
474.923293490735	-0.111063377932418	8.43700580567799	-365.569179173497	-31.2154397977196	0	0	0	0	0	1.5	1.5	1.5	1.5	1.5	1.5
475.09327319492	-0.105022722146268	8.41864067999315	-365.661441237086	-31.0726812626327	0	0	0	0	0	1.5	1.5	1.5	1.5	1.5	1.5
475.263252899104	-0.0989820663601138	8.4013023431919	-365.75114038521	-30.9282983037698	0	0	0	0	0	1.5	1.5	1.5	1.5	1.5	1.5
475.433232603288	-0.0929414105739637	8.38499079527427	-365.838397842951	-30.7824264584996	0	0	0	0	0	1.5	1.5	1.5	1.5	1.5	1.5
475.603212307472	-0.0869007547878135	8.36970603624025	-365.923340116878	-30.6351941679282	0	0	0	0	0	1.5	1.5	1.5	1.5	1.5	1.5
475.773192011657	-0.0808600990016593	8.35544806608983	-366.006098485911	-30.4867230842852	0	0	0	0	0	1.5	1.5	1.5	1.5	1.5	1.5
475.943171715841	-0.0847586571606042	8.34169075044766	-366.086792143226	-30.3371196661839	0	0	0	0	0	1.5	1.5	1.5	1.5	1.5	1.5
476.113151420025	-0.0946758548785226	8.32644063780923	-366.165318321588	-30.1863676211759	0	0	0	0	0	1.5	1.5	1.5	1.5	1.5	1.5
476.283131124209	-0.104593052596441	8.30950480283638	-366.241408215673	-30.0343717753579	0	0	0	0	0	1.5	1.5	1.5	1.5	1.5	1.5
476.453110828394	-0.11451025031436	8.29088324552909	-366.314783755914	-29.881047625582	0	0	0	0	0	1.5	1.5	1.5	1.5	1.5	1.5
476.623090532578	-0.124427448032275	8.27057596588739	-366.385161027551	-29.7263248203907	0	0	0	0	0	1.5	1.5	1.5	1.5	1.5	1.5
476.793070236762	-0.13434464575019	8.24858296391125	-366.452250194444	-29.5701487056638	0	0	0	0	0	1.5	1.5	1.5	1.5	1.5	1.5
476.963049940946	-0.149624207234867	8.2245680128703	-366.515742483014	-29.4124767585114	0	0	0	0	0	1.5	1.5	1.5	1.5	1.5	1.5
477.13302964513	-0.166809948218044	8.19767432080147	-366.575203630094	-29.2532419317268	0	0	0	0	0	1.5	1.5	1.5	1.5	1.5	1.5
477.303009349315	-0.183995689201222	8.16785940156414	-366.630126109398	-29.092386467115	0	0	0	0	0	1.5	1.5	1.5	1.5	1.5	1.5
477.472989053499	-0.201181430184411	8.13512325515827	-366.679991329651	-28.9298934546298	0	0	0	0	0	1.5	1.5	1.5	1.5	1.5	1.5
477.642968757683	-0.218367171167595	8.09946588158391	-366.724271376012	-28.7657919135766	0	0	0	0	0	1.5	1.5	1.5	1.5	1.5	1.5
477.812948461867	-0.235552912150773	8.06088728084105	-366.76243085758	-28.6001616924534	0	0	0	0	0	1.5	1.5	1.5	1.5	1.5	1.5
477.982928166052	-0.206667304976503	8.02276437767679	-366.79409199029	-28.4331672009982	0	0	0	0	0	1.5	1.5	1.5	1.5	1.5	1.5
478.152907870236	-0.17043259713094	7.99071471277274	-366.819869530271	-28.2651608212803	0	0	0	0	0	1.5	1.5	1.5	1.5	1.5	1.5
478.32288757442	-0.134197889285377	7.96482421278947	-366.840770087307	-28.0964757564397	0	0	0	0	0	1.5	1.5	1.5	1.5	1.5	1.5
478.492867278604	-0.09796318143979	7.94509287772698	-366.857817879493	-27.9273558767562	0	0	0	0	0	1.5	1.5	1.5	1.5	1.5	1.5
478.662846982788	-0.0617284735942269	7.9315207075853	-366.872047417879	-27.7579741332474	0	0	0	0	0	1.5	1.5	1.5	1.5	1.5	1.5
478.832826686973	-0.0254937657486639	7.92410770236441	-366.884499020037	-27.5884514987602	0	0	0	0	0	1.5	1.5	1.5	1.5	1.5	1.5
479.002806391157	-0.0414608870890848	7.91851799122098	-366.89597637515	-27.4188599463693	0	0	0	0	0	1.5	1.5	1.5	1.5	1.5	1.5
479.172786095341	-0.0586410496321064	7.91001034242491	-366.906258236475	-27.2491920102508	0	0	0	0	0	1.5	1.5	1.5	1.5	1.5	1.5
479.342765799525	-0.0758212121751221	7.89858241468195	-366.914848380162	-27.0794304289733	0	0	0	0	0	1.5	1.5	1.5	1.5	1.5	1.5
479.51274550371	-0.0930013747181494	7.88423420799208	-366.92124995231	-26.9095727718539	0	0	0	0	0	1.5	1.5	1.5	1.5	1.5	1.5
479.682725207894	-0.110181537261165	7.86696572235531	-366.924965653551	-26.7396357980407	0	0	0	0	0	1.5	1.5	1.5	1.5	1.5	1.5
479.852704912078	-0.124095561503783	7.84680318031697	-366.925498341329	-26.5696598148876	0	0	0	0	0	1.5	1.5	1.5	1.5	1.5	1.5
480.022684616262	-0.106700789254799	7.8271878326026	-366.92256935367	-26.3997080743454	0	0	0	0	0	1.5	1.5	1.5	1.5	1.5	1.5
480.192664320447	-0.0893060170058037	7.81052924312946	-366.916558580566	-26.2298366467215	0	0	0	0	0	1.5	1.5	1.5	1.5	1.5	1.5
480.362644024631	-0.0719112447568199	7.79682741189756	-366.907969882977	-26.0600753975293	0	0	0	0	0	1.5	1.5	1.5	1.5	1.5	1.5
480.532623728815	-0.0545164725078303	7.78608233890689	-366.897306778118	-25.8904313004083	0	0	0	0	0	1.5	1.5	1.5	1.5	1.5	1.5
480.702603432999	-0.0371217002588348	7.77829402415746	-366.885072085772	-25.720892910249	0	0	0	0	0	1.5	1.5	1.5	1.5	1.5	1.5
480.872583137183	-0.0213024340698899	7.7734340554186	-366.871767506617	-25.5514348587455	0	0	0	0	0	1.5	1.5	1.5	1.5	1.5	1.5
481.042562841368	-0.0113327548210418	7.77066039554176	-366.857831978226	-25.382027414268	0	0	0	0	0	1.5	1.5	1.5	1.5	1.5	1.5
481.212542545552	-0.00136307557218697	7.76958137879446	-366.843570135963	-25.2126470825546	0	0	0	0	0	1.5	1.5	1.5	1.5	1.5	1.5
481.382522249736	0.00860660367666114	7.77019700517668	-366.82926904901	-25.0432700542458	0	0	0	0	0	1.5	1.5	1.5	1.5	1.5	1.5
481.55250195392	0.0185762829255093	7.77250727468844	-366.815215769949	-24.8738723204478	0	0	0	0	0	1.5	1.5	1.5	1.5	1.5	1.5
481.722481658105	0.028545962174364	7.77651218732972	-366.801697454854	-24.704431132251	0	0	0	0	0	1.5	1.5	1.5	1.5	1.5	1.5
481.892461362289	0.0355934181401463	7.7821293525242	-366.788999928103	-24.5349265730172	0	0	0	0	0	1.5	1.5	1.5	1.5	1.5	1.5
482.062441066473	0.0367543059809671	7.78827817489646	-366.777315530811	-24.3653492052453	0	0	0	0	0	1.5	1.5	1.5	1.5	1.5	1.5
482.232420770657	0.0379151938217883	7.79462432464049	-366.766690787985	-24.1957021666507	0	0	0	0	0	1.5	1.5	1.5	1.5	1.5	1.5
482.402400474841	0.0390760816626087	7.80116780175629	-366.757159602765	-24.0259901952161	0	0	0	0	0	1.5	1.5	1.5	1.5	1.5	1.5
482.572380179026	0.0402369695034291	7.80790860624387	-366.748755871233	-23.8562186789813	0	0	0	0	0	1.5	1.5	1.5	1.5	1.5	1.5
482.74235988321	0.0413978573442503	7.81484673810322	-366.741513474899	-23.6863936760381	0	0	0	0	0	1.5	1.5	1.5	1.5	1.5	1.5
482.912339587394	0.0433769832428814	7.82201340473092	-366.735467065603	-23.5165219084397	0	0	0	0	0	1.5	1.5	1.5	1.5	1.5	1.5
483.082319291578	0.0463612162264993	7.82964024103083	-366.730674780538	-23.3466101849703	0	0	0	0	0	1.5	1.5	1.5	1.5	1.5	1.5
483.252298995763	0.0493454492101183	7.83777433637052	-366.727221615096	-23.1766660289446	0	0	0	0	0	1.5	1.5	1.5	1.5	1.5	1.5
483.422278699947	0.0523296821937372	7.84641569074998	-366.725193999951	-23.0066989474054	0	0	0	0	0	1.5	1.5	1.5	1.5	1.5	1.5
483.592258404131	0.0553139151773562	7.85556430416922	-366.724678299729	-22.836720618329	0	0	0	0	0	1.5	1.5	1.5	1.5	1.5	1.5
483.762238108315	0.0582981481609741	7.86522017662822	-366.725760775868	-22.6667450213132	0	0	0	0	0	1.5	1.5	1.5	1.5	1.5	1.5
483.9322178125	0.0426046600825327	7.87448493279115	-366.728498742068	-22.4967880011987	0	0	0	0	0	1.5	1.5	1.5	1.5	1.5	1.5
484.102197516684	0.0125856191654037	7.87917554646135	-366.732454459083	-22.3268544903261	0	0	0	0	0	1.5	1.5	1.5	1.5	1.5	1.5
484.272177220868	-0.0174334217517253	7.87876353243657	-366.736773709401	-22.1569296761945	0	0	0	0	0	1.5	1.5	1.5	1.5	1.5	1.5
484.442156925052	-0.0474524626688744	7.87324889071679	-366.740589393783	-21.9869930229394	0	0	0	0	0	1.5	1.5	1.5	1.5	1.5	1.5
484.612136629236	-0.0774715035860034	7.86263162130203	-366.743034259123	-21.8170317037922	0	0	0	0	0	1.5	1.5	1.5	1.5	1.5	1.5
484.782116333421	-0.107490544503142	7.84691172419228	-366.743240826392	-21.6470538783825	0	0	0	0	0	1.5	1.5	1.5	1.5	1.5	1.5
484.952096037605	-0.0867892353772098	7.82903253994697	-366.74045569268	-21.4770993365014	0	0	0	0	0	1.5	1.5	1.5	1.5	1.5	1.5
485.122075741789	-0.0425250012990179	7.81804214209846	-366.735175079534	-21.3072025388317	0	0	0	0	0	1.5	1.5	1.5	1.5	1.5	1.5
485.292055445973	0.00173923277917401	7.81457576566449	-366.728666505905	-21.1373475798194	0	0	0	0	0	1.5	1.5	1.5	1.5	1.5	1.5
485.462035150158	0.0460034668573955	7.81863341064509	-366.722208148696	-20.9674907355578	0	0	0	0	0	1.5	1.5	1.5	1.5	1.5	1.5
485.632014854342	0.0902677009355874	7.83021507704023	-366.717078222385	-20.7975894157994	0	0	0	0	0	1.5	1.5	1.5	1.5	1.5	1.5
485.801994558526	0.134531935013779	7.84932076484992	-366.714555732487	-20.627631021712	0	0	0	0	0	1.5	1.5	1.5	1.5	1.5	1.5
485.97197426271	0.111391103652708	7.87136252807222	-366.715711938139	-20.4576587521777	0	0	0	0	0	1.5	1.5	1.5	1.5	1.5	1.5
486.141953966895	0.0714898886651839	7.88690555655977	-366.720082883937	-20.2877369726847	0	0	0	0	0	1.5	1.5	1.5	1.5	1.5	1.5
486.311933671079	0.0315886736776461	7.89566618832716	-366.726518360735	-20.1178796860138	0	0	0	0	0	1.5	1.5	1.5	1.5	1.5	1.5
486.481913375263	-0.0083125413098783	7.89764442337437	-366.733865799951	-19.9480588872199	0	0	0	0	0	1.5	1.5	1.5	1.5	1.5	1.5
486.651893079447	-0.0482137562974294	7.89284026170141	-366.740973275708	-19.7782280119174	0	0	0	0	0	1.5	1.5	1.5	1.5	1.5	1.5
486.821872783631	-0.0881149712849538	7.88125370330828	-366.7466886769	-19.6083453790744	0	0	0	0	0	1.5	1.5	1.5	1.5	1.5	1.5
486.991852487816	-0.0755407752969751	7.86697792701827	-366.750071870793	-19.4384007972196	0	0	0	0	0	1.5	1.5	1.5	1.5	1.5	1.5
487.161832192	-0.0582654264265327	7.85560575772478	-366.751272846428	-19.2684262527692	0	0	0	0	0	1.5	1.5	1.5	1.5	1.5	1.5
487.331811896184	-0.040990077556102	7.84717004712197	-366.750790371873	-19.098447738338	0	0	0	0	0	1.5	1.5	1.5	1.5	1.5	1.5
487.501791600368	-0.0237147286856654	7.84167079520983	-366.749123593685	-18.928476421569	0	0	0	0	0	1.5	1.5	1.5	1.5	1.5	1.5
487.671771304553	-0.00643937981522885	7.83910800198837	-366.746771670376	-18.7585130368905	0	0	0	0	0	1.5	1.5	1.5	1.5	1.5	1.5
487.841751008737	0.00979936063947691	7.83947861399745	-366.744233706062	-18.5885522829197	0	0	0	0	0	1.5	1.5	1.5	1.5	1.5	1.5
488.011730712921	-0.00283445485797792	7.84007056030965	-366.741849293869	-18.4185893064092	0	0	0	0	0	1.5	1.5	1.5	1.5	1.5	1.5
488.181710417105	-0.0154682703554412	7.83851501440088	-366.739382994041	-18.2486275130892	0	0	0	0	0	1.5	1.5	1.5	1.5	1.5	1.5
488.351690121289	-0.028102085852896	7.83481197627114	-366.736469825443	-18.0786728718409	0	0	0	0	0	1.5	1.5	1.5	1.5	1.5	1.5
488.521669825474	-0.0407359013503509	7.82896144592042	-366.732744859711	-17.9087342303687	0	0	0	0	0	1.5	1.5	1.5	1.5	1.5	1.5
488.691649529658	-0.0533697168478142	7.82096342334871	-366.727843296633	-17.7388256658144	0	0	0	0	0	1.5	1.5	1.5	1.5	1.5	1.5
488.861629233842	-0.0626799185305758	7.81086068878892	-366.721400962437	-17.5689688180056	0	0	0	0	0	1.5	1.5	1.5	1.5	1.5	1.5
489.031608938026	-0.0533682562725337	7.80099777157685	-366.713213810911	-17.3991870873487	0	0	0	0	0	1.5	1.5	1.5	1.5	1.5	1.5
489.201588642211	-0.0440565940144917	7.79271764796086	-366.703486827315	-17.2294864083649	0	0	0	0	0	1.5	1.5	1.5	1.5	1.5	1.5
489.371568346395	-0.0347449317564496	7.78602031794095	-366.692489275465	-17.0598631623479	0	0	0	0	0	1.5	1.5	1.5	1.5	1.5	1.5
489.541548050579	-0.0254332694984107	7.78090578151713	-366.680490128332	-16.8903076929025	0	0	0	0	0	1.5	1.5	1.5	1.5	1.5	1.5
489.711527754763	-0.0161216072403717	7.7773740386894	-366.667758076387	-16.7208055850843	0	0	0	0	0	1.5	1.5	1.5	1.5	1.5	1.5
489.881507458948	-0.0088308817926997	7.77537858894375	-366.654560862532	-16.5513389985603	0	0	0	0	0	1.5	1.5	1.5	1.5	1.5	1.5
490.051487163132	-0.00698396130928278	7.77403448776766	-366.641095383038	-16.3818935018874	0	0	0	0	0	1.5	1.5	1.5	1.5	1.5	1.5
490.221466867316	-0.00513704082586523	7.77300432558898	-366.627428758539	-16.2124641046442	0	0	0	0	0	1.5	1.5	1.5	1.5	1.5	1.5
490.3914465715	-0.00329012034244769	7.77228810240773	-366.613614194443	-16.0430467017178	0	0	0	0	0	1.5	1.5	1.5	1.5	1.5	1.5
490.561426275684	-0.00144319985903014	7.7718858182239	-366.599704885003	-15.873637048652	0	0	0	0	0	1.5	1.5	1.5	1.5	1.5	1.5
490.731405979869	0.000403720624386789	7.7717974730375	-366.585754017217	-15.7042308117544	0	0	0	0	0	1.5	1.5	1.5	1.5	1.5	1.5
490.901385684053	0.0100376258903772	7.77228238962136	-366.571820512894	-15.5348231471022	0	0	0	0	0	1.5	1.5	1.5	1.5	1.5	1.5
491.071365388237	0.0317576212445398	7.7758345614935	-366.558197534991	-15.365390318584	0	0	0	0	0	1.5	1.5	1.5	1.5	1.5	1.5
491.241345092421	0.0534776165987024	7.78307869175084	-366.545489396207	-15.1958867016802	0	0	0	0	0	1.5	1.5	1.5	1.5	1.5	1.5
491.411324796606	0.0751976119528796	7.79401478039336	-366.534322598839	-15.0262750453527	0	0	0	0	0	1.5	1.5	1.5	1.5	1.5	1.5
491.58130450079	0.0969176073070422	7.80864282742106	-366.525324677646	-14.8565351811666	0	0	0	0	0	1.5	1.5	1.5	1.5	1.5	1.5
491.751284204974	0.118637602661212	7.82696283283395	-366.519124181229	-14.6866709852844	0	0	0	0	0	1.5	1.5	1.5	1.5	1.5	1.5
491.921263909158	0.116239203828656	7.84791394874652	-366.516319102767	-14.5167176112609	0	0	0	0	0	1.5	1.5	1.5	1.5	1.5	1.5
492.091243613343	0.0913565359626568	7.86555747996634	-366.516847144592	-14.3467409341104	0	0	0	0	0	1.5	1.5	1.5	1.5	1.5	1.5
492.261223317527	0.0664738680966662	7.87897146266298	-366.520014560383	-14.176792020149	0	0	0	0	0	1.5	1.5	1.5	1.5	1.5	1.5
492.431203021711	0.0415912002306591	7.88815589683645	-366.525102041488	-14.0068890668207	0	0	0	0	0	1.5	1.5	1.5	1.5	1.5	1.5
492.601182725895	0.0167085323646686	7.89311078248673	-366.531390557158	-13.8370259025539	0	0	0	0	0	1.5	1.5	1.5	1.5	1.5	1.5
492.771162430079	-0.00817413550132196	7.89383611961384	-366.53816148388	-13.6671811134043	0	0	0	0	0	1.5	1.5	1.5	1.5	1.5	1.5
492.941142134264	-0.0165514279974034	7.89122089608074	-366.544728310834	-13.4973283578817	0	0	0	0	0	1.5	1.5	1.5	1.5	1.5	1.5
493.111121838448	-0.0153892343248014	7.88850626391425	-366.550823406334	-13.3274580193863	0	0	0	0	0	1.5	1.5	1.5	1.5	1.5	1.5
493.281101542632	-0.0142270406521998	7.88598918108444	-366.556474125132	-13.1575723108785	0	0	0	0	0	1.5	1.5	1.5	1.5	1.5	1.5
493.451081246816	-0.0130648469795986	7.8836696475913	-366.561713992021	-12.9876734272045	0	0	0	0	0	1.5	1.5	1.5	1.5	1.5	1.5
493.621060951001	-0.0119026533069965	7.88154766343483	-366.566576542031	-12.8177633197985	0	0	0	0	0	1.5	1.5	1.5	1.5	1.5	1.5
493.791040655185	-0.0107404596343953	7.87962322861503	-366.571095318733	-12.6478437165354	0	0	0	0	0	1.5	1.5	1.5	1.5	1.5	1.5
493.961020359369	-0.010928383088796	7.87781021017922	-366.575300210498	-12.4779160529493	0	0	0	0	0	1.5	1.5	1.5	1.5	1.5	1.5
494.131000063553	-0.0115648144393571	7.87589851664822	-366.57918930267	-12.307980871198	0	0	0	0	0	1.5	1.5	1.5	1.5	1.5	1.5
494.300979767737	-0.0122012457899179	7.87387864270452	-366.582744331664	-12.1380383756898	0	0	0	0	0	1.5	1.5	1.5	1.5	1.5	1.5
494.470959471922	-0.0128376771404786	7.87175058834812	-366.585946898562	-11.9680888758508	0	0	0	0	0	1.5	1.5	1.5	1.5	1.5	1.5
494.640939176106	-0.0134741084910398	7.86951435357902	-366.588778603696	-11.7981327955254	0	0	0	0	0	1.5	1.5	1.5	1.5	1.5	1.5
494.81091888029	-0.0141105398416008	7.86716993839721	-366.591221047037	-11.6281706789497	0	0	0	0	0	1.5	1.5	1.5	1.5	1.5	1.5
494.980898584474	0.0205677417586651	7.86732215709624	-366.593383906776	-11.4582047410286	0	0	0	0	0	1.5	1.5	1.5	1.5	1.5	1.5
495.150878288659	0.0606226200847644	7.87422251394062	-366.59614141619	-11.2882477480241	0	0	0	0	0	1.5	1.5	1.5	1.5	1.5	1.5
495.320857992843	0.100677498410837	7.887931387154	-366.600650063006	-11.1183291864031	0	0	0	0	0	1.5	1.5	1.5	1.5	1.5	1.5
495.490837697027	0.140732376736909	7.90844877673638	-366.608065674004	-10.9485143074192	0	0	0	0	0	1.5	1.5	1.5	1.5	1.5	1.5
495.660817401211	0.180787255063009	7.93577468268778	-366.619540871353	-10.7789276924417	0	0	0	0	0	1.5	1.5	1.5	1.5	1.5	1.5
495.830797105396	0.220842133389081	7.96990910500816	-366.636220963689	-10.6097766735786	0	0	0	0	0	1.5	1.5	1.5	1.5	1.5	1.5
496.00077680958	0.173006108707604	8.00346999327166	-366.658827968827	-10.4413150803824	0	0	0	0	0	1.5	1.5	1.5	1.5	1.5	1.5
496.170756513764	0.124124920205197	8.02872311547094	-366.686379083598	-10.2735876297494	0	0	0	0	0	1.5	1.5	1.5	1.5	1.5	1.5
496.340736217948	0.0752437317027743	8.04566742770841	-366.71746309125	-10.1064763187965	0	0	0	0	0	1.5	1.5	1.5	1.5	1.5	1.5
496.510715922132	0.026362543200384	8.05430292998405	-366.750682130216	-9.93977475022654	0	0	0	0	0	1.5	1.5	1.5	1.5	1.5	1.5
496.680695626317	-0.0225186453020063	8.05462962229789	-366.78464794435	-9.77322319581362	0	0	0	0	0	1.5	1.5	1.5	1.5	1.5	1.5
496.850675330501	-0.0670444535895491	8.04668661510439	-366.817976141306	-9.60654333713067	0	0	0	0	0	1.5	1.5	1.5	1.5	1.5	1.5
497.020655034685	-0.0747038983871364	8.03463944363559	-366.849542131154	-9.43952136670547	0	0	0	0	0	1.5	1.5	1.5	1.5	1.5	1.5
497.190634738869	-0.0823633431847237	8.02129032200588	-366.878984723125	-9.272112273503	0	0	0	0	0	1.5	1.5	1.5	1.5	1.5	1.5
497.360614443054	-0.0900227879823161	8.00663925021526	-366.90608072165	-9.10430765557052	0	0	0	0	0	1.5	1.5	1.5	1.5	1.5	1.5
497.530594147238	-0.0976822327799034	7.99068622826374	-366.93060585331	-8.93610835439208	0	0	0	0	0	1.5	1.5	1.5	1.5	1.5	1.5
497.700573851422	-0.105341677577493	7.9734312561513	-366.952334912842	-8.76752534553933	0	0	0	0	0	1.5	1.5	1.5	1.5	1.5	1.5
497.870553555606	-0.101828369181421	7.95508458382178	-366.971044599526	-8.59858089998672	0	0	0	0	0	1.5	1.5	1.5	1.5	1.5	1.5
498.040533259791	-0.0590273086266339	7.94141348355669	-366.986941698305	-8.42934754052062	0	0	0	0	0	1.5	1.5	1.5	1.5	1.5	1.5
498.210512963975	-0.0162262480718464	7.93501769490349	-367.001140118506	-8.25996216900817	0	0	0	0	0	1.5	1.5	1.5	1.5	1.5	1.5
498.380492668159	0.0265748124829697	7.93589721786215	-367.014871320966	-8.09053799739447	0	0	0	0	0	1.5	1.5	1.5	1.5	1.5	1.5
498.550472372343	0.0693758730377572	7.9440520524327	-367.029367660188	-7.92117804421522	0	0	0	0	0	1.5	1.5	1.5	1.5	1.5	1.5
498.720452076527	0.112176933592545	7.95948219861511	-367.045860002595	-7.7520020202187	0	0	0	0	0	1.5	1.5	1.5	1.5	1.5	1.5
498.890431780712	0.126429185608629	7.98135452881697	-367.065558657456	-7.58317112258844	0	0	0	0	0	1.5	1.5	1.5	1.5	1.5	1.5
499.060411484896	0.0860861280270152	7.99941617389018	-367.088768603155	-7.41478581767577	0	0	0	0	0	1.5	1.5	1.5	1.5	1.5	1.5
499.23039118908	0.0457430704454146	8.01062031796977	-367.114440154854	-7.24675675135285	0	0	0	0	0	1.5	1.5	1.5	1.5	1.5	1.5
499.400370893264	0.00540001286381397	8.01496696105575	-367.141417529206	-7.07893162293028	0	0	0	0	0	1.5	1.5	1.5	1.5	1.5	1.5
499.570350597449	-0.0349430447178136	8.01245610314813	-367.168548951824	-6.91113123951386	0	0	0	0	0	1.5	1.5	1.5	1.5	1.5	1.5
499.740330301633	-0.0752861022994143	8.00308774424689	-367.194683144577	-6.74317323703239	0	0	0	0	0	1.5	1.5	1.5	1.5	1.5	1.5
499.910310005817	-0.0779201191781195	7.98833779770424	-367.218703861952	-6.57490098772254	0	0	0	0	0	1.5	1.5	1.5	1.5	1.5	1.5
500.080289710001	-0.0363795291899795	7.97862348749525	-367.240555319779	-6.40633235359855	0	0	0	0	0	1.5	1.5	1.5	1.5	1.5	1.5
500.250269414185	0.00516106079813279	7.97597023448409	-367.261364050702	-6.23763120481425	0	0	0	0	0	1.5	1.5	1.5	1.5	1.5	1.5
500.42024911837	0.0467016507862589	7.98037803867074	-367.282320760159	-6.06894846300929	0	0	0	0	0	1.5	1.5	1.5	1.5	1.5	1.5
500.590228822554	0.088242240774399	7.99184690005522	-367.304615750652	-5.90043818281795	0	0	0	0	0	1.5	1.5	1.5	1.5	1.5	1.5
500.760208526738	0.129782830762511	8.01037681863751	-367.329435470434	-5.73228274094825	0	0	0	0	0	1.5	1.5	1.5	1.5	1.5	1.5
500.930188230922	0.13254012793698	8.03406560369977	-367.357896841885	-5.56470690794255	0	0	0	0	0	1.5	1.5	1.5	1.5	1.5	1.5
501.100167935107	0.106875595950381	8.05441351066149	-367.39010219388	-5.39780898259356	0	0	0	0	0	1.5	1.5	1.5	1.5	1.5	1.5
501.270147639291	0.0812110639637981	8.07039896806809	-367.425334279	-5.23152253098667	0	0	0	0	0	1.5	1.5	1.5	1.5	1.5	1.5
501.440127343475	0.0555465319772155	8.08202197591959	-367.462858579465	-5.0657374270947	0	0	0	0	0	1.5	1.5	1.5	1.5	1.5	1.5
501.610107047659	0.0298819999906157	8.08928253421599	-367.501946625164	-4.90031343600551	0	0	0	0	0	1.5	1.5	1.5	1.5	1.5	1.5
501.780086751844	0.00421746800403316	8.09218064295727	-367.541874480329	-4.73508981411699	0	0	0	0	0	1.5	1.5	1.5	1.5	1.5	1.5
501.950066456028	-0.00140015403435897	8.09190541548176	-367.581966483235	-4.56990588401102	0	0	0	0	0	1.5	1.5	1.5	1.5	1.5	1.5
502.120046160212	0.00165890284355737	8.09192740650479	-367.622022877126	-4.40471331416906	0	0	0	0	0	1.5	1.5	1.5	1.5	1.5	1.5
502.290025864396	0.00471795972147167	8.092469375111	-367.662125849905	-4.2395320480073	0	0	0	0	0	1.5	1.5	1.5	1.5	1.5	1.5
502.46000556858	0.00777701659938596	8.0935313213004	-367.702361276713	-4.07438300157367	0	0	0	0	0	1.5	1.5	1.5	1.5	1.5	1.5
502.629985272765	0.0108360734773003	8.095113245073	-367.742814982286	-3.90928729749956	0	0	0	0	0	1.5	1.5	1.5	1.5	1.5	1.5
502.799964976949	0.0138951303552166	8.09721514642878	-367.783572707663	-3.74426639879771	0	0	0	0	0	1.5	1.5	1.5	1.5	1.5	1.5
502.969944681133	0.0280679225311807	8.10061265106637	-367.824755081039	-3.57935101361032	0	0	0	0	0	1.5	1.5	1.5	1.5	1.5	1.5
503.139924385317	0.0446612539209715	8.10679389301582	-367.866724104596	-3.41463426102568	0	0	0	0	0	1.5	1.5	1.5	1.5	1.5	1.5
503.309904089502	0.0612545853107623	8.11579566452633	-367.909942277983	-3.25024115320259	0	0	0	0	0	1.5	1.5	1.5	1.5	1.5	1.5
503.479883793686	0.0778479167005532	8.12761796559792	-367.954869634829	-3.08630733851182	0	0	0	0	0	1.5	1.5	1.5	1.5	1.5	1.5
503.64986349787	0.0944412480903385	8.14226079623057	-368.001962113499	-2.92298287090743	0	0	0	0	0	1.5	1.5	1.5	1.5	1.5	1.5
503.819843202054	0.111034579480135	8.15972415642429	-368.051670087426	-2.76043600825143	0	0	0	0	0	1.5	1.5	1.5	1.5	1.5	1.5
503.989822906239	0.0984048573384168	8.17767323530223	-368.104318606536	-2.59881776483258	0	0	0	0	0	1.5	1.5	1.5	1.5	1.5	1.5
504.159802610423	0.0839120663169127	8.19316832367758	-368.159663154664	-2.43810216978714	0	0	0	0	0	1.5	1.5	1.5	1.5	1.5	1.5
504.329782314607	0.069419275295399	8.2061999317223	-368.217294506636	-2.27819182624755	0	0	0	0	0	1.5	1.5	1.5	1.5	1.5	1.5
504.499762018791	0.054926484273895	8.21676805943637	-368.276808867724	-2.11897225614065	0	0	0	0	0	1.5	1.5	1.5	1.5	1.5	1.5
504.669741722975	0.0404336932523861	8.22487270681981	-368.337807265857	-1.96031496238396	0	0	0	0	0	1.5	1.5	1.5	1.5	1.5	1.5
504.83972142716	0.0262414448004418	8.23051530745493	-368.399894743407	-1.80208042728791	0	0	0	0	0	1.5	1.5	1.5	1.5	1.5	1.5
505.009701131344	0.0171036162038493	8.23419919777861	-368.462707605953	-1.64413229858485	0	0	0	0	0	1.5	1.5	1.5	1.5	1.5	1.5
505.179680835528	0.00796578760725985	8.23632984270055	-368.525979423685	-1.4863673915612	0	0	0	0	0	1.5	1.5	1.5	1.5	1.5	1.5
505.349660539712	-0.00117204098932958	8.23690724222076	-368.589464811667	-1.32868827294421	0	0	0	0	0	1.5	1.5	1.5	1.5	1.5	1.5
505.519640243897	-0.0103098695859251	8.23593139633923	-368.652918783417	-1.17099651376187	0	0	0	0	0	1.5	1.5	1.5	1.5	1.5	1.5
505.689619948081	-0.0194476981825145	8.23340230505597	-368.716096293688	-1.01319383148764	0	0	0	0	0	1.5	1.5	1.5	1.5	1.5	1.5
505.859599652265	-0.0244965383282581	8.2293802018034	-368.778752332666	-0.855183449606381	0	0	0	0	0	1.5	1.5	1.5	1.5	1.5	1.5
506.029579356449	-0.0100425587145528	8.22644472905434	-368.840809664944	-0.696936912976767	0	0	0	0	0	1.5	1.5	1.5	1.5	1.5	1.5
506.199559060634	0.00441142089915258	8.2259661394843	-368.902596796767	-0.538584617818303	0	0	0	0	0	1.5	1.5	1.5	1.5	1.5	1.5
506.369538764818	0.0188654005128531	8.22794443309328	-368.96450264249	-0.380278722683254	0	0	0	0	0	1.5	1.5	1.5	1.5	1.5	1.5
506.539518469002	0.0333193801265633	8.23237960988128	-369.02691577315	-0.22217226060448	0	0	0	0	0	1.5	1.5	1.5	1.5	1.5	1.5
506.709498173186	0.0477733597402638	8.23927166984831	-369.090223279266	-0.0644219994566082	0	0	0	0	0	1.5	1.5	1.5	1.5	1.5	1.5
506.87947787737	0.06374378887708	8.24865818152561	-369.154810160791	0.0928084779079231	0	0	0	0	0	1.5	1.5	1.5	1.5	1.5	1.5
507.049457581555	0.0834001089974082	8.26116391964223	-369.221104848108	0.249326008122297	0	0	0	0	0	1.5	1.5	1.5	1.5	1.5	1.5
507.219437285739	0.103056429117723	8.27701083323823	-369.289611372691	0.404887413469521	0	0	0	0	0	1.5	1.5	1.5	1.5	1.5	1.5
507.389416989923	0.122712749238045	8.29619892231365	-369.36083194679	0.559224196925347	0	0	0	0	0	1.5	1.5	1.5	1.5	1.5	1.5
507.559396694107	0.142369069358366	8.31872818686847	-369.435255623285	0.712041060142961	0	0	0	0	0	1.5	1.5	1.5	1.5	1.5	1.5
507.729376398292	0.162025389478688	8.34459862690269	-369.513354766587	0.863011294873036	0	0	0	0	0	1.5	1.5	1.5	1.5	1.5	1.5
507.899356102476	0.179921275076156	8.37374932520511	-369.595579789641	1.01177317190903	0	0	0	0	0	1.5	1.5	1.5	1.5	1.5	1.5
508.06933580666	0.195253783084177	8.40563539790683	-369.682310902771	1.15795239628885	0	0	0	0	0	1.5	1.5	1.5	1.5	1.5	1.5
508.239315510844	0.210586291092189	8.44012768578412	-369.773844270288	1.30117207982898	0	0	0	0	0	1.5	1.5	1.5	1.5	1.5	1.5
508.409295215028	0.2259187991002	8.47722618883702	-369.870443762129	1.44102315810483	0	0	0	0	0	1.5	1.5	1.5	1.5	1.5	1.5
508.579274919213	0.241251307108211	8.51693090706552	-369.972340372696	1.5770613320508	0	0	0	0	0	1.5	1.5	1.5	1.5	1.5	1.5
508.749254623397	0.256583815116232	8.55924184046965	-370.07972742825	1.7088065775573	0	0	0	0	0	1.5	1.5	1.5	1.5	1.5	1.5
508.919234327581	0.258598024628659	8.60357129942963	-370.192742695602	1.83575494867658	0	0	0	0	0	1.5	1.5	1.5	1.5	1.5	1.5
509.089214031765	0.248278809606656	8.6466506866002	-370.311217953064	1.95762473557179	0	0	0	0	0	1.5	1.5	1.5	1.5	1.5	1.5
509.25919373595	0.237959594584646	8.68797601665394	-370.434730149433	2.07438828024561	0	0	0	0	0	1.5	1.5	1.5	1.5	1.5	1.5
509.429173440134	0.227640379562642	8.7275472895908	-370.562863679474	2.18606248547254	0	0	0	0	0	1.5	1.5	1.5	1.5	1.5	1.5
509.599153144318	0.217321164540639	8.76536450541081	-370.695222117233	2.29269690952669	0	0	0	0	0	1.5	1.5	1.5	1.5	1.5	1.5
509.769132848502	0.207001949518629	8.80142766411398	-370.831429193826	2.39437090187179	0	0	0	0	0	1.5	1.5	1.5	1.5	1.5	1.5
509.939112552687	0.209160534491789	8.83643067535313	-370.971143862838	2.49116953374724	0	0	0	0	0	1.5	1.5	1.5	1.5	1.5	1.5
510.109092256871	0.217910858052228	8.87272740983821	-371.114212464336	2.58293719167928	0	0	0	0	0	1.5	1.5	1.5	1.5	1.5	1.5
510.279071961055	0.226661181612672	8.91051152173363	-371.26058059615	2.66934339798742	0	0	0	0	0	1.5	1.5	1.5	1.5	1.5	1.5
510.449051665239	0.235411505173113	8.94978301103937	-371.410167610768	2.75004724938039	0	0	0	0	0	1.5	1.5	1.5	1.5	1.5	1.5
510.619031369423	0.244161828733551	8.9905418777554	-371.562862640767	2.82470197332674	0	0	0	0	0	1.5	1.5	1.5	1.5	1.5	1.5
510.789011073608	0.252912152293995	9.03278812188179	-371.718522855582	2.89295664562285	0	0	0	0	0	1.5	1.5	1.5	1.5	1.5	1.5
510.958990777792	0.224795878908611	9.07411709875838	-371.876935181632	2.95455611802928	0	0	0	0	0	1.5	1.5	1.5	1.5	1.5	1.5
511.128970481976	0.185508495730129	9.10898880687166	-372.037587479238	3.01006296010278	0	0	0	0	0	1.5	1.5	1.5	1.5	1.5	1.5
511.29895018616	0.146221112551621	9.13718245721411	-372.19991275211	3.06047813637973	0	0	0	0	0	1.5	1.5	1.5	1.5	1.5	1.5
511.468929890345	0.106933729373139	9.1586980497857	-372.36344307205	3.10684426541129	0	0	0	0	0	1.5	1.5	1.5	1.5	1.5	1.5
511.638909594529	0.0676463461946566	9.17353558458643	-372.527790771378	3.15023091889837	0	0	0	0	0	1.5	1.5	1.5	1.5	1.5	1.5
511.808889298713	0.0283589630161613	9.18169506161632	-372.692627531581	3.19172525862512	0	0	0	0	0	1.5	1.5	1.5	1.5	1.5	1.5
511.978869002897	0.0380377261783702	9.18684470417258	-372.85770644936	3.23224670826603	0	0	0	0	0	1.5	1.5	1.5	1.5	1.5	1.5
512.148848707081	0.0543027858178177	9.19469271062924	-373.023043770106	3.271699485101	0	0	0	0	0	1.5	1.5	1.5	1.5	1.5	1.5
512.318828411266	0.070567845457276	9.20530544711196	-373.188737853789	3.30962439742721	0	0	0	0	0	1.5	1.5	1.5	1.5	1.5	1.5
512.48880811545	0.0868329050967342	9.21868291362074	-373.354874460496	3.34555901246438	0	0	0	0	0	1.5	1.5	1.5	1.5	1.5	1.5
512.658787819634	0.103097964736193	9.23482511015556	-373.521522773776	3.37903754026164	0	0	0	0	0	1.5	1.5	1.5	1.5	1.5	1.5
512.828767523818	0.119363024375651	9.25373203671645	-373.688731489368	3.40959051495033	0	0	0	0	0	1.5	1.5	1.5	1.5	1.5	1.5
512.998747228003	0.0644918636029831	9.26936368825455	-373.85647146982	3.43708245859008	0	0	0	0	0	1.5	1.5	1.5	1.5	1.5	1.5
513.168726932187	0.00955178316868803	9.27565664684203	-374.024504174086	3.46273418916388	0	0	0	0	0	1.5	1.5	1.5	1.5	1.5	1.5
513.338706636371	-0.0453882972655703	9.27261090680944	-374.192578517604	3.48811309872281	0	0	0	0	0	1.5	1.5	1.5	1.5	1.5	1.5
513.508686340555	-0.100328377699902	9.26022646815676	-374.360451052549	3.51478778821743	0	0	0	0	0	1.5	1.5	1.5	1.5	1.5	1.5
513.67866604474	-0.155268458134161	9.23850333088403	-374.527842072846	3.54432093008212	0	0	0	0	0	1.5	1.5	1.5	1.5	1.5	1.5
513.848645748924	-0.20177559646418	9.20752450843224	-374.694392130974	3.57825990881195	0	0	0	0	0	1.5	1.5	1.5	1.5	1.5	1.5
514.018625453108	-0.183908046876443	9.17474531263037	-374.859736015489	3.6176542273434	0	0	0	0	0	1.5	1.5	1.5	1.5	1.5	1.5
514.188605157292	-0.166040497288705	9.14500323762192	-375.023769124298	3.66219756422371	0	0	0	0	0	1.5	1.5	1.5	1.5	1.5	1.5
514.358584861477	-0.148172947700968	9.11829828340689	-375.186481065487	3.711352488657	0	0	0	0	0	1.5	1.5	1.5	1.5	1.5	1.5
514.528564565661	-0.13030539811323	9.09463044998528	-375.347904525523	3.76458985611876	0	0	0	0	0	1.5	1.5	1.5	1.5	1.5	1.5
514.698544269845	-0.112437848525492	9.0739997373571	-375.508110216336	3.82138960351966	0	0	0	0	0	1.5	1.5	1.5	1.5	1.5	1.5
514.868523974029	-0.0965829073542344	9.05636516700746	-375.667201718974	3.8812414751906	0	0	0	0	0	1.5	1.5	1.5	1.5	1.5	1.5
515.038503678213	-0.0871163276460448	9.04075259619535	-375.825283131586	3.94371370762408	0	0	0	0	0	1.5	1.5	1.5	1.5	1.5	1.5
515.208483382398	-0.0776497479378552	9.02674915180168	-375.982422469247	4.00852000469602	0	0	0	0	0	1.5	1.5	1.5	1.5	1.5	1.5
515.378463086582	-0.0681831682296655	9.01435483382644	-376.138693050258	4.07539477845583	0	0	0	0	0	1.5	1.5	1.5	1.5	1.5	1.5
515.548442790766	-0.0587165885214759	9.00356964226963	-376.294178332837	4.14407626476673	0	0	0	0	0	1.5	1.5	1.5	1.5	1.5	1.5
515.71842249495	-0.0492500088132863	8.99439357713126	-376.448970605468	4.21430623935936	0	0	0	0	0	1.5	1.5	1.5	1.5	1.5	1.5
515.888402199135	-0.0477316240684128	8.98658571685143	-376.603167641398	4.28583407209138	0	0	0	0	0	1.5	1.5	1.5	1.5	1.5	1.5
516.058381903319	-0.0605508546892508	8.97738280499766	-376.756766874537	4.35863634748113	0	0	0	0	0	1.5	1.5	1.5	1.5	1.5	1.5
516.228361607503	-0.073370085310106	8.96600088411507	-376.909608388327	4.4330155071112	0	0	0	0	0	1.5	1.5	1.5	1.5	1.5	1.5
516.398341311687	-0.0861893159309441	8.95243995420369	-377.061510081976	4.50929481183668	0	0	0	0	0	1.5	1.5	1.5	1.5	1.5	1.5
516.568321015871	-0.0990085465517907	8.93670001526351	-377.212277588142	4.58779106793667	0	0	0	0	0	1.5	1.5	1.5	1.5	1.5	1.5
516.738300720056	-0.111827777172637	8.91878106729452	-377.361702301294	4.66881317385683	0	0	0	0	0	1.5	1.5	1.5	1.5	1.5	1.5
516.90828042424	-0.130215242756441	8.89845955266485	-377.509556505369	4.75266569655667	0	0	0	0	0	1.5	1.5	1.5	1.5	1.5	1.5
517.078260128424	-0.154821728371462	8.8742343026479	-377.655513311576	4.83977652744589	0	0	0	0	0	1.5	1.5	1.5	1.5	1.5	1.5
517.248239832608	-0.179428213986483	8.8458264494851	-377.799126069427	4.93069699759301	0	0	0	0	0	1.5	1.5	1.5	1.5	1.5	1.5
517.418219536793	-0.204034699601504	8.81323599317644	-377.939897974308	5.02595355982459	0	0	0	0	0	1.5	1.5	1.5	1.5	1.5	1.5
517.588199240977	-0.228641185216509	8.77646293372196	-378.077280562357	5.12603286772629	0	0	0	0	0	1.5	1.5	1.5	1.5	1.5	1.5
517.758178945161	-0.253247670831546	8.73550727112157	-378.21066906344	5.23137311855403	0	0	0	0	0	1.5	1.5	1.5	1.5	1.5	1.5
517.928158649345	-0.25612114932127	8.69145692557419	-378.339423022912	5.34232719398795	0	0	0	0	0	1.5	1.5	1.5	1.5	1.5	1.5
518.09813835353	-0.243829052818299	8.64896623184092	-378.46323531264	5.45877147132315	0	0	0	0	0	1.5	1.5	1.5	1.5	1.5	1.5
518.268118057714	-0.231536956315329	8.60856494503503	-378.582117368254	5.58024668125997	0	0	0	0	0	1.5	1.5	1.5	1.5	1.5	1.5
518.438097761898	-0.219244859812358	8.57025306515652	-378.696128531373	5.70630627196415	0	0	0	0	0	1.5	1.5	1.5	1.5	1.5	1.5
518.608077466082	-0.206952763309387	8.53403059220539	-378.805364443129	5.83652706999111	0	0	0	0	0	1.5	1.5	1.5	1.5	1.5	1.5
518.778057170266	-0.194660666806425	8.49989752618166	-378.90995348167	5.97051000766437	0	0	0	0	0	1.5	1.5	1.5	1.5	1.5	1.5
518.948036874451	-0.201127453926109	8.46671804583871	-379.010016042725	6.10790705281165	0	0	0	0	0	1.5	1.5	1.5	1.5	1.5	1.5
519.118016578635	-0.215166582376575	8.43133727726653	-379.105320654242	6.24864481152035	0	0	0	0	0	1.5	1.5	1.5	1.5	1.5	1.5
519.287996282819	-0.229205710827051	8.39357014179332	-379.195414686808	6.39277229239643	0	0	0	0	0	1.5	1.5	1.5	1.5	1.5	1.5
519.457975987003	-0.243244839277527	8.35341663941909	-379.279825864779	6.54029846231362	0	0	0	0	0	1.5	1.5	1.5	1.5	1.5	1.5
519.627955691188	-0.257283967728003	8.31087677014385	-379.3580662769	6.69118643599954	0	0	0	0	0	1.5	1.5	1.5	1.5	1.5	1.5
519.797935395372	-0.271323096178479	8.26595053396758	-379.429634569629	6.84534940064974	0	0	0	0	0	1.5	1.5	1.5	1.5	1.5	1.5
519.967915099556	-0.265819088151793	8.22000697894075	-379.494078278863	7.00262310081276	0	0	0	0	0	1.5	1.5	1.5	1.5	1.5	1.5
520.13789480374	-0.256147924080072	8.1756450797742	-379.551353335912	7.1626478784611	0	0	0	0	0	1.5	1.5	1.5	1.5	1.5	1.5
520.307874507924	-0.246476760008357	8.1329270822157	-379.601609143055	7.32501493207288	0	0	0	0	0	1.5	1.5	1.5	1.5	1.5	1.5
520.477854212109	-0.23680559593663	8.09185298626518	-379.645020551604	7.48934535371865	0	0	0	0	0	1.5	1.5	1.5	1.5	1.5	1.5
520.647833916293	-0.227134431864916	8.05242279192274	-379.681784133418	7.65529051192929	0	0	0	0	0	1.5	1.5	1.5	1.5	1.5	1.5
520.817813620477	-0.217463267793195	8.0146364991883	-379.712115219748	7.82253191614803	0	0	0	0	0	1.5	1.5	1.5	1.5	1.5	1.5
520.987793324661	-0.191102077035664	7.97983730319697	-379.736316572952	7.99077126113631	0	0	0	0	0	1.5	1.5	1.5	1.5	1.5	1.5
521.157773028846	-0.163805389444238	7.94967377011446	-379.755041369597	8.15970997888926	0	0	0	0	0	1.5	1.5	1.5	1.5	1.5	1.5
521.32775273303	-0.136508701852811	7.92415011991394	-379.769055806623	8.32910633661055	0	0	0	0	0	1.5	1.5	1.5	1.5	1.5	1.5
521.497732437214	-0.109212014261404	7.90326635259544	-379.779136290682	8.49878377390624	0	0	0	0	0	1.5	1.5	1.5	1.5	1.5	1.5
521.667712141398	-0.0819153266699591	7.88702246815891	-379.78606540628	8.66862031594919	0	0	0	0	0	1.5	1.5	1.5	1.5	1.5	1.5
521.837691845583	-0.0564893478518352	7.87540878218558	-379.790629123572	8.83853778763788	0	0	0	0	0	1.5	1.5	1.5	1.5	1.5	1.5
522.007671549767	-0.0599045030728073	7.86551648601106	-379.793438642582	9.00849357838203	0	0	0	0	0	1.5	1.5	1.5	1.5	1.5	1.5
522.177651253951	-0.0633196582937794	7.85504368276234	-379.79451746203	9.17846908217189	0	0	0	0	0	1.5	1.5	1.5	1.5	1.5	1.5
522.347630958135	-0.0667348135147515	7.84399037243941	-379.793766798706	9.34844626345611	0	0	0	0	0	1.5	1.5	1.5	1.5	1.5	1.5
522.517610662319	-0.0701499687357236	7.83235655504228	-379.79108807949	9.51840390054877	0	0	0	0	0	1.5	1.5	1.5	1.5	1.5	1.5
522.687590366504	-0.0735651239566957	7.82014223057095	-379.786383014526	9.68831741670836	0	0	0	0	0	1.5	1.5	1.5	1.5	1.5	1.5
522.857570070688	-0.0768053589071676	7.80735005598164	-379.779553706973	9.85815871400244	0	0	0	0	0	1.5	1.5	1.5	1.5	1.5	1.5
523.027549774872	-0.0792417840064603	7.79408763238602	-379.770510318146	10.0278964335685	0	0	0	0	0	1.5	1.5	1.5	1.5	1.5	1.5
523.197529479056	-0.0816782091057562	7.78041106597274	-379.759181542698	10.1974968708023	0	0	0	0	0	1.5	1.5	1.5	1.5	1.5	1.5
523.367509183241	-0.0841146342050489	7.76632035674183	-379.745499270231	10.3669236018548	0	0	0	0	0	1.5	1.5	1.5	1.5	1.5	1.5
523.537488887425	-0.0865510593043432	7.75181550469327	-379.729396060496	10.5361373125801	0	0	0	0	0	1.5	1.5	1.5	1.5	1.5	1.5
523.707468591609	-0.0889874844036375	7.73689650982706	-379.710805233507	10.7050957248398	0	0	0	0	0	1.5	1.5	1.5	1.5	1.5	1.5
523.877448295793	-0.08310614599303	7.72177161289886	-379.689664411353	10.873753980143	0	0	0	0	0	1.5	1.5	1.5	1.5	1.5	1.5
524.047427999978	-0.0573058360206055	7.70983801931556	-379.666190437315	11.042103998607	0	0	0	0	0	1.5	1.5	1.5	1.5	1.5	1.5
524.217407704162	-0.031505526048181	7.70228995478924	-379.641077644788	11.2102179764215	0	0	0	0	0	1.5	1.5	1.5	1.5	1.5	1.5
524.387387408346	-0.00570521607575655	7.69912741931989	-379.615064865023	11.378195386421	0	0	0	0	0	1.5	1.5	1.5	1.5	1.5	1.5
524.55736711253	0.0200950938966507	7.70035041290751	-379.588889188636	11.5461475505247	0	0	0	0	0	1.5	1.5	1.5	1.5	1.5	1.5
524.727346816714	0.0458954038690751	7.7059589355521	-379.563287379731	11.7141879346779	0	0	0	0	0	1.5	1.5	1.5	1.5	1.5	1.5
524.897326520899	0.0595824287413242	7.71552722440262	-379.538987457222	11.8824210647318	0	0	0	0	0	1.5	1.5	1.5	1.5	1.5	1.5
525.067306225083	0.0560924814669371	7.72535841791198	-379.516364391907	12.050887868647	0	0	0	0	0	1.5	1.5	1.5	1.5	1.5	1.5
525.237285929267	0.0526025341925501	7.73459639121604	-379.495348581445	12.2195627928449	0	0	0	0	0	1.5	1.5	1.5	1.5	1.5	1.5
525.407265633451	0.049112586918163	7.74324114431477	-379.475841766103	12.388418956606	0	0	0	0	0	1.5	1.5	1.5	1.5	1.5	1.5
525.577245337636	0.045622639643776	7.75129267720818	-379.457745242045	12.5574321500248	0	0	0	0	0	1.5	1.5	1.5	1.5	1.5	1.5
525.74722504182	0.0421326923693913	7.75875098989627	-379.440959926829	12.726580661927	0	0	0	0	0	1.5	1.5	1.5	1.5	1.5	1.5
525.917204746004	0.0337892403221704	7.76539641922521	-379.425379816179	12.8958445152013	0	0	0	0	0	1.5	1.5	1.5	1.5	1.5	1.5
526.087184450188	0.0211850463249935	7.77006867571622	-379.410767640298	13.0651948367394	0	0	0	0	0	1.5	1.5	1.5	1.5	1.5	1.5
526.257164154373	0.00858085232780813	7.77259847504011	-379.396765384063	13.2345967879128	0	0	0	0	0	1.5	1.5	1.5	1.5	1.5	1.5
526.427143858557	-0.00402334166937721	7.77298581719688	-379.38301022378	13.404019026284	0	0	0	0	0	1.5	1.5	1.5	1.5	1.5	1.5
526.597123562741	-0.0166275356665626	7.77123070218652	-379.369139202848	13.5734317973839	0	0	0	0	0	1.5	1.5	1.5	1.5	1.5	1.5
526.767103266925	-0.0292317296637479	7.76733313000905	-379.354789426503	13.7428046021454	0	0	0	0	0	1.5	1.5	1.5	1.5	1.5	1.5
526.937082971109	-0.019889075343745	7.76250861460382	-379.339642958329	13.912107952918	0	0	0	0	0	1.5	1.5	1.5	1.5	1.5	1.5
527.107062675294	0.00118513090632463	7.76091896913255	-379.323931018512	14.0813599194722	0	0	0	0	0	1.5	1.5	1.5	1.5	1.5	1.5
527.277042379478	0.0222593371563802	7.76291151100558	-379.308253175459	14.2506150375557	0	0	0	0	0	1.5	1.5	1.5	1.5	1.5	1.5
527.447022083662	0.0433335434064639	7.76848624022291	-379.293215859741	14.4199280719871	0	0	0	0	0	1.5	1.5	1.5	1.5	1.5	1.5
527.617001787846	0.0644077496565195	7.77764315678454	-379.279426100773	14.5893469020484	0	0	0	0	0	1.5	1.5	1.5	1.5	1.5	1.5
527.786981492031	0.0854819559065891	7.79038226069048	-379.267491969179	14.7589059922864	0	0	0	0	0	1.5	1.5	1.5	1.5	1.5	1.5
527.956961196215	0.0953579475919583	7.80596898752109	-379.257990697156	14.9286182127316	0	0	0	0	0	1.5	1.5	1.5	1.5	1.5	1.5
528.126940900399	0.101923244930127	7.8227358868941	-379.251240584826	15.0984618434158	0	0	0	0	0	1.5	1.5	1.5	1.5	1.5	1.5
528.296920604583	0.108488542268296	7.84061875356653	-379.247433865458	15.2683966505824	0	0	0	0	0	1.5	1.5	1.5	1.5	1.5	1.5
528.466900308767	0.11505383960646	7.85961758753838	-379.246761359214	15.4383724677926	0	0	0	0	0	1.5	1.5	1.5	1.5	1.5	1.5
528.636880012952	0.121619136944633	7.87973238880967	-379.249412950899	15.6083286229259	0	0	0	0	0	1.5	1.5	1.5	1.5	1.5	1.5
528.806859717136	0.128184434282797	7.90096315738036	-379.255577180936	15.7781933243286	0	0	0	0	0	1.5	1.5	1.5	1.5	1.5	1.5
528.97683942132	0.130190138185225	7.92296379646012	-379.265423297307	15.9478841844283	0	0	0	0	0	1.5	1.5	1.5	1.5	1.5	1.5
529.146819125504	0.131650129953618	7.945217562121	-379.279021864805	16.1173155463996	0	0	0	0	0	1.5	1.5	1.5	1.5	1.5	1.5
529.316798829689	0.133110121722011	7.96771949675079	-379.296408212724	16.2864001276641	0	0	0	0	0	1.5	1.5	1.5	1.5	1.5	1.5
529.486778533873	0.134570113490404	7.99046960034948	-379.31761548511	16.4550480012789	0	0	0	0	0	1.5	1.5	1.5	1.5	1.5	1.5
529.656758238057	0.136030105258797	8.01346787291707	-379.342674544539	16.6231666197667	0	0	0	0	0	1.5	1.5	1.5	1.5	1.5	1.5
529.826737942241	0.137598074572079	8.03671438557758	-379.371613843975	16.7906608455122	0	0	0	0	0	1.5	1.5	1.5	1.5	1.5	1.5
529.996717646426	0.152990201912382	8.06141144021568	-379.40452658075	16.9574193018156	0	0	0	0	0	1.5	1.5	1.5	1.5	1.5	1.5
530.16669735061	0.168382329252705	8.08872484410589	-379.441764081074	17.1232646271447	0	0	0	0	0	1.5	1.5	1.5	1.5	1.5	1.5
530.336677054794	0.183774456593008	8.11865459724813	-379.483732175007	17.2879753489259	0	0	0	0	0	1.5	1.5	1.5	1.5	1.5	1.5
530.506656758978	0.199166583933321	8.15120069964247	-379.530823858247	17.4512938188077	0	0	0	0	0	1.5	1.5	1.5	1.5	1.5	1.5
530.676636463162	0.214558711273635	8.18636315128888	-379.583416142218	17.6129235636005	0	0	0	0	0	1.5	1.5	1.5	1.5	1.5	1.5
530.846616167347	0.224592472840554	8.2240869289753	-379.6418660685	17.7725270463036	0	0	0	0	0	1.5	1.5	1.5	1.5	1.5	1.5
531.016595871531	0.195635394436825	8.2598020332602	-379.706231090293	17.9298393843496	0	0	0	0	0	1.5	1.5	1.5	1.5	1.5	1.5
531.186575575715	0.166678316033116	8.29059502192396	-379.775791783104	18.0849268625486	0	0	0	0	0	1.5	1.5	1.5	1.5	1.5	1.5
531.356555279899	0.137721237629369	8.31646589496666	-379.849718758384	18.2379833544293	0	0	0	0	0	1.5	1.5	1.5	1.5	1.5	1.5
531.526534984084	0.10876415922566	8.33741465238823	-379.927208918658	18.3892689032855	0	0	0	0	0	1.5	1.5	1.5	1.5	1.5	1.5
531.696514688268	0.0798070808219314	8.3534412941887	-380.007483207441	18.5390972016386	0	0	0	0	0	1.5	1.5	1.5	1.5	1.5	1.5
531.866494392452	0.0628384572109205	8.36479730741518	-380.089786083245	18.6878218903283	0	0	0	0	0	1.5	1.5	1.5	1.5	1.5	1.5
532.036474096636	0.0824524712697067	8.37714556193708	-380.173759609231	18.8356095054738	0	0	0	0	0	1.5	1.5	1.5	1.5	1.5	1.5
532.20645380082	0.10206648532848	8.39282780076654	-380.259795765005	18.9822051641635	0	0	0	0	0	1.5	1.5	1.5	1.5	1.5	1.5
532.376433505005	0.121680499387279	8.4118440239036	-380.348361740215	19.1272854755372	0	0	0	0	0	1.5	1.5	1.5	1.5	1.5	1.5
532.546413209189	0.141294513446066	8.43419423134823	-380.439908759245	19.270502234206	0	0	0	0	0	1.5	1.5	1.5	1.5	1.5	1.5
532.716392913373	0.160908527504839	8.45987842310042	-380.534868077254	19.4114782569981	0	0	0	0	0	1.5	1.5	1.5	1.5	1.5	1.5
532.886372617558	0.167986607134465	8.48851068939528	-380.633640118192	19.5498082539273	0	0	0	0	0	1.5	1.5	1.5	1.5	1.5	1.5
533.056352321742	0.152991168689343	8.51579054308738	-380.736287179807	19.6852884684587	0	0	0	0	0	1.5	1.5	1.5	1.5	1.5	1.5
533.226332025926	0.13799573024421	8.54052147658849	-380.842422939694	19.8180545313144	0	0	0	0	0	1.5	1.5	1.5	1.5	1.5	1.5
533.39631173011	0.123000291799078	8.56270348989858	-380.951643984829	19.9482953781148	0	0	0	0	0	1.5	1.5	1.5	1.5	1.5	1.5
533.566291434294	0.108004853353946	8.58233658301766	-381.063564475213	20.0762249498623	0	0	0	0	0	1.5	1.5	1.5	1.5	1.5	1.5
533.736271138479	0.0930094149088139	8.59942075594571	-381.177815030939	20.2020788625829	0	0	0	0	0	1.5	1.5	1.5	1.5	1.5	1.5
533.906250842663	0.0803615945734124	8.61405111001963	-381.294043194744	20.3261095041469	0	0	0	0	0	1.5	1.5	1.5	1.5	1.5	1.5
534.076230546847	0.0702914863515375	8.62685509308467	-381.411957392604	20.4485388589986	0	0	0	0	0	1.5	1.5	1.5	1.5	1.5	1.5
534.246210251031	0.0602213781296694	8.63794736213304	-381.531326143975	20.5695508611616	0	0	0	0	0	1.5	1.5	1.5	1.5	1.5	1.5
534.416189955215	0.0501512699077945	8.64732791716476	-381.651927524594	20.6893348118398	0	0	0	0	0	1.5	1.5	1.5	1.5	1.5	1.5
534.5861696594	0.0400811616859197	8.65499675817982	-381.773545780679	20.8080864766759	0	0	0	0	0	1.5	1.5	1.5	1.5	1.5	1.5
534.756149363584	0.0300110534640448	8.66095388517822	-381.895970380114	20.9260069232705	0	0	0	0	0	1.5	1.5	1.5	1.5	1.5	1.5
534.926129067768	0.0172062882176151	8.66506075159301	-382.01899179325	21.0433047940298	0	0	0	0	0	1.5	1.5	1.5	1.5	1.5	1.5
535.096108771952	0.00254866986872004	8.66673972255886	-382.142354814879	21.1602434860556	0	0	0	0	0	1.5	1.5	1.5	1.5	1.5	1.5
535.266088476137	-0.0121089484801652	8.66592719589371	-382.265768496461	21.2771287340304	0	0	0	0	0	1.5	1.5	1.5	1.5	1.5	1.5
535.436068180321	-0.0267665668290406	8.66262317159758	-382.388941282119	21.394267703525	0	0	0	0	0	1.5	1.5	1.5	1.5	1.5	1.5
535.606047884505	-0.0414241851779357	8.65682764967045	-382.511579723178	21.5119657557101	0	0	0	0	0	1.5	1.5	1.5	1.5	1.5	1.5
535.776027588689	-0.0560818035268111	8.64854063011235	-382.633386209011	21.6305242401928	0	0	0	0	0	1.5	1.5	1.5	1.5	1.5	1.5
535.946007292874	-0.0373777672609898	8.63978731249073	-382.754114639603	21.7501802203538	0	0	0	0	0	1.5	1.5	1.5	1.5	1.5	1.5
536.115986997058	-0.00532704793260452	8.63615783656381	-382.87408445754	21.8705974521355	0	0	0	0	0	1.5	1.5	1.5	1.5	1.5	1.5
536.285966701242	0.0267236713957808	8.63797633242721	-382.99394523899	21.9911233155488	0	0	0	0	0	1.5	1.5	1.5	1.5	1.5	1.5
536.455946405426	0.0587743907241447	8.64524280008095	-383.114352020125	22.1111032245626	0	0	0	0	0	1.5	1.5	1.5	1.5	1.5	1.5
536.625926109611	0.0908251100525514	8.65795723952502	-383.2359508746	22.2298737091331	0	0	0	0	0	1.5	1.5	1.5	1.5	1.5	1.5
536.795905813795	0.122875829380937	8.67611965075942	-383.359367929358	22.3467520004973	0	0	0	0	0	1.5	1.5	1.5	1.5	1.5	1.5
536.965885517979	0.115537103024472	8.69694166234024	-383.485109991015	22.461124120546	0	0	0	0	0	1.5	1.5	1.5	1.5	1.5	1.5
537.135865222163	0.100297074132613	8.71528537713325	-383.613073645802	22.5730061675286	0	0	0	0	0	1.5	1.5	1.5	1.5	1.5	1.5
537.305844926347	0.0850570452407749	8.73103859632345	-383.742926507561	22.6826908808857	0	0	0	0	0	1.5	1.5	1.5	1.5	1.5	1.5
537.475824630532	0.0698170163489264	8.74420131991087	-383.87435197116	22.7904871235096	0	0	0	0	0	1.5	1.5	1.5	1.5	1.5	1.5
537.645804334716	0.0545769874570881	8.75477354789548	-384.007047759285	22.896716395654	0	0	0	0	0	1.5	1.5	1.5	1.5	1.5	1.5
537.8157840389	0.0393369585652293	8.76275528027731	-384.1407235778	23.0017103084116	0	0	0	0	0	1.5	1.5	1.5	1.5	1.5	1.5
537.985763743084	0.0226537381141506	8.7680301102658	-384.275094810256	23.1058131633028	0	0	0	0	0	1.5	1.5	1.5	1.5	1.5	1.5
538.155743447268	0.00589303312928908	8.77045629613148	-384.409866034456	23.2093979231066	0	0	0	0	0	1.5	1.5	1.5	1.5	1.5	1.5
538.325723151453	-0.0108676718555836	8.77003350232193	-384.54474098354	23.3128476557702	0	0	0	0	0	1.5	1.5	1.5	1.5	1.5	1.5
538.495702855637	-0.0276283768404339	8.76676172883712	-384.679424542541	23.4165463185859	0	0	0	0	0	1.5	1.5	1.5	1.5	1.5	1.5
538.665682559821	-0.0443890818252954	8.76064097567707	-384.813619472281	23.5208762286675	0	0	0	0	0	1.5	1.5	1.5	1.5	1.5	1.5
538.835662264005	-0.0592277758052132	8.75168209510959	-384.947023181585	23.6262154720551	0	0	0	0	0	1.5	1.5	1.5	1.5	1.5	1.5
539.00564196819	-0.0470578228523927	8.74264889780016	-385.079430746862	23.7328041199073	0	0	0	0	0	1.5	1.5	1.5	1.5	1.5	1.5
539.175621672374	-0.0348878698995803	8.73568434549359	-385.210981677559	23.8404486065634	0	0	0	0	0	1.5	1.5	1.5	1.5	1.5	1.5
539.345601376558	-0.0227179169467517	8.73078843818986	-385.341892076131	23.9488714339332	0	0	0	0	0	1.5	1.5	1.5	1.5	1.5	1.5
539.515581080742	-0.0105479639939393	8.727961175889	-385.472382902617	24.0577990457671	0	0	0	0	0	1.5	1.5	1.5	1.5	1.5	1.5
539.685560784927	0.00162198895888118	8.727202558591	-385.60267825909	24.1669604783276	0	0	0	0	0	1.5	1.5	1.5	1.5	1.5	1.5
539.855540489111	0.0117626098602184	8.72848057455835	-385.733003484851	24.2760862367107	0	0	0	0	0	1.5	1.5	1.5	1.5	1.5	1.5
540.025520193295	0.0129989407960066	8.73058505508619	-385.863528406239	24.3849730314373	0	0	0	0	0	1.5	1.5	1.5	1.5	1.5	1.5
540.195499897479	0.0142352717317957	8.73289968678078	-385.994293595234	24.4935711542586	0	0	0	0	0	1.5	1.5	1.5	1.5	1.5	1.5
540.365479601664	0.0154716026675847	8.7354244696421	-386.125321171274	24.6018525414008	0	0	0	0	0	1.5	1.5	1.5	1.5	1.5	1.5
540.535459305848	0.0167079336033738	8.73815940367016	-386.256633052556	24.7097889655466	0	0	0	0	0	1.5	1.5	1.5	1.5	1.5	1.5
540.705439010032	0.017944264539162	8.74110448886496	-386.388250937804	24.8173520225503	0	0	0	0	0	1.5	1.5	1.5	1.5	1.5	1.5
540.875418714216	0.0159459766248298	8.74417643491423	-386.520195387936	24.924514229448	0	0	0	0	0	1.5	1.5	1.5	1.5	1.5	1.5
541.0453984184	0.00650605573006831	8.74608462982324	-386.652418908168	25.0313319791973	0	0	0	0	0	1.5	1.5	1.5	1.5	1.5	1.5
541.215378122585	-0.00293386516469323	8.74638822977103	-386.784760496565	25.1380034537812	0	0	0	0	0	1.5	1.5	1.5	1.5	1.5	1.5
541.385357826769	-0.0123737860594548	8.74508723475762	-386.917048862885	25.2447409064032	0	0	0	0	0	1.5	1.5	1.5	1.5	1.5	1.5
541.555337530953	-0.0218137069542163	8.74218164478298	-387.049112399537	25.351756333754	0	0	0	0	0	1.5	1.5	1.5	1.5	1.5	1.5
541.725317235137	-0.0312536278489778	8.73767145984714	-387.180778162827	25.4592606477627	0	0	0	0	0	1.5	1.5	1.5	1.5	1.5	1.5
541.895296939321	-0.0384359897160379	8.73163746331666	-387.311872093327	25.5674613534014	0	0	0	0	0	1.5	1.5	1.5	1.5	1.5	1.5
542.065276643506	-0.0425139532714897	8.72475753963528	-387.442259476673	25.6765123328213	0	0	0	0	0	1.5	1.5	1.5	1.5	1.5	1.5
542.23525634769	-0.0465919168269361	8.71718444491508	-387.571855350316	25.7865026563089	0	0	0	0	0	1.5	1.5	1.5	1.5	1.5	1.5
542.405236051874	-0.0506698803823853	8.70891817915605	-387.700576021797	25.8975158268081	0	0	0	0	0	1.5	1.5	1.5	1.5	1.5	1.5
542.575215756058	-0.0547478439378344	8.69995874235819	-387.828335727313	26.0096334622987	0	0	0	0	0	1.5	1.5	1.5	1.5	1.5	1.5
542.745195460243	-0.0588258074932836	8.69030613452149	-387.955046478471	26.1229350996183	0	0	0	0	0	1.5	1.5	1.5	1.5	1.5	1.5
542.915175164427	-0.0506501962441933	8.68052012176501	-388.080629451927	26.2374854389532	0	0	0	0	0	1.5	1.5	1.5	1.5	1.5	1.5
543.085154868611	-0.0319307199879093	8.67350158190881	-388.205229202413	26.3531050004531	0	0	0	0	0	1.5	1.5	1.5	1.5	1.5	1.5
543.255134572795	-0.0132112437316252	8.66966497308914	-388.329199765388	26.4693992974015	0	0	0	0	0	1.5	1.5	1.5	1.5	1.5	1.5
543.42511427698	0.0055082325246463	8.66901029530599	-388.452908934158	26.5859717639554	0	0	0	0	0	1.5	1.5	1.5	1.5	1.5	1.5
543.595093981164	0.0242277087809429	8.67153754855938	-388.576727163316	26.7024283231441	0	0	0	0	0	1.5	1.5	1.5	1.5	1.5	1.5
543.765073685348	0.0429471850372144	8.67724673284928	-388.701023799002	26.8183738590869	0	0	0	0	0	1.5	1.5	1.5	1.5	1.5	1.5
543.935053389532	0.0418464401858509	8.68503103275755	-388.826135489605	26.9334391181466	0	0	0	0	0	1.5	1.5	1.5	1.5	1.5	1.5
544.105033093717	0.0304005320969098	8.69117129224596	-388.95205866773	27.0476160077285	0	0	0	0	0	1.5	1.5	1.5	1.5	1.5	1.5
544.275012797901	0.0189546240079687	8.6953659796633	-389.078570274015	27.1611407662281	0	0	0	0	0	1.5	1.5	1.5	1.5	1.5	1.5
544.444992502085	0.00750871591902762	8.69761509500956	-389.20544705488	27.274257387377	0	0	0	0	0	1.5	1.5	1.5	1.5	1.5	1.5
544.614972206269	-0.00393719216990582	8.69791863828474	-389.332468132707	27.3872120032568	0	0	0	0	0	1.5	1.5	1.5	1.5	1.5	1.5
544.784951910454	-0.0153831002588546	8.69627660948884	-389.459413574261	27.5002515895056	0	0	0	0	0	1.5	1.5	1.5	1.5	1.5	1.5
544.954931614638	-0.0274240999818056	8.69264986335411	-389.58606180448	27.6136239574388	0	0	0	0	0	1.5	1.5	1.5	1.5	1.5	1.5
545.124911318822	-0.039638882637199	8.68695019038047	-389.712180040381	27.7275854071298	0	0	0	0	0	1.5	1.5	1.5	1.5	1.5	1.5
545.294891023006	-0.0518536652925924	8.67917425226438	-389.837527423137	27.8423938898851	0	0	0	0	0	1.5	1.5	1.5	1.5	1.5	1.5
545.46487072719	-0.0640684479479858	8.66932204900586	-389.961857830364	27.9583025426671	0	0	0	0	0	1.5	1.5	1.5	1.5	1.5	1.5
545.634850431375	-0.0762832306033791	8.6573935806049	-390.08491837384	28.075558074335	0	0	0	0	0	1.5	1.5	1.5	1.5	1.5	1.5
545.804830135559	-0.0884980132587725	8.6433888470615	-390.206447936486	28.194399114502	0	0	0	0	0	1.5	1.5	1.5	1.5	1.5	1.5
545.974809839743	-0.0768284248193402	8.62911866800551	-390.326241015993	28.3149902665058	0	0	0	0	0	1.5	1.5	1.5	1.5	1.5	1.5
546.144789543927	-0.0622688227079224	8.61729681351175	-390.44444952674	28.4371357170063	0	0	0	0	0	1.5	1.5	1.5	1.5	1.5	1.5
546.314769248112	-0.0477092205964852	8.60794979587792	-390.561358854734	28.5605257419656	0	0	0	0	0	1.5	1.5	1.5	1.5	1.5	1.5
546.484748952296	-0.0331496184850674	8.60107761510404	-390.67726389963	28.6848599948711	0	0	0	0	0	1.5	1.5	1.5	1.5	1.5	1.5
546.65472865648	-0.0185900163736399	8.5966802711901	-390.792466648137	28.809845513102	0	0	0	0	0	1.5	1.5	1.5	1.5	1.5	1.5
546.824708360664	-0.00419588970593269	8.59475763388501	-390.907273951995	28.9351945205589	0	0	0	0	0	1.5	1.5	1.5	1.5	1.5	1.5
546.994688064848	-0.00750333632192608	8.59376331839531	-391.021930083309	29.0606818465866	0	0	0	0	0	1.5	1.5	1.5	1.5	1.5	1.5
547.164667769033	-0.0108107829379195	8.59220680410822	-391.136426066166	29.1863152971404	0	0	0	0	0	1.5	1.5	1.5	1.5	1.5	1.5
547.334647473217	-0.0141182295539107	8.59008809102374	-391.250690980252	29.3121589240054	0	0	0	0	0	1.5	1.5	1.5	1.5	1.5	1.5
547.504627177401	-0.0174256761699063	8.58740717914186	-391.364653551677	29.4382763884221	0	0	0	0	0	1.5	1.5	1.5	1.5	1.5	1.5
547.674606881585	-0.0207331227858975	8.5841640684626	-391.478242046608	29.5647308399727	0	0	0	0	0	1.5	1.5	1.5	1.5	1.5	1.5
547.84458658577	-0.0235837155362918	8.58036369397339	-391.591384192906	29.6915847705761	0	0	0	0	0	1.5	1.5	1.5	1.5	1.5	1.5
548.014566289954	-0.0232966858193561	8.57637933559616	-391.704025520946	29.8188836033612	0	0	0	0	0	1.5	1.5	1.5	1.5	1.5	1.5
548.184545994138	-0.0230096561024204	8.5724437664453	-391.816161870163	29.9466274945096	0	0	0	0	0	1.5	1.5	1.5	1.5	1.5	1.5
548.354525698322	-0.0227226263854847	8.56855698652082	-391.927797736085	30.0748089943456	0	0	0	0	0	1.5	1.5	1.5	1.5	1.5	1.5
548.524505402507	-0.022435596668549	8.56471899582271	-392.038937685949	30.2034207197522	0	0	0	0	0	1.5	1.5	1.5	1.5	1.5	1.5
548.694485106691	-0.0221485669516133	8.56092979435098	-392.149586357363	30.3324553537775	0	0	0	0	0	1.5	1.5	1.5	1.5	1.5	1.5
548.864464810875	-0.0219140100928516	8.55718829273206	-392.259748445484	30.4619056549774	0	0	0	0	0	1.5	1.5	1.5	1.5	1.5	1.5
549.034444515059	-0.0218417929402229	8.5534694935041	-392.36942723591	30.5917656929695	0	0	0	0	0	1.5	1.5	1.5	1.5	1.5	1.5
549.204424219243	-0.0217695757875944	8.5497629697264	-392.478623145596	30.7220320357586	0	0	0	0	0	1.5	1.5	1.5	1.5	1.5	1.5
549.374403923428	-0.0216973586349659	8.54606872139892	-392.587336273436	30.8527015532833	0	0	0	0	0	1.5	1.5	1.5	1.5	1.5	1.5
549.544383627612	-0.0216251414823373	8.54238674852169	-392.695566739777	30.9837711277401	0	0	0	0	0	1.5	1.5	1.5	1.5	1.5	1.5
549.714363331796	-0.0215529243297087	8.5387170510947	-392.803314686268	31.1152376536585	0	0	0	0	0	1.5	1.5	1.5	1.5	1.5	1.5
549.88434303598	-0.021043221388017	8.53507306690816	-392.910580489414	31.2470978646469	0	0	0	0	0	1.5	1.5	1.5	1.5	1.5	1.5
550.054322740165	-0.0197604977580081	8.53160516485313	-393.017375140634	31.379339965912	0	0	0	0	0	1.5	1.5	1.5	1.5	1.5	1.5
550.224302444349	-0.0184777741279992	8.52835529978128	-393.123725010925	31.5119400394103	0	0	0	0	0	1.5	1.5	1.5	1.5	1.5	1.5
550.394282148533	-0.0171950504979911	8.52532347169261	-393.229657886894	31.6448734945282	0	0	0	0	0	1.5	1.5	1.5	1.5	1.5	1.5
550.564261852717	-0.0159123268679822	8.52250968058712	-393.33520177736	31.7781160100952	0	0	0	0	0	1.5	1.5	1.5	1.5	1.5	1.5
550.734241556901	-0.0146296032379733	8.5199139264648	-393.44038489666	31.9116435167137	0	0	0	0	0	1.5	1.5	1.5	1.5	1.5	1.5
550.904221261086	-0.0246044229161487	8.51707716350894	-393.54522581827	32.0454398662395	0	0	0	0	0	1.5	1.5	1.5	1.5	1.5	1.5
551.07420096527	-0.046785496261062	8.5110097448372	-393.64949356332	32.1796831080369	0	0	0	0	0	1.5	1.5	1.5	1.5	1.5	1.5
551.244180669454	-0.0689665696059754	8.5011719938798	-393.752690183928	32.3147509566676	0	0	0	0	0	1.5	1.5	1.5	1.5	1.5	1.5
551.414160373638	-0.0911476429508887	8.48756391063674	-393.854295986522	32.4510187601932	0	0	0	0	0	1.5	1.5	1.5	1.5	1.5	1.5
551.584140077823	-0.113328716295787	8.47018549510805	-393.953777963804	32.5888436792097	0	0	0	0	0	1.5	1.5	1.5	1.5	1.5	1.5
551.754119782007	-0.135509789640715	8.44903674729366	-394.050586060282	32.728558441564	0	0	0	0	0	1.5	1.5	1.5	1.5	1.5	1.5
551.924099486191	-0.131885776460738	8.42542375622788	-394.14418690302	32.8704408402925	0	0	0	0	0	1.5	1.5	1.5	1.5	1.5	1.5
552.094079190375	-0.110735229451254	8.40480343282098	-394.234596015458	33.01437925749	0	0	0	0	0	1.5	1.5	1.5	1.5	1.5	1.5
552.26405889456	-0.0895846824417699	8.38777827313809	-394.322280451521	33.159994645041	0	0	0	0	0	1.5	1.5	1.5	1.5	1.5	1.5
552.434038598744	-0.0684341354322857	8.3743482771792	-394.407737827681	33.3069289905954	0	0	0	0	0	1.5	1.5	1.5	1.5	1.5	1.5
552.604018302928	-0.0472835884228016	8.36451344494432	-394.491480551458	33.454847963831	0	0	0	0	0	1.5	1.5	1.5	1.5	1.5	1.5
552.773998007112	-0.0261330414133174	8.35827377643344	-394.574031920268	33.6034355712596	0	0	0	0	0	1.5	1.5	1.5	1.5	1.5	1.5
552.943977711296	-0.0211225755740187	8.35464761471748	-394.655887646332	33.7524077486792	0	0	0	0	0	1.5	1.5	1.5	1.5	1.5	1.5
553.113957415481	-0.0225257787662894	8.35093794753803	-394.737205777634	33.9016740483554	0	0	0	0	0	1.5	1.5	1.5	1.5	1.5	1.5
553.283937119665	-0.023928981958562	8.34698976429505	-394.817951778602	34.05125060276	0	0	0	0	0	1.5	1.5	1.5	1.5	1.5	1.5
553.453916823849	-0.0253321851508328	8.34280306498854	-394.898088712984	34.2011543364554	0	0	0	0	0	1.5	1.5	1.5	1.5	1.5	1.5
553.623896528033	-0.0267353883431045	8.33837784961849	-394.977579420557	34.3514017327454	0	0	0	0	0	1.5	1.5	1.5	1.5	1.5	1.5
553.793876232218	-0.0281385915353762	8.33371411818491	-395.056386507236	34.5020088061243	0	0	0	0	0	1.5	1.5	1.5	1.5	1.5	1.5
553.963855936402	-0.0347692665936483	8.32844190014505	-395.134456818079	34.6529990696208	0	0	0	0	0	1.5	1.5	1.5	1.5	1.5	1.5
554.133835640586	-0.0424499208381251	8.32187905282655	-395.211633232188	34.8044480615858	0	0	0	0	0	1.5	1.5	1.5	1.5	1.5	1.5
554.30381534477	-0.0501305750825968	8.31401065017163	-395.287714787831	34.9564498628539	0	0	0	0	0	1.5	1.5	1.5	1.5	1.5	1.5
554.473795048955	-0.0578112293270788	8.30483669218029	-395.362498292924	35.1090943009847	0	0	0	0	0	1.5	1.5	1.5	1.5	1.5	1.5
554.643774753139	-0.0654918835715504	8.29435717885255	-395.435778136581	35.2624660710736	0	0	0	0	0	1.5	1.5	1.5	1.5	1.5	1.5
554.813754457323	-0.0731725378160273	8.28257211018838	-395.507346008994	35.4166439066971	0	0	0	0	0	1.5	1.5	1.5	1.5	1.5	1.5
554.983734161507	-0.0731399804793488	8.27010427077687	-395.577021285654	35.5716860986528	0	0	0	0	0	1.5	1.5	1.5	1.5	1.5	1.5
555.153713865691	-0.0727016877414054	8.25770920896592	-395.644763704199	35.7275825214593	0	0	0	0	0	1.5	1.5	1.5	1.5	1.5	1.5
555.323693569876	-0.0722633950034621	8.24538864802491	-395.710574465647	35.8843041792642	0	0	0	0	0	1.5	1.5	1.5	1.5	1.5	1.5
555.49367327406	-0.0718251022655188	8.23314258795385	-395.774455254898	36.0418223798602	0	0	0	0	0	1.5	1.5	1.5	1.5	1.5	1.5
555.663652978244	-0.0713868095275754	8.22097102875272	-395.836408226076	36.2001087421801	0	0	0	0	0	1.5	1.5	1.5	1.5	1.5	1.5
555.833632682428	-0.0722341172132124	8.20886634899535	-395.896435964108	36.3591352119722	0	0	0	0	0	1.5	1.5	1.5	1.5	1.5	1.5
556.003612386613	-0.0902265672812911	8.19505883944937	-395.954439386678	36.5189108152402	0	0	0	0	0	1.5	1.5	1.5	1.5	1.5	1.5
556.173592090797	-0.108219017349346	8.17819297856329	-396.009985438652	36.6795565455646	0	0	0	0	0	1.5	1.5	1.5	1.5	1.5	1.5
556.343571794981	-0.126211467417412	8.15826876633708	-396.062566929261	36.8411960534184	0	0	0	0	0	1.5	1.5	1.5	1.5	1.5	1.5
556.513551499165	-0.144203917485479	8.13528620277075	-396.111668602625	37.0039254403797	0	0	0	0	0	1.5	1.5	1.5	1.5	1.5	1.5
556.68353120335	-0.162196367553546	8.1092452878643	-396.156766863444	37.1678083668727	0	0	0	0	0	1.5	1.5	1.5	1.5	1.5	1.5
556.853510907534	-0.172931178273344	8.08026481139273	-396.197331268621	37.332870765984	0	0	0	0	0	1.5	1.5	1.5	1.5	1.5	1.5
557.023490611718	-0.153237738010936	8.0525437634407	-396.23312037188	37.4990345083067	0	0	0	0	0	1.5	1.5	1.5	1.5	1.5	1.5
557.193470315902	-0.133544297748502	8.02817020063881	-396.264569935357	37.6660752039232	0	0	0	0	0	1.5	1.5	1.5	1.5	1.5	1.5
557.363450020086	-0.113850857486094	8.00714412298713	-396.292220103566	37.8337877649864	0	0	0	0	0	1.5	1.5	1.5	1.5	1.5	1.5
557.533429724271	-0.0941574172236723	7.98946553048561	-396.316619798995	38.0020048917978	0	0	0	0	0	1.5	1.5	1.5	1.5	1.5	1.5
557.703409428455	-0.0744639769612511	7.97513442313427	-396.338324291492	38.1705917236881	0	0	0	0	0	1.5	1.5	1.5	1.5	1.5	1.5
557.873389132639	-0.0536288063011049	7.96418057821642	-396.357893821061	38.3394403044176	0	0	0	0	0	1.5	1.5	1.5	1.5	1.5	1.5
558.043368836823	-0.0302147990516683	7.95705472259862	-396.375929352234	38.5084601155456	0	0	0	0	0	1.5	1.5	1.5	1.5	1.5	1.5
558.213348541008	-0.0068007918022318	7.95390877300685	-396.393096609349	38.6775706138964	0	0	0	0	0	1.5	1.5	1.5	1.5	1.5	1.5
558.383328245192	0.0166132154472047	7.9547427294411	-396.410068370396	38.8467009093829	0	0	0	0	0	1.5	1.5	1.5	1.5	1.5	1.5
558.553307949376	0.0400272226966256	7.95955659190137	-396.427517655413	39.0157824454999	0	0	0	0	0	1.5	1.5	1.5	1.5	1.5	1.5
558.72328765356	0.0634412299460778	7.96835036038768	-396.446116885227	39.1847409660218	0	0	0	0	0	1.5	1.5	1.5	1.5	1.5	1.5
558.893267357744	0.059413929349988	7.98013413179571	-396.466513307351	39.3534914695694	0	0	0	0	0	1.5	1.5	1.5	1.5	1.5	1.5
559.063247061929	0.0181756336891484	7.98672845728229	-396.488554136772	39.5220358109151	0	0	0	0	0	1.5	1.5	1.5	1.5	1.5	1.5
559.233226766113	-0.0230626619716911	7.98631310947139	-396.511115616683	39.6905115571567	0	0	0	0	0	1.5	1.5	1.5	1.5	1.5	1.5
559.403206470297	-0.0643009576325307	7.978888088363	-396.533016418862	39.8590740677722	0	0	0	0	0	1.5	1.5	1.5	1.5	1.5	1.5
559.573186174481	-0.10553925329337	7.96445339395711	-396.553073457512	40.0278648002944	0	0	0	0	0	1.5	1.5	1.5	1.5	1.5	1.5
559.743165878666	-0.14677754895421	7.94300902625373	-396.570099226626	40.1969863951073	0	0	0	0	0	1.5	1.5	1.5	1.5	1.5	1.5
559.91314558285	-0.149354207817674	7.9163382541811	-396.582955217851	40.3664740413485	0	0	0	0	0	1.5	1.5	1.5	1.5	1.5	1.5
560.083125287034	-0.119354669816362	7.89350072641515	-396.591537549791	40.5362332432157	0	0	0	0	0	1.5	1.5	1.5	1.5	1.5	1.5
560.253104991218	-0.0893551318150296	7.87576251124433	-396.596674343481	40.7061330800675	0	0	0	0	0	1.5	1.5	1.5	1.5	1.5	1.5
560.423084695403	-0.0593555938136975	7.86312360866863	-396.599230126897	40.876092434457	0	0	0	0	0	1.5	1.5	1.5	1.5	1.5	1.5
560.593064399587	-0.0293560558123653	7.85558401868806	-396.60007105127	41.046069652835	0	0	0	0	0	1.5	1.5	1.5	1.5	1.5	1.5
560.763044103771	0.000643482188966787	7.85314374130262	-396.600063793693	41.216049311619	0	0	0	0	0	1.5	1.5	1.5	1.5	1.5	1.5
560.933023807955	-0.0034966619506383	7.85389140046253	-396.600003786934	41.3860289979906	0	0	0	0	0	1.5	1.5	1.5	1.5	1.5	1.5
561.103003512139	-0.0253221918950434	7.85144209033673	-396.599832833243	41.5560085720948	0	0	0	0	0	1.5	1.5	1.5	1.5	1.5	1.5
561.272983216324	-0.0471477218394338	7.84528288308731	-396.598930248565	41.7259856096114	0	0	0	0	0	1.5	1.5	1.5	1.5	1.5	1.5
561.442962920508	-0.0689732517838535	7.83541377871426	-396.596665490654	41.8959495341391	0	0	0	0	0	1.5	1.5	1.5	1.5	1.5	1.5
561.612942624692	-0.0907987817282439	7.82183477721762	-396.592408283499	42.0658746102973	0	0	0	0	0	1.5	1.5	1.5	1.5	1.5	1.5
561.782922328876	-0.112624311672649	7.80454587859736	-396.585529105286	42.2357129348978	0	0	0	0	0	1.5	1.5	1.5	1.5	1.5	1.5
561.952902033061	-0.10322692303474	7.78560801096062	-396.575490582813	42.4053933836948	0	0	0	0	0	1.5	1.5	1.5	1.5	1.5	1.5
562.122881737245	-0.0848501229594099	7.76962337063966	-396.562478556314	42.5748725016161	0	0	0	0	0	1.5	1.5	1.5	1.5	1.5	1.5
562.292861441429	-0.0664733228840802	7.75676241335935	-396.547023546721	42.744146964753	0	0	0	0	0	1.5	1.5	1.5	1.5	1.5	1.5
562.462841145613	-0.0480965228087506	7.7470251391197	-396.529656861603	42.9132364954796	0	0	0	0	0	1.5	1.5	1.5	1.5	1.5	1.5
562.632820849798	-0.0297197227334209	7.74041154792071	-396.510908352313	43.0821787564098	0	0	0	0	0	1.5	1.5	1.5	1.5	1.5	1.5
562.802800553982	-0.0113429226581035	7.73692163976237	-396.491306606119	43.251024371289	0	0	0	0	0	1.5	1.5	1.5	1.5	1.5	1.5
562.972780258166	-0.0198051094449062	7.73451515309774	-396.471276663691	43.419819772323	0	0	0	0	0	1.5	1.5	1.5	1.5	1.5	1.5
563.14275996235	-0.0314346796696665	7.73016029099966	-396.450678434462	43.5885466728684	0	0	0	0	0	1.5	1.5	1.5	1.5	1.5	1.5
563.312739666534	-0.0430642498944345	7.72382863799498	-396.429178971215	43.7571609552745	0	0	0	0	0	1.5	1.5	1.5	1.5	1.5	1.5
563.482719370719	-0.0546938201191948	7.71552019408372	-396.4064458577	43.925613141428	0	0	0	0	0	1.5	1.5	1.5	1.5	1.5	1.5
563.652699074903	-0.0663233903439706	7.70523495926585	-396.382147713476	44.0938464471636	0	0	0	0	0	1.5	1.5	1.5	1.5	1.5	1.5
563.822678779087	-0.0774479789519448	7.69297351929409	-396.355954602518	44.2617948279086	0	0	0	0	0	1.5	1.5	1.5	1.5	1.5	1.5
563.992658483271	-0.0520773630652425	7.68196517963387	-396.327721408706	44.4294125300641	0	0	0	0	0	1.5	1.5	1.5	1.5	1.5	1.5
564.162638187456	-0.0267067471785062	7.67526932975704	-396.298005478194	44.5967742778198	0	0	0	0	0	1.5	1.5	1.5	1.5	1.5	1.5
564.33261789164	-0.00133613129180392	7.67288596966362	-396.267530050581	44.7639996757801	0	0	0	0	0	1.5	1.5	1.5	1.5	1.5	1.5
564.502597595824	0.0240344845949153	7.67481509935358	-396.237016641836	44.9312181616435	0	0	0	0	0	1.5	1.5	1.5	1.5	1.5	1.5
564.672577300008	0.0494051004816346	7.68105671882695	-396.207186679741	45.0985596647107	0	0	0	0	0	1.5	1.5	1.5	1.5	1.5	1.5
564.842557004192	0.0688538620878679	7.69154491397444	-396.178762667298	45.2661451869767	0	0	0	0	0	1.5	1.5	1.5	1.5	1.5	1.5
565.012536708377	0.0490072308189627	7.70156191082801	-396.152160768809	45.4340296614835	0	0	0	0	0	1.5	1.5	1.5	1.5	1.5	1.5
565.182516412561	0.0291605995500574	7.70820538316943	-396.126958235123	45.6021303021893	0	0	0	0	0	1.5	1.5	1.5	1.5	1.5	1.5
565.352496116745	0.00931396828115214	7.71147533099872	-396.102589199782	45.7703540334204	0	0	0	0	0	1.5	1.5	1.5	1.5	1.5	1.5
565.522475820929	-0.0105326629877398	7.71137175431586	-396.078486513519	45.9386162094045	0	0	0	0	0	1.5	1.5	1.5	1.5	1.5	1.5
565.692455525114	-0.0303792942566584	7.70789465312085	-396.054082632011	46.1068348791024	0	0	0	0	0	1.5	1.5	1.5	1.5	1.5	1.5
565.862435229298	-0.0476004987712442	7.70109992249862	-396.028811242349	46.2749251646582	0	0	0	0	0	1.5	1.5	1.5	1.5	1.5	1.5
566.032414933482	-0.0569663582073707	7.69221280079027	-396.002201679463	46.4428085787568	0	0	0	0	0	1.5	1.5	1.5	1.5	1.5	1.5
566.202394637666	-0.0663322176434971	7.68173367306553	-395.973967789713	46.6104262472835	0	0	0	0	0	1.5	1.5	1.5	1.5	1.5	1.5
566.372374341851	-0.0756980770796235	7.66966253932441	-395.943845868599	46.7777146771376	0	0	0	0	0	1.5	1.5	1.5	1.5	1.5	1.5
566.542354046035	-0.08506393651575	7.65599939956691	-395.911574032388	46.9446014017133	0	0	0	0	0	1.5	1.5	1.5	1.5	1.5	1.5
566.712333750219	-0.0944297959518702	7.64074425379304	-395.876892681253	47.1110037553274	0	0	0	0	0	1.5	1.5	1.5	1.5	1.5	1.5
566.882313454403	-0.0986137976072836	7.62405836839813	-395.839548301931	47.2768284264417	0	0	0	0	0	1.5	1.5	1.5	1.5	1.5	1.5
567.052293158587	-0.0938284275714436	7.60770273214392	-395.799446528339	47.4420080361904	0	0	0	0	0	1.5	1.5	1.5	1.5	1.5	1.5
567.222272862772	-0.0890430575356004	7.5921605116728	-395.75671548268	47.6065272628175	0	0	0	0	0	1.5	1.5	1.5	1.5	1.5	1.5
567.392252566956	-0.0842576874997572	7.57743170698479	-395.711499297284	47.7703810819872	0	0	0	0	0	1.5	1.5	1.5	1.5	1.5	1.5
567.56223227114	-0.079472317463914	7.56351631807989	-395.663941053038	47.9335706863793	0	0	0	0	0	1.5	1.5	1.5	1.5	1.5	1.5
567.732211975324	-0.074686947428074	7.5504143449581	-395.614182693224	48.0961031204318	0	0	0	0	0	1.5	1.5	1.5	1.5	1.5	1.5
567.902191679509	-0.0706408259871458	7.53809530231609	-395.562364164586	48.2579906585178	0	0	0	0	0	1.5	1.5	1.5	1.5	1.5	1.5
568.072171383693	-0.0673790089581455	7.52636501695831	-395.50860457175	48.4192441071485	0	0	0	0	0	1.5	1.5	1.5	1.5	1.5	1.5
568.242151087877	-0.0641171919291474	7.51518917429423	-395.453001669655	48.5798713662745	0	0	0	0	0	1.5	1.5	1.5	1.5	1.5	1.5
568.412130792061	-0.0608553749001449	7.50456777432383	-395.39565145989	48.7398831834445	0	0	0	0	0	1.5	1.5	1.5	1.5	1.5	1.5
568.582110496245	-0.0575935578711468	7.49450081704713	-395.336649128894	48.8992932858504	0	0	0	0	0	1.5	1.5	1.5	1.5	1.5	1.5
568.75209020043	-0.0543317408421465	7.48498830246412	-395.276089039964	49.0581182132975	0	0	0	0	0	1.5	1.5	1.5	1.5	1.5	1.5
568.922069904614	-0.0521377395511243	7.47597499757215	-395.214062962104	49.2163764524418	0	0	0	0	0	1.5	1.5	1.5	1.5	1.5	1.5
569.092049608798	-0.050630453557143	7.4672407440401	-395.150636314615	49.3740786291535	0	0	0	0	0	1.5	1.5	1.5	1.5	1.5	1.5
569.262029312982	-0.0491231675631627	7.45876269853544	-395.085854812323	49.531229142134	0	0	0	0	0	1.5	1.5	1.5	1.5	1.5	1.5
569.432009017167	-0.0476158815691804	7.45054086105814	-395.019763374227	49.6878332892108	0	0	0	0	0	1.5	1.5	1.5	1.5	1.5	1.5
569.601988721351	-0.0461085955751991	7.44257523160823	-394.952406590869	49.8438974131877	0	0	0	0	0	1.5	1.5	1.5	1.5	1.5	1.5
569.771968425535	-0.0446013095812188	7.4348658101857	-394.883828720763	49.9994288648567	0	0	0	0	0	1.5	1.5	1.5	1.5	1.5	1.5
569.941948129719	-0.0427753596540805	7.42743228080743	-394.814074426559	50.1544363007167	0	0	0	0	0	1.5	1.5	1.5	1.5	1.5	1.5
570.111927833904	-0.0408296245742319	7.4203267055637	-394.743194960873	50.3089325129961	0	0	0	0	0	1.5	1.5	1.5	1.5	1.5	1.5
570.281907538088	-0.0388838894943834	7.41355186579327	-394.671244961261	50.4629331197278	0	0	0	0	0	1.5	1.5	1.5	1.5	1.5	1.5
570.451887242272	-0.0369381544145361	7.40710776149613	-394.598278664631	50.6164548426228	0	0	0	0	0	1.5	1.5	1.5	1.5	1.5	1.5
570.621866946456	-0.0349924193346862	7.40099439267228	-394.52434987734	50.7695154327634	0	0	0	0	0	1.5	1.5	1.5	1.5	1.5	1.5
570.79184665064	-0.0330466842548389	7.39521175932173	-394.449511986342	50.9221336144734	0	0	0	0	0	1.5	1.5	1.5	1.5	1.5	1.5
570.961826354825	-0.0380925586304915	7.38925819522098	-394.373796503874	51.0743183065812	0	0	0	0	0	1.5	1.5	1.5	1.5	1.5	1.5
571.131806059009	-0.0444282764081903	7.38224476165652	-394.29709713533	51.2260094013092	0	0	0	0	0	1.5	1.5	1.5	1.5	1.5	1.5
571.301785763193	-0.0507639941858807	7.37415438465842	-394.219254460778	51.3771168472176	0	0	0	0	0	1.5	1.5	1.5	1.5	1.5	1.5
571.471765467377	-0.0570997119635754	7.36498706422667	-394.140110878357	51.5275468668376	0	0	0	0	0	1.5	1.5	1.5	1.5	1.5	1.5
571.641745171562	-0.06343542974127	7.35474280036127	-394.059511074297	51.6772015316237	0	0	0	0	0	1.5	1.5	1.5	1.5	1.5	1.5
571.811724875746	-0.0697711475189646	7.34342159306223	-393.977302379904	51.8259782830128	0	0	0	0	0	1.5	1.5	1.5	1.5	1.5	1.5
571.98170457993	-0.0750765720570232	7.33110858062628	-393.893339223744	51.97377179832	0	0	0	0	0	1.5	1.5	1.5	1.5	1.5	1.5
572.151684284114	-0.0803526364827072	7.31789867518169	-393.807496971606	52.1204816732259	0	0	0	0	0	1.5	1.5	1.5	1.5	1.5	1.5
572.321663988298	-0.0856287009083842	7.30379194586677	-393.719659068196	52.2660052911944	0	0	0	0	0	1.5	1.5	1.5	1.5	1.5	1.5
572.491643692483	-0.0909047653340647	7.28878839268152	-393.629712524766	52.4102348898523	0	0	0	0	0	1.5	1.5	1.5	1.5	1.5	1.5
572.661623396667	-0.0961808297597487	7.27288801562592	-393.53754828348	52.5530573100159	0	0	0	0	0	1.5	1.5	1.5	1.5	1.5	1.5
572.831603100851	-0.100005928184152	7.25610161781523	-393.443061649072	52.6943537945267	0	0	0	0	0	1.5	1.5	1.5	1.5	1.5	1.5
573.001582805035	-0.0887192391363059	7.24006189375861	-393.346236569239	52.8340584263645	0	0	0	0	0	1.5	1.5	1.5	1.5	1.5	1.5
573.17156250922	-0.0774325500884675	7.22594067776756	-393.247315529069	52.9722873935663	0	0	0	0	0	1.5	1.5	1.5	1.5	1.5	1.5
573.341542213404	-0.0661458610406141	7.21373796984207	-393.146583533352	53.1092027184849	0	0	0	0	0	1.5	1.5	1.5	1.5	1.5	1.5
573.511521917588	-0.0548591719927757	7.20345376998217	-393.044318352077	53.2449770817885	0	0	0	0	0	1.5	1.5	1.5	1.5	1.5	1.5
573.681501621772	-0.0435724829449298	7.19508807818783	-392.940791392421	53.3797921395726	0	0	0	0	0	1.5	1.5	1.5	1.5	1.5	1.5
573.851481325957	-0.0292929509499679	7.18869341275065	-392.836269141755	53.5138372786052	0	0	0	0	0	1.5	1.5	1.5	1.5	1.5	1.5
574.021461030141	-0.00351105769655283	7.18590540490775	-392.731108005067	53.6473820863622	0	0	0	0	0	1.5	1.5	1.5	1.5	1.5	1.5
574.191440734325	0.0222708355568623	7.18749979565338	-392.625867163495	53.7808641383709	0	0	0	0	0	1.5	1.5	1.5	1.5	1.5	1.5
574.361420438509	0.0480527288102774	7.19347658498754	-392.521132527898	53.9147434465567	0	0	0	0	0	1.5	1.5	1.5	1.5	1.5	1.5
574.531400142694	0.0738346220636925	7.20383577291022	-392.417495207616	54.0494733486805	0	0	0	0	0	1.5	1.5	1.5	1.5	1.5	1.5
574.701379846878	0.0996165153170903	7.21857735942141	-392.315557384483	54.1854926709925	0	0	0	0	0	1.5	1.5	1.5	1.5	1.5	1.5
574.871359551062	0.100485447687879	7.23701232916988	-392.215927513866	54.323210288335	0	0	0	0	0	1.5	1.5	1.5	1.5	1.5	1.5
575.041339255246	0.0497096427107799	7.24977738768782	-392.118570794766	54.4625457603339	0	0	0	0	0	1.5	1.5	1.5	1.5	1.5	1.5
575.21131895943	-0.00106616226635296	7.25391158989603	-392.022394285586	54.6026997284359	0	0	0	0	0	1.5	1.5	1.5	1.5	1.5	1.5
575.381298663615	-0.0518419672435198	7.24941493579452	-391.926192390994	54.7428362462951	0	0	0	0	0	1.5	1.5	1.5	1.5	1.5	1.5
575.551278367799	-0.102617772220619	7.23628742538328	-391.828759970793	54.8821187125599	0	0	0	0	0	1.5	1.5	1.5	1.5	1.5	1.5
575.721258071983	-0.153393577197752	7.21452905866231	-391.728914253253	55.0196788436137	0	0	0	0	0	1.5	1.5	1.5	1.5	1.5	1.5
575.891237776167	-0.164363878173929	7.18563673200896	-391.625547621104	55.1546098018584	0	0	0	0	0	1.5	1.5	1.5	1.5	1.5	1.5
576.061217480352	-0.125177167679446	7.16102868134728	-391.518509214355	55.2866492638817	0	0	0	0	0	1.5	1.5	1.5	1.5	1.5	1.5
576.231197184536	-0.0859904571849885	7.14308157614342	-391.408684471997	55.4163830239168	0	0	0	0	0	1.5	1.5	1.5	1.5	1.5	1.5
576.40117688872	-0.0468037466905052	7.13179541639735	-391.29697435195	55.5444987545691	0	0	0	0	0	1.5	1.5	1.5	1.5	1.5	1.5
576.571156592904	-0.0076170361960218	7.12717020210909	-391.184248031535	55.6717222713877	0	0	0	0	0	1.5	1.5	1.5	1.5	1.5	1.5
576.741136297088	0.0315696742984616	7.12920593327863	-391.071357002964	55.7987998215058	0	0	0	0	0	1.5	1.5	1.5	1.5	1.5	1.5
576.911116001273	0.0328502272333619	7.13609329135758	-390.959106501955	55.9264430690455	0	0	0	0	0	1.5	1.5	1.5	1.5	1.5	1.5
577.081095705457	0.00454194344176757	7.13927124641266	-390.84754963373	56.0546933701771	0	0	0	0	0	1.5	1.5	1.5	1.5	1.5	1.5
577.251075409641	-0.0237663403498268	7.13763736776289	-390.736091778362	56.1830297989673	0	0	0	0	0	1.5	1.5	1.5	1.5	1.5	1.5
577.421055113825	-0.0520746241414022	7.13119165540826	-390.624116562391	56.3109147076867	0	0	0	0	0	1.5	1.5	1.5	1.5	1.5	1.5
577.59103481801	-0.0803829079330155	7.11993410934876	-390.511014159601	56.437803006001	0	0	0	0	0	1.5	1.5	1.5	1.5	1.5	1.5
577.761014522194	-0.108691191724591	7.10386472958442	-390.396189263814	56.5631334511244	0	0	0	0	0	1.5	1.5	1.5	1.5	1.5	1.5
577.930994226378	-0.105885336809698	7.08478484827995	-390.2791195232	56.6863685196725	0	0	0	0	0	1.5	1.5	1.5	1.5	1.5	1.5
578.100973930562	-0.0885175393882267	7.06826257658561	-390.159855425968	56.807482174226	0	0	0	0	0	1.5	1.5	1.5	1.5	1.5	1.5
578.270953634747	-0.0711497419667552	7.0546924779593	-390.038782150609	56.9267881594004	0	0	0	0	0	1.5	1.5	1.5	1.5	1.5	1.5
578.440933338931	-0.0537819445452836	7.04407455240102	-389.916274512224	57.0446215441932	0	0	0	0	0	1.5	1.5	1.5	1.5	1.5	1.5
578.610913043115	-0.0364141471238121	7.03640879991078	-389.792694516243	57.161330338161	0	0	0	0	0	1.5	1.5	1.5	1.5	1.5	1.5
578.780892747299	-0.0190463497023405	7.03169522048857	-389.668394314453	57.2772721590232	0	0	0	0	0	1.5	1.5	1.5	1.5	1.5	1.5
578.950872451483	-0.0154509852589052	7.02899785435094	-389.543690505106	57.3927799195088	0	0	0	0	0	1.5	1.5	1.5	1.5	1.5	1.5
579.120852155668	-0.0153070769320473	7.02638373119469	-389.418683308439	57.5079592760026	0	0	0	0	0	1.5	1.5	1.5	1.5	1.5	1.5
579.290831859852	-0.0151631686051896	7.02379406953327	-389.293376850292	57.6228129883234	0	0	0	0	0	1.5	1.5	1.5	1.5	1.5	1.5
579.460811564036	-0.0150192602783318	7.02122886936668	-389.167774780519	57.7373433513696	0	0	0	0	0	1.5	1.5	1.5	1.5	1.5	1.5
579.63079126822	-0.014875351951474	7.01868813069492	-389.041880727208	57.8515526838811	0	0	0	0	0	1.5	1.5	1.5	1.5	1.5	1.5
579.800770972405	-0.0147314436246162	7.01617185351798	-388.915698296795	57.9654433281172	0	0	0	0	0	1.5	1.5	1.5	1.5	1.5	1.5
579.970750676589	-0.0239646206990038	7.01294928927569	-388.78920573296	58.0789893808273	0	0	0	0	0	1.5	1.5	1.5	1.5	1.5	1.5
580.140730380773	-0.0340473966343386	7.00801885650297	-388.662251745182	58.1920191387388	0	0	0	0	0	1.5	1.5	1.5	1.5	1.5	1.5
580.310710084957	-0.0441301725696868	7.00137455645939	-388.53464584798	58.3043121858142	0	0	0	0	0	1.5	1.5	1.5	1.5	1.5	1.5
580.480689789141	-0.0542129485050216	6.99301638914498	-388.406201349986	58.4156447616785	0	0	0	0	0	1.5	1.5	1.5	1.5	1.5	1.5
580.650669493326	-0.0642957244403631	6.98294435455972	-388.276736549578	58.5257888532844	0	0	0	0	0	1.5	1.5	1.5	1.5	1.5	1.5
580.82064919751	-0.0739574734155498	6.97115969476465	-388.146075949079	58.634511310692	0	0	0	0	0	1.5	1.5	1.5	1.5	1.5	1.5
580.990628901694	-0.0719107200024717	6.9587623785811	-388.014092109986	58.7416233828084	0	0	0	0	0	1.5	1.5	1.5	1.5	1.5	1.5
581.160608605878	-0.0698639665893936	6.94671296893725	-387.880808846302	58.847114244379	0	0	0	0	0	1.5	1.5	1.5	1.5	1.5	1.5
581.330588310063	-0.0678172131763155	6.9350114658331	-387.746282211745	58.9510149409279	0	0	0	0	0	1.5	1.5	1.5	1.5	1.5	1.5
581.500568014247	-0.0657704597632374	6.92365786926863	-387.610566776047	59.0533580402279	0	0	0	0	0	1.5	1.5	1.5	1.5	1.5	1.5
581.670547718431	-0.0637237063501607	6.91265217924387	-387.473715641552	59.1541775580708	0	0	0	0	0	1.5	1.5	1.5	1.5	1.5	1.5
581.840527422615	-0.0631161706290594	6.90197595061623	-387.335780371207	59.2535087579492	0	0	0	0	0	1.5	1.5	1.5	1.5	1.5	1.5
582.0105071268	-0.0706135843412342	6.890610278521	-387.196771277785	59.3513313559819	0	0	0	0	0	1.5	1.5	1.5	1.5	1.5	1.5
582.180486830984	-0.078110998053414	6.87797019826082	-387.056598252042	59.4474783160701	0	0	0	0	0	1.5	1.5	1.5	1.5	1.5	1.5
582.350466535168	-0.0856084117655938	6.86405570983569	-386.915161247828	59.5417556062207	0	0	0	0	0	1.5	1.5	1.5	1.5	1.5	1.5
582.520446239352	-0.0931058254777737	6.84886681324562	-386.772367593077	59.6339646972063	0	0	0	0	0	1.5	1.5	1.5	1.5	1.5	1.5
582.690425943537	-0.100603239189953	6.83240350849061	-386.628132813381	59.7239023172639	0	0	0	0	0	1.5	1.5	1.5	1.5	1.5	1.5
582.860405647721	-0.105024224594018	6.81473678537136	-386.482382037534	59.8113612015275	0	0	0	0	0	1.5	1.5	1.5	1.5	1.5	1.5
583.030385351905	-0.101190730280577	6.79721060685737	-386.335103745913	59.8962226477718	0	0	0	0	0	1.5	1.5	1.5	1.5	1.5	1.5
583.200365056089	-0.0973572359671422	6.7803360445728	-386.186387524863	59.9785385017079	0	0	0	0	0	1.5	1.5	1.5	1.5	1.5	1.5
583.370344760273	-0.0935237416537044	6.76411309851761	-386.036329369654	60.0583822002388	0	0	0	0	0	1.5	1.5	1.5	1.5	1.5	1.5
583.540324464458	-0.0896902473402666	6.7485417686918	-385.885020811878	60.1358304821148	0	0	0	0	0	1.5	1.5	1.5	1.5	1.5	1.5
583.710304168642	-0.0858567530268288	6.73362205509539	-385.732549017829	60.2109631373277	0	0	0	0	0	1.5	1.5	1.5	1.5	1.5	1.5
583.880283872826	-0.0836076983220375	6.71929973896096	-385.57899637463	60.2838616491738	0	0	0	0	0	1.5	1.5	1.5	1.5	1.5	1.5
584.05026357701	-0.0837094221747366	6.70507948163745	-385.424421571612	60.3545669758709	0	0	0	0	0	1.5	1.5	1.5	1.5	1.5	1.5
584.220243281195	-0.0838111460274357	6.69084193332356	-385.268856393983	60.4230657880904	0	0	0	0	0	1.5	1.5	1.5	1.5	1.5	1.5
584.390222985379	-0.0839128698801347	6.67658709401929	-385.112331191243	60.4893415113053	0	0	0	0	0	1.5	1.5	1.5	1.5	1.5	1.5
584.560202689563	-0.0840145937328339	6.66231496372461	-384.954876623044	60.5533779723717	0	0	0	0	0	1.5	1.5	1.5	1.5	1.5	1.5
584.730182393747	-0.0841163175855329	6.64802554243956	-384.796523654257	60.6151594055048	0	0	0	0	0	1.5	1.5	1.5	1.5	1.5	1.5
584.900162097931	-0.0788646659390115	6.63395463806539	-384.63730594037	60.6746769571675	0	0	0	0	0	1.5	1.5	1.5	1.5	1.5	1.5
585.070141802116	-0.0686372504937918	6.62141847200446	-384.477306294782	60.7320601841148	0	0	0	0	0	1.5	1.5	1.5	1.5	1.5	1.5
585.2401215063	-0.0584098350485721	6.61062075899548	-384.316647795454	60.7875729356776	0	0	0	0	0	1.5	1.5	1.5	1.5	1.5	1.5
585.410101210484	-0.0481824196033524	6.60156149903845	-384.155445834096	60.8414879592116	0	0	0	0	0	1.5	1.5	1.5	1.5	1.5	1.5
585.580080914668	-0.0379550041581395	6.59424069213337	-383.993807526461	60.8940810022558	0	0	0	0	0	1.5	1.5	1.5	1.5	1.5	1.5
585.750060618853	-0.027727588712913	6.58865833828023	-383.831833125465	60.9456301836559	0	0	0	0	0	1.5	1.5	1.5	1.5	1.5	1.5
585.920040323037	-0.0188248454581351	6.5847427264892	-383.669616685715	60.9964129532155	0	0	0	0	0	1.5	1.5	1.5	1.5	1.5	1.5
586.090020027221	-0.0106771180531952	6.58223535897395	-383.507238377461	61.0466759577896	0	0	0	0	0	1.5	1.5	1.5	1.5	1.5	1.5
586.259999731405	-0.00252939064825525	6.58111293975276	-383.344769080656	61.0966441908996	0	0	0	0	0	1.5	1.5	1.5	1.5	1.5	1.5
586.42997943559	0.00561833675668465	6.58137546882563	-383.18227830721	61.1465425689959	0	0	0	0	0	1.5	1.5	1.5	1.5	1.5	1.5
586.599959139774	0.0137660641616246	6.58302294619257	-383.019835278872	61.1965960980083	0	0	0	0	0	1.5	1.5	1.5	1.5	1.5	1.5
586.769938843958	0.0219137915665645	6.58605537185358	-382.857509861812	61.247029584831	0	0	0	0	0	1.5	1.5	1.5	1.5	1.5	1.5
586.939918548142	0.00255891222679428	6.58870674075564	-382.695350737835	61.2979952529458	0	0	0	0	0	1.5	1.5	1.5	1.5	1.5	1.5
587.109898252326	-0.0256951595528872	6.58674039451743	-382.533213003749	61.34902901417	0	0	0	0	0	1.5	1.5	1.5	1.5	1.5	1.5
587.279877956511	-0.0539492313326065	6.5799714295161	-382.370854202798	61.3993540411669	0	0	0	0	0	1.5	1.5	1.5	1.5	1.5	1.5
587.449857660695	-0.0822033031122879	6.56839984575167	-382.208041338229	61.4481879191474	0	0	0	0	0	1.5	1.5	1.5	1.5	1.5	1.5
587.619837364879	-0.110457374891988	6.55202564322412	-382.044562953232	61.4947418770732	0	0	0	0	0	1.5	1.5	1.5	1.5	1.5	1.5
587.789817069063	-0.138711446671689	6.53084882193345	-381.88024059387	61.5382180931133	0	0	0	0	0	1.5	1.5	1.5	1.5	1.5	1.5
587.959796773248	-0.12398804504547	6.50805386451195	-381.714976129129	61.577961007335	0	0	0	0	0	1.5	1.5	1.5	1.5	1.5	1.5
588.129776477432	-0.102946313383907	6.48876674695442	-381.548909897109	61.6142130451536	0	0	0	0	0	1.5	1.5	1.5	1.5	1.5	1.5
588.299756181616	-0.0819045817223433	6.47305629672024	-381.382233886297	61.6475538979845	0	0	0	0	0	1.5	1.5	1.5	1.5	1.5	1.5
588.4697358858	-0.0608628500607797	6.46092251380942	-381.215109174516	61.6785712406163	0	0	0	0	0	1.5	1.5	1.5	1.5	1.5	1.5
588.639715589984	-0.0398211183992302	6.45236539822197	-381.047672007289	61.7078580643813	0	0	0	0	0	1.5	1.5	1.5	1.5	1.5	1.5
588.809695294169	-0.0187793867376666	6.44738494995786	-380.880040102936	61.7360109370615	0	0	0	0	0	1.5	1.5	1.5	1.5	1.5	1.5
588.979674998353	-0.0115858018657463	6.4448152274338	-380.712308436389	61.7635640115885	0	0	0	0	0	1.5	1.5	1.5	1.5	1.5	1.5
589.149654702537	-0.00452298953027484	6.44344614363567	-380.544522800392	61.790786715655	0	0	0	0	0	1.5	1.5	1.5	1.5	1.5	1.5
589.319634406721	0.00253982280519661	6.44327759458903	-380.376716271816	61.8178804174208	0	0	0	0	0	1.5	1.5	1.5	1.5	1.5	1.5
589.489614110906	0.00960263514066807	6.44430958029388	-380.208921462971	61.8450465606401	0	0	0	0	0	1.5	1.5	1.5	1.5	1.5	1.5
589.65959381509	0.0166654474761395	6.44654210075023	-380.041171247045	61.8724865466606	0	0	0	0	0	1.5	1.5	1.5	1.5	1.5	1.5
589.829573519274	0.0221528389178762	6.44996066869088	-379.873499468528	61.9004015272205	0	0	0	0	0	1.5	1.5	1.5	1.5	1.5	1.5
589.999553223458	0.0146552345112834	6.45308898140742	-379.705925635023	61.9288986591903	0	0	0	0	0	1.5	1.5	1.5	1.5	1.5	1.5
590.169532927643	0.00715763010470061	6.45494285354483	-379.538423266061	61.9578131518637	0	0	0	0	0	1.5	1.5	1.5	1.5	1.5	1.5
590.339512631827	-0.000339974301887206	6.45552228510313	-379.370956178295	61.9869314189149	0	0	0	0	0	1.5	1.5	1.5	1.5	1.5	1.5
590.509492336011	-0.00783757870847502	6.4548272760823	-379.203487409128	62.0160400080283	0	0	0	0	0	1.5	1.5	1.5	1.5	1.5	1.5
590.679472040195	-0.0153351831150628	6.45285782648236	-379.035980032973	62.0449254604875	0	0	0	0	0	1.5	1.5	1.5	1.5	1.5	1.5
590.84945174438	-0.0258123606545186	6.44955677101673	-378.868397856269	62.0733734499545	0	0	0	0	0	1.5	1.5	1.5	1.5	1.5	1.5
591.019431448564	-0.0465090185150043	6.44341018769802	-378.700687858673	62.1010567495783	0	0	0	0	0	1.5	1.5	1.5	1.5	1.5	1.5
591.189411152748	-0.06720567637549	6.43374559259857	-378.532764640531	62.1274132905497	0	0	0	0	0	1.5	1.5	1.5	1.5	1.5	1.5
591.359390856932	-0.0879023342359619	6.42056298571841	-378.364551862449	62.1518497839014	0	0	0	0	0	1.5	1.5	1.5	1.5	1.5	1.5
591.529370561116	-0.108598992096461	6.4038623670575	-378.195993492252	62.1737701769492	0	0	0	0	0	1.5	1.5	1.5	1.5	1.5	1.5
591.699350265301	-0.129295649956933	6.38364373661589	-378.027060135027	62.1925753861491	0	0	0	0	0	1.5	1.5	1.5	1.5	1.5	1.5
591.869329969485	-0.132588311467763	6.36041208455545	-377.857756176241	62.2076732377685	0	0	0	0	0	1.5	1.5	1.5	1.5	1.5	1.5
592.039309673669	-0.102307047956528	6.34044836270086	-377.688158577043	62.2190219609546	0	0	0	0	0	1.5	1.5	1.5	1.5	1.5	1.5
592.209289377853	-0.0720257844452933	6.32563184106023	-377.518388009666	62.2274198567767	0	0	0	0	0	1.5	1.5	1.5	1.5	1.5	1.5
592.379269082038	-0.0417445209340583	6.31596251963356	-377.348526461295	62.2337387207543	0	0	0	0	0	1.5	1.5	1.5	1.5	1.5	1.5
592.549248786222	-0.0114632574228436	6.31144039842086	-377.178623835476	62.2388521612134	0	0	0	0	0	1.5	1.5	1.5	1.5	1.5	1.5
592.719228490406	0.0188180060884117	6.31206547742212	-377.008711426543	62.2436345373439	0	0	0	0	0	1.5	1.5	1.5	1.5	1.5	1.5
592.88920819459	0.0352244949272355	6.31729452253368	-376.838814941109	62.248946204638	0	0	0	0	0	1.5	1.5	1.5	1.5	1.5	1.5
593.059187898774	0.0353873565189973	6.32329581334405	-376.668952506924	62.2552522787496	0	0	0	0	0	1.5	1.5	1.5	1.5	1.5	1.5
593.229167602959	0.0355502181107592	6.3293247873196	-376.499131079694	62.2625799775461	0	0	0	0	0	1.5	1.5	1.5	1.5	1.5	1.5
593.399147307143	0.0357130797025211	6.33538144446035	-376.329357035051	62.270933735756	0	0	0	0	0	1.5	1.5	1.5	1.5	1.5	1.5
593.569127011327	0.0358759412942829	6.34146578476629	-376.15963683211	62.2803179467044	0	0	0	0	0	1.5	1.5	1.5	1.5	1.5	1.5
593.739106715511	0.0360388028860448	6.34757780823742	-375.98997701358	62.2907369612705	0	0	0	0	0	1.5	1.5	1.5	1.5	1.5	1.5
593.909086419696	0.0301751286078654	6.35342157090899	-375.820383532514	62.3021854216876	0	0	0	0	0	1.5	1.5	1.5	1.5	1.5	1.5
594.07906612388	0.0199077796033533	6.3576781098702	-375.650850611707	62.3144998380759	0	0	0	0	0	1.5	1.5	1.5	1.5	1.5	1.5
594.249045828064	0.00964043059882744	6.36018940788487	-375.481360249039	62.3273878747869	0	0	0	0	0	1.5	1.5	1.5	1.5	1.5	1.5
594.419025532248	-0.000626918405684643	6.36095546495299	-375.311891192873	62.3405536372558	0	0	0	0	0	1.5	1.5	1.5	1.5	1.5	1.5
594.589005236433	-0.0108942674102036	6.35997628107458	-375.142420737307	62.3537013402467	0	0	0	0	0	1.5	1.5	1.5	1.5	1.5	1.5
594.758984940617	-0.0211616164147226	6.35725185624961	-374.972926271001	62.3665351912931	0	0	0	0	0	1.5	1.5	1.5	1.5	1.5	1.5
594.928964644801	-0.00886119650889238	6.35411923159814	-374.803390566397	62.3788119515379	0	0	0	0	0	1.5	1.5	1.5	1.5	1.5	1.5
595.098944348985	0.0132456929707011	6.35449186930393	-374.633836795835	62.3908376665565	0	0	0	0	0	1.5	1.5	1.5	1.5	1.5	1.5
595.268924053169	0.0353525824502797	6.35862222954389	-374.464310650412	62.4032450921495	0	0	0	0	0	1.5	1.5	1.5	1.5	1.5	1.5
595.438903757354	0.0574594719298879	6.36651031231803	-374.294862443213	62.4166709824463	0	0	0	0	0	1.5	1.5	1.5	1.5	1.5	1.5
595.608883461538	0.0795663614094666	6.37815611762634	-374.125553963706	62.431751151037	0	0	0	0	0	1.5	1.5	1.5	1.5	1.5	1.5
595.778863165722	0.10167325088906	6.39355964546882	-373.956465632775	62.4491196377198	0	0	0	0	0	1.5	1.5	1.5	1.5	1.5	1.5
595.948842869906	0.0795095687939507	6.40965755783493	-373.78768607803	62.4692673057794	0	0	0	0	0	1.5	1.5	1.5	1.5	1.5	1.5
596.118822574091	0.0472410648788194	6.42043007544337	-373.619192975206	62.4916925931942	0	0	0	0	0	1.5	1.5	1.5	1.5	1.5	1.5
596.288802278275	0.0149725609636881	6.42571760230184	-373.450884760527	62.515470233589	0	0	0	0	0	1.5	1.5	1.5	1.5	1.5	1.5
596.458781982459	-0.0172959429514432	6.42552013841034	-373.282637409981	62.5396761743432	0	0	0	0	0	1.5	1.5	1.5	1.5	1.5	1.5
596.628761686643	-0.0495644468665744	6.41983768376889	-373.114319848361	62.5633873390206	0	0	0	0	0	1.5	1.5	1.5	1.5	1.5	1.5
596.798741390827	-0.0818329507816842	6.40867023837748	-372.945809146199	62.5856795262019	0	0	0	0	0	1.5	1.5	1.5	1.5	1.5	1.5
596.968721095012	-0.0700082070027313	6.39550677662394	-372.777026710821	62.6058083817112	0	0	0	0	0	1.5	1.5	1.5	1.5	1.5	1.5
597.138700799196	-0.0549165174168788	6.38488944277288	-372.608016277206	62.6239274732854	0	0	0	0	0	1.5	1.5	1.5	1.5	1.5	1.5
597.30868050338	-0.0398248278310162	6.37683738985325	-372.438843735735	62.6404681708195	0	0	0	0	0	1.5	1.5	1.5	1.5	1.5	1.5
597.478660207564	-0.0247331382451536	6.37135061786507	-372.269562855495	62.6558633217036	0	0	0	0	0	1.5	1.5	1.5	1.5	1.5	1.5
597.648639911749	-0.00964144865929095	6.36842912680833	-372.100218596006	62.6705466727565	0	0	0	0	0	1.5	1.5	1.5	1.5	1.5	1.5
597.818619615933	0.00475351710775115	6.36807002892745	-371.930850440111	62.6849524713767	0	0	0	0	0	1.5	1.5	1.5	1.5	1.5	1.5
597.988599320117	0.00555863725593513	6.36894645740157	-371.761488927303	62.6994361160677	0	0	0	0	0	1.5	1.5	1.5	1.5	1.5	1.5
598.158579024301	0.00636375740411911	6.36995973996031	-371.592141176867	62.7140797762715	0	0	0	0	0	1.5	1.5	1.5	1.5	1.5	1.5
598.328558728486	0.00716887755230255	6.37110987660368	-371.422809367782	62.7289066127771	0	0	0	0	0	1.5	1.5	1.5	1.5	1.5	1.5
598.49853843267	0.00797399770048653	6.37239686733166	-371.25349575421	62.7439397796078	0	0	0	0	0	1.5	1.5	1.5	1.5	1.5	1.5
598.668518136854	0.00877911784867051	6.37382071214427	-371.084202674998	62.7592024230038	0	0	0	0	0	1.5	1.5	1.5	1.5	1.5	1.5
598.838497841038	0.0090452875284189	6.37537381373821	-370.914932556601	62.7747176092513	0	0	0	0	0	1.5	1.5	1.5	1.5	1.5	1.5
599.008477545222	0.00660099165641577	6.37670358869192	-370.745685645862	62.7904839904281	0	0	0	0	0	1.5	1.5	1.5	1.5	1.5	1.5
599.178457249407	0.00415669578440936	6.37761788295637	-370.576456525509	62.8064402631515	0	0	0	0	0	1.5	1.5	1.5	1.5	1.5	1.5
599.348436953591	0.00171239991240458	6.37811669653156	-370.407238717223	62.8225161017738	0	0	0	0	0	1.5	1.5	1.5	1.5	1.5	1.5
599.518416657775	-0.000731895959598553	6.37820002941748	-370.238025593646	62.8386411946509	0	0	0	0	0	1.5	1.5	1.5	1.5	1.5	1.5
599.688396361959	-0.00317619183160496	6.37786788161414	-370.068810466026	62.8547452359593	0	0	0	0	0	1.5	1.5	1.5	1.5	1.5	1.5
599.858376066144	-0.00247476185733154	6.37719593707148	-369.89958678582	62.8707591259571	0	0	0	0	0	1.5	1.5	1.5	1.5	1.5	1.5
600.028355770328	0.00619326958244355	6.37751197249304	-369.730358232063	62.8867214597596	0	0	0	0	0	1.5	1.5	1.5	1.5	1.5	1.5
600.198335474512	0.0148613010222186	6.3793013973346	-369.561146597978	62.9028619345946	0	0	0	0	0	1.5	1.5	1.5	1.5	1.5	1.5
600.368315178696	0.0235293324619937	6.38256421159614	-369.391976328982	62.9194298011523	0	0	0	0	0	1.5	1.5	1.5	1.5	1.5	1.5
600.53829488288	0.032197363901763	6.38730041527768	-369.222873759209	62.9366741229324	0	0	0	0	0	1.5	1.5	1.5	1.5	1.5	1.5
600.708274587065	0.0408653953415439	6.39351000837921	-369.053868211478	62.9548436508038	0	0	0	0	0	1.5	1.5	1.5	1.5	1.5	1.5
600.878254291249	0.0502618263380567	6.40121775200618	-368.88499316046	62.9741872328615	0	0	0	0	0	1.5	1.5	1.5	1.5	1.5	1.5
601.048233995433	0.0607509686603865	6.41065271303342	-368.71628997315	62.9949747282389	0	0	0	0	0	1.5	1.5	1.5	1.5	1.5	1.5
601.218213699618	0.0712401109827303	6.42187061536977	-368.547810695938	63.0175031516833	0	0	0	0	0	1.5	1.5	1.5	1.5	1.5	1.5
601.388193403802	0.08172925330506	6.43487145901521	-368.379616872243	63.0420700077285	0	0	0	0	0	1.5	1.5	1.5	1.5	1.5	1.5
601.558173107986	0.0922183956273968	6.44965524396975	-368.211780904623	63.0689709639109	0	0	0	0	0	1.5	1.5	1.5	1.5	1.5	1.5
601.72815281217	0.102707537949727	6.46622197023338	-368.044387608328	63.0984993103539	0	0	0	0	0	1.5	1.5	1.5	1.5	1.5	1.5
601.898132516354	0.0872161426799418	6.48342816182576	-367.87752912061	63.1309124171316	0	0	0	0	0	1.5	1.5	1.5	1.5	1.5	1.5
602.068112220539	0.0475361869021094	6.494880742386	-367.711162717047	63.1657692955129	0	0	0	0	0	1.5	1.5	1.5	1.5	1.5	1.5
602.238091924723	0.00785623112425043	6.49958853580108	-367.545082637163	63.2019694572658	0	0	0	0	0	1.5	1.5	1.5	1.5	1.5	1.5
602.408071628907	-0.0318237246536351	6.497551542071	-367.379050922413	63.2383913972973	0	0	0	0	0	1.5	1.5	1.5	1.5	1.5	1.5
602.578051333091	-0.0715036804314675	6.48876976119576	-367.212825122828	63.2739145710884	0	0	0	0	0	1.5	1.5	1.5	1.5	1.5	1.5
602.748031037275	-0.111183636209326	6.47324319317535	-367.046180995115	63.3074146048767	0	0	0	0	0	1.5	1.5	1.5	1.5	1.5	1.5
602.91801074146	-0.114636292473185	6.45292628216183	-366.878947377459	63.3378283737833	0	0	0	0	0	1.5	1.5	1.5	1.5	1.5	1.5
603.087990445644	-0.0972452154715049	6.43491850414055	-366.711154353953	63.3649912154377	0	0	0	0	0	1.5	1.5	1.5	1.5	1.5	1.5
603.257970149828	-0.0798541384698367	6.41986685624348	-366.542934594574	63.3893770014601	0	0	0	0	0	1.5	1.5	1.5	1.5	1.5	1.5
603.427949854012	-0.0624630614681452	6.40777133847058	-366.374398775681	63.411477340302	0	0	0	0	0	1.5	1.5	1.5	1.5	1.5	1.5
603.597929558197	-0.045071984466477	6.39863195082188	-366.205637369954	63.4317870991643	0	0	0	0	0	1.5	1.5	1.5	1.5	1.5	1.5
603.767909262381	-0.0276809074647971	6.39244869329737	-366.036725000119	63.4508033749802	0	0	0	0	0	1.5	1.5	1.5	1.5	1.5	1.5
603.937888966565	-0.0192723163467417	6.3886411542335	-365.867722176978	63.4689998376783	0	0	0	0	0	1.5	1.5	1.5	1.5	1.5	1.5
604.107868670749	-0.013695975542578	6.3858391839821	-365.698660524498	63.4866417921042	0	0	0	0	0	1.5	1.5	1.5	1.5	1.5	1.5
604.277848374934	-0.0081196347384105	6.38398507849102	-365.529558227958	63.5038901203211	0	0	0	0	0	1.5	1.5	1.5	1.5	1.5	1.5
604.447828079118	-0.00254329393424305	6.38307883776026	-365.360432268369	63.5209050435971	0	0	0	0	0	1.5	1.5	1.5	1.5	1.5	1.5
604.617807783302	0.00303304686992441	6.38312046178982	-365.191298963115	63.5378468512994	0	0	0	0	0	1.5	1.5	1.5	1.5	1.5	1.5
604.787787487486	0.00860938767408814	6.38410995057971	-365.022174421683	63.5548758538123	0	0	0	0	0	1.5	1.5	1.5	1.5	1.5	1.5
604.95776719167	0.000393452879689086	6.38501841119218	-364.853069788133	63.5721014329746	0	0	0	0	0	1.5	1.5	1.5	1.5	1.5	1.5
605.127746895855	-0.00974355473952864	6.38422374741806	-364.68396629142	63.5893381842455	0	0	0	0	0	1.5	1.5	1.5	1.5	1.5	1.5
605.297726600039	-0.0198805623587328	6.38170599808752	-364.514834519249	63.6062948376545	0	0	0	0	0	1.5	1.5	1.5	1.5	1.5	1.5
605.467706304223	-0.0300175699779438	6.37746516320055	-364.345646493507	63.6226798417234	0	0	0	0	0	1.5	1.5	1.5	1.5	1.5	1.5
605.637686008407	-0.0401545775971547	6.37150124275716	-364.176377192004	63.6382013636842	0	0	0	0	0	1.5	1.5	1.5	1.5	1.5	1.5
605.807665712592	-0.0502915852163656	6.36381423675734	-364.007006058597	63.6525671776049	0	0	0	0	0	1.5	1.5	1.5	1.5	1.5	1.5
605.977645416776	-0.0339448984939148	6.35664483817146	-363.837527906012	63.6656106263795	0	0	0	0	0	1.5	1.5	1.5	1.5	1.5	1.5
606.14762512096	-0.0174782175240102	6.35227439514698	-363.66797708684	63.6776760003124	0	0	0	0	0	1.5	1.5	1.5	1.5	1.5	1.5
606.317604825144	-0.00101153655412754	6.35070295368266	-363.498391052943	63.6892376040705	0	0	0	0	0	1.5	1.5	1.5	1.5	1.5	1.5
606.487584529329	0.0154551444157661	6.35193051377849	-363.328803026841	63.7007700493822	0	0	0	0	0	1.5	1.5	1.5	1.5	1.5	1.5
606.657564233513	0.0319218253856708	6.35595707543449	-363.159245986239	63.7127479651054	0	0	0	0	0	1.5	1.5	1.5	1.5	1.5	1.5
606.827543937697	0.0451453285888123	6.3627514590544	-362.989756632961	63.725645511522	0	0	0	0	0	1.5	1.5	1.5	1.5	1.5	1.5
606.997523641881	0.0329413228859348	6.36938803201361	-362.820363207063	63.7397473155552	0	0	0	0	0	1.5	1.5	1.5	1.5	1.5	1.5
607.167503346065	0.0207373171830573	6.37395017169358	-362.651051233361	63.7547974022735	0	0	0	0	0	1.5	1.5	1.5	1.5	1.5	1.5
607.33748305025	0.00853331148017977	6.37643787809431	-362.481793258666	63.7704442154612	0	0	0	0	0	1.5	1.5	1.5	1.5	1.5	1.5
607.507462754434	-0.0036706942226896	6.3768511512158	-362.312558115122	63.7863365230441	0	0	0	0	0	1.5	1.5	1.5	1.5	1.5	1.5
607.677442458618	-0.0158746999255753	6.37518999105806	-362.143313106873	63.8021232326681	0	0	0	0	0	1.5	1.5	1.5	1.5	1.5	1.5
607.847422162802	-0.0233614827700002	6.37154702675197	-361.974026302565	63.8174543992713	0	0	0	0	0	1.5	1.5	1.5	1.5	1.5	1.5
608.017401866987	-0.0151484722939606	6.36827407136701	-361.80468379337	63.8321577507026	0	0	0	0	0	1.5	1.5	1.5	1.5	1.5	1.5
608.187381571171	-0.00693546181792089	6.36639716107323	-361.635303934728	63.8464250125604	0	0	0	0	0	1.5	1.5	1.5	1.5	1.5	1.5
608.357361275355	0.00127754865811879	6.36591629587063	-361.465907351058	63.8604925866406	0	0	0	0	0	1.5	1.5	1.5	1.5	1.5	1.5
608.527340979539	0.00949055913415847	6.3668314757592	-361.296513830539	63.8745969457443	0	0	0	0	0	1.5	1.5	1.5	1.5	1.5	1.5
608.697320683723	0.0177035696101927	6.36914270073896	-361.127143315399	63.8889745497165	0	0	0	0	0	1.5	1.5	1.5	1.5	1.5	1.5
608.867300387908	0.024241649359348	6.37280030411534	-360.957816804578	63.9038607824761	0	0	0	0	0	1.5	1.5	1.5	1.5	1.5	1.5
609.037280092092	0.0276540598929274	6.37721091276891	-360.788552527879	63.9194382538883	0	0	0	0	0	1.5	1.5	1.5	1.5	1.5	1.5
609.207259796276	0.0310664704265091	6.38220156195553	-360.619363383287	63.9358111951049	0	0	0	0	0	1.5	1.5	1.5	1.5	1.5	1.5
609.37723950046	0.0344788809600908	6.3877722516752	-360.450263100499	63.9530773314258	0	0	0	0	0	1.5	1.5	1.5	1.5	1.5	1.5
609.547219204645	0.0378912914936725	6.39392298192793	-360.281266960938	63.9713342080894	0	0	0	0	0	1.5	1.5	1.5	1.5	1.5	1.5
609.717198908829	0.0413037020272542	6.40065375271371	-360.112391966371	63.9906791545013	0	0	0	0	0	1.5	1.5	1.5	1.5	1.5	1.5
609.887178613013	0.0299735842470266	6.40737979196733	-359.943655098483	64.0111938981141	0	0	0	0	0	1.5	1.5	1.5	1.5	1.5	1.5
610.057158317197	0.00179782988182287	6.4100800397549	-359.77502176096	64.0325452173705	0	0	0	0	0	1.5	1.5	1.5	1.5	1.5	1.5
610.227138021382	-0.026377924483362	6.4079909811503	-359.606394935591	64.0539480716721	0	0	0	0	0	1.5	1.5	1.5	1.5	1.5	1.5
610.397117725566	-0.0545536788485845	6.40111261615354	-359.43767414325	64.074594602384	0	0	0	0	0	1.5	1.5	1.5	1.5	1.5	1.5
610.56709742975	-0.0827294332137694	6.38944494476462	-359.268769777119	64.0936756463433	0	0	0	0	0	1.5	1.5	1.5	1.5	1.5	1.5
610.737077133934	-0.110905187578973	6.37298796698353	-359.099614745442	64.1103796003678	0	0	0	0	0	1.5	1.5	1.5	1.5	1.5	1.5
610.907056838118	-0.102795678484617	6.35354904711355	-358.93018051328	64.1239516841449	0	0	0	0	0	1.5	1.5	1.5	1.5	1.5	1.5
611.077036542303	-0.0690584205570593	6.33894319265457	-358.760535085443	64.1345824735447	0	0	0	0	0	1.5	1.5	1.5	1.5	1.5	1.5
611.247016246487	-0.035321162629502	6.33007198731811	-358.590775606193	64.1432212369774	0	0	0	0	0	1.5	1.5	1.5	1.5	1.5	1.5
611.416995950671	-0.00158390470196719	6.32693543110416	-358.420966833557	64.1508406571156	0	0	0	0	0	1.5	1.5	1.5	1.5	1.5	1.5
611.586975654855	0.0321533532256127	6.32953352401273	-358.251155993839	64.1584143600602	0	0	0	0	0	1.5	1.5	1.5	1.5	1.5	1.5
611.75695535904	0.0658906111531475	6.3378662660438	-358.08138952695	64.1669160101086	0	0	0	0	0	1.5	1.5	1.5	1.5	1.5	1.5
611.926935063224	0.0566116833753041	6.34935950592254	-357.911723148491	64.1772159510449	0	0	0	0	0	1.5	1.5	1.5	1.5	1.5	1.5
612.096914767408	0.0292551883049779	6.35665731864626	-357.742162611044	64.1891405003131	0	0	0	0	0	1.5	1.5	1.5	1.5	1.5	1.5
612.266894471592	0.00189869323465172	6.35930508243041	-357.572663141481	64.2019081118688	0	0	0	0	0	1.5	1.5	1.5	1.5	1.5	1.5
612.436874175777	-0.0254578018356744	6.35730279727499	-357.403167780158	64.2147304285015	0	0	0	0	0	1.5	1.5	1.5	1.5	1.5	1.5
612.606853879961	-0.0528142969060006	6.35065046317999	-357.233618804135	64.2268191482353	0	0	0	0	0	1.5	1.5	1.5	1.5	1.5	1.5
612.776833584145	-0.0801707919763268	6.33934808014542	-357.06396872716	64.2373852626667	0	0	0	0	0	1.5	1.5	1.5	1.5	1.5	1.5
612.946813288329	-0.0569338760266683	6.32693696860332	-356.894198728428	64.2458036179854	0	0	0	0	0	1.5	1.5	1.5	1.5	1.5	1.5
613.116792992514	-0.0228590620899083	6.3201553785948	-356.724354492618	64.2525802925353	0	0	0	0	0	1.5	1.5	1.5	1.5	1.5	1.5
613.286772696698	0.0112157518468061	6.31916581537937	-356.554484889135	64.2586969863325	0	0	0	0	0	1.5	1.5	1.5	1.5	1.5	1.5
613.456752400882	0.0452905657835433	6.32396827895705	-356.384627411815	64.2651375107975	0	0	0	0	0	1.5	1.5	1.5	1.5	1.5	1.5
613.626732105066	0.0793653797202806	6.33456276932782	-356.214825180594	64.2728854464592	0	0	0	0	0	1.5	1.5	1.5	1.5	1.5	1.5
613.79671180925	0.113440193657018	6.35094928649169	-356.045144025855	64.2829232596775	0	0	0	0	0	1.5	1.5	1.5	1.5	1.5	1.5
613.966691513435	0.0878485229029634	6.36834641244251	-355.875668394535	64.2959761984058	0	0	0	0	0	1.5	1.5	1.5	1.5	1.5	1.5
614.136671217619	0.0586426383614993	6.38079667457118	-355.706405512542	64.3115583164519	0	0	0	0	0	1.5	1.5	1.5	1.5	1.5	1.5
614.306650921803	0.0294367538200353	6.38828252908505	-355.53730566319	64.328826925803	0	0	0	0	0	1.5	1.5	1.5	1.5	1.5	1.5
614.476630625987	0.000230869278590839	6.39080397598412	-355.368293986536	64.346941469471	0	0	0	0	0	1.5	1.5	1.5	1.5	1.5	1.5
614.646610330171	-0.0289750152628732	6.3883610152684	-355.199283018138	64.3650626459596	0	0	0	0	0	1.5	1.5	1.5	1.5	1.5	1.5
614.816590034356	-0.0561497672793277	6.38096397005638	-355.030185198163	64.3823511988446	0	0	0	0	0	1.5	1.5	1.5	1.5	1.5	1.5
614.98656973854	-0.0513905686512655	6.3718241328117	-354.860942863349	64.3981603980567	0	0	0	0	0	1.5	1.5	1.5	1.5	1.5	1.5
615.156549442724	-0.0466313700232033	6.36349326274198	-354.6915687887	64.412490629696	0	0	0	0	0	1.5	1.5	1.5	1.5	1.5	1.5
615.326529146908	-0.0418721713951411	6.3559713598472	-354.522086358379	64.425477907795	0	0	0	0	0	1.5	1.5	1.5	1.5	1.5	1.5
615.496508851093	-0.0371129727670789	6.34925842412738	-354.352515704346	64.4372585952602	0	0	0	0	0	1.5	1.5	1.5	1.5	1.5	1.5
615.666488555277	-0.0323537741390199	6.34335445558252	-354.182874034912	64.4479693316089	0	0	0	0	0	1.5	1.5	1.5	1.5	1.5	1.5
615.836468259461	-0.0282080309782107	6.33825020026794	-354.013175959528	64.4577468795874	0	0	0	0	0	1.5	1.5	1.5	1.5	1.5	1.5
616.006447963645	-0.0269050911807335	6.33356614416732	-353.843432436846	64.4667014043121	0	0	0	0	0	1.5	1.5	1.5	1.5	1.5	1.5
616.17642766783	-0.0256021513832555	6.32910356138804	-353.673649723186	64.4748795474382	0	0	0	0	0	1.5	1.5	1.5	1.5	1.5	1.5
616.346407372014	-0.0242992115857774	6.32486245193011	-353.503833013695	64.4823187478097	0	0	0	0	0	1.5	1.5	1.5	1.5	1.5	1.5
616.516387076198	-0.0229962717882994	6.32084281579352	-353.333987013207	64.4890564809156	0	0	0	0	0	1.5	1.5	1.5	1.5	1.5	1.5
616.686366780382	-0.0216933319908214	6.31704465297828	-353.164115960988	64.4951302537337	0	0	0	0	0	1.5	1.5	1.5	1.5	1.5	1.5
616.856346484567	-0.0239791617291846	6.31337819251956	-352.994223609875	64.5005761037398	0	0	0	0	0	1.5	1.5	1.5	1.5	1.5	1.5
617.026326188751	-0.0348695517128604	6.30837664906831	-352.824309981826	64.5053088058189	0	0	0	0	0	1.5	1.5	1.5	1.5	1.5	1.5
617.196305892935	-0.045759941696529	6.30152396034919	-352.65437144263	64.5090343294687	0	0	0	0	0	1.5	1.5	1.5	1.5	1.5	1.5
617.366285597119	-0.0566503316802121	6.29282012636218	-352.484409270296	64.5114379245048	0	0	0	0	0	1.5	1.5	1.5	1.5	1.5	1.5
617.536265301303	-0.0675407216638806	6.2822651471073	-352.314432085469	64.5122047974062	0	0	0	0	0	1.5	1.5	1.5	1.5	1.5	1.5
617.706245005488	-0.0784311116475565	6.26985902258455	-352.144457599375	64.5110202328633	0	0	0	0	0	1.5	1.5	1.5	1.5	1.5	1.5
617.876224709672	-0.0797792364788308	6.25593647622174	-351.974514156517	64.5075776244359	0	0	0	0	0	1.5	1.5	1.5	1.5	1.5	1.5
618.046204413856	-0.0675498344162657	6.2434150002775	-351.804631977154	64.5018533522576	0	0	0	0	0	1.5	1.5	1.5	1.5	1.5	1.5
618.21618411804	-0.0553204323537005	6.2329722744782	-351.634826383662	64.4941788807146	0	0	0	0	0	1.5	1.5	1.5	1.5	1.5	1.5
618.386163822224	-0.0430910302911435	6.22460829882385	-351.465100185684	64.484908015367	0	0	0	0	0	1.5	1.5	1.5	1.5	1.5	1.5
618.556143526409	-0.0308616282285701	6.21832307331444	-351.295446230087	64.4743942198903	0	0	0	0	0	1.5	1.5	1.5	1.5	1.5	1.5
618.726123230593	-0.0186322261660131	6.21411659794998	-351.12584960826	64.4629905835301	0	0	0	0	0	1.5	1.5	1.5	1.5	1.5	1.5
618.896102934777	-0.0215146802382177	6.21130881706884	-350.956291312351	64.4510295186036	0	0	0	0	0	1.5	1.5	1.5	1.5	1.5	1.5
619.066082638961	-0.0378255584531361	6.20626549895935	-350.786779083199	64.4384341840468	0	0	0	0	0	1.5	1.5	1.5	1.5	1.5	1.5
619.236062343146	-0.0541364366680545	6.1984496625959	-350.61735159161	64.424749245723	0	0	0	0	0	1.5	1.5	1.5	1.5	1.5	1.5
619.40604204733	-0.070447314882973	6.1878613079785	-350.448057561672	64.4095058532948	0	0	0	0	0	1.5	1.5	1.5	1.5	1.5	1.5
619.576021751514	-0.0867581930978914	6.17450043510714	-350.27895866645	64.3922364193908	0	0	0	0	0	1.5	1.5	1.5	1.5	1.5	1.5
619.746001455698	-0.10306907131281	6.15836704398182	-350.110133399144	64.3724752973556	0	0	0	0	0	1.5	1.5	1.5	1.5	1.5	1.5
619.915981159883	-0.0950951963210388	6.14079532616696	-349.941674088798	64.3498080792283	0	0	0	0	0	1.5	1.5	1.5	1.5	1.5	1.5
620.085960864067	-0.0738382305524291	6.12643769920356	-349.773601215305	64.3244287141637	0	0	0	0	0	1.5	1.5	1.5	1.5	1.5	1.5
620.255940568251	-0.0525812647838479	6.11569332499337	-349.605859473824	64.2969418168965	0	0	0	0	0	1.5	1.5	1.5	1.5	1.5	1.5
620.425920272435	-0.0313242990152524	6.10856220353638	-349.438369649113	64.2679567261183	0	0	0	0	0	1.5	1.5	1.5	1.5	1.5	1.5
620.59589997662	-0.010067333246657	6.10504433483259	-349.271036260549	64.2380802038059	0	0	0	0	0	1.5	1.5	1.5	1.5	1.5	1.5
620.765879680804	0.0111896325219385	6.105139718882	-349.103754156739	64.2079173618691	0	0	0	0	0	1.5	1.5	1.5	1.5	1.5	1.5
620.935859384988	0.0170596033510915	6.10784888346738	-348.936422641837	64.1780301482483	0	0	0	0	0	1.5	1.5	1.5	1.5	1.5	1.5
621.105839089172	0.0181837788668715	6.11084421330931	-348.769005392939	64.1486270361312	0	0	0	0	0	1.5	1.5	1.5	1.5	1.5	1.5
621.275818793357	0.019307954382653	6.11403063017287	-348.601498070844	64.1197415305762	0	0	0	0	0	1.5	1.5	1.5	1.5	1.5	1.5
621.445798497541	0.020432129898433	6.11740813405804	-348.433896858726	64.0914059334754	0	0	0	0	0	1.5	1.5	1.5	1.5	1.5	1.5
621.615778201725	0.0215563054142138	6.12097672496485	-348.266198256015	64.0636525945851	0	0	0	0	0	1.5	1.5	1.5	1.5	1.5	1.5
621.785757905909	0.0226804809299946	6.12473640289327	-348.098399097108	64.0365139124315	0	0	0	0	0	1.5	1.5	1.5	1.5	1.5	1.5
621.955737610093	0.013487090888581	6.12791282402721	-347.930502574932	64.009984059541	0	0	0	0	0	1.5	1.5	1.5	1.5	1.5	1.5
622.125717314278	0.00292736958434301	6.12930788659498	-347.762545629876	63.9838390862791	0	0	0	0	0	1.5	1.5	1.5	1.5	1.5	1.5
622.295697018462	-0.00763235171989496	6.12890801085918	-347.594575683545	63.95777768858	0	0	0	0	0	1.5	1.5	1.5	1.5	1.5	1.5
622.465676722646	-0.0181920730241329	6.12671319681982	-347.42663972177	63.9314984030246	0	0	0	0	0	1.5	1.5	1.5	1.5	1.5	1.5
622.63565642683	-0.0287517943283638	6.12272344447691	-347.258785903416	63.9046999507889	0	0	0	0	0	1.5	1.5	1.5	1.5	1.5	1.5
622.805636131015	-0.0392811879524473	6.11693876079641	-347.091065181703	63.8770815032669	0	0	0	0	0	1.5	1.5	1.5	1.5	1.5	1.5
622.975615835199	-0.0386191015354635	6.1103180267149	-346.923523623946	63.8483966515788	0	0	0	0	0	1.5	1.5	1.5	1.5	1.5	1.5
623.145595539383	-0.0379570151184793	6.10380983388669	-346.756173965046	63.8186126035671	0	0	0	0	0	1.5	1.5	1.5	1.5	1.5	1.5
623.315575243567	-0.0372949287014951	6.09741418231179	-346.589019942205	63.7877494541119	0	0	0	0	0	1.5	1.5	1.5	1.5	1.5	1.5
623.485554947751	-0.0366328422845109	6.09113107199019	-346.422064920149	63.7558272769867	0	0	0	0	0	1.5	1.5	1.5	1.5	1.5	1.5
623.655534651936	-0.0359707558675267	6.08496050292189	-346.255311898058	63.722866121362	0	0	0	0	0	1.5	1.5	1.5	1.5	1.5	1.5
623.82551435612	-0.0350536188906677	6.07890506907373	-346.088763512931	63.6888860257399	0	0	0	0	0	1.5	1.5	1.5	1.5	1.5	1.5
623.995494060304	-0.0322601802972198	6.07318407923699	-345.922419082212	63.6539210233913	0	0	0	0	0	1.5	1.5	1.5	1.5	1.5	1.5
624.165473764488	-0.0294667417037737	6.06793791726603	-345.756268848675	63.6180443812087	0	0	0	0	0	1.5	1.5	1.5	1.5	1.5	1.5
624.335453468673	-0.0266733031103258	6.06316658316083	-345.590300362702	63.5813359806025	0	0	0	0	0	1.5	1.5	1.5	1.5	1.5	1.5
624.505433172857	-0.0238798645168779	6.05887007692141	-345.424499985228	63.543875465284	0	0	0	0	0	1.5	1.5	1.5	1.5	1.5	1.5
624.675412877041	-0.0210864259234299	6.05504839854776	-345.258853002301	63.5057422552563	0	0	0	0	0	1.5	1.5	1.5	1.5	1.5	1.5
624.845392581225	-0.013954445092908	6.05178885377819	-345.093343470676	63.467016703433	0	0	0	0	0	1.5	1.5	1.5	1.5	1.5	1.5
625.01537228541	0.00716264164127887	6.0512116194074	-344.927917164982	63.4279368377755	0	0	0	0	0	1.5	1.5	1.5	1.5	1.5	1.5
625.185351989594	0.0282797283754658	6.05422386119292	-344.76244346229	63.3890584223247	0	0	0	0	0	1.5	1.5	1.5	1.5	1.5	1.5
625.355331693778	0.0493968151096386	6.06082557913474	-344.596785022563	63.3509759364789	0	0	0	0	0	1.5	1.5	1.5	1.5	1.5	1.5
625.525311397962	0.0705139018438396	6.07101677323288	-344.430813085003	63.3142858126019	0	0	0	0	0	1.5	1.5	1.5	1.5	1.5	1.5
625.695291102146	0.0916309885780124	6.08479744348732	-344.264413911074	63.2795877292784	0	0	0	0	0	1.5	1.5	1.5	1.5	1.5	1.5
625.865270806331	0.100105342358277	6.10178804786889	-344.097496663975	63.2474781649181	0	0	0	0	0	1.5	1.5	1.5	1.5	1.5	1.5
626.035250510515	0.0854301685957321	6.11755668350271	-343.930064952758	63.2181673652039	0	0	0	0	0	1.5	1.5	1.5	1.5	1.5	1.5
626.205230214699	0.0707549948331875	6.13083083744152	-343.762224769095	63.1912908311901	0	0	0	0	0	1.5	1.5	1.5	1.5	1.5	1.5
626.375209918883	0.0560798210706428	6.14161050968532	-343.594073069711	63.1664347294144	0	0	0	0	0	1.5	1.5	1.5	1.5	1.5	1.5
626.545189623068	0.0414046473080982	6.14989570023411	-343.425691740863	63.1431825810937	0	0	0	0	0	1.5	1.5	1.5	1.5	1.5	1.5
626.715169327252	0.0267294735455535	6.15568640908788	-343.257150689519	63.1211160258778	0	0	0	0	0	1.5	1.5	1.5	1.5	1.5	1.5
626.885149031436	0.0154200832711298	6.15911915760314	-343.088510501973	63.0998190996649	0	0	0	0	0	1.5	1.5	1.5	1.5	1.5	1.5
627.05512873562	0.00779734024711262	6.16109240299392	-342.919814423325	63.078969077106	0	0	0	0	0	1.5	1.5	1.5	1.5	1.5	1.5
627.225108439804	0.000174597223105605	6.1617699367804	-342.751090834306	63.0583426578682	0	0	0	0	0	1.5	1.5	1.5	1.5	1.5	1.5
627.395088143989	-0.00744814580090651	6.16115175896259	-342.582366632671	63.0377212459494	0	0	0	0	0	1.5	1.5	1.5	1.5	1.5	1.5
627.565067848173	-0.0150708888249186	6.15923786954048	-342.413668696709	63.0168862429514	0	0	0	0	0	1.5	1.5	1.5	1.5	1.5	1.5
627.735047552357	-0.0226936318489307	6.15602826851408	-342.245024734849	62.9956191535442	0	0	0	0	0	1.5	1.5	1.5	1.5	1.5	1.5
627.905027256541	-0.0302008092545438	6.15152879853545	-342.076464108873	62.9737018915461	0	0	0	0	0	1.5	1.5	1.5	1.5	1.5	1.5
628.075006960726	-0.0376292784295684	6.14576392941578	-341.908018299005	62.950919685993	0	0	0	0	0	1.5	1.5	1.5	1.5	1.5	1.5
628.24498666491	-0.045057747604603	6.1387363713032	-341.739721766943	62.9270605544926	0	0	0	0	0	1.5	1.5	1.5	1.5	1.5	1.5
628.414966369094	-0.0524862167796276	6.13044612419771	-341.57161303935	62.9019131888876	0	0	0	0	0	1.5	1.5	1.5	1.5	1.5	1.5
628.584946073278	-0.0599146859546572	6.1208931880993	-341.403735511148	62.8752670715805	0	0	0	0	0	1.5	1.5	1.5	1.5	1.5	1.5
628.754925777463	-0.0673431551296868	6.11007756300798	-341.23613823541	62.8469126842186	0	0	0	0	0	1.5	1.5	1.5	1.5	1.5	1.5
628.924905481647	-0.0447086738717773	6.09983727346415	-341.068863118311	62.8167154262405	0	0	0	0	0	1.5	1.5	1.5	1.5	1.5	1.5
629.094885185831	-0.0103465081192324	6.09515814168983	-340.901820895006	62.7852520923007	0	0	0	0	0	1.5	1.5	1.5	1.5	1.5	1.5
629.264864890015	0.0240156576333125	6.09631988068526	-340.734834121505	62.7534950034586	0	0	0	0	0	1.5	1.5	1.5	1.5	1.5	1.5
629.434844594199	0.0583778233858574	6.10332249045043	-340.567719433796	62.7224199081341	0	0	0	0	0	1.5	1.5	1.5	1.5	1.5	1.5
629.604824298384	0.0927399891383794	6.11616597098534	-340.400305427762	62.6930047440238	0	0	0	0	0	1.5	1.5	1.5	1.5	1.5	1.5
629.774804002568	0.127102154890947	6.13485032229002	-340.232449831598	62.6662324308729	0	0	0	0	0	1.5	1.5	1.5	1.5	1.5	1.5
629.944783706752	0.103185355630979	6.15520241328492	-340.064082764685	62.6428952952454	0	0	0	0	0	1.5	1.5	1.5	1.5	1.5	1.5
630.114763410936	0.0683757801628804	6.16978336884079	-339.895331005055	62.6225131914423	0	0	0	0	0	1.5	1.5	1.5	1.5	1.5	1.5
630.284743115121	0.0335662046947815	6.17844740305582	-339.726352789072	62.6040936308129	0	0	0	0	0	1.5	1.5	1.5	1.5	1.5	1.5
630.454722819305	-0.00124337077331738	6.18119451593001	-339.557271754253	62.5866384332015	0	0	0	0	0	1.5	1.5	1.5	1.5	1.5	1.5
630.624702523489	-0.0360529462414163	6.17802470746334	-339.388194429947	62.5691475029023	0	0	0	0	0	1.5	1.5	1.5	1.5	1.5	1.5
630.794682227673	-0.0708625217094919	6.16893797765584	-339.219227979553	62.5506208122643	0	0	0	0	0	1.5	1.5	1.5	1.5	1.5	1.5
630.964661931858	-0.0617269796203129	6.15751932520048	-339.050473799218	62.5302538767558	0	0	0	0	0	1.5	1.5	1.5	1.5	1.5	1.5
631.134641636042	-0.0507540731292135	6.14795957716414	-338.881942323933	62.5081174476895	0	0	0	0	0	1.5	1.5	1.5	1.5	1.5	1.5
631.304621340226	-0.0397811666381068	6.14026500052719	-338.713607866806	62.4845278804241	0	0	0	0	0	1.5	1.5	1.5	1.5	1.5	1.5
631.47460104441	-0.0288082601470001	6.13443559528964	-338.54543659264	62.4598005590904	0	0	0	0	0	1.5	1.5	1.5	1.5	1.5	1.5
631.644580748594	-0.0178353536558934	6.13047136145149	-338.377388291588	62.4342500136934	0	0	0	0	0	1.5	1.5	1.5	1.5	1.5	1.5
631.814560452779	-0.00661201100142971	6.12837410738131	-338.209418142444	62.4081901195003	0	0	0	0	0	1.5	1.5	1.5	1.5	1.5	1.5
631.984540156963	0.00730853389971713	6.12843330475942	-338.041475678722	62.3819521988423	0	0	0	0	0	1.5	1.5	1.5	1.5	1.5	1.5
632.154519861147	0.0212290788008547	6.1308587122419	-337.873500790318	62.3559229400812	0	0	0	0	0	1.5	1.5	1.5	1.5	1.5	1.5
632.324499565331	0.0351496237019829	6.13565032982876	-337.70543318843	62.330500007043	0	0	0	0	0	1.5	1.5	1.5	1.5	1.5	1.5
632.494479269516	0.0490701686031297	6.14280815752	-337.537216890425	62.3060817078524	0	0	0	0	0	1.5	1.5	1.5	1.5	1.5	1.5
632.6644589737	0.062990713504258	6.15233219531562	-337.368803051852	62.2830673604505	0	0	0	0	0	1.5	1.5	1.5	1.5	1.5	1.5
632.834438677884	0.0657751569171013	6.16403002403896	-337.200153074429	62.2618553729086	0	0	0	0	0	1.5	1.5	1.5	1.5	1.5	1.5
633.004418382068	0.0249203618348835	6.17173822276311	-337.031291140064	62.2423976761828	0	0	0	0	0	1.5	1.5	1.5	1.5	1.5	1.5
633.174398086252	-0.0159344332473343	6.17250193550468	-336.86234788484	62.2236553975241	0	0	0	0	0	1.5	1.5	1.5	1.5	1.5	1.5
633.344377790437	-0.0567892283295248	6.16632116226367	-336.693456277999	62.2044556304115	0	0	0	0	0	1.5	1.5	1.5	1.5	1.5	1.5
633.514357494621	-0.0976440234117699	6.15319590304006	-336.524758814971	62.1836265862878	0	0	0	0	0	1.5	1.5	1.5	1.5	1.5	1.5
633.684337198805	-0.138498818493988	6.13312615783388	-336.356431898544	62.1600008104006	0	0	0	0	0	1.5	1.5	1.5	1.5	1.5	1.5
633.854316902989	-0.152599982835603	6.1068391609615	-336.188707769384	62.132432551977	0	0	0	0	0	1.5	1.5	1.5	1.5	1.5	1.5
634.024296607174	-0.109806276175886	6.08453729182007	-336.021729857341	62.1006476960518	0	0	0	0	0	1.5	1.5	1.5	1.5	1.5	1.5
634.194276311358	-0.0670125695161686	6.0695094842776	-335.855372372489	62.0657515473681	0	0	0	0	0	1.5	1.5	1.5	1.5	1.5	1.5
634.364256015542	-0.0242188628564515	6.0617557383341	-335.689422019679	62.0289625088107	0	0	0	0	0	1.5	1.5	1.5	1.5	1.5	1.5
634.534235719726	0.018574843803237	6.06127605398956	-335.52362410888	61.9914905201816	0	0	0	0	0	1.5	1.5	1.5	1.5	1.5	1.5
634.704215423911	0.0613685504629827	6.068070431244	-335.357709030194	61.9545422695426	0	0	0	0	0	1.5	1.5	1.5	1.5	1.5	1.5
634.874195128095	0.0819541624504595	6.08131188306783	-335.19142275703	61.919306840039	0	0	0	0	0	1.5	1.5	1.5	1.5	1.5	1.5
635.044174832279	0.0740615240744527	6.09457163318964	-335.024670126998	61.8863487331795	0	0	0	0	0	1.5	1.5	1.5	1.5	1.5	1.5
635.214154536463	0.0661688856984407	6.10648979497506	-334.857515577967	61.8554923805433	0	0	0	0	0	1.5	1.5	1.5	1.5	1.5	1.5
635.384134240647	0.0582762473224393	6.11706636842408	-334.69002434559	61.8265179521817	0	0	0	0	0	1.5	1.5	1.5	1.5	1.5	1.5
635.554113944832	0.0503836089464326	6.12630135353673	-334.522254135244	61.7992040191472	0	0	0	0	0	1.5	1.5	1.5	1.5	1.5	1.5
635.724093649016	0.0424909705704259	6.13419475031298	-334.354255997713	61.7733278615512	0	0	0	0	0	1.5	1.5	1.5	1.5	1.5	1.5
635.8940733532	0.0382169876150429	6.14091713771033	-334.186074449538	61.7486710378962	0	0	0	0	0	1.5	1.5	1.5	1.5	1.5	1.5
636.064053057384	0.0368486816213936	6.14729695783593	-334.017735864506	61.7251099975692	0	0	0	0	0	1.5	1.5	1.5	1.5	1.5	1.5
636.234032761569	0.0354803756277424	6.1534441937135	-333.849252986851	61.7026038032258	0	0	0	0	0	1.5	1.5	1.5	1.5	1.5	1.5
636.404012465753	0.0341120696340921	6.15935884534303	-333.68063742076	61.6811141202689	0	0	0	0	0	1.5	1.5	1.5	1.5	1.5	1.5
636.573992169937	0.0327437636404427	6.16504091272453	-333.511900065999	61.6606024844495	0	0	0	0	0	1.5	1.5	1.5	1.5	1.5	1.5
636.743971874121	0.0313754576467915	6.17049039585799	-333.343051144011	61.6410303135664	0	0	0	0	0	1.5	1.5	1.5	1.5	1.5	1.5
636.913951578306	0.0398956851129176	6.17627319779443	-333.174097893272	61.622380382593	0	0	0	0	0	1.5	1.5	1.5	1.5	1.5	1.5
637.08393128249	0.0532128816625459	6.18418648111319	-333.005022011607	61.6048790942325	0	0	0	0	0	1.5	1.5	1.5	1.5	1.5	1.5
637.253910986674	0.0665300782121652	6.19436341756201	-332.83579503611	61.588907838097	0	0	0	0	0	1.5	1.5	1.5	1.5	1.5	1.5
637.423890690858	0.0798472747618023	6.20680400714091	-332.666398631628	61.5748513401473	0	0	0	0	0	1.5	1.5	1.5	1.5	1.5	1.5
637.593870395042	0.0931644713114217	6.22150824984986	-332.496827488572	61.5630952148296	0	0	0	0	0	1.5	1.5	1.5	1.5	1.5	1.5
637.763850099227	0.10648166786105	6.23847614568889	-332.327091951708	61.5540258187738	0	0	0	0	0	1.5	1.5	1.5	1.5	1.5	1.5
637.933829803411	0.100382378514116	6.25639990542913	-332.157222403829	61.5479712296794	0	0	0	0	0	1.5	1.5	1.5	1.5	1.5	1.5
638.103809507595	0.0891993214138802	6.27251242606537	-331.987273848245	61.5448147975633	0	0	0	0	0	1.5	1.5	1.5	1.5	1.5	1.5
638.273789211779	0.0780162643136366	6.28672405396385	-331.81729656242	61.5442354007305	0	0	0	0	0	1.5	1.5	1.5	1.5	1.5	1.5
638.443768915964	0.066833207213393	6.29903478912456	-331.647326182075	61.545910091915	0	0	0	0	0	1.5	1.5	1.5	1.5	1.5	1.5
638.613748620148	0.0556501501131494	6.30944463154749	-331.47738548822	61.5495155525793	0	0	0	0	0	1.5	1.5	1.5	1.5	1.5	1.5
638.783728324332	0.0444670930129133	6.31795358123263	-331.307486247858	61.5547283720863	0	0	0	0	0	1.5	1.5	1.5	1.5	1.5	1.5
638.953708028516	0.0306776118991542	6.32436035711255	-331.137630644193	61.5612148678536	0	0	0	0	0	1.5	1.5	1.5	1.5	1.5	1.5
639.1236877327	0.016626058572512	6.32838068906935	-330.96781099732	61.5685869927015	0	0	0	0	0	1.5	1.5	1.5	1.5	1.5	1.5
639.293667436885	0.00257450524586033	6.33001254214836	-330.79801276737	61.5764390179135	0	0	0	0	0	1.5	1.5	1.5	1.5	1.5	1.5
639.463647141069	-0.0114770480808007	6.32925591634957	-330.628217975043	61.5843653490819	0	0	0	0	0	1.5	1.5	1.5	1.5	1.5	1.5
639.633626845253	-0.0255286014074429	6.326110811673	-330.458408108568	61.5919604156753	0	0	0	0	0	1.5	1.5	1.5	1.5	1.5	1.5
639.803606549437	-0.0395307595381443	6.32057733745702	-330.288567030037	61.5988185438789	0	0	0	0	0	1.5	1.5	1.5	1.5	1.5	1.5
639.973586253622	-0.0516857650607623	6.312824858523	-330.118684195862	61.6045437170347	0	0	0	0	0	1.5	1.5	1.5	1.5	1.5	1.5
640.143565957806	-0.0638407705833803	6.30300627534589	-329.948757876896	61.6087761711415	0	0	0	0	0	1.5	1.5	1.5	1.5	1.5	1.5
640.31354566199	-0.0759957761059902	6.2911215879257	-329.778795952331	61.6111644293571	0	0	0	0	0	1.5	1.5	1.5	1.5	1.5	1.5
640.483525366174	-0.0881507816286082	6.2771707962624	-329.608817736185	61.6113570250977	0	0	0	0	0	1.5	1.5	1.5	1.5	1.5	1.5
640.653505070359	-0.100305787151226	6.26115390035602	-329.438856153821	61.6090027735875	0	0	0	0	0	1.5	1.5	1.5	1.5	1.5	1.5
640.823484774543	-0.103098231929681	6.24318392119474	-329.268959875672	61.6037520928196	0	0	0	0	0	1.5	1.5	1.5	1.5	1.5	1.5
640.993464478727	-0.0493362622869422	6.23022853607754	-329.099171003284	61.5957251895799	0	0	0	0	0	1.5	1.5	1.5	1.5	1.5	1.5
641.163444182911	0.0044257073557966	6.22641159465656	-328.929454331535	61.5862746480555	0	0	0	0	0	1.5	1.5	1.5	1.5	1.5	1.5
641.333423887095	0.0581876769985354	6.23173309693183	-328.759730695587	61.5769517890349	0	0	0	0	0	1.5	1.5	1.5	1.5	1.5	1.5
641.50340359128	0.111949646641238	6.24619304290331	-328.589924432009	61.5693081054962	0	0	0	0	0	1.5	1.5	1.5	1.5	1.5	1.5
641.673383295464	0.165711616284013	6.26979143257105	-328.420005929963	61.5648969458923	0	0	0	0	0	1.5	1.5	1.5	1.5	1.5	1.5
641.843362999648	0.202499715370623	6.30214635492152	-328.250034145856	61.5652673645736	0	0	0	0	0	1.5	1.5	1.5	1.5	1.5	1.5
642.013342703832	0.192145649236548	6.33568720608832	-328.080171795205	61.5713643262801	0	0	0	0	0	1.5	1.5	1.5	1.5	1.5	1.5
642.183322408017	0.181791583102474	6.36746807615655	-327.910598319593	61.5830049563451	0	0	0	0	0	1.5	1.5	1.5	1.5	1.5	1.5
642.353302112201	0.1714375169684	6.39748896512621	-327.741464679297	61.5998792413418	0	0	0	0	0	1.5	1.5	1.5	1.5	1.5	1.5
642.523281816385	0.161083450834326	6.42574987299729	-327.572893789136	61.621674463894	0	0	0	0	0	1.5	1.5	1.5	1.5	1.5	1.5
642.693261520569	0.150729384700251	6.4522507997698	-327.404982109363	61.6480766717404	0	0	0	0	0	1.5	1.5	1.5	1.5	1.5	1.5
642.863241224754	0.144396557199241	6.47712008710288	-327.237801804956	61.6787745943156	0	0	0	0	0	1.5	1.5	1.5	1.5	1.5	1.5
643.033220928938	0.144750756222886	6.50169467450345	-327.071427731137	61.7135785215991	0	0	0	0	0	1.5	1.5	1.5	1.5	1.5	1.5
643.203200633122	0.14510495524653	6.5263294685493	-326.905960289337	61.7524650792318	0	0	0	0	0	1.5	1.5	1.5	1.5	1.5	1.5
643.373180337306	0.145459154270175	6.55102446924039	-326.741502232696	61.7954206273644	0	0	0	0	0	1.5	1.5	1.5	1.5	1.5	1.5
643.54316004149	0.145813353293819	6.57577967657676	-326.578156435078	61.842428868576	0	0	0	0	0	1.5	1.5	1.5	1.5	1.5	1.5
643.713139745675	0.146167552317464	6.60059509055838	-326.416025822239	61.8934708271619	0	0	0	0	0	1.5	1.5	1.5	1.5	1.5	1.5
643.883119449859	0.13409879459518	6.62494892268087	-326.255208442427	61.9485110511901	0	0	0	0	0	1.5	1.5	1.5	1.5	1.5	1.5
644.053099154043	0.109315468777583	6.64563666492203	-326.095680773699	62.0071880617527	0	0	0	0	0	1.5	1.5	1.5	1.5	1.5	1.5
644.223078858227	0.084532142960003	6.66211174477201	-325.937269849668	62.0688194234303	0	0	0	0	0	1.5	1.5	1.5	1.5	1.5	1.5
644.393058562412	0.0597488171423897	6.67437416223083	-325.779760018701	62.1327208336339	0	0	0	0	0	1.5	1.5	1.5	1.5	1.5	1.5
644.563038266596	0.0349654913248094	6.68242391729846	-325.622906728735	62.1982188376507	0	0	0	0	0	1.5	1.5	1.5	1.5	1.5	1.5
644.73301797078	0.0101821655072127	6.68626100997492	-325.466445162763	62.2646480634919	0	0	0	0	0	1.5	1.5	1.5	1.5	1.5	1.5
644.902997674964	0.000576047040974868	6.68667367968891	-325.31010941849	62.3313731308018	0	0	0	0	0	1.5	1.5	1.5	1.5	1.5	1.5
645.072977379148	0.000629350418104753	6.68677612624066	-325.153782970359	62.3981199765998	0	0	0	0	0	1.5	1.5	1.5	1.5	1.5	1.5
645.242957083333	0.000682653795234637	6.6868876332847	-324.997463663498	62.4648835453133	0	0	0	0	0	1.5	1.5	1.5	1.5	1.5	1.5
645.412936787517	0.000735957172364522	6.68700820082101	-324.841152104768	62.5316652524402	0	0	0	0	0	1.5	1.5	1.5	1.5	1.5	1.5
645.582916491701	0.000789260549494407	6.6871378288496	-324.684848901519	62.5984665132676	0	0	0	0	0	1.5	1.5	1.5	1.5	1.5	1.5
645.752896195885	0.000842563926624256	6.68727651737047	-324.528554661634	62.6652887428551	0	0	0	0	0	1.5	1.5	1.5	1.5	1.5	1.5
645.92287590007	-0.0172621307226832	6.68629611350223	-324.372251630296	62.7320903875285	0	0	0	0	0	1.5	1.5	1.5	1.5	1.5	1.5
646.092855604254	-0.0420478810006955	6.68125536437828	-324.215752514333	62.7984309079196	0	0	0	0	0	1.5	1.5	1.5	1.5	1.5	1.5
646.262835308438	-0.0668336312787243	6.67200154075409	-324.05878363888	62.863651035778	0	0	0	0	0	1.5	1.5	1.5	1.5	1.5	1.5
646.432815012622	-0.0916193815567532	6.65853464262965	-323.901084613117	62.9270835174702	0	0	0	0	0	1.5	1.5	1.5	1.5	1.5	1.5
646.602794716807	-0.116405131834782	6.64085467000497	-323.742417756356	62.9880521575667	0	0	0	0	0	1.5	1.5	1.5	1.5	1.5	1.5
646.772774420991	-0.141190882112811	6.61896162288004	-323.582576790665	63.0458692032864	0	0	0	0	0	1.5	1.5	1.5	1.5	1.5	1.5
646.942754125175	-0.145695105036047	6.59433383228369	-323.421418086766	63.0999016758343	0	0	0	0	0	1.5	1.5	1.5	1.5	1.5	1.5
647.112733829359	-0.146832731191971	6.56947193474982	-323.258970977237	63.1499271513469	0	0	0	0	0	1.5	1.5	1.5	1.5	1.5	1.5
647.282713533543	-0.147970357347893	6.54441666385854	-323.095326092144	63.1958829990414	0	0	0	0	0	1.5	1.5	1.5	1.5	1.5	1.5
647.452693237728	-0.149107983503816	6.51916801960978	-322.930577276027	63.2377087389904	0	0	0	0	0	1.5	1.5	1.5	1.5	1.5	1.5
647.622672941912	-0.15024560965974	6.49372600200356	-322.764821467201	63.2753458639364	0	0	0	0	0	1.5	1.5	1.5	1.5	1.5	1.5
647.792652646096	-0.151383235815663	6.46809061103989	-322.598158680182	63.3087379734283	0	0	0	0	0	1.5	1.5	1.5	1.5	1.5	1.5
647.96263235028	-0.149595347675322	6.4425033933286	-322.430694172594	63.3378440237566	0	0	0	0	0	1.5	1.5	1.5	1.5	1.5	1.5
648.132612054465	-0.147721559058971	6.41723447340077	-322.262543655331	63.3626828242434	0	0	0	0	0	1.5	1.5	1.5	1.5	1.5	1.5
648.302591758649	-0.145847770442619	6.39228405950765	-322.093822403427	63.3832920486906	0	0	0	0	0	1.5	1.5	1.5	1.5	1.5	1.5
648.472571462833	-0.143973981826269	6.36765215164925	-321.92464201146	63.3997125837831	0	0	0	0	0	1.5	1.5	1.5	1.5	1.5	1.5
648.642551167017	-0.142100193209916	6.34333874982553	-321.755110354852	63.4119883298048	0	0	0	0	0	1.5	1.5	1.5	1.5	1.5	1.5
648.812530871201	-0.143823146632776	6.31931797564713	-321.585331555405	63.4201658815261	0	0	0	0	0	1.5	1.5	1.5	1.5	1.5	1.5
648.982510575386	-0.184435609117488	6.29141931254797	-321.41540138691	63.4240339253195	0	0	0	0	0	1.5	1.5	1.5	1.5	1.5	1.5
649.15249027957	-0.2250480716022	6.25661735508947	-321.24543653971	63.4225736045823	0	0	0	0	0	1.5	1.5	1.5	1.5	1.5	1.5
649.322469983754	-0.265660534086912	6.21491210327162	-321.075655620633	63.4146143457375	0	0	0	0	0	1.5	1.5	1.5	1.5	1.5	1.5
649.492449687938	-0.306272996571624	6.16630355709443	-320.906411466128	63.3989994327598	0	0	0	0	0	1.5	1.5	1.5	1.5	1.5	1.5
649.662429392123	-0.346885459056336	6.11079171655789	-320.73821419367	63.3745995032463	0	0	0	0	0	1.5	1.5	1.5	1.5	1.5	1.5
649.832409096307	-0.378783785520141	6.04852127513931	-320.571752372049	63.3403329475677	0	0	0	0	0	1.5	1.5	1.5	1.5	1.5	1.5
650.002388800491	-0.37479296880334	5.98447489824934	-320.407812137353	63.2955353568072	0	0	0	0	0	1.5	1.5	1.5	1.5	1.5	1.5
650.172368504675	-0.370802152086537	5.9211068792043	-320.247055894547	63.2403913349992	0	0	0	0	0	1.5	1.5	1.5	1.5	1.5	1.5
650.34234820886	-0.366811335369733	5.85841721800424	-320.090091662585	63.1752310060743	0	0	0	0	0	1.5	1.5	1.5	1.5	1.5	1.5
650.512327913044	-0.36282051865293	5.79640591464916	-319.937492045651	63.1004165748708	0	0	0	0	0	1.5	1.5	1.5	1.5	1.5	1.5
650.682307617228	-0.358829701936126	5.73507296913905	-319.789793064997	63.0163389040642	0	0	0	0	0	1.5	1.5	1.5	1.5	1.5	1.5
650.852287321412	-0.358834853726375	5.67430718034493	-319.647494452443	62.9234124283117	0	0	0	0	0	1.5	1.5	1.5	1.5	1.5	1.5
651.022267025597	-0.367048031153918	5.61261450132275	-319.511136309677	62.8219708494384	0	0	0	0	0	1.5	1.5	1.5	1.5	1.5	1.5
651.192246729781	-0.375261208581454	5.54952574883107	-319.381369324182	62.7122254752028	0	0	0	0	0	1.5	1.5	1.5	1.5	1.5	1.5
651.362226433965	-0.383474386009002	5.48504092286976	-319.25886271226	62.5944323556438	0	0	0	0	0	1.5	1.5	1.5	1.5	1.5	1.5
651.532206138149	-0.391687563436539	5.41916002343898	-319.144289787232	62.4689106613346	0	0	0	0	0	1.5	1.5	1.5	1.5	1.5	1.5
651.702185842333	-0.399900740864082	5.35188305053862	-319.038322454143	62.336045587879	0	0	0	0	0	1.5	1.5	1.5	1.5	1.5	1.5
651.872165546518	-0.394869873230644	5.2836993462176	-318.941615066964	62.1962974655558	0	0	0	0	0	1.5	1.5	1.5	1.5	1.5	1.5
652.042145250702	-0.372618425643884	5.21847062921382	-318.854474018084	62.0503889537467	0	0	0	0	0	1.5	1.5	1.5	1.5	1.5	1.5
652.212124954886	-0.350366978057124	5.15702420668851	-318.776741460947	61.8992543809908	0	0	0	0	0	1.5	1.5	1.5	1.5	1.5	1.5
652.38210465907	-0.328115530470364	5.09936007864166	-318.708140968306	61.7437581868385	0	0	0	0	0	1.5	1.5	1.5	1.5	1.5	1.5
652.552084363255	-0.305864082883604	5.04547824507329	-318.648314081932	61.5846769080065	0	0	0	0	0	1.5	1.5	1.5	1.5	1.5	1.5
652.722064067439	-0.283612635296859	4.99537870598342	-318.596834209716	61.4226988874711	0	0	0	0	0	1.5	1.5	1.5	1.5	1.5	1.5
652.892043771623	-0.258762121826046	4.94918018736181	-318.553215649741	61.2584266251666	0	0	0	0	0	1.5	1.5	1.5	1.5	1.5	1.5
653.062023475807	-0.231675013193394	4.90749800779606	-318.516859492533	61.0923930568435	0	0	0	0	0	1.5	1.5	1.5	1.5	1.5	1.5
653.232003179991	-0.204587904560724	4.87042008694286	-318.487067791935	60.9250543476579	0	0	0	0	0	1.5	1.5	1.5	1.5	1.5	1.5
653.401982884176	-0.177500795928054	4.83794642480224	-318.463111947099	60.7567787478313	0	0	0	0	0	1.5	1.5	1.5	1.5	1.5	1.5
653.57196258836	-0.150413687295383	4.81007702137422	-318.444243148967	60.5878551042087	0	0	0	0	0	1.5	1.5	1.5	1.5	1.5	1.5
653.741942292544	-0.123326578662713	4.78681187665878	-318.429698821269	60.4185026365586	0	0	0	0	0	1.5	1.5	1.5	1.5	1.5	1.5
653.911921996728	-0.126337665390796	4.766455156042	-318.418771070786	60.2488774467547	0	0	0	0	0	1.5	1.5	1.5	1.5	1.5	1.5
654.081901700913	-0.144651459830374	4.74342383037087	-318.411496634941	60.0790572333659	0	0	0	0	0	1.5	1.5	1.5	1.5	1.5	1.5
654.251881405097	-0.162965254269928	4.71727953133844	-318.408399504374	59.9091105902572	0	0	0	0	0	1.5	1.5	1.5	1.5	1.5	1.5
654.421861109281	-0.181279048709493	4.68802225894466	-318.410010603803	59.739144585271	0	0	0	0	0	1.5	1.5	1.5	1.5	1.5	1.5
654.591840813465	-0.199592843149059	4.65565201318955	-318.416857346338	59.5693102579919	0	0	0	0	0	1.5	1.5	1.5	1.5	1.5	1.5
654.76182051765	-0.217906637588624	4.62016879407312	-318.429460856282	59.3998073978371	0	0	0	0	0	1.5	1.5	1.5	1.5	1.5	1.5
654.931800221834	-0.187704970005268	4.58479743198945	-318.448190603344	59.2308717409536	0	0	0	0	0	1.5	1.5	1.5	1.5	1.5	1.5
655.101779926018	-0.143986085322171	4.55660705825689	-318.472297379668	59.0626158419015	0	0	0	0	0	1.5	1.5	1.5	1.5	1.5	1.5
655.271759630202	-0.100267200639074	4.53584800761003	-318.500514966882	58.8949977408196	0	0	0	0	0	1.5	1.5	1.5	1.5	1.5	1.5
655.441739334386	-0.0565483159560065	4.52252028004887	-318.531585425626	58.7278831198905	0	0	0	0	0	1.5	1.5	1.5	1.5	1.5	1.5
655.611719038571	-0.0128294312728803	4.5166238755734	-318.564260935344	58.5610738726308	0	0	0	0	0	1.5	1.5	1.5	1.5	1.5	1.5
655.781698742755	0.0308894534101874	4.51815879418363	-318.597300179727	58.3943360536563	0	0	0	0	0	1.5	1.5	1.5	1.5	1.5	1.5
655.951678446939	0.0200816531130998	4.52296170974982	-318.629671545663	58.2274674297415	0	0	0	0	0	1.5	1.5	1.5	1.5	1.5	1.5
656.121658151123	0.00310666764347364	4.52493248170119	-318.661473449682	58.060489200473	0	0	0	0	0	1.5	1.5	1.5	1.5	1.5	1.5
656.291637855308	-0.0138683178261525	4.5240178506439	-318.693187177031	57.8934941796374	0	0	0	0	0	1.5	1.5	1.5	1.5	1.5	1.5
656.461617559492	-0.0308433032957787	4.52021781657794	-318.725294460491	57.7265744771435	0	0	0	0	0	1.5	1.5	1.5	1.5	1.5	1.5
656.631597263676	-0.0478182887653935	4.51353237950334	-318.758276372952	57.5598256080736	0	0	0	0	0	1.5	1.5	1.5	1.5	1.5	1.5
656.80157696786	-0.0642866858973904	4.50396221938594	-318.792612471175	57.393350651074	0	0	0	0	0	1.5	1.5	1.5	1.5	1.5	1.5
656.971556672044	-0.0491849234782595	4.49431828408845	-318.828621718835	57.2272295816126	0	0	0	0	0	1.5	1.5	1.5	1.5	1.5	1.5
657.141536376229	-0.0340831610591185	4.48724134189963	-318.866018603737	57.0614150708424	0	0	0	0	0	1.5	1.5	1.5	1.5	1.5	1.5
657.311516080413	-0.0189813986399775	4.48273139281947	-318.904375540544	56.895819793144	0	0	0	0	0	1.5	1.5	1.5	1.5	1.5	1.5
657.481495784597	-0.00387963622083655	4.48078843684797	-318.943266588911	56.7303490197803	0	0	0	0	0	1.5	1.5	1.5	1.5	1.5	1.5
657.651475488781	0.0112221261983044	4.48141247398515	-318.982266755573	56.5649039061237	0	0	0	0	0	1.5	1.5	1.5	1.5	1.5	1.5
657.821455192966	0.0282132675833397	4.48462515601679	-319.020951082426	56.3993847295462	0	0	0	0	0	1.5	1.5	1.5	1.5	1.5	1.5
657.99143489715	0.0573273970073469	4.49189524444821	-319.058798523841	56.2336725007571	0	0	0	0	0	1.5	1.5	1.5	1.5	1.5	1.5
658.161414601334	0.0864415264313347	4.5041141439867	-319.095029266614	56.067600008605	0	0	0	0	0	1.5	1.5	1.5	1.5	1.5	1.5
658.331394305518	0.115555655855361	4.52128185463229	-319.128815827914	55.9010141223629	0	0	0	0	0	1.5	1.5	1.5	1.5	1.5	1.5
658.501374009703	0.144669785279349	4.54339837638492	-319.159323735938	55.7337981282512	0	0	0	0	0	1.5	1.5	1.5	1.5	1.5	1.5
658.671353713887	0.173783914703356	4.57046370924464	-319.185710570894	55.5658842512923	0	0	0	0	0	1.5	1.5	1.5	1.5	1.5	1.5
658.841333418071	0.18925788011311	4.60218155221893	-319.207130486925	55.3972668172683	0	0	0	0	0	1.5	1.5	1.5	1.5	1.5	1.5
659.011313122255	0.165004965015194	4.63229029902811	-319.223221438265	55.2280568950342	0	0	0	0	0	1.5	1.5	1.5	1.5	1.5	1.5
659.18129282644	0.140752049917277	4.65827654250335	-319.234560878178	55.0584606380916	0	0	0	0	0	1.5	1.5	1.5	1.5	1.5	1.5
659.351272530624	0.116499134819377	4.68014028264463	-319.241839930917	54.8886402518067	0	0	0	0	0	1.5	1.5	1.5	1.5	1.5	1.5
659.521252234808	0.0922462197214435	4.69788151945198	-319.245754936836	54.7187078710086	0	0	0	0	0	1.5	1.5	1.5	1.5	1.5	1.5
659.691231938992	0.0679933046235431	4.71150025292537	-319.247005040326	54.5487340794115	0	0	0	0	0	1.5	1.5	1.5	1.5	1.5	1.5
659.861211643176	0.0442488145981607	4.72101275196378	-319.246290285268	54.3787565199616	0	0	0	0	0	1.5	1.5	1.5	1.5	1.5	1.5
660.031191347361	0.0213463007456585	4.72658767111482	-319.244295512218	54.2087887427964	0	0	0	0	0	1.5	1.5	1.5	1.5	1.5	1.5
660.201171051545	-0.00155621310684361	4.72826962773613	-319.241684033083	54.0388291223225	0	0	0	0	0	1.5	1.5	1.5	1.5	1.5	1.5
660.371150755729	-0.0244587269593457	4.72605862182772	-319.239117512765	53.8688688315796	0	0	0	0	0	1.5	1.5	1.5	1.5	1.5	1.5
660.541130459913	-0.0473612408118479	4.71995465338958	-319.2372576228	53.698899568692	0	0	0	0	0	1.5	1.5	1.5	1.5	1.5	1.5
660.711110164098	-0.07026375466435	4.70995772242173	-319.236766108551	53.528921284747	0	0	0	0	0	1.5	1.5	1.5	1.5	1.5	1.5
660.881089868282	-0.0845557929694818	4.6964347368863	-319.238294273761	53.3589497635142	0	0	0	0	0	1.5	1.5	1.5	1.5	1.5	1.5
661.051069572466	-0.090284593359525	4.68157507831246	-319.242254902995	53.1890177725274	0	0	0	0	0	1.5	1.5	1.5	1.5	1.5	1.5
661.22104927665	-0.0960133937495606	4.66574163994301	-319.248822824828	53.019166783173	0	0	0	0	0	1.5	1.5	1.5	1.5	1.5	1.5
661.391028980834	-0.1017421941396	4.64893442177792	-319.258161760459	52.849445824142	0	0	0	0	0	1.5	1.5	1.5	1.5	1.5	1.5
661.561008685019	-0.107470994529639	4.6311534238172	-319.270434308617	52.6799119835083	0	0	0	0	0	1.5	1.5	1.5	1.5	1.5	1.5
661.730988389203	-0.113199794919679	4.61239864606085	-319.28580163921	52.5106308621512	0	0	0	0	0	1.5	1.5	1.5	1.5	1.5	1.5
661.900968093387	-0.0670695522555218	4.59538812432408	-319.304328810619	52.3416660422802	0	0	0	0	0	1.5	1.5	1.5	1.5	1.5	1.5
662.070947797571	0.0112948505390106	4.59064784067471	-319.32475860922	52.1729187106257	0	0	0	0	0	1.5	1.5	1.5	1.5	1.5	1.5
662.240927501756	0.0896592533335431	4.59922791503093	-319.34486435046	52.0041328266471	0	0	0	0	0	1.5	1.5	1.5	1.5	1.5	1.5
662.41090720594	0.168023656128023	4.62112834739272	-319.362395221448	51.8350629994603	0	0	0	0	0	1.5	1.5	1.5	1.5	1.5	1.5
662.580886910124	0.246388058922556	4.65634913776012	-319.375090461595	51.6655668730078	0	0	0	0	0	1.5	1.5	1.5	1.5	1.5	1.5
662.750866614308	0.324752461717088	4.7048902861331	-319.380677726223	51.4956957384034	0	0	0	0	0	1.5	1.5	1.5	1.5	1.5	1.5
662.920846318493	0.298125758124946	4.76014120283834	-319.377161617192	51.3257743857578	0	0	0	0	0	1.5	1.5	1.5	1.5	1.5	1.5
663.090826022677	0.234769915027829	4.80543192728009	-319.365054205569	51.1562410050052	0	0	0	0	0	1.5	1.5	1.5	1.5	1.5	1.5
663.260805726861	0.171414071930628	4.83995344425391	-319.346192135793	50.9873195788665	0	0	0	0	0	1.5	1.5	1.5	1.5	1.5	1.5
663.430785431045	0.10805822883347	4.86370575375969	-319.322416299339	50.8190149549938	0	0	0	0	0	1.5	1.5	1.5	1.5	1.5	1.5
663.600765135229	0.0447023857363535	4.87668885579747	-319.295552835622	50.6511726371893	0	0	0	0	0	1.5	1.5	1.5	1.5	1.5	1.5
663.770744839414	-0.0186534573608475	4.87890275036727	-319.267414618648	50.4835381415599	0	0	0	0	0	1.5	1.5	1.5	1.5	1.5	1.5
663.940724543598	-0.00658114702218398	4.87584331905975	-319.239544682808	50.3158588593132	0	0	0	0	0	1.5	1.5	1.5	1.5	1.5	1.5
664.110704247782	0.018045582751373	4.87681767975669	-319.211861115735	50.1481486420944	0	0	0	0	0	1.5	1.5	1.5	1.5	1.5	1.5
664.280683951966	0.04267231252493	4.88197808469557	-319.183663278461	49.9805243091755	0	0	0	0	0	1.5	1.5	1.5	1.5	1.5	1.5
664.450663656151	0.067299042298487	4.89132453387638	-319.154250417231	49.8131093385372	0	0	0	0	0	1.5	1.5	1.5	1.5	1.5	1.5
664.620643360335	0.0919257720720276	4.90485702729912	-319.122924508602	49.6460424487782	0	0	0	0	0	1.5	1.5	1.5	1.5	1.5	1.5
664.790623064519	0.116552501845601	4.92257556496381	-319.088992209141	49.4794863252488	0	0	0	0	0	1.5	1.5	1.5	1.5	1.5	1.5
664.960602768703	0.0924666515006526	4.94044035795209	-319.05198501229	49.3135863618957	0	0	0	0	0	1.5	1.5	1.5	1.5	1.5	1.5
665.130582472887	0.0671715318403751	4.95400798354249	-319.012374749141	49.148287593215	0	0	0	0	0	1.5	1.5	1.5	1.5	1.5	1.5
665.300562177072	0.0418764121800638	4.96327595217574	-318.970879591423	48.9834511768372	0	0	0	0	0	1.5	1.5	1.5	1.5	1.5	1.5
665.470541881256	0.0165812925197863	4.96824426385183	-318.928212057369	48.8189138825933	0	0	0	0	0	1.5	1.5	1.5	1.5	1.5	1.5
665.64052158544	-0.00871382714050804	4.96891291857075	-318.885080904269	48.6544973334006	0	0	0	0	0	1.5	1.5	1.5	1.5	1.5	1.5
665.810501289624	-0.0276331219883014	4.96533485999486	-318.842193066863	48.4900172405255	0	0	0	0	0	1.5	1.5	1.5	1.5	1.5	1.5
665.980480993809	0.012328569019945	4.96403412830174	-318.799854648674	48.3253947868486	0	0	0	0	0	1.5	1.5	1.5	1.5	1.5	1.5
666.150460697993	0.0522902600281381	4.9695260730249	-318.757171390494	48.1608616144102	0	0	0	0	0	1.5	1.5	1.5	1.5	1.5	1.5
666.320440402177	0.0922519510363579	4.98181069416434	-318.713027642479	47.9967151428166	0	0	0	0	0	1.5	1.5	1.5	1.5	1.5	1.5
666.490420106361	0.132213642044604	5.00088799172007	-318.666315867959	47.8332824905485	0	0	0	0	0	1.5	1.5	1.5	1.5	1.5	1.5
666.660399810546	0.172175333052797	5.02675796569205	-318.615943913713	47.6709428686477	0	0	0	0	0	1.5	1.5	1.5	1.5	1.5	1.5
666.83037951473	0.193878746220713	5.05905884719615	-318.56084853711	47.5101478042057	0	0	0	0	0	1.5	1.5	1.5	1.5	1.5	1.5
667.000359218914	0.155523537660528	5.08875449562386	-318.500643537542	47.351193933598	0	0	0	0	0	1.5	1.5	1.5	1.5	1.5	1.5
667.170338923098	0.117168329100343	5.11193053704659	-318.436257059275	47.1938847275991	0	0	0	0	0	1.5	1.5	1.5	1.5	1.5	1.5
667.340318627282	0.078813120540184	5.12858697146433	-318.368749819693	47.0378872829464	0	0	0	0	0	1.5	1.5	1.5	1.5	1.5	1.5
667.510298331467	0.0404579119799736	5.1387237988771	-318.299158353823	46.8828070501697	0	0	0	0	0	1.5	1.5	1.5	1.5	1.5	1.5
667.680278035651	0.00210270341978874	5.14234101928488	-318.228501787628	46.7282084852393	0	0	0	0	0	1.5	1.5	1.5	1.5	1.5	1.5
667.850257739835	-0.0242281685980866	5.13979438189784	-318.157783571257	46.5736380641142	0	0	0	0	0	1.5	1.5	1.5	1.5	1.5	1.5
668.020237444019	-0.0280415445812848	5.13535198670582	-318.087660576074	46.4187967974971	0	0	0	0	0	1.5	1.5	1.5	1.5	1.5	1.5
668.190217148204	-0.031854920564478	5.13026139499225	-318.018276442421	46.2636230902528	0	0	0	0	0	1.5	1.5	1.5	1.5	1.5	1.5
668.360196852388	-0.0356682965476737	5.1245226067571	-317.949733559354	46.1080760115197	0	0	0	0	0	1.5	1.5	1.5	1.5	1.5	1.5
668.530176556572	-0.0394816725308694	5.11813562200039	-317.882135016697	45.9521162775261	0	0	0	0	0	1.5	1.5	1.5	1.5	1.5	1.5
668.700156260756	-0.0432950485140651	5.11110044072211	-317.815584671296	45.7957064563002	0	0	0	0	0	1.5	1.5	1.5	1.5	1.5	1.5
668.87013596494	-0.0317807890359546	5.1040230599171	-317.750172447071	45.6388172788449	0	0	0	0	0	1.5	1.5	1.5	1.5	1.5	1.5
669.040115669125	-0.0026448091506678	5.10109723341904	-317.685586133315	45.4815859641706	0	0	0	0	0	1.5	1.5	1.5	1.5	1.5	1.5
669.210095373309	0.0264911707346384	5.10312393216299	-317.621070499628	45.3243256005363	0	0	0	0	0	1.5	1.5	1.5	1.5	1.5	1.5
669.380075077493	0.0556271506199057	5.11010315614897	-317.555847506332	45.167357633374	0	0	0	0	0	1.5	1.5	1.5	1.5	1.5	1.5
669.550054781677	0.0847631305051924	5.12203490537696	-317.489143502696	45.0110139991371	0	0	0	0	0	1.5	1.5	1.5	1.5	1.5	1.5
669.720034485862	0.113899110390479	5.13891917984697	-317.42019430966	44.8556485549871	0	0	0	0	0	1.5	1.5	1.5	1.5	1.5	1.5
669.890014190046	0.122493428551643	5.15973960040713	-317.348281109568	44.7016338485153	0	0	0	0	0	1.5	1.5	1.5	1.5	1.5	1.5
670.05999389423	0.116345029997061	5.18003844567308	-317.273187955515	44.5491440917499	0	0	0	0	0	1.5	1.5	1.5	1.5	1.5	1.5
670.229973598414	0.110196631442471	5.19929218797154	-317.195093865359	44.3981688609578	0	0	0	0	0	1.5	1.5	1.5	1.5	1.5	1.5
670.399953302599	0.10404823288789	5.21750082730246	-317.11418556228	44.2486825806871	0	0	0	0	0	1.5	1.5	1.5	1.5	1.5	1.5
670.569933006783	0.0978998343333038	5.23466436366588	-317.030646094511	44.1006503280249	0	0	0	0	0	1.5	1.5	1.5	1.5	1.5	1.5
670.739912710967	0.091751435778714	5.2507827970618	-316.944654780044	43.9540284739668	0	0	0	0	0	1.5	1.5	1.5	1.5	1.5	1.5
670.909892415151	0.0967287090209978	5.26651777617573	-316.856364850295	43.8087790455467	0	0	0	0	0	1.5	1.5	1.5	1.5	1.5	1.5
671.079872119336	0.106480126811534	5.28378846507695	-316.765697228229	43.6650022606959	0	0	0	0	0	1.5	1.5	1.5	1.5	1.5	1.5
671.24985182352	0.116231544602069	5.30271669708958	-316.67244254969	43.5228903258751	0	0	0	0	0	1.5	1.5	1.5	1.5	1.5	1.5
671.419831527704	0.125982962392605	5.32330247221362	-316.576398809817	43.3826488219462	0	0	0	0	0	1.5	1.5	1.5	1.5	1.5	1.5
671.589811231888	0.135734380183134	5.34554579044906	-316.477374405341	43.2444964575541	0	0	0	0	0	1.5	1.5	1.5	1.5	1.5	1.5
671.759790936072	0.145485797973677	5.36944665179595	-316.375189500808	43.108665792381	0	0	0	0	0	1.5	1.5	1.5	1.5	1.5	1.5
671.929770640257	0.126396761233137	5.3929976162835	-316.26975012751	42.9753455207669	0	0	0	0	0	1.5	1.5	1.5	1.5	1.5	1.5
672.099750344441	0.100933096739691	5.41231834728873	-316.161470881898	42.8443195490285	0	0	0	0	0	1.5	1.5	1.5	1.5	1.5	1.5
672.269730048625	0.0754694322462442	5.42731077213592	-316.050959041018	42.7151696713145	0	0	0	0	0	1.5	1.5	1.5	1.5	1.5	1.5
672.439709752809	0.0500057677527979	5.43797489082507	-315.938799050004	42.5874474661934	0	0	0	0	0	1.5	1.5	1.5	1.5	1.5	1.5
672.609689456994	0.0245421032593516	5.44431070335618	-315.825557142305	42.4606828308644	0	0	0	0	0	1.5	1.5	1.5	1.5	1.5	1.5
672.779669161178	-0.000921561234077717	5.44631820972924	-315.711787231449	42.3343915138113	0	0	0	0	0	1.5	1.5	1.5	1.5	1.5	1.5
672.949648865362	0.00461289757966206	5.44646017830289	-315.597940188239	42.2081696833767	0	0	0	0	0	1.5	1.5	1.5	1.5	1.5	1.5
673.119628569546	0.0123092170056985	5.44789838631858	-315.483994186538	42.0820371995278	0	0	0	0	0	1.5	1.5	1.5	1.5	1.5	1.5
673.28960827373	0.0200055364317402	5.45064481243363	-315.36978455135	41.9561434314748	0	0	0	0	0	1.5	1.5	1.5	1.5	1.5	1.5
673.459587977915	0.0277018558577818	5.45469945664801	-315.25514751364	41.8306388109736	0	0	0	0	0	1.5	1.5	1.5	1.5	1.5	1.5
673.629567682099	0.0353981752838234	5.46006231896175	-315.13992083786	41.7056754415132	0	0	0	0	0	1.5	1.5	1.5	1.5	1.5	1.5
673.799547386283	0.0431083977482453	5.46673346068675	-315.023944427374	41.5814077271893	0	0	0	0	0	1.5	1.5	1.5	1.5	1.5	1.5
673.969527090467	0.0510726596629274	5.474737894826	-314.907059857252	41.4579940214617	0	0	0	0	0	1.5	1.5	1.5	1.5	1.5	1.5
674.139506794652	0.0590369215776095	5.48409609184956	-314.789108427275	41.3355997852151	0	0	0	0	0	1.5	1.5	1.5	1.5	1.5	1.5
674.309486498836	0.0670011834922863	5.49480805175742	-314.669934856039	41.2143954808357	0	0	0	0	0	1.5	1.5	1.5	1.5	1.5	1.5
674.47946620302	0.0749654454069737	5.50687377454959	-314.549388821599	41.0945564103364	0	0	0	0	0	1.5	1.5	1.5	1.5	1.5	1.5
674.649445907204	0.0829297073216505	5.52029326022605	-314.427325728753	40.9762632679612	0	0	0	0	0	1.5	1.5	1.5	1.5	1.5	1.5
674.819425611389	0.0860582865664507	5.53499713244755	-314.303607963264	40.8597021667418	0	0	0	0	0	1.5	1.5	1.5	1.5	1.5	1.5
674.989405315573	0.0653760674320281	5.54786751579555	-314.178251636584	40.7449045541151	0	0	0	0	0	1.5	1.5	1.5	1.5	1.5	1.5
675.159385019757	0.0446938482976056	5.5572223416532	-314.051626963533	40.6315066669902	0	0	0	0	0	1.5	1.5	1.5	1.5	1.5	1.5
675.329364723941	0.024011629163183	5.56306161002051	-313.924144180036	40.5190737663196	0	0	0	0	0	1.5	1.5	1.5	1.5	1.5	1.5
675.499344428125	0.0033294100287742	5.56538532089748	-313.796203412969	40.4071619865123	0	0	0	0	0	1.5	1.5	1.5	1.5	1.5	1.5
675.66932413231	-0.0173528091056622	5.5641934742841	-313.6681993107	40.2953226118683	0	0	0	0	0	1.5	1.5	1.5	1.5	1.5	1.5
675.839303836494	-0.0374351707218881	5.5595006520197	-313.540525602963	40.1831064342794	0	0	0	0	0	1.5	1.5	1.5	1.5	1.5	1.5
676.009283540678	-0.0560201361135677	5.55155789931453	-313.413566303842	40.0700830566001	0	0	0	0	0	1.5	1.5	1.5	1.5	1.5	1.5
676.179263244862	-0.0746051015052474	5.54045607968981	-313.287689300827	39.955856164889	0	0	0	0	0	1.5	1.5	1.5	1.5	1.5	1.5
676.349242949047	-0.093190066896927	5.52619519314554	-313.163271347282	39.8400425965975	0	0	0	0	0	1.5	1.5	1.5	1.5	1.5	1.5
676.519222653231	-0.111775032288607	5.50877523968171	-313.040703972731	39.722273298852	0	0	0	0	0	1.5	1.5	1.5	1.5	1.5	1.5
676.689202357415	-0.130359997680286	5.48819621929833	-312.920396743032	39.6021972802035	0	0	0	0	0	1.5	1.5	1.5	1.5	1.5	1.5
676.859182061599	-0.154511187096542	5.46426623365697	-312.802783440272	39.4794828178826	0	0	0	0	0	1.5	1.5	1.5	1.5	1.5	1.5
677.029161765783	-0.186818146389738	5.43525670408929	-312.688444835062	39.3537141580975	0	0	0	0	0	1.5	1.5	1.5	1.5	1.5	1.5
677.199141469968	-0.219125105682977	5.40075564713781	-312.57815862632	39.2243805395384	0	0	0	0	0	1.5	1.5	1.5	1.5	1.5	1.5
677.369121174152	-0.251432064976173	5.36076306280263	-312.472766858556	39.0910320369885	0	0	0	0	0	1.5	1.5	1.5	1.5	1.5	1.5
677.539100878336	-0.283739024269391	5.31527895108367	-312.37317063609	38.9533050960594	0	0	0	0	0	1.5	1.5	1.5	1.5	1.5	1.5
677.70908058252	-0.316045983562608	5.26430331198095	-312.280332254461	38.8109398002001	0	0	0	0	0	1.5	1.5	1.5	1.5	1.5	1.5
677.879060286705	-0.316721652230364	5.20923499239974	-312.195238158966	38.6638183939403	0	0	0	0	0	1.5	1.5	1.5	1.5	1.5	1.5
678.049039990889	-0.288238811888325	5.15781949203271	-312.118153839915	38.5123431742737	0	0	0	0	0	1.5	1.5	1.5	1.5	1.5	1.5
678.219019695073	-0.259755971546287	5.11124549644135	-312.048579167775	38.3572714440631	0	0	0	0	0	1.5	1.5	1.5	1.5	1.5	1.5
678.388999399257	-0.231273131204248	5.06951300562566	-311.985915881419	38.1992770823698	0	0	0	0	0	1.5	1.5	1.5	1.5	1.5	1.5
678.558979103442	-0.202790290862228	5.03262201958565	-311.929509547457	38.03893947697	0	0	0	0	0	1.5	1.5	1.5	1.5	1.5	1.5
678.728958807626	-0.17430745052019	5.00057253832129	-311.87866179385	37.8767509084563	0	0	0	0	0	1.5	1.5	1.5	1.5	1.5	1.5
678.89893851181	-0.155875913572149	4.97281916381057	-311.832659586131	37.7131200697483	0	0	0	0	0	1.5	1.5	1.5	1.5	1.5	1.5
679.068918215994	-0.14313646414168	4.94740614605495	-311.791011802403	37.5483262385276	0	0	0	0	0	1.5	1.5	1.5	1.5	1.5	1.5
679.238897920178	-0.130397014711212	4.924158576145	-311.753385266561	37.3825672502387	0	0	0	0	0	1.5	1.5	1.5	1.5	1.5	1.5
679.408877624363	-0.117657565280744	4.90307645408071	-311.71944155874	37.2160143931053	0	0	0	0	0	1.5	1.5	1.5	1.5	1.5	1.5
679.578857328547	-0.104918115850276	4.88415977986208	-311.688835263379	37.0488154315434	0	0	0	0	0	1.5	1.5	1.5	1.5	1.5	1.5
679.748837032731	-0.0921786664198164	4.86740855348913	-311.661215406039	36.8810967161073	0	0	0	0	0	1.5	1.5	1.5	1.5	1.5	1.5
679.918816736915	-0.0923479750601998	4.85198481584376	-311.636262556081	36.7129602067185	0	0	0	0	0	1.5	1.5	1.5	1.5	1.5	1.5
680.0887964411	-0.0965095553543092	4.83593384226736	-311.613953041119	36.5444527438508	0	0	0	0	0	1.5	1.5	1.5	1.5	1.5	1.5
680.258776145284	-0.100671135648421	4.81917548450362	-311.594410731482	36.3756021538196	0	0	0	0	0	1.5	1.5	1.5	1.5	1.5	1.5
680.428755849468	-0.104832715942534	4.80170974255254	-311.577760538484	36.2064420627719	0	0	0	0	0	1.5	1.5	1.5	1.5	1.5	1.5
680.598735553652	-0.108994296236646	4.78353661641413	-311.564127180782	36.0370123245655	0	0	0	0	0	1.5	1.5	1.5	1.5	1.5	1.5
680.768715257837	-0.113155876530758	4.76465610608839	-311.553634988638	35.8673592803068	0	0	0	0	0	1.5	1.5	1.5	1.5	1.5	1.5
680.938694962021	-0.111913362018893	4.74547204418109	-311.54638758106	35.6975367604292	0	0	0	0	0	1.5	1.5	1.5	1.5	1.5	1.5
681.108674666205	-0.109928672646567	4.72661772246706	-311.542371769522	35.5276070185511	0	0	0	0	0	1.5	1.5	1.5	1.5	1.5	1.5
681.278654370389	-0.107943983274241	4.70810075766544	-311.541531720353	35.3576318186263	0	0	0	0	0	1.5	1.5	1.5	1.5	1.5	1.5
681.448634074574	-0.105959293901913	4.68992114977621	-311.543810392409	35.1876697295217	0	0	0	0	0	1.5	1.5	1.5	1.5	1.5	1.5
681.618613778758	-0.103974604529588	4.6720788987994	-311.549149707276	35.0177761597352	0	0	0	0	0	1.5	1.5	1.5	1.5	1.5	1.5
681.788593482942	-0.101989915157261	4.65457400473499	-311.557490662441	34.8480033983275	0	0	0	0	0	1.5	1.5	1.5	1.5	1.5	1.5
681.958573187126	-0.0732778884004893	4.63966499939797	-311.568646517564	34.6783917519973	0	0	0	0	0	1.5	1.5	1.5	1.5	1.5	1.5
682.12855289131	-0.0444117761742183	4.62966257221299	-311.581914160992	34.5089313506807	0	0	0	0	0	1.5	1.5	1.5	1.5	1.5	1.5
682.298532595495	-0.0155456639479474	4.62456679824519	-311.596460732647	34.3395754130832	0	0	0	0	0	1.5	1.5	1.5	1.5	1.5	1.5
682.468512299679	0.0133204482783043	4.62437767749455	-311.611454783315	34.1702583223131	0	0	0	0	0	1.5	1.5	1.5	1.5	1.5	1.5
682.638492003863	0.0421865605045945	4.62909520996109	-311.626065413626	34.0009078727551	0	0	0	0	0	1.5	1.5	1.5	1.5	1.5	1.5
682.808471708047	0.0644091028173818	4.63865637573916	-311.639461648735	33.8314575337314	0	0	0	0	0	1.5	1.5	1.5	1.5	1.5	1.5
682.978451412231	0.0337511826637233	4.64699900388352	-311.651202449211	33.6618842906454	0	0	0	0	0	1.5	1.5	1.5	1.5	1.5	1.5
683.148431116416	0.00309326251006486	4.65013040782926	-311.661970244294	33.4922460587397	0	0	0	0	0	1.5	1.5	1.5	1.5	1.5	1.5
683.3184108206	-0.0275646576435936	4.64805058757637	-311.672648845938	33.322602149929	0	0	0	0	0	1.5	1.5	1.5	1.5	1.5	1.5
683.488390524784	-0.0582225777972521	4.64075954312486	-311.684122159113	33.1530104819881	0	0	0	0	0	1.5	1.5	1.5	1.5	1.5	1.5
683.658370228968	-0.0888804979509106	4.62825727447473	-311.697273216869	32.9835413931316	0	0	0	0	0	1.5	1.5	1.5	1.5	1.5	1.5
683.828349933153	-0.110742106329774	4.61071465960426	-311.712980690132	32.8142912095213	0	0	0	0	0	1.5	1.5	1.5	1.5	1.5	1.5
683.998329637337	-0.102915849400783	4.59255590154843	-311.731786577151	32.6453573631487	0	0	0	0	0	1.5	1.5	1.5	1.5	1.5	1.5
684.168309341521	-0.0950895924717815	4.57572744833023	-311.753544740237	32.476778004271	0	0	0	0	0	1.5	1.5	1.5	1.5	1.5	1.5
684.338289045705	-0.0872633355427905	4.56022929994972	-311.778024785294	32.3085720328063	0	0	0	0	0	1.5	1.5	1.5	1.5	1.5	1.5
684.50826874989	-0.0794370786137943	4.54606145640686	-311.804997088725	32.1407473882799	0	0	0	0	0	1.5	1.5	1.5	1.5	1.5	1.5
684.678248454074	-0.071610821684798	4.53322391770165	-311.834232992593	31.9733019796046	0	0	0	0	0	1.5	1.5	1.5	1.5	1.5	1.5
684.848228158258	-0.0592434904059803	4.52185060470341	-311.865502346893	31.8062241157431	0	0	0	0	0	1.5	1.5	1.5	1.5	1.5	1.5
685.018207862442	-0.0383303559284948	4.51355781793538	-311.898435462692	31.6394657767332	0	0	0	0	0	1.5	1.5	1.5	1.5	1.5	1.5
685.188187566626	-0.0174172214510233	4.50881983957941	-311.932454431793	31.4729252260605	0	0	0	0	0	1.5	1.5	1.5	1.5	1.5	1.5
685.358167270811	0.00349591302647617	4.50763666963547	-311.966966336985	31.3064859748098	0	0	0	0	0	1.5	1.5	1.5	1.5	1.5	1.5
685.528146974995	0.0244090475039477	4.51000830810359	-312.00137932613	31.140026274093	0	0	0	0	0	1.5	1.5	1.5	1.5	1.5	1.5
685.698126679179	0.0453221819814331	4.51593475498376	-312.03510133123	30.9734254303603	0	0	0	0	0	1.5	1.5	1.5	1.5	1.5	1.5
685.868106383363	0.0610775888199603	4.5252126134276	-312.067544059095	30.8065711254632	0	0	0	0	0	1.5	1.5	1.5	1.5	1.5	1.5
686.038086087548	0.0708749504341187	4.53642724022198	-312.098260854343	30.6393907576097	0	0	0	0	0	1.5	1.5	1.5	1.5	1.5	1.5
686.208065791732	0.080672312048277	4.54930721964533	-312.126961348723	30.4718527562025	0	0	0	0	0	1.5	1.5	1.5	1.5	1.5	1.5
686.378045495916	0.0904696736624354	4.56385255169763	-312.153361775607	30.303937278102	0	0	0	0	0	1.5	1.5	1.5	1.5	1.5	1.5
686.5480252001	0.100267035276594	4.5800632363789	-312.177176926266	30.1356360434006	0	0	0	0	0	1.5	1.5	1.5	1.5	1.5	1.5
686.718004904284	0.110064396890746	4.59793927368911	-312.198120288794	29.9669537802791	0	0	0	0	0	1.5	1.5	1.5	1.5	1.5	1.5
686.887984608469	0.109183925539069	4.61695164527019	-312.215921685055	29.7979113851797	0	0	0	0	0	1.5	1.5	1.5	1.5	1.5	1.5
687.057964312653	0.100663940017358	4.63478658432567	-312.230589332916	29.6285679648978	0	0	0	0	0	1.5	1.5	1.5	1.5	1.5	1.5
687.227944016837	0.0921439544956422	4.65117329876252	-312.242357393414	29.4589980207261	0	0	0	0	0	1.5	1.5	1.5	1.5	1.5	1.5
687.397923721021	0.0836239689739259	4.66611178858074	-312.251468229746	29.2892642435807	0	0	0	0	0	1.5	1.5	1.5	1.5	1.5	1.5
687.567903425206	0.0751039834522096	4.67960205378033	-312.258165578442	29.1194178215042	0	0	0	0	0	1.5	1.5	1.5	1.5	1.5	1.5
687.73788312939	0.0665839979304934	4.69164409436127	-312.262694161889	28.9494994807248	0	0	0	0	0	1.5	1.5	1.5	1.5	1.5	1.5
687.907862833574	0.10494547539345	4.70502353673967	-312.265189038108	28.7795393153443	0	0	0	0	0	1.5	1.5	1.5	1.5	1.5	1.5
688.077842537758	0.163482859340818	4.72783722120607	-312.264643040286	28.6095641859345	0	0	0	0	0	1.5	1.5	1.5	1.5	1.5	1.5
688.247822241943	0.222020243288148	4.76060107287954	-312.259374584402	28.4396737663377	0	0	0	0	0	1.5	1.5	1.5	1.5	1.5	1.5
688.417801946127	0.280557627235516	4.80331509176012	-312.247700285147	28.2701083985835	0	0	0	0	0	1.5	1.5	1.5	1.5	1.5	1.5
688.587781650311	0.339095011182885	4.85597927784779	-312.227956686037	28.1012990125387	0	0	0	0	0	1.5	1.5	1.5	1.5	1.5	1.5
688.757761354495	0.397632395130253	4.91859363114256	-312.198522621347	27.9339153419546	0	0	0	0	0	1.5	1.5	1.5	1.5	1.5	1.5
688.92774105868	0.354685314804956	4.98402503480883	-312.158176202199	27.7688247969841	0	0	0	0	0	1.5	1.5	1.5	1.5	1.5	1.5
689.097720762864	0.290510747240362	5.03886015269248	-312.107956120228	27.6064554670948	0	0	0	0	0	1.5	1.5	1.5	1.5	1.5	1.5
689.267700467048	0.226336179675769	5.08278689656535	-312.049779956699	27.446755800705	0	0	0	0	0	1.5	1.5	1.5	1.5	1.5	1.5
689.437680171232	0.162161612111219	5.11580526642742	-311.985502057299	27.2894064383446	0	0	0	0	0	1.5	1.5	1.5	1.5	1.5	1.5
689.607659875417	0.0979870445465823	5.13791526227874	-311.916910200354	27.1338844939041	0	0	0	0	0	1.5	1.5	1.5	1.5	1.5	1.5
689.777639579601	0.0338124769820319	5.14911688411926	-311.845736556653	26.9795241836352	0	0	0	0	0	1.5	1.5	1.5	1.5	1.5	1.5
689.947619283785	0.0546834643177694	5.15619709523888	-311.773349817799	26.8257284124424	0	0	0	0	0	1.5	1.5	1.5	1.5	1.5	1.5
690.117598987969	0.0810810747962275	5.16773570333754	-311.699536849938	26.6726126907286	0	0	0	0	0	1.5	1.5	1.5	1.5	1.5	1.5
690.287578692153	0.107478685274686	5.18376136945649	-311.623621088536	26.5205295626789	0	0	0	0	0	1.5	1.5	1.5	1.5	1.5	1.5
690.457558396338	0.133876295753144	5.20427409359574	-311.544940251595	26.369859685722	0	0	0	0	0	1.5	1.5	1.5	1.5	1.5	1.5
690.627538100522	0.160273906231602	5.22927387575529	-311.462852098838	26.2210204119659	0	0	0	0	0	1.5	1.5	1.5	1.5	1.5	1.5
690.797517804706	0.185091649421294	5.25875344674059	-311.376740930445	26.0744739265285	0	0	0	0	0	1.5	1.5	1.5	1.5	1.5	1.5
690.96749750889	0.182306793445019	5.28997858605865	-311.286163514965	25.9306459594288	0	0	0	0	0	1.5	1.5	1.5	1.5	1.5	1.5
691.137477213075	0.17952193746874	5.32073035638171	-311.191173176763	25.7896932773066	0	0	0	0	0	1.5	1.5	1.5	1.5	1.5	1.5
691.307456917259	0.176737081492465	5.35100875770969	-311.09192642606	25.6517042379614	0	0	0	0	0	1.5	1.5	1.5	1.5	1.5	1.5
691.477436621443	0.173952225516188	5.38081379004264	-310.988579530719	25.5167583962158	0	0	0	0	0	1.5	1.5	1.5	1.5	1.5	1.5
691.647416325627	0.171167369539911	5.41014545338055	-310.881288140184	25.3849267388057	0	0	0	0	0	1.5	1.5	1.5	1.5	1.5	1.5
691.817396029811	0.168927277573047	5.43901185774711	-310.770206872613	25.2562719824508	0	0	0	0	0	1.5	1.5	1.5	1.5	1.5	1.5
691.987375733996	0.169252431457671	5.46775370119818	-310.655471450158	25.130865070003	0	0	0	0	0	1.5	1.5	1.5	1.5	1.5	1.5
692.15735543818	0.169577585342295	5.49655081421037	-310.537176128616	25.008810491637	0	0	0	0	0	1.5	1.5	1.5	1.5	1.5	1.5
692.327335142364	0.16990273922692	5.52540319678371	-310.415412258355	24.8902159916522	0	0	0	0	0	1.5	1.5	1.5	1.5	1.5	1.5
692.497314846548	0.170227893111543	5.55431084891813	-310.290274644987	24.7751870145974	0	0	0	0	0	1.5	1.5	1.5	1.5	1.5	1.5
692.667294550733	0.170553046996168	5.5832737706137	-310.16186149884	24.6638265905791	0	0	0	0	0	1.5	1.5	1.5	1.5	1.5	1.5
692.837274254917	0.179985812972278	5.61253634064685	-310.030271655298	24.5562386393459	0	0	0	0	0	1.5	1.5	1.5	1.5	1.5	1.5
693.007253959101	0.209158762800077	5.64560968058419	-309.895426638561	24.4527626194731	0	0	0	0	0	1.5	1.5	1.5	1.5	1.5	1.5
693.177233663285	0.238331712627875	5.68364182990345	-309.756990787335	24.3541465385198	0	0	0	0	0	1.5	1.5	1.5	1.5	1.5	1.5
693.34721336747	0.267504662455674	5.72663278860461	-309.61467690485	24.2612196430532	0	0	0	0	0	1.5	1.5	1.5	1.5	1.5	1.5
693.517193071654	0.296677612283472	5.77458255668769	-309.46828890503	24.1748592533448	0	0	0	0	0	1.5	1.5	1.5	1.5	1.5	1.5
693.687172775838	0.325850562111251	5.82749113415264	-309.317736905988	24.0959893922996	0	0	0	0	0	1.5	1.5	1.5	1.5	1.5	1.5
693.857152480022	0.329498230098348	5.88442688363494	-309.163062035807	24.0255557605288	0	0	0	0	0	1.5	1.5	1.5	1.5	1.5	1.5
694.027132184206	0.29923357958605	5.9378627071456	-309.004703432877	23.9638404688828	0	0	0	0	0	1.5	1.5	1.5	1.5	1.5	1.5
694.197111888391	0.268968929073733	5.98615415431496	-308.843408403582	23.910255044673	0	0	0	0	0	1.5	1.5	1.5	1.5	1.5	1.5
694.367091592575	0.238704278561415	6.02930122514301	-308.679829679918	23.8640964293916	0	0	0	0	0	1.5	1.5	1.5	1.5	1.5	1.5
694.537071296759	0.208439628049097	6.06730391962973	-308.514510347225	23.8246104840204	0	0	0	0	0	1.5	1.5	1.5	1.5	1.5	1.5
694.707051000943	0.178174977536779	6.10016223777513	-308.347893523032	23.7910049312083	0	0	0	0	0	1.5	1.5	1.5	1.5	1.5	1.5
694.877030705127	0.153391202212121	6.12812548812233	-308.180332111006	23.7624672911576	0	0	0	0	0	1.5	1.5	1.5	1.5	1.5	1.5
695.047010409312	0.133367253902022	6.15249704689365	-308.012081661914	23.7383124648241	0	0	0	0	0	1.5	1.5	1.5	1.5	1.5	1.5
695.216990113496	0.11334330559195	6.17346494085459	-307.843325822815	23.7179775790836	0	0	0	0	0	1.5	1.5	1.5	1.5	1.5	1.5
695.38696981768	0.0933193572818647	6.1910291700052	-307.674208629164	23.7008974330011	0	0	0	0	0	1.5	1.5	1.5	1.5	1.5	1.5
695.556949521864	0.0732954089717791	6.20518973434546	-307.504841028628	23.6865018623606	0	0	0	0	0	1.5	1.5	1.5	1.5	1.5	1.5
695.726929226049	0.0532714606616936	6.21594663387538	-307.335306627533	23.6742174164128	0	0	0	0	0	1.5	1.5	1.5	1.5	1.5	1.5
695.896908930233	0.0590025794015975	6.22474645380796	-307.165664233249	23.6635226387512	0	0	0	0	0	1.5	1.5	1.5	1.5	1.5	1.5
696.066888634417	0.0779502477239601	6.23638605432896	-306.995923156666	23.6545370872268	0	0	0	0	0	1.5	1.5	1.5	1.5	1.5	1.5
696.236868338601	0.0968979160463101	6.25124637390638	-306.82607852915	23.6478013450139	0	0	0	0	0	1.5	1.5	1.5	1.5	1.5	1.5
696.406848042786	0.115845584368647	6.26932741254019	-306.656146753095	23.6438638636285	0	0	0	0	0	1.5	1.5	1.5	1.5	1.5	1.5
696.57682774697	0.13479325269101	6.29062917023045	-306.486171290429	23.643273126644	0	0	0	0	0	1.5	1.5	1.5	1.5	1.5	1.5
696.746807451154	0.153740921013347	6.31515164697709	-306.316227952624	23.6465766812712	0	0	0	0	0	1.5	1.5	1.5	1.5	1.5	1.5
696.916787155338	0.136704407623478	6.34052148308488	-306.146424583218	23.6542154413883	0	0	0	0	0	1.5	1.5	1.5	1.5	1.5	1.5
697.086766859523	0.109283178120249	6.36142793161374	-305.976842868159	23.6657951008651	0	0	0	0	0	1.5	1.5	1.5	1.5	1.5	1.5
697.256746563707	0.0818619486170192	6.37767332766327	-305.807504279245	23.6805228242043	0	0	0	0	0	1.5	1.5	1.5	1.5	1.5	1.5
697.426726267891	0.0544407191138082	6.38925767123346	-305.638386097711	23.6976054623151	0	0	0	0	0	1.5	1.5	1.5	1.5	1.5	1.5
697.596705972075	0.0270194896105605	6.39618096232434	-305.469432627249	23.7162524023644	0	0	0	0	0	1.5	1.5	1.5	1.5	1.5	1.5
697.766685676259	-0.000401739892668895	6.39844320093589	-305.300566278153	23.7356751411842	0	0	0	0	0	1.5	1.5	1.5	1.5	1.5	1.5
697.936665380444	0.00125941500839435	6.39826598679744	-305.131711522422	23.7551987468972	0	0	0	0	0	1.5	1.5	1.5	1.5	1.5	1.5
698.106645084628	0.00619466634477279	6.39889950806913	-304.962860971203	23.7747586598089	0	0	0	0	0	1.5	1.5	1.5	1.5	1.5	1.5
698.276624788812	0.0111299176811512	6.40037192190305	-304.794031121968	23.7944963545426	0	0	0	0	0	1.5	1.5	1.5	1.5	1.5	1.5
698.446604492996	0.0160651690175297	6.4026832282992	-304.625238938123	23.8145534135687	0	0	0	0	0	1.5	1.5	1.5	1.5	1.5	1.5
698.61658419718	0.0210004203539048	6.40583342725759	-304.456502186633	23.8350713230292	0	0	0	0	0	1.5	1.5	1.5	1.5	1.5	1.5
698.786563901365	0.0259145716196098	6.40982248893332	-304.287839793781	23.8561914255295	0	0	0	0	0	1.5	1.5	1.5	1.5	1.5	1.5
698.956543605549	0.0295819815171156	6.41453913277603	-304.119271367814	23.8780485072529	0	0	0	0	0	1.5	1.5	1.5	1.5	1.5	1.5
699.126523309733	0.033249391414619	6.41987916186824	-303.950815021201	23.9007529219177	0	0	0	0	0	1.5	1.5	1.5	1.5	1.5	1.5
699.296503013918	0.0369168013121272	6.42584257620996	-303.782489732764	23.9244090303494	0	0	0	0	0	1.5	1.5	1.5	1.5	1.5	1.5
699.466482718102	0.0405842112096306	6.43242937580117	-303.614316256844	23.9491209172309	0	0	0	0	0	1.5	1.5	1.5	1.5	1.5	1.5
699.636462422286	0.0442516211071364	6.43963956064188	-303.44631731614	23.9749923410455	0	0	0	0	0	1.5	1.5	1.5	1.5	1.5	1.5
699.80644212647	0.0475370526056068	6.44746878518713	-303.278517788022	24.0021266453891	0	0	0	0	0	1.5	1.5	1.5	1.5	1.5	1.5
699.976421830654	0.0483508142915275	6.45561828081215	-303.110941528694	24.0306071164922	0	0	0	0	0	1.5	1.5	1.5	1.5	1.5	1.5
700.146401534839	0.0491645759774476	6.46390609940781	-302.943605013358	24.0604638592071	0	0	0	0	0	1.5	1.5	1.5	1.5	1.5	1.5
700.316381239023	0.0499783376633689	6.47233224097413	-302.776523866701	24.0917179679811	0	0	0	0	0	1.5	1.5	1.5	1.5	1.5	1.5
700.486360943207	0.0507920993492895	6.4808967055111	-302.609714275411	24.1243903336571	0	0	0	0	0	1.5	1.5	1.5	1.5	1.5	1.5
700.656340647391	0.0516058610352097	6.4895994930187	-302.443192995089	24.1585016319916	0	0	0	0	0	1.5	1.5	1.5	1.5	1.5	1.5
700.826320351576	0.05126067249817	6.49841573129221	-302.276977281116	24.1940719641142	0	0	0	0	0	1.5	1.5	1.5	1.5	1.5	1.5
700.99630005576	0.0474847547231442	6.50680809054652	-302.111075744825	24.2310802130884	0	0	0	0	0	1.5	1.5	1.5	1.5	1.5	1.5
701.166279759944	0.0437088369481159	6.51455862041441	-301.945478247896	24.2694263236245	0	0	0	0	0	1.5	1.5	1.5	1.5	1.5	1.5
701.336259464128	0.0399329191730902	6.52166732089587	-301.780170149902	24.3090017059107	0	0	0	0	0	1.5	1.5	1.5	1.5	1.5	1.5
701.506239168313	0.0361570013980594	6.52813419199092	-301.615134427337	24.3496982586172	0	0	0	0	0	1.5	1.5	1.5	1.5	1.5	1.5
701.676218872497	0.0323810836230336	6.53395923369954	-301.450351885188	24.391408352395	0	0	0	0	0	1.5	1.5	1.5	1.5	1.5	1.5
701.846198576681	0.0251839469060538	6.53903255061652	-301.285800772491	24.4340225293904	0	0	0	0	0	1.5	1.5	1.5	1.5	1.5	1.5
702.016178280865	0.0123559305598048	6.5422230592499	-301.121430805267	24.4773306003359	0	0	0	0	0	1.5	1.5	1.5	1.5	1.5	1.5
702.186157985049	-0.000472085786427039	6.54323306545948	-300.957152095902	24.5209838114085	0	0	0	0	0	1.5	1.5	1.5	1.5	1.5	1.5
702.356137689234	-0.0133001021326675	6.54206256924525	-300.792869886509	24.564623839159	0	0	0	0	0	1.5	1.5	1.5	1.5	1.5	1.5
702.526117393418	-0.0261281184789079	6.53871157060721	-300.62848950547	24.6078923373526	0	0	0	0	0	1.5	1.5	1.5	1.5	1.5	1.5
702.696097097602	-0.0389561348251484	6.53318006954538	-300.463918712839	24.6504303225561	0	0	0	0	0	1.5	1.5	1.5	1.5	1.5	1.5
702.866076801786	-0.0494747810786975	6.52556523263216	-300.299070709417	24.6918802314524	0	0	0	0	0	1.5	1.5	1.5	1.5	1.5	1.5
703.036056505971	-0.0576379519220003	6.51646173729724	-300.133880807895	24.7319451369584	0	0	0	0	0	1.5	1.5	1.5	1.5	1.5	1.5
703.206036210155	-0.0658011227652922	6.50597066859719	-299.968306501007	24.7703896899251	0	0	0	0	0	1.5	1.5	1.5	1.5	1.5	1.5
703.376015914339	-0.0739642936085895	6.49409202653198	-299.802312777651	24.8069799048131	0	0	0	0	0	1.5	1.5	1.5	1.5	1.5	1.5
703.545995618523	-0.0821274644518923	6.48082581110161	-299.635872399319	24.8414802884804	0	0	0	0	0	1.5	1.5	1.5	1.5	1.5	1.5
703.715975322707	-0.0902906352951842	6.46617202230611	-299.468966898451	24.8736538259678	0	0	0	0	0	1.5	1.5	1.5	1.5	1.5	1.5
703.885955026892	-0.0993890124393102	6.45008179547314	-299.301587297875	24.9032603498458	0	0	0	0	0	1.5	1.5	1.5	1.5	1.5	1.5
704.055934731076	-0.109073385434235	6.4323646071111	-299.133731750905	24.9300345779914	0	0	0	0	0	1.5	1.5	1.5	1.5	1.5	1.5
704.22591443526	-0.11875775842916	6.41300127189217	-298.965409107897	24.9536922369238	0	0	0	0	0	1.5	1.5	1.5	1.5	1.5	1.5
704.395894139444	-0.128442131424078	6.39199178981637	-298.79664369532	24.9739474209159	0	0	0	0	0	1.5	1.5	1.5	1.5	1.5	1.5
704.565873843629	-0.138126504419003	6.36933616088367	-298.627476822405	24.9905134405609	0	0	0	0	0	1.5	1.5	1.5	1.5	1.5	1.5
704.735853547813	-0.147810877413928	6.34503438509408	-298.45796820697	25.0031034001327	0	0	0	0	0	1.5	1.5	1.5	1.5	1.5	1.5
704.905833251997	-0.13786315396034	6.32030185523505	-298.288199449072	25.0114810465303	0	0	0	0	0	1.5	1.5	1.5	1.5	1.5	1.5
705.075812956181	-0.120595975101945	6.29833545208419	-298.118280121568	25.0158810294699	0	0	0	0	0	1.5	1.5	1.5	1.5	1.5	1.5
705.245792660366	-0.103328796243551	6.27930411888778	-297.948305452594	25.0167971827136	0	0	0	0	0	1.5	1.5	1.5	1.5	1.5	1.5
705.41577236455	-0.0860616173851563	6.26320785564581	-297.778340179973	25.0147279385346	0	0	0	0	0	1.5	1.5	1.5	1.5	1.5	1.5
705.585752068734	-0.0687944385267733	6.25004666235829	-297.608422754643	25.010172612413	0	0	0	0	0	1.5	1.5	1.5	1.5	1.5	1.5
705.755731772918	-0.0515272596683672	6.23982053902521	-297.438569727983	25.0036306680459	0	0	0	0	0	1.5	1.5	1.5	1.5	1.5	1.5
705.925711477102	-0.0640594054691239	6.23038518635714	-297.268785287156	24.9954985658773	0	0	0	0	0	1.5	1.5	1.5	1.5	1.5	1.5
706.095691181287	-0.0819883243728958	6.21797261139948	-297.099099961218	24.9855176512558	0	0	0	0	0	1.5	1.5	1.5	1.5	1.5	1.5
706.265670885471	-0.0999172432766677	6.20251248411021	-296.929570806357	24.9731730318929	0	0	0	0	0	1.5	1.5	1.5	1.5	1.5	1.5
706.435650589655	-0.11784616218044	6.18400480448934	-296.76027648146	24.9579511302605	0	0	0	0	0	1.5	1.5	1.5	1.5	1.5	1.5
706.605630293839	-0.135775081084212	6.16244957253685	-296.591321876851	24.9393413922544	0	0	0	0	0	1.5	1.5	1.5	1.5	1.5	1.5
706.775609998024	-0.153703999987983	6.13784678825276	-296.422842709945	24.9168377836337	0	0	0	0	0	1.5	1.5	1.5	1.5	1.5	1.5
706.945589702208	-0.128909426509958	6.11371266177033	-296.254978339161	24.890131056648	0	0	0	0	0	1.5	1.5	1.5	1.5	1.5	1.5
707.115569406392	-0.102719336797297	6.09402656743658	-296.08773805551	24.8597525532713	0	0	0	0	0	1.5	1.5	1.5	1.5	1.5	1.5
707.285549110576	-0.0765292470846016	6.07879225680472	-295.92105257168	24.8264585640015	0	0	0	0	0	1.5	1.5	1.5	1.5	1.5	1.5
707.45552881476	-0.0503391573719409	6.0680097298748	-295.754813478488	24.7909989672485	0	0	0	0	0	1.5	1.5	1.5	1.5	1.5	1.5
707.625508518945	-0.0241490676592627	6.0616789866468	-295.588883355327	24.7541181216991	0	0	0	0	0	1.5	1.5	1.5	1.5	1.5	1.5
707.795488223129	-0.000493658301399647	6.05978186983612	-295.423105786826	24.7165563285637	0	0	0	0	0	1.5	1.5	1.5	1.5	1.5	1.5
707.965467927313	-0.00437558644812947	6.05936803344506	-295.257355961444	24.6788721834845	0	0	0	0	0	1.5	1.5	1.5	1.5	1.5	1.5
708.135447631497	-0.00825751459485929	6.05829434805595	-295.091634216674	24.6410647721485	0	0	0	0	0	1.5	1.5	1.5	1.5	1.5	1.5
708.305427335682	-0.0121394427415865	6.0565608136688	-294.925965714776	24.603024792388	0	0	0	0	0	1.5	1.5	1.5	1.5	1.5	1.5
708.475407039866	-0.0160213708883189	6.0541674302836	-294.760376078241	24.5646430480675	0	0	0	0	0	1.5	1.5	1.5	1.5	1.5	1.5
708.64538674405	-0.0199032990350462	6.05111419790036	-294.594891605704	24.5258105008847	0	0	0	0	0	1.5	1.5	1.5	1.5	1.5	1.5
708.815366448234	-0.0252660462594369	6.04737576594138	-294.429539554856	24.4864180430693	0	0	0	0	0	1.5	1.5	1.5	1.5	1.5	1.5
708.985346152419	-0.0364995971860671	6.04212631304057	-294.264362556815	24.4462983140482	0	0	0	0	0	1.5	1.5	1.5	1.5	1.5	1.5
709.155325856603	-0.0477331481126974	6.03496738447632	-294.09943780943	24.4051546147711	0	0	0	0	0	1.5	1.5	1.5	1.5	1.5	1.5
709.325305560787	-0.0589666990393276	6.02589898024862	-293.93485252572	24.3626741949241	0	0	0	0	0	1.5	1.5	1.5	1.5	1.5	1.5
709.495285264971	-0.0702002499659579	6.01492110035747	-293.770701551293	24.3185463452614	0	0	0	0	0	1.5	1.5	1.5	1.5	1.5	1.5
709.665264969155	-0.0814338008925881	6.00203374480287	-293.60708912216	24.272463020363	0	0	0	0	0	1.5	1.5	1.5	1.5	1.5	1.5
709.83524467334	-0.0821642439830343	5.98752283698053	-293.44412908864	24.2241245160674	0	0	0	0	0	1.5	1.5	1.5	1.5	1.5	1.5
710.005224377524	-0.0606069181202878	5.97538873703034	-293.281844825039	24.1735620539516	0	0	0	0	0	1.5	1.5	1.5	1.5	1.5	1.5
710.175204081708	-0.0390495922575701	5.96691894495331	-293.120089546656	24.121330296513	0	0	0	0	0	1.5	1.5	1.5	1.5	1.5	1.5
710.345183785892	-0.017492266394838	5.96211346074943	-292.958684197386	24.0680259165679	0	0	0	0	0	1.5	1.5	1.5	1.5	1.5	1.5
710.515163490077	0.00406505946789412	5.9609722844187	-292.79743790647	24.0142418127287	0	0	0	0	0	1.5	1.5	1.5	1.5	1.5	1.5
710.685143194261	0.0256223853306262	5.96349541596112	-292.63615452447	23.960569150617	0	0	0	0	0	1.5	1.5	1.5	1.5	1.5	1.5
710.855122898445	0.0333038182140432	5.96916737637138	-292.474643077069	23.9075873606562	0	0	0	0	0	1.5	1.5	1.5	1.5	1.5	1.5
711.025102602629	0.0231159508544819	5.97396248419959	-292.312842569838	23.8554947487795	0	0	0	0	0	1.5	1.5	1.5	1.5	1.5	1.5
711.195082306814	0.012928083494907	5.97702586134775	-292.150838535782	23.8040382616387	0	0	0	0	0	1.5	1.5	1.5	1.5	1.5	1.5
711.365062010998	0.00274021613534573	5.97835750781586	-291.988721765333	23.7529378880242	0	0	0	0	0	1.5	1.5	1.5	1.5	1.5	1.5
711.535041715182	-0.00744765122422236	5.97795742360392	-291.826581199981	23.7019130274519	0	0	0	0	0	1.5	1.5	1.5	1.5	1.5	1.5
711.705021419366	-0.0176355185837905	5.97582560871193	-291.664505389047	23.6506829554063	0	0	0	0	0	1.5	1.5	1.5	1.5	1.5	1.5
711.87500112355	-0.0154488400121543	5.97254554847207	-291.502578344909	23.5989847502492	0	0	0	0	0	1.5	1.5	1.5	1.5	1.5	1.5
712.044980827735	-0.00333204393814811	5.97094936392297	-291.34078465158	23.5468705071983	0	0	0	0	0	1.5	1.5	1.5	1.5	1.5	1.5
712.214960531919	0.00878475213585806	5.9714127887862	-291.179020484931	23.4946646307506	0	0	0	0	0	1.5	1.5	1.5	1.5	1.5	1.5
712.384940236103	0.0209015482098642	5.97393582306174	-291.017178584777	23.4427003767677	0	0	0	0	0	1.5	1.5	1.5	1.5	1.5	1.5
712.554919940287	0.0330183442838623	5.9785184667496	-290.855153184626	23.3913114790798	0	0	0	0	0	1.5	1.5	1.5	1.5	1.5	1.5
712.724899644472	0.0451351403578766	5.98516071984979	-290.692842076667	23.3408327937916	0	0	0	0	0	1.5	1.5	1.5	1.5	1.5	1.5
712.894879348656	0.0513512156712741	5.99352468386973	-290.530152389414	23.2915885496994	0	0	0	0	0	1.5	1.5	1.5	1.5	1.5	1.5
713.06485905284	0.0547102939775761	6.00253883588745	-290.367039553304	23.2437648434844	0	0	0	0	0	1.5	1.5	1.5	1.5	1.5	1.5
713.234838757024	0.0580693722838781	6.01212396304201	-290.203489105961	23.1974600944418	0	0	0	0	0	1.5	1.5	1.5	1.5	1.5	1.5
713.404818461208	0.06142845059018	6.0222800653334	-290.039489653942	23.1527719393207	0	0	0	0	0	1.5	1.5	1.5	1.5	1.5	1.5
713.574798165393	0.064787528896482	6.03300714276164	-289.875032616807	23.1097986255282	0	0	0	0	0	1.5	1.5	1.5	1.5	1.5	1.5
713.744777869577	0.068146607202784	6.04430519532671	-289.710112401538	23.0686389963071	0	0	0	0	0	1.5	1.5	1.5	1.5	1.5	1.5
713.914757573761	0.0603156306350128	6.05542298331428	-289.544734230859	23.0293597270236	0	0	0	0	0	1.5	1.5	1.5	1.5	1.5	1.5
714.084737277945	0.0495085220501489	6.06475692180713	-289.378961933552	22.9917773458375	0	0	0	0	0	1.5	1.5	1.5	1.5	1.5	1.5
714.25471698213	0.0387014134652777	6.07225387117964	-289.212879023539	22.9555912798073	0	0	0	0	0	1.5	1.5	1.5	1.5	1.5	1.5
714.424696686314	0.0278943048804066	6.07791383143181	-289.04656149305	22.9204985224577	0	0	0	0	0	1.5	1.5	1.5	1.5	1.5	1.5
714.594676390498	0.0170871962955355	6.08173680256364	-288.880079320773	22.8861947205799	0	0	0	0	0	1.5	1.5	1.5	1.5	1.5	1.5
714.764656094682	0.00628008771066435	6.08372278457512	-288.713498142201	22.8523745912424	0	0	0	0	0	1.5	1.5	1.5	1.5	1.5	1.5
714.934635798867	0.0077170538654209	6.08481643897509	-288.546871326578	22.8187799294016	0	0	0	0	0	1.5	1.5	1.5	1.5	1.5	1.5
715.104615503051	0.0103977974506008	6.08635601750911	-288.380200585052	22.7854039194793	0	0	0	0	0	1.5	1.5	1.5	1.5	1.5	1.5
715.274595207235	0.0130785410357789	6.08835126804473	-288.213471125821	22.7523225400441	0	0	0	0	0	1.5	1.5	1.5	1.5	1.5	1.5
715.444574911419	0.0157592846209606	6.09080219058196	-288.04666854996	22.7196118988266	0	0	0	0	0	1.5	1.5	1.5	1.5	1.5	1.5
715.614554615603	0.0184400282061387	6.09370878512078	-287.879778965736	22.6873482015421	0	0	0	0	0	1.5	1.5	1.5	1.5	1.5	1.5
715.784534319788	0.0207354010890758	6.09707022558264	-287.71278909327	22.6556077683178	0	0	0	0	0	1.5	1.5	1.5	1.5	1.5	1.5
715.954514023972	0.00813685717278346	6.09952407454188	-287.545700852757	22.6243891034684	0	0	0	0	0	1.5	1.5	1.5	1.5	1.5	1.5
716.124493728156	-0.0044616867435089	6.09983642673307	-287.378569552271	22.5934015605956	0	0	0	0	0	1.5	1.5	1.5	1.5	1.5	1.5
716.29447343234	-0.0170602306598013	6.09800728215623	-287.211461823297	22.5622872791172	0	0	0	0	0	1.5	1.5	1.5	1.5	1.5	1.5
716.464453136525	-0.0296587745760936	6.09403664081134	-287.04444511135	22.5306885509755	0	0	0	0	0	1.5	1.5	1.5	1.5	1.5	1.5
716.634432840709	-0.042257318492386	6.08792450269841	-286.877589972756	22.4982482608105	0	0	0	0	0	1.5	1.5	1.5	1.5	1.5	1.5
716.804412544893	-0.0533572759415592	6.07968943770451	-286.710972334034	22.4646105096713	0	0	0	0	0	1.5	1.5	1.5	1.5	1.5	1.5
716.974392249077	-0.055677516687312	6.07042258680608	-286.544660373756	22.4294932072053	0	0	0	0	0	1.5	1.5	1.5	1.5	1.5	1.5
717.144371953261	-0.0579977574330616	6.06076134207206	-286.378688260049	22.3928035279891	0	0	0	0	0	1.5	1.5	1.5	1.5	1.5	1.5
717.314351657446	-0.0603179981788128	6.05070570350244	-286.213085962456	22.3544794441958	0	0	0	0	0	1.5	1.5	1.5	1.5	1.5	1.5
717.48433136163	-0.0626382389245639	6.04025567109722	-286.047885348206	22.3144595248306	0	0	0	0	0	1.5	1.5	1.5	1.5	1.5	1.5
717.654311065814	-0.0649584796703151	6.0294112448564	-285.883120248593	22.2726829928714	0	0	0	0	0	1.5	1.5	1.5	1.5	1.5	1.5
717.824290769998	-0.0602763332495868	6.01832889256972	-285.718825915014	22.2290920361322	0	0	0	0	0	1.5	1.5	1.5	1.5	1.5	1.5
717.994270474183	-0.0359626985320518	6.01014955149311	-285.554972754547	22.183869476812	0	0	0	0	0	1.5	1.5	1.5	1.5	1.5	1.5
718.164250178367	-0.0116490638144843	6.00610303485343	-285.391398751674	22.1376460486831	0	0	0	0	0	1.5	1.5	1.5	1.5	1.5	1.5
718.334229882551	0.0126645709030508	6.00618934265069	-285.227916485136	22.0910987860488	0	0	0	0	0	1.5	1.5	1.5	1.5	1.5	1.5
718.504209586735	0.036978205620602	6.01040847488488	-285.064334515541	22.0449035967771	0	0	0	0	0	1.5	1.5	1.5	1.5	1.5	1.5
718.67418929092	0.0612918403381533	6.018760431556	-284.900465772085	21.9997376127395	0	0	0	0	0	1.5	1.5	1.5	1.5	1.5	1.5
718.844168995104	0.0720643549787808	6.03080794747537	-284.736138324298	21.9562723371956	0	0	0	0	0	1.5	1.5	1.5	1.5	1.5	1.5
719.014148699288	0.0607385105815865	6.04209484337675	-284.571300622371	21.9147834835538	0	0	0	0	0	1.5	1.5	1.5	1.5	1.5	1.5
719.184128403472	0.0494126661843921	6.05145657559787	-284.406043095449	21.8749985811269	0	0	0	0	0	1.5	1.5	1.5	1.5	1.5	1.5
719.354108107657	0.0380868217871977	6.05889314413871	-284.240457019028	21.8366030367681	0	0	0	0	0	1.5	1.5	1.5	1.5	1.5	1.5
719.524087811841	0.0267609773900109	6.06440454899928	-284.074625669918	21.799280252826	0	0	0	0	0	1.5	1.5	1.5	1.5	1.5	1.5
719.694067516025	0.015435132992809	6.06799079017958	-283.908626141186	21.7627121631837	0	0	0	0	0	1.5	1.5	1.5	1.5	1.5	1.5
719.864047220209	0.0111424709824016	6.06994896818125	-283.742529398541	21.7265878867194	0	0	0	0	0	1.5	1.5	1.5	1.5	1.5	1.5
720.034026924393	0.0139669852521596	6.07208301715273	-283.576362715269	21.6907867382728	0	0	0	0	0	1.5	1.5	1.5	1.5	1.5	1.5
720.204006628578	0.0167914995219177	6.07469717622426	-283.410111520505	21.6553801907037	0	0	0	0	0	1.5	1.5	1.5	1.5	1.5	1.5
720.373986332762	0.0196160137916757	6.07779144539583	-283.243759964192	21.6204483072072	0	0	0	0	0	1.5	1.5	1.5	1.5	1.5	1.5
720.543966036946	0.0224405280614338	6.08136582466743	-283.077292880802	21.5860712914734	0	0	0	0	0	1.5	1.5	1.5	1.5	1.5	1.5
720.71394574113	0.0252650423311899	6.08542031403906	-282.910695905324	21.552329507196	0	0	0	0	0	1.5	1.5	1.5	1.5	1.5	1.5
720.883925445315	0.0233765745679803	6.08970892975101	-282.743957239928	21.5192950972086	0	0	0	0	0	1.5	1.5	1.5	1.5	1.5	1.5
721.053905149499	0.0185265514440151	6.09327027023297	-282.577088990168	21.4869213965959	0	0	0	0	0	1.5	1.5	1.5	1.5	1.5	1.5
721.223884853683	0.0136765283200468	6.09600720521903	-282.410119582633	21.4550733398512	0	0	0	0	0	1.5	1.5	1.5	1.5	1.5	1.5
721.393864557867	0.00882650519607842	6.09791973470919	-282.243076561464	21.4236135229556	0	0	0	0	0	1.5	1.5	1.5	1.5	1.5	1.5
721.563844262051	0.00397648207211006	6.09900785870345	-282.075986511091	21.3924043572682	0	0	0	0	0	1.5	1.5	1.5	1.5	1.5	1.5
721.733823966236	-0.000873541051858297	6.09927157720181	-281.908875396191	21.3613081369723	0	0	0	0	0	1.5	1.5	1.5	1.5	1.5	1.5
721.90380367042	0.00158344421149407	6.09916489651145	-281.74176545798	21.3302055917394	0	0	0	0	0	1.5	1.5	1.5	1.5	1.5	1.5
722.073783374604	0.00672845792085433	6.09987132384428	-281.574646986784	21.2991489469194	0	0	0	0	0	1.5	1.5	1.5	1.5	1.5	1.5
722.243763078788	0.0118734716302111	6.10145229908545	-281.407493119304	21.2682834585526	0	0	0	0	0	1.5	1.5	1.5	1.5	1.5	1.5
722.413742782973	0.0170184853395748	6.10390782223497	-281.240277322651	21.2377553954674	0	0	0	0	0	1.5	1.5	1.5	1.5	1.5	1.5
722.583722487157	0.0221634990489317	6.10723789329282	-281.072973949554	21.2077111871464	0	0	0	0	0	1.5	1.5	1.5	1.5	1.5	1.5
722.753702191341	0.0273085127582919	6.11144251225902	-280.90555862305	21.1782974881439	0	0	0	0	0	1.5	1.5	1.5	1.5	1.5	1.5
722.923681895525	0.00468622978164717	6.11452046379215	-280.738024738065	21.1495664441753	0	0	0	0	0	1.5	1.5	1.5	1.5	1.5	1.5
723.09366159971	-0.022913413929126	6.1129713381074	-280.570468062067	21.1209683060964	0	0	0	0	0	1.5	1.5	1.5	1.5	1.5	1.5
723.263641303894	-0.0505130576398993	6.1067308331491	-280.403024296089	21.0917178288479	0	0	0	0	0	1.5	1.5	1.5	1.5	1.5	1.5
723.433621008078	-0.0781127013506725	6.09579894891726	-280.235838410672	21.0610308458091	0	0	0	0	0	1.5	1.5	1.5	1.5	1.5	1.5
723.603600712262	-0.105712345061446	6.08017568541186	-280.069075564301	21.0281269809103	0	0	0	0	0	1.5	1.5	1.5	1.5	1.5	1.5
723.773580416446	-0.1333119887722	6.05986104263294	-279.90293202298	20.9922322877463	0	0	0	0	0	1.5	1.5	1.5	1.5	1.5	1.5
723.943560120631	-0.0870373974100735	6.04091123045703	-279.737567196036	20.9529041074155	0	0	0	0	0	1.5	1.5	1.5	1.5	1.5	1.5
724.113539824815	-0.0380505538820813	6.0302800239782	-279.572800593937	20.9111334029097	0	0	0	0	0	1.5	1.5	1.5	1.5	1.5	1.5
724.283519528999	0.010936289645911	6.02797558667118	-279.408306863435	20.8682977064441	0	0	0	0	0	1.5	1.5	1.5	1.5	1.5	1.5
724.453499233183	0.0599231331739032	6.03399791853597	-279.243734000199	20.8257679237894	0	0	0	0	0	1.5	1.5	1.5	1.5	1.5	1.5
724.623478937368	0.108909976701895	6.04834701957257	-279.078737651447	20.7849168992646	0	0	0	0	0	1.5	1.5	1.5	1.5	1.5	1.5
724.793458641552	0.151248533213086	6.07097623945044	-278.913015539266	20.7471274642177	0	0	0	0	0	1.5	1.5	1.5	1.5	1.5	1.5
724.963438345736	0.119710166219511	6.09400497923827	-278.74643617499	20.713317152003	0	0	0	0	0	1.5	1.5	1.5	1.5	1.5	1.5
725.13341804992	0.0881717992258936	6.11167283673411	-278.579201840853	20.6829029351756	0	0	0	0	0	1.5	1.5	1.5	1.5	1.5	1.5
725.303397754104	0.0566334322323187	6.1239798119379	-278.411529352592	20.6549982638713	0	0	0	0	0	1.5	1.5	1.5	1.5	1.5	1.5
725.473377458289	0.0250950652387227	6.13092590484967	-278.24359529008	20.628708852323	0	0	0	0	0	1.5	1.5	1.5	1.5	1.5	1.5
725.643357162473	-0.00644330175487332	6.13251111546942	-278.075550294052	20.6031359772206	0	0	0	0	0	1.5	1.5	1.5	1.5	1.5	1.5
725.813336866657	-0.0305587587987439	6.12886117817002	-277.90753327127	20.5773804851254	0	0	0	0	0	1.5	1.5	1.5	1.5	1.5	1.5
725.983316570841	-0.0248526867607314	6.12415176760771	-277.739637954893	20.5508435460626	0	0	0	0	0	1.5	1.5	1.5	1.5	1.5	1.5
726.153296275026	-0.0191466147227188	6.12041227348248	-277.571856183055	20.5235975708341	0	0	0	0	0	1.5	1.5	1.5	1.5	1.5	1.5
726.32327597921	-0.0134405426847063	6.11764269579432	-277.404163928525	20.495805681754	0	0	0	0	0	1.5	1.5	1.5	1.5	1.5	1.5
726.493255683394	-0.00773447064669758	6.11584303454323	-277.236535574511	20.4676307473455	0	0	0	0	0	1.5	1.5	1.5	1.5	1.5	1.5
726.663235387578	-0.00202839860868124	6.11501328972922	-277.068944389216	20.4392354528277	0	0	0	0	0	1.5	1.5	1.5	1.5	1.5	1.5
726.833215091763	0.00247761295123882	6.11512115930261	-276.901363096503	20.4107818045312	0	0	0	0	0	1.5	1.5	1.5	1.5	1.5	1.5
727.003194795947	0.00439452223941671	6.11570522105602	-276.733770809873	20.3823929956277	0	0	0	0	0	1.5	1.5	1.5	1.5	1.5	1.5
727.173174500131	0.00631143152759332	6.11661511848319	-276.56615736754	20.3541293832235	0	0	0	0	0	1.5	1.5	1.5	1.5	1.5	1.5
727.343154204315	0.00822834081577249	6.1178508515841	-276.398513704917	20.326045606127	0	0	0	0	0	1.5	1.5	1.5	1.5	1.5	1.5
727.5131339085	0.0101452501039504	6.11941242035877	-276.230830933248	20.2981963324468	0	0	0	0	0	1.5	1.5	1.5	1.5	1.5	1.5
727.683113612684	0.012062159392127	6.12129982480719	-276.06310039309	20.2706362680181	0	0	0	0	0	1.5	1.5	1.5	1.5	1.5	1.5
727.853093316868	0.0122892191346976	6.12345071129566	-275.895313952141	20.2434186501803	0	0	0	0	0	1.5	1.5	1.5	1.5	1.5	1.5
728.023073021052	0.0103138725324375	6.12537174471327	-275.727471551566	20.2165482293845	0	0	0	0	0	1.5	1.5	1.5	1.5	1.5	1.5
728.193052725236	0.00833852593017613	6.12695700929977	-275.559582292863	20.1899721011648	0	0	0	0	0	1.5	1.5	1.5	1.5	1.5	1.5
728.363032429421	0.00636317932791475	6.12820650505516	-275.391655527677	20.1636339614223	0	0	0	0	0	1.5	1.5	1.5	1.5	1.5	1.5
728.533012133605	0.00438783272565338	6.12912023197943	-275.22370036801	20.1374774677524	0	0	0	0	0	1.5	1.5	1.5	1.5	1.5	1.5
728.702991837789	0.00241248612339333	6.12969819007259	-275.05572574293	20.1114462489005	0	0	0	0	0	1.5	1.5	1.5	1.5	1.5	1.5
728.872971541973	-0.00140007991575108	6.12985423238093	-274.887740866504	20.0854812525398	0	0	0	0	0	1.5	1.5	1.5	1.5	1.5	1.5
729.042951246158	-0.00670546468748203	6.12916534334397	-274.719762398295	20.059474851841	0	0	0	0	0	1.5	1.5	1.5	1.5	1.5	1.5
729.212930950342	-0.0120108494592094	6.12757464657293	-274.551813695489	20.0332770096548	0	0	0	0	0	1.5	1.5	1.5	1.5	1.5	1.5
729.382910654526	-0.0173162342309439	6.12508214206781	-274.383918853952	20.0067363421989	0	0	0	0	0	1.5	1.5	1.5	1.5	1.5	1.5
729.55289035871	-0.0226216190026713	6.12168782982861	-274.216102896737	19.979701613325	0	0	0	0	0	1.5	1.5	1.5	1.5	1.5	1.5
729.722870062894	-0.0279270037744023	6.11739170985533	-274.04839218274	19.952021805283	0	0	0	0	0	1.5	1.5	1.5	1.5	1.5	1.5
729.892849767079	-0.0291340427917305	6.11242686145787	-273.880813319306	19.9235549051751	0	0	0	0	0	1.5	1.5	1.5	1.5	1.5	1.5
730.062829471263	-0.0283147879492297	6.10754429383033	-273.713377292331	19.8942595249101	0	0	0	0	0	1.5	1.5	1.5	1.5	1.5	1.5
730.232809175447	-0.0274955331067288	6.10280098289857	-273.546084191626	19.864158625948	0	0	0	0	0	1.5	1.5	1.5	1.5	1.5	1.5
730.402788879631	-0.0266762782642285	6.0981969286626	-273.378933590505	19.8332761820574	0	0	0	0	0	1.5	1.5	1.5	1.5	1.5	1.5
730.572768583816	-0.025857023421727	6.09373213112239	-273.211924732659	19.801636124573	0	0	0	0	0	1.5	1.5	1.5	1.5	1.5	1.5
730.742748288	-0.0250377685792267	6.08940659027798	-273.045056542356	19.7692623412169	0	0	0	0	0	1.5	1.5	1.5	1.5	1.5	1.5
730.912727992184	-0.0121399932875504	6.08602753347779	-272.878320598341	19.7362139456902	0	0	0	0	0	1.5	1.5	1.5	1.5	1.5	1.5
731.082707696368	0.00403952569776014	6.08533907593546	-272.711652987032	19.7028222441716	0	0	0	0	0	1.5	1.5	1.5	1.5	1.5	1.5
731.252687400553	0.0202190446830707	6.08740080824409	-272.544962513255	19.6695449959625	0	0	0	0	0	1.5	1.5	1.5	1.5	1.5	1.5
731.422667104737	0.0363985636683704	6.09221273040368	-272.378158787392	19.6368408552648	0	0	0	0	0	1.5	1.5	1.5	1.5	1.5	1.5
731.592646808921	0.0525780826536918	6.09977484241425	-272.211156151095	19.6051693963136	0	0	0	0	0	1.5	1.5	1.5	1.5	1.5	1.5
731.762626513105	0.0687576016390023	6.11008714427579	-272.043877476331	19.5749917812425	0	0	0	0	0	1.5	1.5	1.5	1.5	1.5	1.5
731.932606217289	0.0578560879362443	6.12106496241781	-271.876275432981	19.5466657588545	0	0	0	0	0	1.5	1.5	1.5	1.5	1.5	1.5
732.102585921474	0.0441364146642979	6.12973329012834	-271.708402629251	19.5199891686323	0	0	0	0	0	1.5	1.5	1.5	1.5	1.5	1.5
732.272565625658	0.0304167413923698	6.13606955183459	-271.540334171008	19.4945727115016	0	0	0	0	0	1.5	1.5	1.5	1.5	1.5	1.5
732.442545329842	0.0166970681204326	6.14007374753658	-271.372136381791	19.4700255178953	0	0	0	0	0	1.5	1.5	1.5	1.5	1.5	1.5
732.612525034026	0.00297739484849535	6.1417458772343	-271.20386950836	19.4459557819223	0	0	0	0	0	1.5	1.5	1.5	1.5	1.5	1.5
732.782504738211	-0.0102059754231189	6.14108717509914	-271.035590458046	19.4219712078508	0	0	0	0	0	1.5	1.5	1.5	1.5	1.5	1.5
732.952484442395	-0.00411895195383515	6.13986970164015	-270.867340753633	19.3977816814468	0	0	0	0	0	1.5	1.5	1.5	1.5	1.5	1.5
733.122464146579	0.00196807151545674	6.13968689862982	-270.699108016312	19.373474361463	0	0	0	0	0	1.5	1.5	1.5	1.5	1.5	1.5
733.292443850763	0.00805509498474456	6.14053876606817	-270.530867161677	19.3492233228078	0	0	0	0	0	1.5	1.5	1.5	1.5	1.5	1.5
733.462423554947	0.0141421184540283	6.14242530395519	-270.362593280033	19.3252026654738	0	0	0	0	0	1.5	1.5	1.5	1.5	1.5	1.5
733.632403259132	0.0202291419233161	6.14534651229088	-270.194262176916	19.3015865911061	0	0	0	0	0	1.5	1.5	1.5	1.5	1.5	1.5
733.802382963316	0.0254750723823151	6.14929208081124	-270.025850925387	19.2785493923691	0	0	0	0	0	1.5	1.5	1.5	1.5	1.5	1.5
733.9723626675	0.0257305279677944	6.15364403721128	-269.857343830131	19.2562242253824	0	0	0	0	0	1.5	1.5	1.5	1.5	1.5	1.5
734.142342371684	0.0259859835532736	6.15803941587618	-269.688740706677	19.2346362639275	0	0	0	0	0	1.5	1.5	1.5	1.5	1.5	1.5
734.312322075869	0.026241439138753	6.16247821680593	-269.520043875043	19.2137932461181	0	0	0	0	0	1.5	1.5	1.5	1.5	1.5	1.5
734.482301780053	0.0264968947242322	6.16696044000053	-269.351255754118	19.1937029077378	0	0	0	0	0	1.5	1.5	1.5	1.5	1.5	1.5
734.652281484237	0.0267523503097115	6.17148608545998	-269.182378862652	19.1743729814844	0	0	0	0	0	1.5	1.5	1.5	1.5	1.5	1.5
734.822261188421	0.0255715629364471	6.17602282246594	-269.013415872285	19.1558107137996	0	0	0	0	0	1.5	1.5	1.5	1.5	1.5	1.5
734.992240892606	0.0204044188385853	6.17993031435679	-268.844374844611	19.1379727205426	0	0	0	0	0	1.5	1.5	1.5	1.5	1.5	1.5
735.16222059679	0.01523727474072	6.1829594966224	-268.675272922686	19.1207211202832	0	0	0	0	0	1.5	1.5	1.5	1.5	1.5	1.5
735.332200300974	0.0100701306428548	6.18511036926279	-268.506126853816	19.1039075528298	0	0	0	0	0	1.5	1.5	1.5	1.5	1.5	1.5
735.502180005158	0.00490298654498951	6.18638293227794	-268.336952231479	19.0873835381375	0	0	0	0	0	1.5	1.5	1.5	1.5	1.5	1.5
735.672159709342	-0.000264157552872287	6.18677718566786	-268.167763886325	19.0710005196858	0	0	0	0	0	1.5	1.5	1.5	1.5	1.5	1.5
735.842139413527	-0.0050759854553811	6.18630466026719	-267.998576253407	19.0546101528071	0	0	0	0	0	1.5	1.5	1.5	1.5	1.5	1.5
736.012119117711	-0.00931258679095136	6.18508177764016	-267.829402731255	19.0380748688455	0	0	0	0	0	1.5	1.5	1.5	1.5	1.5	1.5
736.182098821895	-0.0135491881265244	6.18313875877136	-267.660255611651	19.0212718139554	0	0	0	0	0	1.5	1.5	1.5	1.5	1.5	1.5
736.352078526079	-0.0177857894620975	6.18047560366079	-267.491147662879	19.0040792458194	0	0	0	0	0	1.5	1.5	1.5	1.5	1.5	1.5
736.522058230264	-0.0220223907976706	6.17709231230846	-267.322092494483	18.9863755091644	0	0	0	0	0	1.5	1.5	1.5	1.5	1.5	1.5
736.692037934448	-0.0262589921332437	6.17298888471436	-267.153104819806	18.9680390678802	0	0	0	0	0	1.5	1.5	1.5	1.5	1.5	1.5
736.862017638632	-0.0268041453019575	6.16832297021676	-266.984200206028	18.9489530002545	0	0	0	0	0	1.5	1.5	1.5	1.5	1.5	1.5
737.031997342816	-0.0236944498330837	6.16403110208537	-266.815383769332	18.9291019001997	0	0	0	0	0	1.5	1.5	1.5	1.5	1.5	1.5
737.201977047	-0.0205847543642139	6.16026781906989	-266.646648623505	18.9085710383901	0	0	0	0	0	1.5	1.5	1.5	1.5	1.5	1.5
737.371956751185	-0.0174750588953422	6.1570331211703	-266.477986321731	18.8874498975442	0	0	0	0	0	1.5	1.5	1.5	1.5	1.5	1.5
737.541936455369	-0.0143653634264704	6.15432700838662	-266.309387480234	18.8658278523833	0	0	0	0	0	1.5	1.5	1.5	1.5	1.5	1.5
737.711916159553	-0.0112556679575986	6.15214948071884	-266.140841920336	18.8437941816612	0	0	0	0	0	1.5	1.5	1.5	1.5	1.5	1.5
737.881895863737	-0.00234190850813391	6.15080628193051	-265.972337393162	18.8214487255855	0	0	0	0	0	1.5	1.5	1.5	1.5	1.5	1.5
738.051875567922	0.0101320552662353	6.15146836535125	-265.803841437573	18.7990386486304	0	0	0	0	0	1.5	1.5	1.5	1.5	1.5	1.5
738.221855272106	0.0226060190406044	6.15425076944437	-265.635307187566	18.7769188026026	0	0	0	0	0	1.5	1.5	1.5	1.5	1.5	1.5
738.39183497629	0.0350799828149652	6.15915349420986	-265.466689299548	18.7554467365687	0	0	0	0	0	1.5	1.5	1.5	1.5	1.5	1.5
738.561814680474	0.0475539465893427	6.16617653964773	-265.297946552294	18.7349805169488	0	0	0	0	0	1.5	1.5	1.5	1.5	1.5	1.5
738.731794384659	0.0600279103637036	6.17531990575796	-265.12904412806	18.7158789606988	0	0	0	0	0	1.5	1.5	1.5	1.5	1.5	1.5
738.901774088843	0.0677526316781435	6.18628532403693	-264.95995713432	18.6984893734194	0	0	0	0	0	1.5	1.5	1.5	1.5	1.5	1.5
739.071753793027	0.0737995945366475	6.19831582680624	-264.790681309156	18.6830476660448	0	0	0	0	0	1.5	1.5	1.5	1.5	1.5	1.5
739.241733497211	0.0798465573951515	6.21137419053344	-264.62122528237	18.6697306015296	0	0	0	0	0	1.5	1.5	1.5	1.5	1.5	1.5
739.411713201396	0.0858935202536555	6.22546041521855	-264.451604322474	18.658714612786	0	0	0	0	0	1.5	1.5	1.5	1.5	1.5	1.5
739.58169290558	0.0919404831121555	6.24057450086155	-264.281840823717	18.6501762131525	0	0	0	0	0	1.5	1.5	1.5	1.5	1.5	1.5
739.751672609764	0.0979874459706635	6.25671644746247	-264.111964850207	18.644291822756	0	0	0	0	0	1.5	1.5	1.5	1.5	1.5	1.5
739.921652313948	0.0775185177563368	6.27196090809607	-263.942015945807	18.641144363403	0	0	0	0	0	1.5	1.5	1.5	1.5	1.5	1.5
740.091632018132	0.0525291385157877	6.28301363916756	-263.772039536172	18.6402359908133	0	0	0	0	0	1.5	1.5	1.5	1.5	1.5	1.5
740.261611722317	0.0275397592752387	6.289818682948	-263.602061254299	18.6408453363435	0	0	0	0	0	1.5	1.5	1.5	1.5	1.5	1.5
740.431591426501	0.00255038003468964	6.29237603943738	-263.43208740565	18.6422503769355	0	0	0	0	0	1.5	1.5	1.5	1.5	1.5	1.5
740.601571130685	-0.0224389992058594	6.29068570863571	-263.262114155993	18.6437291034629	0	0	0	0	0	1.5	1.5	1.5	1.5	1.5	1.5
740.771550834869	-0.0474283784464085	6.28474769054298	-263.092136732097	18.6445595120919	0	0	0	0	0	1.5	1.5	1.5	1.5	1.5	1.5
740.941530539054	-0.0433426352990457	6.27697201874755	-262.922157943057	18.6441527520207	0	0	0	0	0	1.5	1.5	1.5	1.5	1.5	1.5
741.111510243238	-0.0385202912744755	6.27001450072625	-262.752186678233	18.6424937193037	0	0	0	0	0	1.5	1.5	1.5	1.5	1.5	1.5
741.281489947422	-0.0336979472498988	6.2638766833157	-262.582229843599	18.6397218135006	0	0	0	0	0	1.5	1.5	1.5	1.5	1.5	1.5
741.451469651606	-0.0288756032253286	6.25855856651594	-262.412291607872	18.6359764498716	0	0	0	0	0	1.5	1.5	1.5	1.5	1.5	1.5
741.62144935579	-0.0240532592007551	6.25406015032694	-262.242373745339	18.6313970310242	0	0	0	0	0	1.5	1.5	1.5	1.5	1.5	1.5
741.791429059975	-0.0198298843638009	6.25037669748806	-262.07247597958	18.6261229055758	0	0	0	0	0	1.5	1.5	1.5	1.5	1.5	1.5
741.961408764159	-0.0214440252546558	6.24686883401432	-261.902597744408	18.6202530317589	0	0	0	0	0	1.5	1.5	1.5	1.5	1.5	1.5
742.131388468343	-0.0230581661455108	6.24308659934945	-261.732742047855	18.6137639843458	0	0	0	0	0	1.5	1.5	1.5	1.5	1.5	1.5
742.301368172527	-0.0246723070363657	6.23902999349343	-261.562913104407	18.606609253262	0	0	0	0	0	1.5	1.5	1.5	1.5	1.5	1.5
742.471347876712	-0.0262864479272206	6.23469901644628	-261.393115676068	18.5987423607673	0	0	0	0	0	1.5	1.5	1.5	1.5	1.5	1.5
742.641327580896	-0.0279005888180744	6.23009366820799	-261.223355110465	18.5901168676813	0	0	0	0	0	1.5	1.5	1.5	1.5	1.5	1.5
742.81130728508	-0.0289777391131056	6.22522362615707	-261.053637372191	18.5806864964843	0	0	0	0	0	1.5	1.5	1.5	1.5	1.5	1.5
742.981286989264	-0.0280594193549138	6.22037604649512	-260.883967780859	18.5704262318274	0	0	0	0	0	1.5	1.5	1.5	1.5	1.5	1.5
743.151266693449	-0.0271410995967221	6.21568456255401	-260.714349045331	18.5593568417425	0	0	0	0	0	1.5	1.5	1.5	1.5	1.5	1.5
743.321246397633	-0.0262227798385304	6.21114917433374	-260.544783172432	18.547505046327	0	0	0	0	0	1.5	1.5	1.5	1.5	1.5	1.5
743.491226101817	-0.0253044600803386	6.20676988183432	-260.37527180147	18.5348975576092	0	0	0	0	0	1.5	1.5	1.5	1.5	1.5	1.5
743.661205806001	-0.0243861403221469	6.20254668505575	-260.205816216791	18.5215610771413	0	0	0	0	0	1.5	1.5	1.5	1.5	1.5	1.5
743.831185510185	-0.0178317933384145	6.19863800060689	-260.0364171103	18.5075252518215	0	0	0	0	0	1.5	1.5	1.5	1.5	1.5	1.5
744.00116521437	0.000128211116521355	6.19713337577235	-259.867059126266	18.4930005399907	0	0	0	0	0	1.5	1.5	1.5	1.5	1.5	1.5
744.171144918554	0.0180882155714332	6.1986815871822	-259.697700826671	18.4784795191111	0	0	0	0	0	1.5	1.5	1.5	1.5	1.5	1.5
744.341124622738	0.0360482200263571	6.20328263483645	-259.528298813394	18.4644792910139	0	0	0	0	0	1.5	1.5	1.5	1.5	1.5	1.5
744.511104326922	0.0540082244812809	6.2109365187351	-259.358814459097	18.4515173444633	0	0	0	0	0	1.5	1.5	1.5	1.5	1.5	1.5
744.681084031107	0.0719682289362048	6.22164323887814	-259.189218649828	18.4401118664146	0	0	0	0	0	1.5	1.5	1.5	1.5	1.5	1.5
744.851063735291	0.0798501451212437	6.2350184675882	-259.019497021535	18.4307721491192	0	0	0	0	0	1.5	1.5	1.5	1.5	1.5	1.5
745.021043439475	0.0753495302230377	6.24820886504045	-258.849664957023	18.4237187272811	0	0	0	0	0	1.5	1.5	1.5	1.5	1.5	1.5
745.191023143659	0.0708489153248317	6.26063424930366	-258.679756346402	18.4188410110542	0	0	0	0	0	1.5	1.5	1.5	1.5	1.5	1.5
745.361002847843	0.0663483004266287	6.27229462037782	-258.509801185829	18.4160097855086	0	0	0	0	0	1.5	1.5	1.5	1.5	1.5	1.5
745.530982552028	0.0618476855284197	6.28318997826295	-258.339824781749	18.4150954299899	0	0	0	0	0	1.5	1.5	1.5	1.5	1.5	1.5
745.700962256212	0.0573470706302167	6.29332032295903	-258.169848044256	18.4159680293238	0	0	0	0	0	1.5	1.5	1.5	1.5	1.5	1.5
745.870941960396	0.0447786793926511	6.30229338663116	-257.99988755258	18.4184847552185	0	0	0	0	0	1.5	1.5	1.5	1.5	1.5	1.5
746.04092166458	0.0261756954730565	6.30832378845629	-257.829950699523	18.4222897317536	0	0	0	0	0	1.5	1.5	1.5	1.5	1.5	1.5
746.210901368765	0.00757271155346177	6.31119206057782	-257.660032258894	18.4268507797812	0	0	0	0	0	1.5	1.5	1.5	1.5	1.5	1.5
746.380881072949	-0.0110302723661329	6.31089820299575	-257.490119772414	18.4316305458371	0	0	0	0	0	1.5	1.5	1.5	1.5	1.5	1.5
746.550860777133	-0.0296332562857152	6.30744221571009	-257.32019870685	18.4360917287504	0	0	0	0	0	1.5	1.5	1.5	1.5	1.5	1.5
746.720840481317	-0.0482362402053223	6.30082409872082	-257.150257551342	18.4396969526608	0	0	0	0	0	1.5	1.5	1.5	1.5	1.5	1.5
746.890820185502	-0.0519407240356088	6.29192521462106	-256.980293264154	18.4419434456996	0	0	0	0	0	1.5	1.5	1.5	1.5	1.5	1.5
747.060799889686	-0.0491395791870944	6.28333441460074	-256.810315731706	18.4426921725461	0	0	0	0	0	1.5	1.5	1.5	1.5	1.5	1.5
747.23077959387	-0.04633843433858	6.27521975235314	-256.640337818555	18.4420211129345	0	0	0	0	0	1.5	1.5	1.5	1.5	1.5	1.5
747.400759298054	-0.0435372894900656	6.26758122787827	-256.470370410641	18.4400112404535	0	0	0	0	0	1.5	1.5	1.5	1.5	1.5	1.5
747.570739002238	-0.0407361446415512	6.26041884117613	-256.300422480921	18.4367435972781	0	0	0	0	0	1.5	1.5	1.5	1.5	1.5	1.5
747.740718706423	-0.0379349997930368	6.25373259224672	-256.130501204695	18.4322992671437	0	0	0	0	0	1.5	1.5	1.5	1.5	1.5	1.5
747.910698410607	-0.0256520758037705	6.24817906559927	-255.960611037762	18.4267896458202	0	0	0	0	0	1.5	1.5	1.5	1.5	1.5	1.5
748.080678114791	-0.0112135269563204	6.2450458634734	-255.790746345923	18.4205396520407	0	0	0	0	0	1.5	1.5	1.5	1.5	1.5	1.5
748.250657818975	0.003225021891149	6.24436692160947	-255.620893809368	18.4139658929214	0	0	0	0	0	1.5	1.5	1.5	1.5	1.5	1.5
748.42063752316	0.0176635707385991	6.24614224000749	-255.451037713721	18.4074852466779	0	0	0	0	0	1.5	1.5	1.5	1.5	1.5	1.5
748.590617227344	0.0321021195860589	6.25037181866744	-255.281163030211	18.401514616721	0	0	0	0	0	1.5	1.5	1.5	1.5	1.5	1.5
748.760596931528	0.0465406684335186	6.25705565758934	-255.111258485551	18.3964710333456	0	0	0	0	0	1.5	1.5	1.5	1.5	1.5	1.5
748.930576635712	0.0619473045707348	6.2662711807798	-254.941319553549	18.3927758366099	0	0	0	0	0	1.5	1.5	1.5	1.5	1.5	1.5
749.100556339897	0.0774146285743482	6.27811553086507	-254.771351525764	18.3908702373719	0	0	0	0	0	1.5	1.5	1.5	1.5	1.5	1.5
749.270536044081	0.0928819525779513	6.29258901210899	-254.601373628508	18.3912013325149	0	0	0	0	0	1.5	1.5	1.5	1.5	1.5	1.5
749.440515748265	0.108349276581575	6.30969162451158	-254.431422730367	18.3942158834294	0	0	0	0	0	1.5	1.5	1.5	1.5	1.5	1.5
749.610495452449	0.123816600585178	6.32942336807281	-254.261556856252	18.4003597372466	0	0	0	0	0	1.5	1.5	1.5	1.5	1.5	1.5
749.780475156633	0.135136114318622	6.35176042147188	-254.091858673738	18.4100768803213	0	0	0	0	0	1.5	1.5	1.5	1.5	1.5	1.5
749.950454860818	0.0892217258717425	6.37082856112537	-253.922408469326	18.4234503682464	0	0	0	0	0	1.5	1.5	1.5	1.5	1.5	1.5
750.120434565002	0.0433073374248628	6.38209218661285	-253.753178895384	18.4393922384216	0	0	0	0	0	1.5	1.5	1.5	1.5	1.5	1.5
750.290414269186	-0.00260705102201686	6.38555129793434	-253.584070449942	18.4565795087193	0	0	0	0	0	1.5	1.5	1.5	1.5	1.5	1.5
750.46039397337	-0.0485214394688965	6.38120589508982	-253.41495445338	18.4736918327217	0	0	0	0	0	1.5	1.5	1.5	1.5	1.5	1.5
750.630373677555	-0.0944358279157762	6.3690559780793	-253.24570398162	18.4894086952187	0	0	0	0	0	1.5	1.5	1.5	1.5	1.5	1.5
750.800353381739	-0.125778908268396	6.34933302641054	-253.076224969741	18.5024091222597	0	0	0	0	0	1.5	1.5	1.5	1.5	1.5	1.5
750.970333085923	-0.0937369272473614	6.33067640801817	-252.906517677838	18.511984907451	0	0	0	0	0	1.5	1.5	1.5	1.5	1.5	1.5
751.140312790107	-0.0616949462263695	6.31746627608124	-252.736678131133	18.518855631525	0	0	0	0	0	1.5	1.5	1.5	1.5	1.5	1.5
751.310292494292	-0.0296529652053561	6.30970263059973	-252.566775063494	18.5239449463905	0	0	0	0	0	1.5	1.5	1.5	1.5	1.5	1.5
751.480272198476	0.00238901581565734	6.30738547157366	-252.396848113274	18.5281778301828	0	0	0	0	0	1.5	1.5	1.5	1.5	1.5	1.5
751.65025190266	0.0344309968366707	6.31051479900301	-252.226922927291	18.5324797174755	0	0	0	0	0	1.5	1.5	1.5	1.5	1.5	1.5
751.820231606844	0.0588352178014213	6.3188933572991	-252.057026160854	18.5377726162412	0	0	0	0	0	1.5	1.5	1.5	1.5	1.5	1.5
751.990211311028	0.0657427261396685	6.32948121832859	-251.887189430937	18.5447235179622	0	0	0	0	0	1.5	1.5	1.5	1.5	1.5	1.5
752.160191015213	0.0726502344779157	6.34124321558207	-251.717441165254	18.5535718499156	0	0	0	0	0	1.5	1.5	1.5	1.5	1.5	1.5
752.330170719397	0.0795577428161584	6.35417934905952	-251.547815313473	18.5645156731135	0	0	0	0	0	1.5	1.5	1.5	1.5	1.5	1.5
752.500150423581	0.0864652511544056	6.36828961876097	-251.378353187032	18.5777522927894	0	0	0	0	0	1.5	1.5	1.5	1.5	1.5	1.5
752.670130127765	0.0933727594926529	6.38357402468641	-251.209104142623	18.5934780126862	0	0	0	0	0	1.5	1.5	1.5	1.5	1.5	1.5
752.84010983195	0.112530545946826	6.40047919150778	-251.040127504679	18.6118986259193	0	0	0	0	0	1.5	1.5	1.5	1.5	1.5	1.5
753.010089536134	0.147995296180539	6.42262124429636	-250.871538841483	18.6335730482782	0	0	0	0	0	1.5	1.5	1.5	1.5	1.5	1.5
753.180069240318	0.183460046414251	6.45079158483864	-250.70355083124	18.6594808872683	0	0	0	0	0	1.5	1.5	1.5	1.5	1.5	1.5
753.350048944502	0.218924796647963	6.48499021313461	-250.53645490551	18.6906134121628	0	0	0	0	0	1.5	1.5	1.5	1.5	1.5	1.5
753.520028648686	0.254389546881652	6.52521712918424	-250.370636022833	18.7279403526806	0	0	0	0	0	1.5	1.5	1.5	1.5	1.5	1.5
753.690008352871	0.289854297115388	6.57147233298763	-250.20658925617	18.7723993853588	0	0	0	0	0	1.5	1.5	1.5	1.5	1.5	1.5
753.859988057055	0.289772482845296	6.62211197761768	-250.044918591998	18.824834474415	0	0	0	0	0	1.5	1.5	1.5	1.5	1.5	1.5
754.029967761239	0.259908991837352	6.66882932484874	-249.886012340459	18.8851390965182	0	0	0	0	0	1.5	1.5	1.5	1.5	1.5	1.5
754.199947465423	0.230045500829408	6.71047048471235	-249.729921570039	18.952404209408	0	0	0	0	0	1.5	1.5	1.5	1.5	1.5	1.5
754.369927169608	0.200182009821464	6.74703545720853	-249.576577184853	19.0257211877265	0	0	0	0	0	1.5	1.5	1.5	1.5	1.5	1.5
754.539906873792	0.17031851881352	6.77852424233727	-249.425813660606	19.1042136793343	0	0	0	0	0	1.5	1.5	1.5	1.5	1.5	1.5
754.709886577976	0.140455027805576	6.80493684009857	-249.277383589142	19.187038391902	0	0	0	0	0	1.5	1.5	1.5	1.5	1.5	1.5
754.87986628216	0.137367552285494	6.82777409739601	-249.131000400186	19.273431824075	0	0	0	0	0	1.5	1.5	1.5	1.5	1.5	1.5
755.049845986345	0.148103738513887	6.85203626017758	-248.986678719085	19.3632256699655	0	0	0	0	0	1.5	1.5	1.5	1.5	1.5	1.5
755.219825690529	0.158839924742295	6.87812335671835	-248.844663600107	19.4566235669018	0	0	0	0	0	1.5	1.5	1.5	1.5	1.5	1.5
755.389805394713	0.169576110970688	6.90603538701826	-248.705222209432	19.5538209047077	0	0	0	0	0	1.5	1.5	1.5	1.5	1.5	1.5
755.559785098897	0.180312297199088	6.93577235107736	-248.568640617442	19.6549961948913	0	0	0	0	0	1.5	1.5	1.5	1.5	1.5	1.5
755.729764803081	0.191048483427488	6.96733424889563	-248.435224273398	19.760308969167	0	0	0	0	0	1.5	1.5	1.5	1.5	1.5	1.5
755.899744507266	0.183370122164169	6.99950756498951	-248.305263504002	19.8698571155342	0	0	0	0	0	1.5	1.5	1.5	1.5	1.5	1.5
756.06972421145	0.170357388973917	7.02957081384205	-248.178778255809	19.9834018448884	0	0	0	0	0	1.5	1.5	1.5	1.5	1.5	1.5
756.239703915634	0.157344655783672	7.05742216215627	-248.055632866238	20.100561757066	0	0	0	0	0	1.5	1.5	1.5	1.5	1.5	1.5
756.409683619818	0.144331922593411	7.08306160993221	-247.935664041444	20.2209735419346	0	0	0	0	0	1.5	1.5	1.5	1.5	1.5	1.5
756.579663324003	0.131319189403167	7.10648915716981	-247.818684615853	20.3442926083957	0	0	0	0	0	1.5	1.5	1.5	1.5	1.5	1.5
756.749643028187	0.118306456212914	7.12770480386912	-247.704486311783	20.4701924227767	0	0	0	0	0	1.5	1.5	1.5	1.5	1.5	1.5
756.919622732371	0.1452803044248	7.1497550377786	-247.592959619679	20.598464510383	0	0	0	0	0	1.5	1.5	1.5	1.5	1.5	1.5
757.089602436555	0.176873870126355	7.17713487342457	-247.484635630338	20.7294500327379	0	0	0	0	0	1.5	1.5	1.5	1.5	1.5	1.5
757.25958214074	0.208467435827909	7.2098849740226	-247.380299480292	20.8636308215126	0	0	0	0	0	1.5	1.5	1.5	1.5	1.5	1.5
757.429561844924	0.240061001529464	7.24800533957272	-247.280784138846	21.0014215933377	0	0	0	0	0	1.5	1.5	1.5	1.5	1.5	1.5
757.599541549108	0.271654567231018	7.29149597007491	-247.186974410368	21.1431547217493	0	0	0	0	0	1.5	1.5	1.5	1.5	1.5	1.5
757.769521253292	0.303128120940809	7.34035683182882	-247.099808785356	21.2890639562071	0	0	0	0	0	1.5	1.5	1.5	1.5	1.5	1.5
757.939500957477	0.298398631426866	7.39148050154204	-247.02012133688	21.4391862993938	0	0	0	0	0	1.5	1.5	1.5	1.5	1.5	1.5
758.109480661661	0.293669141912929	7.44180025402666	-246.948147325064	21.5931562487851	0	0	0	0	0	1.5	1.5	1.5	1.5	1.5	1.5
758.279460365845	0.288939652398989	7.4913160892828	-246.88394540051	21.7505262261938	0	0	0	0	0	1.5	1.5	1.5	1.5	1.5	1.5
758.449440070029	0.284210162885049	7.54002800731042	-246.827546650605	21.9108589053893	0	0	0	0	0	1.5	1.5	1.5	1.5	1.5	1.5
758.619419774213	0.279480673371109	7.58793600810951	-246.778956196497	22.0737286133481	0	0	0	0	0	1.5	1.5	1.5	1.5	1.5	1.5
758.789399478398	0.277082621768298	7.63506691913421	-246.738155018334	22.2387226138758	0	0	0	0	0	1.5	1.5	1.5	1.5	1.5	1.5
758.959379182582	0.289573218451286	7.68322691518157	-246.705219880072	22.4054643070244	0	0	0	0	0	1.5	1.5	1.5	1.5	1.5	1.5
759.129358886766	0.302063815134291	7.73351005915827	-246.680528819978	22.5736230533185	0	0	0	0	0	1.5	1.5	1.5	1.5	1.5	1.5
759.29933859095	0.314554411817279	7.78591635106415	-246.664500714777	22.7428258529065	0	0	0	0	0	1.5	1.5	1.5	1.5	1.5	1.5
759.469318295134	0.327045008500276	7.84044579089933	-246.657538183186	22.9126418243125	0	0	0	0	0	1.5	1.5	1.5	1.5	1.5	1.5
759.639297999319	0.339535605183273	7.89709837866377	-246.660021763113	23.0825806502854	0	0	0	0	0	1.5	1.5	1.5	1.5	1.5	1.5
759.809277703503	0.340889135973465	7.955634728529	-246.672300101415	23.2520918747014	0	0	0	0	0	1.5	1.5	1.5	1.5	1.5	1.5
759.979257407687	0.309343494175622	8.01089790359081	-246.694287228932	23.4206217305569	0	0	0	0	0	1.5	1.5	1.5	1.5	1.5	1.5
760.149237111871	0.277797852377736	8.06079895979158	-246.725102264295	23.5877669882765	0	0	0	0	0	1.5	1.5	1.5	1.5	1.5	1.5
760.319216816056	0.246252210579872	8.10533789713121	-246.763773432623	23.7532748836352	0	0	0	0	0	1.5	1.5	1.5	1.5	1.5	1.5
760.48919652024	0.214706568782029	8.14451471560972	-246.8093373665	23.9170226509985	0	0	0	0	0	1.5	1.5	1.5	1.5	1.5	1.5
760.659176224424	0.183160926984143	8.17832941522717	-246.860846571585	24.079001499818	0	0	0	0	0	1.5	1.5	1.5	1.5	1.5	1.5
760.829155928608	0.165524786241848	8.20721499952443	-246.917382217009	24.239297585984	0	0	0	0	0	1.5	1.5	1.5	1.5	1.5	1.5
760.999135632793	0.171954227216698	8.23589729096247	-246.97844839697	24.3979230590522	0	0	0	0	0	1.5	1.5	1.5	1.5	1.5	1.5
761.169115336977	0.178383668191549	8.26567245687548	-247.044124079738	24.554695728607	0	0	0	0	0	1.5	1.5	1.5	1.5	1.5	1.5
761.339095041161	0.1848131091664	8.29654049726347	-247.114522249593	24.7094048212355	0	0	0	0	0	1.5	1.5	1.5	1.5	1.5	1.5
761.509074745345	0.191242550141251	8.32850141212643	-247.189744776159	24.8618259872263	0	0	0	0	0	1.5	1.5	1.5	1.5	1.5	1.5
761.67905444953	0.197671991116102	8.36155520146437	-247.269881259994	25.0117213281728	0	0	0	0	0	1.5	1.5	1.5	1.5	1.5	1.5
761.849034153714	0.20077381262489	8.39556566935636	-247.355004629136	25.1588414181446	0	0	0	0	0	1.5	1.5	1.5	1.5	1.5	1.5
762.019013857898	0.200293377101895	8.42965231049022	-247.445094353311	25.3029738016278	0	0	0	0	0	1.5	1.5	1.5	1.5	1.5	1.5
762.188993562082	0.1998129415789	8.46365728733602	-247.540038047924	25.4439561076497	0	0	0	0	0	1.5	1.5	1.5	1.5	1.5	1.5
762.358973266266	0.199332506055905	8.49758059989374	-247.639714431954	25.5816330758775	0	0	0	0	0	1.5	1.5	1.5	1.5	1.5	1.5
762.528952970451	0.19885207053291	8.53142224816339	-247.743997574813	25.7158544175207	0	0	0	0	0	1.5	1.5	1.5	1.5	1.5	1.5
762.698932674635	0.198371635009915	8.56518223214494	-247.85275710393	25.8464749387064	0	0	0	0	0	1.5	1.5	1.5	1.5	1.5	1.5
762.868912378819	0.196728815624455	8.59879986960864	-247.965856854673	25.9733560788959	0	0	0	0	0	1.5	1.5	1.5	1.5	1.5	1.5
763.038892083003	0.194356016062435	8.63203811160918	-248.083135226702	26.0963854385429	0	0	0	0	0	1.5	1.5	1.5	1.5	1.5	1.5
763.208871787187	0.191983216500417	8.66487302584206	-248.204413469255	26.2154740270989	0	0	0	0	0	1.5	1.5	1.5	1.5	1.5	1.5
763.378851491372	0.189610416938395	8.69730461230734	-248.329512836389	26.3305423362054	0	0	0	0	0	1.5	1.5	1.5	1.5	1.5	1.5
763.548831195556	0.187237617376377	8.72933287100494	-248.458255374663	26.4415197611621	0	0	0	0	0	1.5	1.5	1.5	1.5	1.5	1.5
763.71881089974	0.184864817814357	8.76095780193491	-248.590464293424	26.5483443539399	0	0	0	0	0	1.5	1.5	1.5	1.5	1.5	1.5
763.888790603924	0.175283573127847	8.79173612520115	-248.725953484365	26.6509771605725	0	0	0	0	0	1.5	1.5	1.5	1.5	1.5	1.5
764.058770308109	0.162948184170264	8.82048239222677	-248.864440119839	26.7495294911501	0	0	0	0	0	1.5	1.5	1.5	1.5	1.5	1.5
764.228750012293	0.150612795212689	8.84713189348637	-249.005603662302	26.8442091827302	0	0	0	0	0	1.5	1.5	1.5	1.5	1.5	1.5
764.398729716477	0.138277406255098	8.87168462898	-249.149145230084	26.9352447061297	0	0	0	0	0	1.5	1.5	1.5	1.5	1.5	1.5
764.568709420661	0.125942017297515	8.8941405987076	-249.294787281743	27.0228819031724	0	0	0	0	0	1.5	1.5	1.5	1.5	1.5	1.5
764.738689124846	0.11360662833994	8.91449980266918	-249.442272471178	27.1073817289711	0	0	0	0	0	1.5	1.5	1.5	1.5	1.5	1.5
764.90866882903	0.120726889722748	8.93415047317594	-249.591393711064	27.1889600911018	0	0	0	0	0	1.5	1.5	1.5	1.5	1.5	1.5
765.078648533214	0.131565256768343	8.95559274539021	-249.742157256791	27.2674607024203	0	0	0	0	0	1.5	1.5	1.5	1.5	1.5	1.5
765.248628237398	0.142403623813946	8.97887732002874	-249.894637976496	27.3425701187578	0	0	0	0	0	1.5	1.5	1.5	1.5	1.5	1.5
765.418607941582	0.153241990859542	9.00400419709151	-250.048891354994	27.4139667208487	0	0	0	0	0	1.5	1.5	1.5	1.5	1.5	1.5
765.588587645767	0.164080357905152	9.03097337657856	-250.204951312308	27.48132129169	0	0	0	0	0	1.5	1.5	1.5	1.5	1.5	1.5
765.758567349951	0.174918724950748	9.05978485848983	-250.362828198019	27.5442973984911	0	0	0	0	0	1.5	1.5	1.5	1.5	1.5	1.5
765.928547054135	0.162054122024909	9.08849640798455	-250.522471119065	27.6026519376606	0	0	0	0	0	1.5	1.5	1.5	1.5	1.5	1.5
766.09852675832	0.148307452104762	9.11487399226493	-250.683661565711	27.6565876800009	0	0	0	0	0	1.5	1.5	1.5	1.5	1.5	1.5
766.268506462504	0.134560782184634	9.13891492165873	-250.846161129903	27.706443468796	0	0	0	0	0	1.5	1.5	1.5	1.5	1.5	1.5
766.438486166688	0.120814112264497	9.160619196166	-251.009759150449	27.7525699586988	0	0	0	0	0	1.5	1.5	1.5	1.5	1.5	1.5
766.608465870872	0.10706744234436	9.17998681578673	-251.174270517922	27.7953274894699	0	0	0	0	0	1.5	1.5	1.5	1.5	1.5	1.5
766.778445575056	0.0934374907194611	9.19701858203501	-251.33953334221	27.835084251676	0	0	0	0	0	1.5	1.5	1.5	1.5	1.5	1.5
766.94842527924	0.0811353747951296	9.21185550405438	-251.505408395585	27.8722061630046	0	0	0	0	0	1.5	1.5	1.5	1.5	1.5	1.5
767.118404983425	0.0688332588707816	9.22460131604812	-251.671780019848	27.907037056578	0	0	0	0	0	1.5	1.5	1.5	1.5	1.5	1.5
767.288384687609	0.0565311429464502	9.23525601801617	-251.838548117558	27.9399190867945	0	0	0	0	0	1.5	1.5	1.5	1.5	1.5	1.5
767.458364391793	0.0442290270221104	9.24381960995858	-252.005624759164	27.971197176827	0	0	0	0	0	1.5	1.5	1.5	1.5	1.5	1.5
767.628344095978	0.0319269110977625	9.25029209187533	-252.172932045938	28.0012183457476	0	0	0	0	0	1.5	1.5	1.5	1.5	1.5	1.5
767.798323800162	0.020878124735973	9.25469456989582	-252.3403999894	28.0303309066425	0	0	0	0	0	1.5	1.5	1.5	1.5	1.5	1.5
767.968303504346	0.0149014240998489	9.2577354684593	-252.507972898771	28.058833495536	0	0	0	0	0	1.5	1.5	1.5	1.5	1.5	1.5
768.13828320853	0.00892472346372486	9.25976044921665	-252.675617501795	28.0869115474042	0	0	0	0	0	1.5	1.5	1.5	1.5	1.5	1.5
768.308262912714	0.00294802282760081	9.26076951216788	-252.843304528453	28.1147352501089	0	0	0	0	0	1.5	1.5	1.5	1.5	1.5	1.5
768.478242616899	-0.00302867780851925	9.26076265731298	-253.011005483741	28.1424749218528	0	0	0	0	0	1.5	1.5	1.5	1.5	1.5	1.5
768.648222321083	-0.0090053784446433	9.25973988465196	-253.178692128734	28.170300923463	0	0	0	0	0	1.5	1.5	1.5	1.5	1.5	1.5
768.818202025267	-0.0114067795546417	9.25779751611321	-253.346336248738	28.1983818659963	0	0	0	0	0	1.5	1.5	1.5	1.5	1.5	1.5
768.988181729451	-0.00610457964022385	9.25630922828531	-253.51392851016	28.2267707437504	0	0	0	0	0	1.5	1.5	1.5	1.5	1.5	1.5
769.158161433636	-0.000802379725806008	9.25572220683038	-253.68149123657	28.2553335113032	0	0	0	0	0	1.5	1.5	1.5	1.5	1.5	1.5
769.32814113782	0.00449982018861184	9.25603645174843	-253.849050067512	28.2839191324732	0	0	0	0	0	1.5	1.5	1.5	1.5	1.5	1.5
769.498120842004	0.00980202010302968	9.25725196303947	-254.016630704326	28.3123765815784	0	0	0	0	0	1.5	1.5	1.5	1.5	1.5	1.5
769.668100546188	0.015104220017444	9.25936874070348	-254.184258501758	28.3405547742352	0	0	0	0	0	1.5	1.5	1.5	1.5	1.5	1.5
769.838080250373	0.015228649786005	9.26219536977075	-254.351957294593	28.3683071548912	0	0	0	0	0	1.5	1.5	1.5	1.5	1.5	1.5
770.008059954557	0.00862729399564511	9.26422288290427	-254.51972573158	28.3956355547134	0	0	0	0	0	1.5	1.5	1.5	1.5	1.5	1.5
770.178039658741	0.00202593820528079	9.26512829953333	-254.687534087309	28.4227179024322	0	0	0	0	0	1.5	1.5	1.5	1.5	1.5	1.5
770.348019362925	-0.00457541758508354	9.26491161965793	-254.855351764795	28.4497424615256	0	0	0	0	0	1.5	1.5	1.5	1.5	1.5	1.5
770.517999067109	-0.0111767733754479	9.26357284327806	-255.023148361567	28.4768975269857	0	0	0	0	0	1.5	1.5	1.5	1.5	1.5	1.5
770.687978771294	-0.0177781291658122	9.26111197039374	-255.190893035892	28.504371322474	0	0	0	0	0	1.5	1.5	1.5	1.5	1.5	1.5
770.857958475478	-0.0124252533329093	9.25809315129241	-255.358556815374	28.5323343914191	0	0	0	0	0	1.5	1.5	1.5	1.5	1.5	1.5
771.027938179662	0.00250198115067648	9.25724977385738	-255.526162743594	28.5606425296382	0	0	0	0	0	1.5	1.5	1.5	1.5	1.5	1.5
771.197917883846	0.0174292156342523	9.25894372332415	-255.693780680637	28.588879382304	0	0	0	0	0	1.5	1.5	1.5	1.5	1.5	1.5
771.367897588031	0.0323564501178481	9.26317499969273	-255.861481431772	28.6166195073441	0	0	0	0	0	1.5	1.5	1.5	1.5	1.5	1.5
771.537877292215	0.0472836846014239	9.26994360296311	-256.029332019543	28.643436842266	0	0	0	0	0	1.5	1.5	1.5	1.5	1.5	1.5
771.707856996399	0.0622109190850098	9.2792495331353	-256.197392436107	28.6689042223491	0	0	0	0	0	1.5	1.5	1.5	1.5	1.5	1.5
771.877836700583	0.0408471214799033	9.28901393081376	-256.365701582302	28.6926716388889	0	0	0	0	0	1.5	1.5	1.5	1.5	1.5	1.5
772.047816404767	0.0019299493123299	9.29264954773332	-256.534171102067	28.7152788758622	0	0	0	0	0	1.5	1.5	1.5	1.5	1.5	1.5
772.217796108952	-0.0369872228552435	9.28967003524016	-256.702648059588	28.7378308489064	0	0	0	0	0	1.5	1.5	1.5	1.5	1.5	1.5
772.387775813136	-0.0759043950227909	9.28007539333427	-256.870979318946	28.7614415149432	0	0	0	0	0	1.5	1.5	1.5	1.5	1.5	1.5
772.55775551732	-0.11482156719039	9.26386562201563	-257.038990751519	28.7872218166146	0	0	0	0	0	1.5	1.5	1.5	1.5	1.5	1.5
772.727735221504	-0.153738739357938	9.24104072128429	-257.206465252411	28.8162758226503	0	0	0	0	0	1.5	1.5	1.5	1.5	1.5	1.5
772.897714925689	-0.174220724342102	9.21284183124352	-257.37313242786	28.8496409284838	0	0	0	0	0	1.5	1.5	1.5	1.5	1.5	1.5
773.067694629873	-0.189865486049613	9.18189819807355	-257.538737724263	28.8879251286002	0	0	0	0	0	1.5	1.5	1.5	1.5	1.5	1.5
773.237674334057	-0.205510247757124	9.1482952729365	-257.7030202667	28.9315327789343	0	0	0	0	0	1.5	1.5	1.5	1.5	1.5	1.5
773.407654038241	-0.221155009464635	9.11203305583237	-257.865678306871	28.9808510876984	0	0	0	0	0	1.5	1.5	1.5	1.5	1.5	1.5
773.577633742426	-0.236799771172146	9.07311154676117	-258.0263665615	29.036247270644	0	0	0	0	0	1.5	1.5	1.5	1.5	1.5	1.5
773.74761344661	-0.252444532879657	9.0315307457229	-258.184694093148	29.0980641743828	0	0	0	0	0	1.5	1.5	1.5	1.5	1.5	1.5
773.917593150794	-0.26002241659102	8.98791411987672	-258.340235931429	29.1665861051491	0	0	0	0	0	1.5	1.5	1.5	1.5	1.5	1.5
774.087572854978	-0.266796343965085	8.94313987133767	-258.492597652585	29.2419132524277	0	0	0	0	0	1.5	1.5	1.5	1.5	1.5	1.5
774.257552559162	-0.273570271339141	8.89721419262748	-258.641387165531	29.3240698261679	0	0	0	0	0	1.5	1.5	1.5	1.5	1.5	1.5
774.427532263347	-0.280344198713202	8.85013708374604	-258.786196173142	29.4130536184325	0	0	0	0	0	1.5	1.5	1.5	1.5	1.5	1.5
774.597511967531	-0.287118126087262	8.8019085446934	-258.92660142997	29.5088339068233	0	0	0	0	0	1.5	1.5	1.5	1.5	1.5	1.5
774.767491671715	-0.293979263731882	8.75252838036223	-259.062166242364	29.6113493245115	0	0	0	0	0	1.5	1.5	1.5	1.5	1.5	1.5
774.937471375899	-0.304066247072809	8.70170058085458	-259.19243097254	29.7205188255846	0	0	0	0	0	1.5	1.5	1.5	1.5	1.5	1.5
775.107451080083	-0.314153230413729	8.64915819890257	-259.3168809074	29.8362714365209	0	0	0	0	0	1.5	1.5	1.5	1.5	1.5	1.5
775.277430784268	-0.324240213754662	8.59490123450608	-259.434974332943	29.9585005462004	0	0	0	0	0	1.5	1.5	1.5	1.5	1.5	1.5
775.447410488452	-0.334327197095582	8.53892968766526	-259.54615441275	30.087048386708	0	0	0	0	0	1.5	1.5	1.5	1.5	1.5	1.5
775.617390192636	-0.344414180436509	8.48124355838001	-259.649852876912	30.2217024503814	0	0	0	0	0	1.5	1.5	1.5	1.5	1.5	1.5
775.78736989682	-0.346637088267954	8.42194223754308	-259.745494985027	30.3621915961486	0	0	0	0	0	1.5	1.5	1.5	1.5	1.5	1.5
775.957349601005	-0.303841102362806	8.36665819233222	-259.832834600593	30.5079912227623	0	0	0	0	0	1.5	1.5	1.5	1.5	1.5	1.5
776.127329305189	-0.261045116457659	8.31864859614579	-259.912533513926	30.6581099479694	0	0	0	0	0	1.5	1.5	1.5	1.5	1.5	1.5
776.297309009373	-0.218249130552512	8.27791344898379	-259.985497005678	30.8116203107618	0	0	0	0	0	1.5	1.5	1.5	1.5	1.5	1.5
776.467288713557	-0.175453144647365	8.24445275084623	-260.052718198194	30.9677347345614	0	0	0	0	0	1.5	1.5	1.5	1.5	1.5	1.5
776.637268417742	-0.132657158742246	8.2182665017331	-260.115255445404	31.12578706581	0	0	0	0	0	1.5	1.5	1.5	1.5	1.5	1.5
776.807248121926	-0.101506510872143	8.1990996276612	-260.17421047349	31.2852126949393	0	0	0	0	0	1.5	1.5	1.5	1.5	1.5	1.5
776.97722782611	-0.103896650910015	8.18164244332209	-260.230322266962	31.4456615425402	0	0	0	0	0	1.5	1.5	1.5	1.5	1.5	1.5
777.147207530294	-0.106286790947888	8.16377898368638	-260.283591847523	31.6070761741559	0	0	0	0	0	1.5	1.5	1.5	1.5	1.5	1.5
777.317187234479	-0.108676930985762	8.14550924875407	-260.333936649375	31.7694267118638	0	0	0	0	0	1.5	1.5	1.5	1.5	1.5	1.5
777.487166938663	-0.111067071023635	8.12683323852515	-260.381273921631	31.9326794076544	0	0	0	0	0	1.5	1.5	1.5	1.5	1.5	1.5
777.657146642847	-0.113457211061509	8.10775095299965	-260.425520841128	32.0967965402392	0	0	0	0	0	1.5	1.5	1.5	1.5	1.5	1.5
777.827126347031	-0.109112328143181	8.08847742419347	-260.466599083449	32.2617352428921	0	0	0	0	0	1.5	1.5	1.5	1.5	1.5	1.5
777.997106051215	-0.0935740444641535	8.07125113936449	-260.504631939032	32.4274032451374	0	0	0	0	0	1.5	1.5	1.5	1.5	1.5	1.5
778.1670857554	-0.0780357607851364	8.0566660473988	-260.540025155175	32.5936557868295	0	0	0	0	0	1.5	1.5	1.5	1.5	1.5	1.5
778.337065459584	-0.062497477106109	8.0447221482964	-260.573210163199	32.760363649019	0	0	0	0	0	1.5	1.5	1.5	1.5	1.5	1.5
778.507045163768	-0.0469591934270815	8.03541944205728	-260.604622417416	32.9274150227698	0	0	0	0	0	1.5	1.5	1.5	1.5	1.5	1.5
778.677024867952	-0.0314209097480541	8.02875792868146	-260.634700315556	33.0947121020992	0	0	0	0	0	1.5	1.5	1.5	1.5	1.5	1.5
778.847004572137	-0.0364905399302573	8.02386873143386	-260.663860236552	33.2621717875921	0	0	0	0	0	1.5	1.5	1.5	1.5	1.5	1.5
779.016984276321	-0.0624932580213902	8.01545611308643	-260.691955607089	33.4298130080694	0	0	0	0	0	1.5	1.5	1.5	1.5	1.5	1.5
779.186963980505	-0.0884959761125231	8.00262356040989	-260.718268539946	33.5977425531802	0	0	0	0	0	1.5	1.5	1.5	1.5	1.5	1.5
779.356943684689	-0.114498694203639	7.98537107340424	-260.742052375958	33.7660479646709	0	0	0	0	0	1.5	1.5	1.5	1.5	1.5	1.5
779.526923388874	-0.140501412294789	7.96369865206945	-260.762556131234	33.9347831541801	0	0	0	0	0	1.5	1.5	1.5	1.5	1.5	1.5
779.696903093058	-0.166504130385905	7.93760629640557	-260.779024478512	34.1039583692601	0	0	0	0	0	1.5	1.5	1.5	1.5	1.5	1.5
779.866882797242	-0.174928598142535	7.90801022786346	-260.790730479478	34.2735282391628	0	0	0	0	0	1.5	1.5	1.5	1.5	1.5	1.5
780.036862501426	-0.172268562777542	7.87850199251006	-260.797397985433	34.4433709538426	0	0	0	0	0	1.5	1.5	1.5	1.5	1.5	1.5
780.20684220561	-0.16960852741255	7.84944590918112	-260.799089984219	34.6133362569469	0	0	0	0	0	1.5	1.5	1.5	1.5	1.5	1.5
780.376821909795	-0.166948492047557	7.82084197787664	-260.795881854244	34.7832798881623	0	0	0	0	0	1.5	1.5	1.5	1.5	1.5	1.5
780.546801613979	-0.164288456682565	7.79269019859662	-260.787853018839	34.953064249856	0	0	0	0	0	1.5	1.5	1.5	1.5	1.5	1.5
780.716781318163	-0.161628421317572	7.76499057134106	-260.775086568946	35.1225584097306	0	0	0	0	0	1.5	1.5	1.5	1.5	1.5	1.5
780.886761022347	-0.136340160886328	7.73914014822648	-260.75772604649	35.2916444501917	0	0	0	0	0	1.5	1.5	1.5	1.5	1.5	1.5
781.056740726532	-0.10253031242113	7.71883858203089	-260.736454772874	35.4602850119656	0	0	0	0	0	1.5	1.5	1.5	1.5	1.5	1.5
781.226720430716	-0.0687204639559778	7.70428400387595	-260.712247596742	35.6285306689295	0	0	0	0	0	1.5	1.5	1.5	1.5	1.5	1.5
781.3967001349	-0.0349106154908027	7.69547641376162	-260.686076678891	35.7964830276206	0	0	0	0	0	1.5	1.5	1.5	1.5	1.5	1.5
781.566679839084	-0.00110076702562753	7.69241581168792	-260.65890950512	35.9642776062706	0	0	0	0	0	1.5	1.5	1.5	1.5	1.5	1.5
781.736659543269	0.0327090814395476	7.69510219765484	-260.631710933674	36.1320671138225	0	0	0	0	0	1.5	1.5	1.5	1.5	1.5	1.5
781.906639247453	0.0379606522286586	7.70147928019083	-260.605348187546	36.2999897330602	0	0	0	0	0	1.5	1.5	1.5	1.5	1.5	1.5
782.076618951637	0.0380614576901472	7.70794038806856	-260.580068938013	36.4680788726963	0	0	0	0	0	1.5	1.5	1.5	1.5	1.5	1.5
782.246598655821	0.0381622631516359	7.71441863082882	-260.555877692326	36.6363280403582	0	0	0	0	0	1.5	1.5	1.5	1.5	1.5	1.5
782.416578360005	0.0382630686131244	7.72091400847159	-260.532778348582	36.8047305895376	0	0	0	0	0	1.5	1.5	1.5	1.5	1.5	1.5
782.58655806419	0.0383638740746131	7.72742652099689	-260.510774766818	36.9732798111448	0	0	0	0	0	1.5	1.5	1.5	1.5	1.5	1.5
782.756537768374	0.0384646795361017	7.73395616840472	-260.489870768254	37.1419689335589	0	0	0	0	0	1.5	1.5	1.5	1.5	1.5	1.5
782.926517472558	0.0177858253634012	7.73880028120777	-260.469977744739	37.3107803975259	0	0	0	0	0	1.5	1.5	1.5	1.5	1.5	1.5
783.096497176742	-0.00366665952249066	7.74000026702426	-260.450595144535	37.4796513856891	0	0	0	0	0	1.5	1.5	1.5	1.5	1.5	1.5
783.266476880927	-0.0251191444083825	7.73755376580582	-260.431107301654	37.6485102287193	0	0	0	0	0	1.5	1.5	1.5	1.5	1.5	1.5
783.436456585111	-0.0465716292942744	7.73146077755246	-260.410898680692	37.8172841057058	0	0	0	0	0	1.5	1.5	1.5	1.5	1.5	1.5
783.606436289295	-0.0680241141801519	7.72172130226419	-260.389354705632	37.9858923144224	0	0	0	0	0	1.5	1.5	1.5	1.5	1.5	1.5
783.776415993479	-0.087254336843426	7.70835106232044	-260.365862800857	38.1542395699695	0	0	0	0	0	1.5	1.5	1.5	1.5	1.5	1.5
783.946395697663	-0.0820112389225948	7.69396520607181	-260.339974651011	38.3222348235071	0	0	0	0	0	1.5	1.5	1.5	1.5	1.5	1.5
784.116375401848	-0.0767681410017601	7.68047057005676	-260.311747167999	38.4898530520588	0	0	0	0	0	1.5	1.5	1.5	1.5	1.5	1.5
784.286355106032	-0.0715250430809254	7.66786715427531	-260.281334866198	38.6570888414129	0	0	0	0	0	1.5	1.5	1.5	1.5	1.5	1.5
784.456334810216	-0.0662819451600908	7.65615495872744	-260.248891612596	38.8239426840849	0	0	0	0	0	1.5	1.5	1.5	1.5	1.5	1.5
784.6263145144	-0.0610388472392561	7.64533398341317	-260.214570556063	38.9904205593399	0	0	0	0	0	1.5	1.5	1.5	1.5	1.5	1.5
784.796294218585	-0.0524679642924457	7.63546191030223	-260.178524732042	39.1565336592561	0	0	0	0	0	1.5	1.5	1.5	1.5	1.5	1.5
784.966273922769	-0.0309079714202706	7.62837580185796	-260.141037469042	39.3223277589942	0	0	0	0	0	1.5	1.5	1.5	1.5	1.5	1.5
785.136253626953	-0.00934797854812439	7.62495445462432	-260.102679628813	39.4879228893704	0	0	0	0	0	1.5	1.5	1.5	1.5	1.5	1.5
785.306233331137	0.0122120143240363	7.6251978686013	-260.064058693251	39.6534569417259	0	0	0	0	0	1.5	1.5	1.5	1.5	1.5	1.5
785.476213035322	0.033772007196197	7.62910604378891	-260.025781479592	39.8190707015238	0	0	0	0	0	1.5	1.5	1.5	1.5	1.5	1.5
785.646192739506	0.0553320000683577	7.63667898018714	-259.988455671832	39.9849011730529	0	0	0	0	0	1.5	1.5	1.5	1.5	1.5	1.5
785.81617244369	0.0679227610131111	7.64767193531943	-259.952686925836	40.1510739727435	0	0	0	0	0	1.5	1.5	1.5	1.5	1.5	1.5
785.986152147874	0.0615464959767667	7.65867550832148	-259.918797806728	40.3176402834628	0	0	0	0	0	1.5	1.5	1.5	1.5	1.5	1.5
786.156131852058	0.0551702309404222	7.66859524567885	-259.886653039263	40.4845521667622	0	0	0	0	0	1.5	1.5	1.5	1.5	1.5	1.5
786.326111556243	0.048793965904082	7.67743114739153	-259.856074905922	40.6517582957407	0	0	0	0	0	1.5	1.5	1.5	1.5	1.5	1.5
786.496091260427	0.0424177008677332	7.68518321345955	-259.826884591482	40.8192124107618	0	0	0	0	0	1.5	1.5	1.5	1.5	1.5	1.5
786.666070964611	0.036041435831393	7.69185144388288	-259.798902376092	40.9868727470007	0	0	0	0	0	1.5	1.5	1.5	1.5	1.5	1.5
786.836050668795	0.0288806688675835	7.69740661076445	-259.771947087084	41.1547013429585	0	0	0	0	0	1.5	1.5	1.5	1.5	1.5	1.5
787.00603037298	0.0207147973915481	7.70162172210625	-259.745814488619	41.3226601006214	0	0	0	0	0	1.5	1.5	1.5	1.5	1.5	1.5
787.176010077164	0.0125489259155127	7.70444880103015	-259.720273439287	41.4907099007182	0	0	0	0	0	1.5	1.5	1.5	1.5	1.5	1.5
787.345989781348	0.00438305443947724	7.70588784753615	-259.695090902336	41.6588138406002	0	0	0	0	0	1.5	1.5	1.5	1.5	1.5	1.5
787.515969485532	-0.00378281703655818	7.70593886162425	-259.67003361273	41.8269365100669	0	0	0	0	0	1.5	1.5	1.5	1.5	1.5	1.5
787.685949189717	-0.0119486885125936	7.70460184329444	-259.644868226952	41.9950430203862	0	0	0	0	0	1.5	1.5	1.5	1.5	1.5	1.5
787.855928893901	-0.0143489462808991	7.70214895922219	-259.619369936094	42.1630993260118	0	0	0	0	0	1.5	1.5	1.5	1.5	1.5	1.5
788.025908598085	-0.0121341997893871	7.69989816055474	-259.593466167054	42.3310936187139	0	0	0	0	0	1.5	1.5	1.5	1.5	1.5	1.5
788.195888302269	-0.00991945329787509	7.69802382384076	-259.567215952061	42.4990341367043	0	0	0	0	0	1.5	1.5	1.5	1.5	1.5	1.5
788.365868006453	-0.00770470680636308	7.69652594908026	-259.540682607641	42.6669301642353	0	0	0	0	0	1.5	1.5	1.5	1.5	1.5	1.5
788.535847710638	-0.00548996031485108	7.69540453627322	-259.513929400951	42.8347913054585	0	0	0	0	0	1.5	1.5	1.5	1.5	1.5	1.5
788.705827414822	-0.00327521382333907	7.69465958541965	-259.487019560178	43.0026274129034	0	0	0	0	0	1.5	1.5	1.5	1.5	1.5	1.5
788.875807119006	0.00199182575663074	7.69446585331798	-259.460022871019	43.1704495761013	0	0	0	0	0	1.5	1.5	1.5	1.5	1.5	1.5
789.04578682319	0.00873748250469655	7.69537773564017	-259.43308375255	43.3382809845913	0	0	0	0	0	1.5	1.5	1.5	1.5	1.5	1.5
789.215766527375	0.0154831392527714	7.69743624270091	-259.406393929803	43.5061521939777	0	0	0	0	0	1.5	1.5	1.5	1.5	1.5	1.5
789.385746231559	0.0222287960008372	7.70064137450022	-259.38014601229	43.6740930224661	0	0	0	0	0	1.5	1.5	1.5	1.5	1.5	1.5
789.555725935743	0.0289744527489075	7.7049931310381	-259.354532844921	43.8421317675268	0	0	0	0	0	1.5	1.5	1.5	1.5	1.5	1.5
789.725705639927	0.0357201094969778	7.71049151231454	-259.329747598906	44.0102945415585	0	0	0	0	0	1.5	1.5	1.5	1.5	1.5	1.5
789.895685344111	0.0227252045003264	7.71580772244495	-259.305924792132	44.1785963652636	0	0	0	0	0	1.5	1.5	1.5	1.5	1.5	1.5
790.065665048296	0.00454628330708046	7.71812552216003	-259.282751189214	44.3469889739025	0	0	0	0	0	1.5	1.5	1.5	1.5	1.5	1.5
790.23564475248	-0.0136326378861655	7.7173532742283	-259.259707718361	44.5153994737728	0	0	0	0	0	1.5	1.5	1.5	1.5	1.5	1.5
790.405624456664	-0.0318115590794114	7.71349097864975	-259.236274070825	44.6837560230878	0	0	0	0	0	1.5	1.5	1.5	1.5	1.5	1.5
790.575604160848	-0.0499904802726452	7.70653863542439	-259.211930446599	44.8519831642746	0	0	0	0	0	1.5	1.5	1.5	1.5	1.5	1.5
790.745583865033	-0.0681694014659033	7.6964962445522	-259.186158287104	45.019997010209	0	0	0	0	0	1.5	1.5	1.5	1.5	1.5	1.5
790.915563569217	-0.062786424912701	7.68519079904462	-259.158534269735	45.1877161353179	0	0	0	0	0	1.5	1.5	1.5	1.5	1.5	1.5
791.085543273401	-0.0551397282067979	7.6751682727332	-259.129121939505	45.3551311069788	0	0	0	0	0	1.5	1.5	1.5	1.5	1.5	1.5
791.255522977585	-0.0474930315009	7.66644552966584	-259.098141773306	45.5222632279855	0	0	0	0	0	1.5	1.5	1.5	1.5	1.5	1.5
791.42550268177	-0.0398463347949918	7.65902256984253	-259.065813370213	45.6891399533016	0	0	0	0	0	1.5	1.5	1.5	1.5	1.5	1.5
791.595482385954	-0.0321996380890888	7.65289939326327	-259.032355425301	45.8557940124012	0	0	0	0	0	1.5	1.5	1.5	1.5	1.5	1.5
791.765462090138	-0.0247934273992284	7.6480754031951	-258.997985819597	46.0222625498277	0	0	0	0	0	1.5	1.5	1.5	1.5	1.5	1.5
791.935441794322	-0.0253836855634328	7.64381085778599	-258.962879442386	46.1885773066145	0	0	0	0	0	1.5	1.5	1.5	1.5	1.5	1.5
792.105421498506	-0.0259739437276364	7.63944598046874	-258.927055795306	46.3547390358756	0	0	0	0	0	1.5	1.5	1.5	1.5	1.5	1.5
792.275401202691	-0.0265642018918403	7.63498077124335	-258.890498889881	46.5207409771109	0	0	0	0	0	1.5	1.5	1.5	1.5	1.5	1.5
792.445380906875	-0.0271544600560443	7.63041523010981	-258.853192800039	46.6865761522311	0	0	0	0	0	1.5	1.5	1.5	1.5	1.5	1.5
792.615360611059	-0.0277447182202483	7.62574935706813	-258.815121665188	46.8522373610507	0	0	0	0	0	1.5	1.5	1.5	1.5	1.5	1.5
792.785340315243	-0.025901068811058	7.62101396259732	-258.776269946417	47.0177172368095	0	0	0	0	0	1.5	1.5	1.5	1.5	1.5	1.5
792.955320019428	-0.0101503963150251	7.61794995390855	-258.736737207797	47.1830358368513	0	0	0	0	0	1.5	1.5	1.5	1.5	1.5	1.5
793.125299723612	0.00560027618100781	7.61756323987136	-258.696919278514	47.3482860462141	0	0	0	0	0	1.5	1.5	1.5	1.5	1.5	1.5
793.295279427796	0.0213509486770302	7.61985382048575	-258.657258682844	47.5135740496052	0	0	0	0	0	1.5	1.5	1.5	1.5	1.5	1.5
793.46525913198	0.0371016211730737	7.62482169575171	-258.618198246503	47.6790047675415	0	0	0	0	0	1.5	1.5	1.5	1.5	1.5	1.5
793.635238836164	0.0528522936690961	7.63246686566925	-258.580181926033	47.8446782964922	0	0	0	0	0	1.5	1.5	1.5	1.5	1.5	1.5
793.805218540349	0.0559310626762762	7.64250113417134	-258.54365130181	48.0106854145068	0	0	0	0	0	1.5	1.5	1.5	1.5	1.5	1.5
793.975198244533	0.0243270736354908	7.64932226130567	-258.508612805449	48.17701427677	0	0	0	0	0	1.5	1.5	1.5	1.5	1.5	1.5
794.145177948717	-0.00727691540529468	7.6507713517318	-258.474262330986	48.3434869127336	0	0	0	0	0	1.5	1.5	1.5	1.5	1.5	1.5
794.315157652901	-0.0388809044460801	7.64684840544973	-258.439705987352	48.5099168401414	0	0	0	0	0	1.5	1.5	1.5	1.5	1.5	1.5
794.485137357086	-0.0704848934868444	7.63755342245948	-258.404050582481	48.6761142611748	0	0	0	0	0	1.5	1.5	1.5	1.5	1.5	1.5
794.65511706127	-0.102088882527651	7.62288640276102	-258.366406774823	48.8418716877497	0	0	0	0	0	1.5	1.5	1.5	1.5	1.5	1.5
794.825096765454	-0.104354338502112	7.60380561485156	-258.325912923454	49.0069548100275	0	0	0	0	0	1.5	1.5	1.5	1.5	1.5	1.5
794.995076469638	-0.0596175370232632	7.58986966940339	-258.282579958853	49.171316861864	0	0	0	0	0	1.5	1.5	1.5	1.5	1.5	1.5
795.165056173823	-0.0148807355444145	7.58353807223675	-258.23758335161	49.3352324081855	0	0	0	0	0	1.5	1.5	1.5	1.5	1.5	1.5
795.335035878007	0.0298560659344343	7.58481082335163	-258.192172204274	49.4990338773832	0	0	0	0	0	1.5	1.5	1.5	1.5	1.5	1.5
795.505015582191	0.0745928674132531	7.59368792274802	-258.147593061591	49.6630631668831	0	0	0	0	0	1.5	1.5	1.5	1.5	1.5	1.5
795.674995286375	0.119329668892132	7.61016937042596	-258.105097559835	49.8276431650957	0	0	0	0	0	1.5	1.5	1.5	1.5	1.5	1.5
795.84497499056	0.127563020819565	7.63269925271672	-258.065906239986	49.9930392821569	0	0	0	0	0	1.5	1.5	1.5	1.5	1.5	1.5
796.014954694744	0.0995135645187091	7.65199845811819	-258.0302674797	50.1592382018485	0	0	0	0	0	1.5	1.5	1.5	1.5	1.5	1.5
796.184934398928	0.0714641082178157	7.66652982523513	-257.997444765363	50.326017277052	0	0	0	0	0	1.5	1.5	1.5	1.5	1.5	1.5
796.354914103112	0.0434146519169598	7.6762933540675	-257.966650214223	50.4931835566062	0	0	0	0	0	1.5	1.5	1.5	1.5	1.5	1.5
796.524893807296	0.0153651956160852	7.68128904461534	-257.937090025543	50.6605730248452	0	0	0	0	0	1.5	1.5	1.5	1.5	1.5	1.5
796.694873511481	-0.0126842606847894	7.68151689687862	-257.907967089965	50.8280393003177	0	0	0	0	0	1.5	1.5	1.5	1.5	1.5	1.5
796.864853215665	-0.0298655978827164	7.67754891830849	-257.878502940089	50.9954457634791	0	0	0	0	0	1.5	1.5	1.5	1.5	1.5	1.5
797.034832919849	-0.0403651735998279	7.67158001542788	-257.848193940529	51.1627011922978	0	0	0	0	0	1.5	1.5	1.5	1.5	1.5	1.5
797.204812624033	-0.0508647493169534	7.6638263977728	-257.816738112478	51.3297445574389	0	0	0	0	0	1.5	1.5	1.5	1.5	1.5	1.5
797.374792328218	-0.0613643250340718	7.65428806534327	-257.783839267671	51.4965095017781	0	0	0	0	0	1.5	1.5	1.5	1.5	1.5	1.5
797.544772032402	-0.0718639007511833	7.64296501813929	-257.749202824416	51.6629219646666	0	0	0	0	0	1.5	1.5	1.5	1.5	1.5	1.5
797.714751736586	-0.0823634764683018	7.62985725616085	-257.71253628691	51.8288986228183	0	0	0	0	0	1.5	1.5	1.5	1.5	1.5	1.5
797.88473144077	-0.0772457450906489	7.61594123037452	-257.673589380629	51.9943548629117	0	0	0	0	0	1.5	1.5	1.5	1.5	1.5	1.5
798.054711144954	-0.0665163502724988	7.60372291115315	-257.63247517193	52.1592862489426	0	0	0	0	0	1.5	1.5	1.5	1.5	1.5	1.5
798.224690849139	-0.0557869554543559	7.59332837128905	-257.589498771929	52.3237425306568	0	0	0	0	0	1.5	1.5	1.5	1.5	1.5	1.5
798.394670553323	-0.0450575606361986	7.58475761078221	-257.544964781961	52.4877841307773	0	0	0	0	0	1.5	1.5	1.5	1.5	1.5	1.5
798.564650257507	-0.0343281658180557	7.57801062963264	-257.4991756837	52.6514800335248	0	0	0	0	0	1.5	1.5	1.5	1.5	1.5	1.5
798.734629961691	-0.0235987709999056	7.57308742784033	-257.452432148368	52.8149061123699	0	0	0	0	0	1.5	1.5	1.5	1.5	1.5	1.5
798.904609665876	-0.0346879361515305	7.56840360665438	-257.404959777247	52.9781219863333	0	0	0	0	0	1.5	1.5	1.5	1.5	1.5	1.5
799.07458937006	-0.0494946518598283	7.56124894095057	-257.356525572125	53.1410548071627	0	0	0	0	0	1.5	1.5	1.5	1.5	1.5	1.5
799.244569074244	-0.0643013675681361	7.55157743409072	-257.306722417274	53.3035740987282	0	0	0	0	0	1.5	1.5	1.5	1.5	1.5	1.5
799.414548778428	-0.0791080832764438	7.53938908607482	-257.255146066787	53.4655389775325	0	0	0	0	0	1.5	1.5	1.5	1.5	1.5	1.5
799.584528482613	-0.0939147989847515	7.52468389690289	-257.201396692148	53.626795244543	0	0	0	0	0	1.5	1.5	1.5	1.5	1.5	1.5
799.754508186797	-0.108721514693049	7.50746186657493	-257.145080231844	53.7871724304177	0	0	0	0	0	1.5	1.5	1.5	1.5	1.5	1.5
799.924487890981	-0.113456081865594	7.48855567749297	-257.085852878017	53.9464971293359	0	0	0	0	0	1.5	1.5	1.5	1.5	1.5	1.5
800.094467595165	-0.117908230859485	7.46889205877508	-257.023564191276	54.1046498667414	0	0	0	0	0	1.5	1.5	1.5	1.5	1.5	1.5
800.264447299349	-0.122360379853378	7.44847166508822	-256.958118611017	54.2615223367067	0	0	0	0	0	1.5	1.5	1.5	1.5	1.5	1.5
800.434427003534	-0.126812528847274	7.42729449643237	-256.889424754945	54.4169995831205	0	0	0	0	0	1.5	1.5	1.5	1.5	1.5	1.5
800.604406707718	-0.131264677841165	7.40536055280759	-256.817395816216	54.5709598814063	0	0	0	0	0	1.5	1.5	1.5	1.5	1.5	1.5
800.774386411902	-0.136112119564978	7.38266693314903	-256.74194997158	54.7232746365285	0	0	0	0	0	1.5	1.5	1.5	1.5	1.5	1.5
800.944366116086	-0.145141968252721	7.35876318982511	-256.662985931567	54.8737950816001	0	0	0	0	0	1.5	1.5	1.5	1.5	1.5	1.5
801.114345820271	-0.154171816940476	7.33332455549239	-256.580333040991	55.0223213127332	0	0	0	0	0	1.5	1.5	1.5	1.5	1.5	1.5
801.284325524455	-0.163201665628219	7.30635103015094	-256.493816975335	55.1686302952003	0	0	0	0	0	1.5	1.5	1.5	1.5	1.5	1.5
801.454305228639	-0.172231514315969	7.27784261380069	-256.403276285893	55.3124827421432	0	0	0	0	0	1.5	1.5	1.5	1.5	1.5	1.5
801.624284932823	-0.181261363003724	7.24779930644165	-256.308563945695	55.4536227406422	0	0	0	0	0	1.5	1.5	1.5	1.5	1.5	1.5
801.794264637007	-0.18829994332437	7.21625598255653	-256.209549333451	55.5917777527806	0	0	0	0	0	1.5	1.5	1.5	1.5	1.5	1.5
801.964244341192	-0.187666638273734	7.18430263839493	-256.106182829147	55.7267073912793	0	0	0	0	0	1.5	1.5	1.5	1.5	1.5	1.5
802.134224045376	-0.187033333223098	7.15245694323849	-255.99856542068	55.8582716397947	0	0	0	0	0	1.5	1.5	1.5	1.5	1.5	1.5
802.30420374956	-0.186400028172462	7.12071889708721	-255.886820392439	55.9863486605111	0	0	0	0	0	1.5	1.5	1.5	1.5	1.5	1.5
802.474183453744	-0.185766723121826	7.08908849994113	-255.771074074682	56.1108214724865	0	0	0	0	0	1.5	1.5	1.5	1.5	1.5	1.5
802.644163157929	-0.185133418071189	7.05756575180017	-255.651455650747	56.2315780044783	0	0	0	0	0	1.5	1.5	1.5	1.5	1.5	1.5
802.814142862113	-0.174884835829714	7.02642258601528	-255.528100443334	56.3485149070193	0	0	0	0	0	1.5	1.5	1.5	1.5	1.5	1.5
802.984122566297	-0.145356163665573	6.99920535083434	-255.401350366426	56.4617656609126	0	0	0	0	0	1.5	1.5	1.5	1.5	1.5	1.5
803.154102270481	-0.115827491501411	6.9770073906128	-255.271839768191	56.57185161536	0	0	0	0	0	1.5	1.5	1.5	1.5	1.5	1.5
803.324081974666	-0.086298819337289	6.95982870535071	-255.140185918433	56.6793674380437	0	0	0	0	0	1.5	1.5	1.5	1.5	1.5	1.5
803.49406167885	-0.0567701471731473	6.94766929504801	-255.006968317671	56.7849411738053	0	0	0	0	0	1.5	1.5	1.5	1.5	1.5	1.5
803.664041383034	-0.0272414750090056	6.94052915970473	-254.872737630876	56.8892249155634	0	0	0	0	0	1.5	1.5	1.5	1.5	1.5	1.5
803.834021087218	-0.032666969169233	6.93707837750849	-254.738004693762	56.9928594316568	0	0	0	0	0	1.5	1.5	1.5	1.5	1.5	1.5
804.004000791402	-0.0812181273941866	6.92739929999607	-254.602660527857	57.095693415767	0	0	0	0	0	1.5	1.5	1.5	1.5	1.5	1.5
804.173980495587	-0.129769285619173	6.90946751097077	-254.465910935382	57.1966482168188	0	0	0	0	0	1.5	1.5	1.5	1.5	1.5	1.5
804.343960199771	-0.178320443844159	6.88328301043258	-254.326970023252	57.2945607760193	0	0	0	0	0	1.5	1.5	1.5	1.5	1.5	1.5
804.513939903955	-0.226871602069145	6.8488457983815	-254.185128530372	57.3882156354747	0	0	0	0	0	1.5	1.5	1.5	1.5	1.5	1.5
804.683919608139	-0.275422760294131	6.80615587481754	-254.039785579168	57.4763299699151	0	0	0	0	0	1.5	1.5	1.5	1.5	1.5	1.5
804.853899312324	-0.267910807442213	6.75790412249725	-253.890522803844	57.5576195678138	0	0	0	0	0	1.5	1.5	1.5	1.5	1.5	1.5
805.023879016508	-0.21718998521846	6.71667547787924	-253.737727124832	57.632067434467	0	0	0	0	0	1.5	1.5	1.5	1.5	1.5	1.5
805.193858720692	-0.16646916299474	6.68406834361884	-253.582283602619	57.7008267855073	0	0	0	0	0	1.5	1.5	1.5	1.5	1.5	1.5
805.363838424876	-0.115748340770953	6.66008271971597	-253.424953727757	57.7651620180508	0	0	0	0	0	1.5	1.5	1.5	1.5	1.5	1.5
805.53381812906	-0.0650275185472333	6.6447186061707	-253.26638635636	57.8263904201102	0	0	0	0	0	1.5	1.5	1.5	1.5	1.5	1.5
805.703797833245	-0.0143066963234799	6.63797600298299	-253.107150641382	57.8858628882296	0	0	0	0	0	1.5	1.5	1.5	1.5	1.5	1.5
805.873777537429	-0.0136407415531813	6.63692877350538	-252.947730859609	57.9448411165949	0	0	0	0	0	1.5	1.5	1.5	1.5	1.5	1.5
806.043757241613	-0.0356920518083811	6.63273598669428	-252.788171195285	58.003439499378	0	0	0	0	0	1.5	1.5	1.5	1.5	1.5	1.5
806.213736945797	-0.0577433620635809	6.62479492468914	-252.628259260731	58.0610686640769	0	0	0	0	0	1.5	1.5	1.5	1.5	1.5	1.5
806.383716649982	-0.0797946723187807	6.61310558748994	-252.467789888249	58.1171253386998	0	0	0	0	0	1.5	1.5	1.5	1.5	1.5	1.5
806.553696354166	-0.10184598257398	6.59766797509669	-252.3065756592	58.1710001733701	0	0	0	0	0	1.5	1.5	1.5	1.5	1.5	1.5
806.72367605835	-0.123897292829166	6.5784820875094	-252.144453842854	58.2220758980797	0	0	0	0	0	1.5	1.5	1.5	1.5	1.5	1.5
806.893655762534	-0.13562541559037	6.55625336844151	-251.981302276884	58.2697568549523	0	0	0	0	0	1.5	1.5	1.5	1.5	1.5	1.5
807.063635466719	-0.144837692219399	6.53241685039148	-251.817095563634	58.3136645655091	0	0	0	0	0	1.5	1.5	1.5	1.5	1.5	1.5
807.233615170903	-0.154049968848435	6.50701443228516	-251.651858267788	58.3535165685458	0	0	0	0	0	1.5	1.5	1.5	1.5	1.5	1.5
807.403594875087	-0.16326224547747	6.48004611412258	-251.485634765998	58.3890284833405	0	0	0	0	0	1.5	1.5	1.5	1.5	1.5	1.5
807.573574579271	-0.172474522106506	6.45151189590373	-251.318490498307	58.419914291841	0	0	0	0	0	1.5	1.5	1.5	1.5	1.5	1.5
807.743554283456	-0.181686798735541	6.42141177762862	-251.150513343313	58.4458872341435	0	0	0	0	0	1.5	1.5	1.5	1.5	1.5	1.5
807.91353398764	-0.153372850087023	6.39284197027241	-250.981834561612	58.4668300570245	0	0	0	0	0	1.5	1.5	1.5	1.5	1.5	1.5
808.083513691824	-0.123930072166339	6.36927403592537	-250.812665336657	58.4833689445068	0	0	0	0	0	1.5	1.5	1.5	1.5	1.5	1.5
808.253493396008	-0.0944872942456954	6.35071077625967	-250.643183780786	58.4963408895385	0	0	0	0	0	1.5	1.5	1.5	1.5	1.5	1.5
808.423473100192	-0.0650445163250316	6.33715219127528	-250.473514614671	58.5065893172855	0	0	0	0	0	1.5	1.5	1.5	1.5	1.5	1.5
808.593452804377	-0.0356017384043679	6.3285982809722	-250.303741729006	58.5149612912867	0	0	0	0	0	1.5	1.5	1.5	1.5	1.5	1.5
808.763432508561	-0.00925868801187182	6.3250257807921	-250.133920855229	58.5223056275612	0	0	0	0	0	1.5	1.5	1.5	1.5	1.5	1.5
808.933412212745	-0.0149168949189789	6.32297110157456	-249.964083286401	58.5292547172151	0	0	0	0	0	1.5	1.5	1.5	1.5	1.5	1.5
809.103391916929	-0.0205751018260861	6.31995464202075	-249.794228678162	58.5357731487287	0	0	0	0	0	1.5	1.5	1.5	1.5	1.5	1.5
809.273371621114	-0.0262333087331932	6.31597640213065	-249.624352359137	58.5416974989623	0	0	0	0	0	1.5	1.5	1.5	1.5	1.5	1.5
809.443351325298	-0.0318915156402965	6.31103638190427	-249.454451372366	58.546864290362	0	0	0	0	0	1.5	1.5	1.5	1.5	1.5	1.5
809.613331029482	-0.0375497225474074	6.3051345813416	-249.28452494722	58.5511099904889	0	0	0	0	0	1.5	1.5	1.5	1.5	1.5	1.5
809.783310733666	-0.0466289524668477	6.29821127735041	-249.114574960757	58.5542703270638	0	0	0	0	0	1.5	1.5	1.5	1.5	1.5	1.5
809.95329043785	-0.0689418580181103	6.28838893126113	-248.944605188593	58.5560433221608	0	0	0	0	0	1.5	1.5	1.5	1.5	1.5	1.5
810.123270142035	-0.0912547635693729	6.27477384408675	-248.77462693995	58.5558244144012	0	0	0	0	0	1.5	1.5	1.5	1.5	1.5	1.5
810.293249846219	-0.113567669120635	6.25736601582728	-248.604673368388	58.5529690423929	0	0	0	0	0	1.5	1.5	1.5	1.5	1.5	1.5
810.463229550403	-0.135880574671898	6.23616544648271	-248.434807616276	58.5468336261947	0	0	0	0	0	1.5	1.5	1.5	1.5	1.5	1.5
810.633209254587	-0.158193480223146	6.21117213605307	-248.265130106577	58.5367768897807	0	0	0	0	0	1.5	1.5	1.5	1.5	1.5	1.5
810.803188958772	-0.16939771154659	6.18269013681475	-248.095785221079	58.5221674103502	0	0	0	0	0	1.5	1.5	1.5	1.5	1.5	1.5
810.973168662956	-0.15721663959128	6.1549312314204	-247.926924876686	58.5027398915369	0	0	0	0	0	1.5	1.5	1.5	1.5	1.5	1.5
811.14314836714	-0.145035567635961	6.12924286103364	-247.758643160971	58.4788071735109	0	0	0	0	0	1.5	1.5	1.5	1.5	1.5	1.5
811.313128071324	-0.132854495680643	6.10562502565449	-247.591001824292	58.4507333623844	0	0	0	0	0	1.5	1.5	1.5	1.5	1.5	1.5
811.483107775509	-0.120673423725324	6.08407772528295	-247.42403650629	58.4188811352204	0	0	0	0	0	1.5	1.5	1.5	1.5	1.5	1.5
811.653087479693	-0.108492351770006	6.06460095991903	-247.257759031449	58.3836109259049	0	0	0	0	0	1.5	1.5	1.5	1.5	1.5	1.5
811.823067183877	-0.0918052970842895	6.04736245344441	-247.092158736466	58.3452844086086	0	0	0	0	0	1.5	1.5	1.5	1.5	1.5	1.5
811.993046888061	-0.0693357452070767	6.0336671000941	-246.927173784987	58.3043868117135	0	0	0	0	0	1.5	1.5	1.5	1.5	1.5	1.5
812.163026592245	-0.046866193329879	6.02379111452503	-246.76268166909	58.2615474814569	0	0	0	0	0	1.5	1.5	1.5	1.5	1.5	1.5
812.33300629643	-0.0243966414526512	6.01773449673719	-246.598535623871	58.2173990186817	0	0	0	0	0	1.5	1.5	1.5	1.5	1.5	1.5
812.502986000614	-0.00192708957545344	6.0154972467306	-246.434573853878	58.1725701755285	0	0	0	0	0	1.5	1.5	1.5	1.5	1.5	1.5
812.672965704798	0.0205424623017593	6.01707936450525	-246.270626759998	58.1276876217838	0	0	0	0	0	1.5	1.5	1.5	1.5	1.5	1.5
812.842945408982	-0.00305099505344207	6.02030530675689	-246.106541890517	58.0833117034722	0	0	0	0	0	1.5	1.5	1.5	1.5	1.5	1.5
813.012925113167	-0.0634717894496	6.01465154514122	-245.942489352639	58.0388169458776	0	0	0	0	0	1.5	1.5	1.5	1.5	1.5	1.5
813.182904817351	-0.123892583845758	5.99872747476751	-245.778927913629	57.9925552908462	0	0	0	0	0	1.5	1.5	1.5	1.5	1.5	1.5
813.352884521535	-0.184313378241875	5.97253309563579	-245.616379834334	57.9428605679389	0	0	0	0	0	1.5	1.5	1.5	1.5	1.5	1.5
813.522864225719	-0.244734172638074	5.936068407746	-245.455472494155	57.8880999791139	0	0	0	0	0	1.5	1.5	1.5	1.5	1.5	1.5
813.692843929903	-0.305154967034191	5.88933341109822	-245.296987379779	57.8266971650297	0	0	0	0	0	1.5	1.5	1.5	1.5	1.5	1.5
813.862823634088	-0.303099492826899	5.83592352534576	-245.14184716017	57.7572878917848	0	0	0	0	0	1.5	1.5	1.5	1.5	1.5	1.5
814.032803338272	-0.271253021202632	5.78710939012965	-244.990477218037	57.6799929858792	0	0	0	0	0	1.5	1.5	1.5	1.5	1.5	1.5
814.202783042456	-0.239406549578364	5.74370850873955	-244.842827687764	57.5958016572736	0	0	0	0	0	1.5	1.5	1.5	1.5	1.5	1.5
814.37276274664	-0.207560077954097	5.70572088117545	-244.698722908162	57.505671546974	0	0	0	0	0	1.5	1.5	1.5	1.5	1.5	1.5
814.542742450825	-0.175713606329829	5.67314650743736	-244.557884785428	57.4105129052961	0	0	0	0	0	1.5	1.5	1.5	1.5	1.5	1.5
814.712722155009	-0.143867134705562	5.64598538752527	-244.419949370557	57.3111894752312	0	0	0	0	0	1.5	1.5	1.5	1.5	1.5	1.5
814.882701859193	-0.145798670963036	5.62197392509118	-244.28454402468	57.2084416500832	0	0	0	0	0	1.5	1.5	1.5	1.5	1.5	1.5
815.052681563377	-0.15679088662921	5.59625688334677	-244.151728092846	57.1023688657762	0	0	0	0	0	1.5	1.5	1.5	1.5	1.5	1.5
815.222661267562	-0.167783102295368	5.56867138803514	-244.021786505951	56.9927949111643	0	0	0	0	0	1.5	1.5	1.5	1.5	1.5	1.5
815.392640971746	-0.178775317961535	5.53921743915623	-243.89502291907	56.8795606231546	0	0	0	0	0	1.5	1.5	1.5	1.5	1.5	1.5
815.56262067593	-0.189767533627701	5.50789503671005	-243.771758894123	56.7625276462164	0	0	0	0	0	1.5	1.5	1.5	1.5	1.5	1.5
815.732600380114	-0.200759749293867	5.47470418069661	-243.652334025624	56.6415807648594	0	0	0	0	0	1.5	1.5	1.5	1.5	1.5	1.5
815.902580084299	-0.188062416146979	5.44146876290452	-243.537036429489	56.5166932081561	0	0	0	0	0	1.5	1.5	1.5	1.5	1.5	1.5
816.072559788483	-0.17290403625842	5.41079027750437	-243.425788471217	56.3881835769566	0	0	0	0	0	1.5	1.5	1.5	1.5	1.5	1.5
816.242539492667	-0.15774565636986	5.38268840903359	-243.318364255599	56.2564594862436	0	0	0	0	0	1.5	1.5	1.5	1.5	1.5	1.5
816.412519196851	-0.14258727648131	5.35716315749219	-243.214509625495	56.1219018901703	0	0	0	0	0	1.5	1.5	1.5	1.5	1.5	1.5
816.582498901035	-0.127428896592751	5.33421452288014	-243.113945919632	55.9848662282711	0	0	0	0	0	1.5	1.5	1.5	1.5	1.5	1.5
816.75247860522	-0.112667968488151	5.31384145746591	-243.016373356269	55.8456839909389	0	0	0	0	0	1.5	1.5	1.5	1.5	1.5	1.5
816.922458309404	-0.11032362491059	5.29488943492517	-242.921530400639	55.7046270918191	0	0	0	0	0	1.5	1.5	1.5	1.5	1.5	1.5
817.092438013588	-0.107979281333029	5.27633590321224	-242.829349117222	55.5618164409764	0	0	0	0	0	1.5	1.5	1.5	1.5	1.5	1.5
817.262417717772	-0.105634937755467	5.25818086232714	-242.739804346201	55.4173379297392	0	0	0	0	0	1.5	1.5	1.5	1.5	1.5	1.5
817.432397421957	-0.103290594177906	5.24042431226985	-242.652868045243	55.2712748602874	0	0	0	0	0	1.5	1.5	1.5	1.5	1.5	1.5
817.602377126141	-0.100946250600346	5.2230662530404	-242.568509436259	55.1237079281424	0	0	0	0	0	1.5	1.5	1.5	1.5	1.5	1.5
817.772356830325	-0.10256149581901	5.20605752620214	-242.486695506416	54.9747150185899	0	0	0	0	0	1.5	1.5	1.5	1.5	1.5	1.5
817.942336534509	-0.127323386322039	5.18651964407077	-242.407563557927	54.8242812632261	0	0	0	0	0	1.5	1.5	1.5	1.5	1.5	1.5
818.112316238693	-0.152085276825085	5.16277274311664	-242.331706208909	54.6721714214097	0	0	0	0	0	1.5	1.5	1.5	1.5	1.5	1.5
818.282295942878	-0.17684716732813	5.13481682333976	-242.259806673768	54.5181529995388	0	0	0	0	0	1.5	1.5	1.5	1.5	1.5	1.5
818.452275647062	-0.201609057831176	5.10265188474012	-242.19256949278	54.3620448009206	0	0	0	0	0	1.5	1.5	1.5	1.5	1.5	1.5
818.622255351246	-0.226370948334222	5.06627792731774	-242.130721227346	54.203726432729	0	0	0	0	0	1.5	1.5	1.5	1.5	1.5	1.5
818.79223505543	-0.234899684429672	5.02605075553499	-242.075004897432	54.0431497972023	0	0	0	0	0	1.5	1.5	1.5	1.5	1.5	1.5
818.962214759615	-0.196716533736127	4.98936775699252	-242.025623672849	53.8805110780525	0	0	0	0	0	1.5	1.5	1.5	1.5	1.5	1.5
819.132194463799	-0.158533383042607	4.95917511910978	-241.981706527627	53.7163094103838	0	0	0	0	0	1.5	1.5	1.5	1.5	1.5	1.5
819.302174167983	-0.120350232349036	4.93547284188671	-241.942229033057	53.5509816361945	0	0	0	0	0	1.5	1.5	1.5	1.5	1.5	1.5
819.472153872167	-0.0821670816555167	4.91826092532338	-241.906141289434	53.3848790786802	0	0	0	0	0	1.5	1.5	1.5	1.5	1.5	1.5
819.642133576352	-0.0439839309619714	4.90753936941975	-241.872376645418	53.2182874516889	0	0	0	0	0	1.5	1.5	1.5	1.5	1.5	1.5
819.812113280536	-0.0245421957400738	4.90268372049779	-241.839871922426	53.0514447395453	0	0	0	0	0	1.5	1.5	1.5	1.5	1.5	1.5
819.98209298472	-0.0341638579120434	4.89769430168098	-241.808114315305	52.884458230576	0	0	0	0	0	1.5	1.5	1.5	1.5	1.5	1.5
820.152072688904	-0.043785520084013	4.89106939557442	-241.777326980361	52.7172902490143	0	0	0	0	0	1.5	1.5	1.5	1.5	1.5	1.5
820.322052393088	-0.0534071822559762	4.88280900217812	-241.747784689323	52.5498979299654	0	0	0	0	0	1.5	1.5	1.5	1.5	1.5	1.5
820.492032097273	-0.0630288444279523	4.87291312149205	-241.719763239803	52.3822445306358	0	0	0	0	0	1.5	1.5	1.5	1.5	1.5	1.5
820.662011801457	-0.0726505065999154	4.86138175351624	-241.693539577898	52.2143007926776	0	0	0	0	0	1.5	1.5	1.5	1.5	1.5	1.5
820.831991505641	-0.0711423412764388	4.84869961278862	-241.669377919527	52.0460482451377	0	0	0	0	0	1.5	1.5	1.5	1.5	1.5	1.5
821.001971209825	-0.0590440998138841	4.83763508641595	-241.647240556719	51.877517114283	0	0	0	0	0	1.5	1.5	1.5	1.5	1.5	1.5
821.17195091401	-0.0469458583513293	4.82862701554824	-241.626795673996	51.708772007517	0	0	0	0	0	1.5	1.5	1.5	1.5	1.5	1.5
821.341930618194	-0.0348476168887746	4.82167540018548	-241.607697961268	51.5398688971881	0	0	0	0	0	1.5	1.5	1.5	1.5	1.5	1.5
821.511910322378	-0.0227493754262199	4.81678024032768	-241.589601037934	51.3708554559042	0	0	0	0	0	1.5	1.5	1.5	1.5	1.5	1.5
821.681890026562	-0.0106511339636651	4.81394153597483	-241.57215780021	51.2017731868153	0	0	0	0	0	1.5	1.5	1.5	1.5	1.5	1.5
821.851869730746	-0.0110434189171426	4.81249107968381	-241.555044416113	51.0326571690755	0	0	0	0	0	1.5	1.5	1.5	1.5	1.5	1.5
822.021849434931	-0.0187886305483768	4.80995565821213	-241.538253360455	50.8635088769263	0	0	0	0	0	1.5	1.5	1.5	1.5	1.5	1.5
822.191829139115	-0.0265338421796006	4.80610370795853	-241.52200260171	50.6943078814208	0	0	0	0	0	1.5	1.5	1.5	1.5	1.5	1.5
822.361808843299	-0.0342790538108297	4.80093522892301	-241.506515146132	50.5250353964568	0	0	0	0	0	1.5	1.5	1.5	1.5	1.5	1.5
822.531788547483	-0.0420242654420587	4.79445022110557	-241.492014264483	50.3556756523099	0	0	0	0	0	1.5	1.5	1.5	1.5	1.5	1.5
822.701768251668	-0.0497694770732877	4.78664868450621	-241.478723535672	50.1862167789889	0	0	0	0	0	1.5	1.5	1.5	1.5	1.5	1.5
822.871747955852	-0.0400455608517139	4.77863879667351	-241.466820104887	50.0166548412624	0	0	0	0	0	1.5	1.5	1.5	1.5	1.5	1.5
823.041727660036	-0.0243862290806214	4.77316274837714	-241.456069287286	49.8470156734105	0	0	0	0	0	1.5	1.5	1.5	1.5	1.5	1.5
823.21170736422	-0.00872689730950799	4.77034846866293	-241.446021732954	49.6773332431698	0	0	0	0	0	1.5	1.5	1.5	1.5	1.5	1.5
823.381687068405	0.00693243446158447	4.7701959575309	-241.436225892497	49.5076360392921	0	0	0	0	0	1.5	1.5	1.5	1.5	1.5	1.5
823.551666772589	0.0225917662326874	4.77270521498104	-241.426230094873	49.3379505407367	0	0	0	0	0	1.5	1.5	1.5	1.5	1.5	1.5
823.721646476773	0.0382510980037904	4.77787624101336	-241.415582765269	49.1683048230179	0	0	0	0	0	1.5	1.5	1.5	1.5	1.5	1.5
823.891626180957	0.0297170872478162	4.78392848589982	-241.403919806359	48.9987259742973	0	0	0	0	0	1.5	1.5	1.5	1.5	1.5	1.5
824.061605885141	0.0174378142222499	4.78793617400118	-241.391400718259	48.8292080300538	0	0	0	0	0	1.5	1.5	1.5	1.5	1.5	1.5
824.231585589326	0.00515854119668354	4.78985663490606	-241.378379215367	48.659727850558	0	0	0	0	0	1.5	1.5	1.5	1.5	1.5	1.5
824.40156529351	-0.00712073182888279	4.78968986861445	-241.365209107253	48.4902591282371	0	0	0	0	0	1.5	1.5	1.5	1.5	1.5	1.5
824.571544997694	-0.0194000048544409	4.78743587512636	-241.352244132997	48.3207746249052	0	0	0	0	0	1.5	1.5	1.5	1.5	1.5	1.5
824.741524701878	-0.0316792778800154	4.78309465444178	-241.339838128628	48.151248387	0	0	0	0	0	1.5	1.5	1.5	1.5	1.5	1.5
824.911504406063	-0.00932973840740674	4.77956692914839	-241.328183555222	47.9816687886597	0	0	0	0	0	1.5	1.5	1.5	1.5	1.5	1.5
825.081484110247	0.0135256743865581	4.77992354112664	-241.316797920547	47.8120708339381	0	0	0	0	0	1.5	1.5	1.5	1.5	1.5	1.5
825.251463814431	0.036381087180523	4.78416510941063	-241.305022404104	47.6424996302398	0	0	0	0	0	1.5	1.5	1.5	1.5	1.5	1.5
825.421443518615	0.0592364999744879	4.79229163400034	-241.292198509026	47.4730048281515	0	0	0	0	0	1.5	1.5	1.5	1.5	1.5	1.5
825.5914232228	0.0820919127684528	4.80430311489577	-241.277668696664	47.3036482918078	0	0	0	0	0	1.5	1.5	1.5	1.5	1.5	1.5
825.761402926984	0.102455727080566	4.82017659491656	-241.260777397979	47.134511733952	0	0	0	0	0	1.5	1.5	1.5	1.5	1.5	1.5
825.931382631168	0.102328249688185	4.83758115481297	-241.241021177032	46.9656861961303	0	0	0	0	0	1.5	1.5	1.5	1.5	1.5	1.5
826.101362335352	0.102200772295803	4.85496404613992	-241.218331586824	46.797229807715	0	0	0	0	0	1.5	1.5	1.5	1.5	1.5	1.5
826.271342039536	0.102073294903422	4.87232526889744	-241.192719132656	46.6291929775082	0	0	0	0	0	1.5	1.5	1.5	1.5	1.5	1.5
826.441321743721	0.10194581751104	4.88966482308551	-241.164195174627	46.4616257977169	0	0	0	0	0	1.5	1.5	1.5	1.5	1.5	1.5
826.611301447905	0.101818340118659	4.90698270870413	-241.132771918758	46.2945780299271	0	0	0	0	0	1.5	1.5	1.5	1.5	1.5	1.5
826.781281152089	0.0987991985192415	4.92422307733324	-241.09846311106	46.1280989407803	0	0	0	0	0	1.5	1.5	1.5	1.5	1.5	1.5
826.951260856273	0.0859468937170214	4.93992462038701	-241.061390960938	45.9622129506296	0	0	0	0	0	1.5	1.5	1.5	1.5	1.5	1.5
827.121240560458	0.0730945889148099	4.9534415324724	-241.021899281914	45.7968857991404	0	0	0	0	0	1.5	1.5	1.5	1.5	1.5	1.5
827.291220264642	0.060242284112607	4.96477381358942	-240.980356486773	45.632061691042	0	0	0	0	0	1.5	1.5	1.5	1.5	1.5	1.5
827.461199968826	0.0473899793103869	4.97392146373809	-240.937128025366	45.4676713072357	0	0	0	0	0	1.5	1.5	1.5	1.5	1.5	1.5
827.63117967301	0.034537674508184	4.98088448291838	-240.892576695911	45.3036342323101	0	0	0	0	0	1.5	1.5	1.5	1.5	1.5	1.5
827.801159377194	0.0401639631255421	4.98620491174972	-240.847052870942	45.1398642143191	0	0	0	0	0	1.5	1.5	1.5	1.5	1.5	1.5
827.971139081379	0.0808510041349828	4.99648995591812	-240.800342584846	44.9764292352262	0	0	0	0	0	1.5	1.5	1.5	1.5	1.5	1.5
828.141118785563	0.121538045144423	5.01369097128144	-240.751391076729	44.8136528997839	0	0	0	0	0	1.5	1.5	1.5	1.5	1.5	1.5
828.311098489747	0.162225086153837	5.03780795783966	-240.699088080276	44.6519244419224	0	0	0	0	0	1.5	1.5	1.5	1.5	1.5	1.5
828.481078193931	0.202912127163305	5.06884091559284	-240.642346777399	44.4917020846831	0	0	0	0	0	1.5	1.5	1.5	1.5	1.5	1.5
828.651057898116	0.243599168172746	5.10678984454091	-240.580115334805	44.3335348372179	0	0	0	0	0	1.5	1.5	1.5	1.5	1.5	1.5
828.8210376023	0.219720121425813	5.14911834462625	-240.511451823599	44.1780550754192	0	0	0	0	0	1.5	1.5	1.5	1.5	1.5	1.5
828.991017306484	0.120719431378344	5.1780522518654	-240.437121620317	44.0251953563873	0	0	0	0	0	1.5	1.5	1.5	1.5	1.5	1.5
829.160997010668	0.021718741331008	5.19015805109623	-240.359668400178	43.8738886007397	0	0	0	0	0	1.5	1.5	1.5	1.5	1.5	1.5
829.330976714853	-0.0772819487163944	5.18543574231878	-240.281656719684	43.722868031003	0	0	0	0	0	1.5	1.5	1.5	1.5	1.5	1.5
829.500956419037	-0.176282638763731	5.16388532553306	-240.205636972892	43.5708385326359	0	0	0	0	0	1.5	1.5	1.5	1.5	1.5	1.5
829.670936123221	-0.275283328811199	5.12550680073901	-240.134209151145	43.4166062126997	0	0	0	0	0	1.5	1.5	1.5	1.5	1.5	1.5
829.840915827405	-0.241315173538729	5.07704439102249	-240.069865328284	43.2592942477283	0	0	0	0	0	1.5	1.5	1.5	1.5	1.5	1.5
830.010895531589	-0.117505729072741	5.04654825558198	-240.011956748864	43.0994898694639	0	0	0	0	0	1.5	1.5	1.5	1.5	1.5	1.5
830.180875235774	0.00630371539333063	5.03709721288701	-239.957249454694	42.9385551654356	0	0	0	0	0	1.5	1.5	1.5	1.5	1.5	1.5
830.350854939958	0.130113159859236	5.04869126293759	-239.902369853175	42.7776794750887	0	0	0	0	0	1.5	1.5	1.5	1.5	1.5	1.5
830.520834644142	0.253922604325224	5.08133040573371	-239.843948210877	42.6180629695263	0	0	0	0	0	1.5	1.5	1.5	1.5	1.5	1.5
830.690814348326	0.377732048791213	5.13501464127538	-239.778698746494	42.4611277887073	0	0	0	0	0	1.5	1.5	1.5	1.5	1.5	1.5
830.860794052511	0.361740435971749	5.20122253171267	-239.703829950441	42.3085598062273	0	0	0	0	0	1.5	1.5	1.5	1.5	1.5	1.5
831.030773756695	0.290621486582324	5.25666667502104	-239.619740917266	42.1608617099187	0	0	0	0	0	1.5	1.5	1.5	1.5	1.5	1.5
831.200753460879	0.219502537192804	5.30002204035035	-239.528456643497	42.017488944779	0	0	0	0	0	1.5	1.5	1.5	1.5	1.5	1.5
831.370733165063	0.14838358780338	5.3312886277005	-239.431884136633	41.8776158196186	0	0	0	0	0	1.5	1.5	1.5	1.5	1.5	1.5
831.540712869247	0.0772646384139072	5.35046643707156	-239.331812270927	41.7402192034679	0	0	0	0	0	1.5	1.5	1.5	1.5	1.5	1.5
831.710692573432	0.00614568902438734	5.3575554684635	-239.229943252929	41.6041468839379	0	0	0	0	0	1.5	1.5	1.5	1.5	1.5	1.5
831.880672277616	0.0392264309119509	5.36000101385002	-239.127648481712	41.4683939298239	0	0	0	0	0	1.5	1.5	1.5	1.5	1.5	1.5
832.0506519818	0.0920493971478518	5.3711581270601	-239.024449429201	41.3333281960459	0	0	0	0	0	1.5	1.5	1.5	1.5	1.5	1.5
832.220631685984	0.144872363383753	5.39129407244508	-238.919151018219	41.1998951978162	0	0	0	0	0	1.5	1.5	1.5	1.5	1.5	1.5
832.390611390169	0.197695329619654	5.42040885000498	-238.810601029672	41.0690978138261	0	0	0	0	0	1.5	1.5	1.5	1.5	1.5	1.5
832.560591094353	0.250518295855519	5.45850245973976	-238.697720650815	40.9420245165365	0	0	0	0	0	1.5	1.5	1.5	1.5	1.5	1.5
832.730570798537	0.30334126209142	5.50557490164948	-238.579536836923	40.8198756402349	0	0	0	0	0	1.5	1.5	1.5	1.5	1.5	1.5
832.900550502721	0.256315131096984	5.55352448935079	-238.455514306809	40.7036604539685	0	0	0	0	0	1.5	1.5	1.5	1.5	1.5	1.5
833.070530206906	0.204550561433451	5.59269339639326	-238.326543675696	40.5929537277199	0	0	0	0	0	1.5	1.5	1.5	1.5	1.5	1.5
833.24050991109	0.152785991769884	5.62306337719712	-238.193799174664	40.4867945383828	0	0	0	0	0	1.5	1.5	1.5	1.5	1.5	1.5
833.410489615274	0.101021422106317	5.64463443176234	-238.058340158927	40.3841162473687	0	0	0	0	0	1.5	1.5	1.5	1.5	1.5	1.5
833.580469319458	0.0492568524427494	5.65740656008893	-237.921136323488	40.2837777627284	0	0	0	0	0	1.5	1.5	1.5	1.5	1.5	1.5
833.750449023642	0.00620460988784821	5.661439779105	-237.783096198573	40.1845911582311	0	0	0	0	0	1.5	1.5	1.5	1.5	1.5	1.5
833.920428727827	0.061928454551695	5.6672303981743	-237.644717990252	40.0858769902451	0	0	0	0	0	1.5	1.5	1.5	1.5	1.5	1.5
834.090408432011	0.117652299215467	5.68249293987556	-237.50530950379	39.9886257215364	0	0	0	0	0	1.5	1.5	1.5	1.5	1.5	1.5
834.260388136195	0.173376143879277	5.70722740420878	-237.363986375109	39.8941831648535	0	0	0	0	0	1.5	1.5	1.5	1.5	1.5	1.5
834.43036784038	0.229099988543123	5.74143379117399	-237.219945103906	39.8039479651119	0	0	0	0	0	1.5	1.5	1.5	1.5	1.5	1.5
834.600347544564	0.284823833206896	5.78511210077111	-237.072504489251	39.7193916633442	0	0	0	0	0	1.5	1.5	1.5	1.5	1.5	1.5
834.770327248748	0.327863736354768	5.83804964703569	-236.921151319018	39.6420706912785	0	0	0	0	0	1.5	1.5	1.5	1.5	1.5	1.5
834.940306952932	0.319298576040052	5.89305187624572	-236.765792434753	39.5731545574302	0	0	0	0	0	1.5	1.5	1.5	1.5	1.5	1.5
835.110286657116	0.310733415725336	5.94659820203917	-236.60692273097	39.5127673561143	0	0	0	0	0	1.5	1.5	1.5	1.5	1.5	1.5
835.280266361301	0.302168255410626	5.99868862441599	-236.445085473399	39.4608513743571	0	0	0	0	0	1.5	1.5	1.5	1.5	1.5	1.5
835.450246065485	0.293603095095904	6.0493231433763	-236.280795255984	39.4173122930984	0	0	0	0	0	1.5	1.5	1.5	1.5	1.5	1.5
835.620225769669	0.285037934781194	6.09850175891995	-236.11453660117	39.3820229651452	0	0	0	0	0	1.5	1.5	1.5	1.5	1.5	1.5
835.790205473853	0.276631173384914	6.14622888530653	-235.946762931263	39.3548271615891	0	0	0	0	0	1.5	1.5	1.5	1.5	1.5	1.5
835.960185178037	0.268549087043527	6.19256367500388	-235.777895382615	39.3355481083146	0	0	0	0	0	1.5	1.5	1.5	1.5	1.5	1.5
836.130164882222	0.26046700070214	6.23752467405574	-235.608323111848	39.3239948485558	0	0	0	0	0	1.5	1.5	1.5	1.5	1.5	1.5
836.300144586406	0.252384914360752	6.2811118824621	-235.438404806998	39.3199580975729	0	0	0	0	0	1.5	1.5	1.5	1.5	1.5	1.5
836.47012429059	0.244302828019371	6.32332530022293	-235.268468880722	39.3232123893482	0	0	0	0	0	1.5	1.5	1.5	1.5	1.5	1.5
836.640103994774	0.236220741677978	6.36416492733831	-235.09881375058	39.3335187445842	0	0	0	0	0	1.5	1.5	1.5	1.5	1.5	1.5
836.810083698959	0.244367107737438	6.40424289332856	-234.929710090719	39.3506424467278	0	0	0	0	0	1.5	1.5	1.5	1.5	1.5	1.5
836.980063403143	0.272851064032572	6.44820118924665	-234.761470060521	39.3748031347247	0	0	0	0	0	1.5	1.5	1.5	1.5	1.5	1.5
837.150043107327	0.301335020327705	6.49700117962978	-234.594534216349	39.4067372755482	0	0	0	0	0	1.5	1.5	1.5	1.5	1.5	1.5
837.320022811511	0.329818976622838	6.55064286447796	-234.429455698512	39.4471755538339	0	0	0	0	0	1.5	1.5	1.5	1.5	1.5	1.5
837.490002515696	0.358302932917971	6.60912624379118	-234.266906096029	39.4967990492391	0	0	0	0	0	1.5	1.5	1.5	1.5	1.5	1.5
837.65998221988	0.386786889213105	6.67245131756945	-234.107682200233	39.5562229158674	0	0	0	0	0	1.5	1.5	1.5	1.5	1.5	1.5
837.829961924064	0.381424925058459	6.73903288557669	-233.952689070657	39.6259327034109	0	0	0	0	0	1.5	1.5	1.5	1.5	1.5	1.5
837.999941628248	0.348490890724195	6.80106832279972	-233.802521567114	39.7055163363984	0	0	0	0	0	1.5	1.5	1.5	1.5	1.5	1.5
838.169921332433	0.315556856389887	6.85750564260909	-233.657324928194	39.7938530010159	0	0	0	0	0	1.5	1.5	1.5	1.5	1.5	1.5
838.339901036617	0.282622822055623	6.90834484500465	-233.517069552372	39.8898493838397	0	0	0	0	0	1.5	1.5	1.5	1.5	1.5	1.5
838.509880740801	0.249688787721337	6.95358592998651	-233.381582859439	39.9924726115141	0	0	0	0	0	1.5	1.5	1.5	1.5	1.5	1.5
838.679860444985	0.21675475338705	6.99322889755464	-233.250569811772	40.1007541711995	0	0	0	0	0	1.5	1.5	1.5	1.5	1.5	1.5
838.849840149169	0.217950369219828	7.02926344129848	-233.123684204916	40.213847275046	0	0	0	0	0	1.5	1.5	1.5	1.5	1.5	1.5
839.019819853354	0.234772230291677	7.06774026806972	-233.001080622125	40.3315668425116	0	0	0	0	0	1.5	1.5	1.5	1.5	1.5	1.5
839.189799557538	0.251594091363515	7.10907646980976	-232.883272302277	40.4540829044108	0	0	0	0	0	1.5	1.5	1.5	1.5	1.5	1.5
839.359779261722	0.268415952435364	7.15327204651864	-232.770810754388	40.5815222904241	0	0	0	0	0	1.5	1.5	1.5	1.5	1.5	1.5
839.529758965906	0.285237813507224	7.20032699819638	-232.664279836463	40.7139569242762	0	0	0	0	0	1.5	1.5	1.5	1.5	1.5	1.5
839.699738670091	0.302059674579073	7.25024132484291	-232.564293793378	40.8513974292507	0	0	0	0	0	1.5	1.5	1.5	1.5	1.5	1.5
839.869718374275	0.28200411486549	7.30050131450376	-232.471397668841	40.9937255836789	0	0	0	0	0	1.5	1.5	1.5	1.5	1.5	1.5
840.039698078459	0.252845587003537	7.34595811155713	-232.38542497028	41.1403435194631	0	0	0	0	0	1.5	1.5	1.5	1.5	1.5	1.5
840.209677782643	0.223687059141584	7.38645855067007	-232.305829745313	41.2905225786426	0	0	0	0	0	1.5	1.5	1.5	1.5	1.5	1.5
840.379657486827	0.194528531279651	7.42200263184256	-232.23199966015	41.443621159903	0	0	0	0	0	1.5	1.5	1.5	1.5	1.5	1.5
840.549637191012	0.165370003417659	7.4525903550747	-232.163270413781	41.5990789898533	0	0	0	0	0	1.5	1.5	1.5	1.5	1.5	1.5
840.719616895196	0.136211475555725	7.47822172036635	-232.098936844789	41.7564089265048	0	0	0	0	0	1.5	1.5	1.5	1.5	1.5	1.5
840.88959659938	0.148048642104241	7.50208022672777	-232.038416632052	41.9152454323607	0	0	0	0	0	1.5	1.5	1.5	1.5	1.5	1.5
841.059576303564	0.163758335061511	7.52858065559837	-231.981912769359	42.0755536423368	0	0	0	0	0	1.5	1.5	1.5	1.5	1.5	1.5
841.229556007749	0.179468028018792	7.55775141343068	-231.929892815481	42.2373713643693	0	0	0	0	0	1.5	1.5	1.5	1.5	1.5	1.5
841.399535711933	0.195177720976073	7.58959250022469	-231.882833017521	42.4006993593044	0	0	0	0	0	1.5	1.5	1.5	1.5	1.5	1.5
841.569515416117	0.210887413933343	7.62410391598039	-231.841217039467	42.5654972424876	0	0	0	0	0	1.5	1.5	1.5	1.5	1.5	1.5
841.739495120301	0.22522889860779	7.66128237333306	-231.80553425117	42.73167940059	0	0	0	0	0	1.5	1.5	1.5	1.5	1.5	1.5
841.909474824486	0.192541016076068	7.69678857659058	-231.776027472194	42.8990694041143	0	0	0	0	0	1.5	1.5	1.5	1.5	1.5	1.5
842.07945452867	0.159853133544345	7.72673850324494	-231.752013503128	43.0673378449921	0	0	0	0	0	1.5	1.5	1.5	1.5	1.5	1.5
842.249434232854	0.127165251012645	7.75113215329614	-231.732579745328	43.2361987195159	0	0	0	0	0	1.5	1.5	1.5	1.5	1.5	1.5
842.419413937038	0.0944773684809228	7.76996952674421	-231.716800099118	43.4054418788647	0	0	0	0	0	1.5	1.5	1.5	1.5	1.5	1.5
842.589393641222	0.0617894859492005	7.78325062358913	-231.703740189167	43.5749178731876	0	0	0	0	0	1.5	1.5	1.5	1.5	1.5	1.5
842.759373345407	0.0364597214536571	7.79107428659935	-231.69246179457	43.7445225658212	0	0	0	0	0	1.5	1.5	1.5	1.5	1.5	1.5
842.929353049591	0.050325696455837	7.79845016643123	-231.682368275397	43.9142019384385	0	0	0	0	0	1.5	1.5	1.5	1.5	1.5	1.5
843.099332753775	0.0641916714580262	7.80818298059221	-231.673726618554	44.083961159979	0	0	0	0	0	1.5	1.5	1.5	1.5	1.5	1.5
843.269312457959	0.0780576464602153	7.82027272908229	-231.666937744517	44.2538042018731	0	0	0	0	0	1.5	1.5	1.5	1.5	1.5	1.5
843.439292162143	0.0919236214623952	7.83471941190145	-231.662402927818	44.4237219247199	0	0	0	0	0	1.5	1.5	1.5	1.5	1.5	1.5
843.609271866328	0.105789596464584	7.85152302904972	-231.660523552283	44.5936892383637	0	0	0	0	0	1.5	1.5	1.5	1.5	1.5	1.5
843.779251570512	0.109154531166046	7.87043874326478	-231.661696873011	44.7636623237722	0	0	0	0	0	1.5	1.5	1.5	1.5	1.5	1.5
843.949231274696	0.0847420680283841	7.88691798655148	-231.665953102491	44.9335868063994	0	0	0	0	0	1.5	1.5	1.5	1.5	1.5	1.5
844.11921097888	0.0603296048907387	7.89924760657562	-231.672656504648	45.1034332002929	0	0	0	0	0	1.5	1.5	1.5	1.5	1.5	1.5
844.289190683065	0.0359171417530769	7.90742760333723	-231.681101295901	45.2732025247772	0	0	0	0	0	1.5	1.5	1.5	1.5	1.5	1.5
844.459170387249	0.0115046786154152	7.91145797683629	-231.690582416455	45.4429174869497	0	0	0	0	0	1.5	1.5	1.5	1.5	1.5	1.5
844.629150091433	-0.0129077845222303	7.9113387270728	-231.700395413397	45.612613698458	0	0	0	0	0	1.5	1.5	1.5	1.5	1.5	1.5
844.799129795617	-0.0226375676895192	7.9075608189392	-231.709846984826	45.7823303142087	0	0	0	0	0	1.5	1.5	1.5	1.5	1.5	1.5
844.969109499802	-0.00973126256159773	7.90480979684376	-231.718685484118	45.9520800192144	0	0	0	0	0	1.5	1.5	1.5	1.5	1.5	1.5
845.139089203986	0.0031750425663151	7.90425258467608	-231.727243188144	46.1218441632369	0	0	0	0	0	1.5	1.5	1.5	1.5	1.5	1.5
845.30906890817	0.0160813476942193	7.90588918243615	-231.73589251055	46.2916036472554	0	0	0	0	0	1.5	1.5	1.5	1.5	1.5	1.5
845.479048612354	0.0289876528221321	7.90971959012397	-231.745005833515	46.4613387693112	0	0	0	0	0	1.5	1.5	1.5	1.5	1.5	1.5
845.649028316539	0.041893957950045	7.91574380773955	-231.754955371509	46.6310267740576	0	0	0	0	0	1.5	1.5	1.5	1.5	1.5	1.5
845.819008020723	0.0486043175604512	7.92369233177862	-231.766105204997	46.8006399410089	0	0	0	0	0	1.5	1.5	1.5	1.5	1.5	1.5
845.988987724907	0.0494041441246614	7.93202205644102	-231.778649175009	46.9701556676833	0	0	0	0	0	1.5	1.5	1.5	1.5	1.5	1.5
846.158967429091	0.0502039706888711	7.94048773538619	-231.792616227178	47.1395600617509	0	0	0	0	0	1.5	1.5	1.5	1.5	1.5	1.5
846.328947133276	0.0510037972530808	7.94908936861415	-231.808028390588	47.3088390826242	0	0	0	0	0	1.5	1.5	1.5	1.5	1.5	1.5
846.49892683746	0.05180362381729	7.95782695612489	-231.824907537909	47.4779781094589	0	0	0	0	0	1.5	1.5	1.5	1.5	1.5	1.5
846.668906541644	0.0526034503814997	7.96670049791842	-231.843275374404	47.6469619336273	0	0	0	0	0	1.5	1.5	1.5	1.5	1.5	1.5
846.838886245828	0.0446823488199956	7.97524390594709	-231.86313693967	47.8157767421012	0	0	0	0	0	1.5	1.5	1.5	1.5	1.5	1.5
847.008865950012	0.0316138340598507	7.98172830724524	-231.884276723771	47.9844364821839	0	0	0	0	0	1.5	1.5	1.5	1.5	1.5	1.5
847.178845654197	0.0185453192997233	7.98599132627034	-231.906322548764	48.1529803562343	0	0	0	0	0	1.5	1.5	1.5	1.5	1.5	1.5
847.348825358381	0.00547680453958714	7.98803296302238	-231.928899582063	48.3214539956197	0	0	0	0	0	1.5	1.5	1.5	1.5	1.5	1.5
847.518805062565	-0.00759171022054901	7.98785321750137	-231.951633449267	48.4899065730435	0	0	0	0	0	1.5	1.5	1.5	1.5	1.5	1.5
847.688784766749	-0.0206602249806764	7.9854520897073	-231.974149914846	48.6583883065715	0	0	0	0	0	1.5	1.5	1.5	1.5	1.5	1.5
847.858764470933	-0.0233368501573468	7.98148847817053	-231.996102174837	48.8269444084232	0	0	0	0	0	1.5	1.5	1.5	1.5	1.5	1.5
848.028744175118	-0.0224757990351989	7.97759486789171	-232.017386728008	48.9955861325842	0	0	0	0	0	1.5	1.5	1.5	1.5	1.5	1.5
848.198723879302	-0.0216147479130504	7.97384761882791	-232.038026844529	49.1643079498287	0	0	0	0	0	1.5	1.5	1.5	1.5	1.5	1.5
848.368703583486	-0.0207536967909031	7.97024673097915	-232.058046928528	49.3331044688995	0	0	0	0	0	1.5	1.5	1.5	1.5	1.5	1.5
848.53868328767	-0.0198926456687552	7.96679220434542	-232.077471425323	49.5019705697735	0	0	0	0	0	1.5	1.5	1.5	1.5	1.5	1.5
848.708662991855	-0.0190315945466073	7.96348403892672	-232.096324818219	49.6709013930699	0	0	0	0	0	1.5	1.5	1.5	1.5	1.5	1.5
848.878642696039	-0.0174996766044621	7.96037151157005	-232.11463402469	49.83989207166	0	0	0	0	0	1.5	1.5	1.5	1.5	1.5	1.5
849.048622400223	-0.0158623841071943	7.95753607496467	-232.132440483469	50.0089364755885	0	0	0	0	0	1.5	1.5	1.5	1.5	1.5	1.5
849.218602104407	-0.0142250916099253	7.95497894485365	-232.149791087546	50.1780282868199	0	0	0	0	0	1.5	1.5	1.5	1.5	1.5	1.5
849.388581808592	-0.0125877991126575	7.95270012123697	-232.166732782163	50.3471615665474	0	0	0	0	0	1.5	1.5	1.5	1.5	1.5	1.5
849.558561512776	-0.0109505066153907	7.95069960411465	-232.183312549632	50.5163307171219	0	0	0	0	0	1.5	1.5	1.5	1.5	1.5	1.5
849.72854121696	-0.00931321411812286	7.94897739348667	-232.199577403916	50.6855304429052	0	0	0	0	0	1.5	1.5	1.5	1.5	1.5	1.5
